episodio,recompensa,passos,sucesso,epsilon
0,-230.6999999999996,68,1,1.0
1,-528.2999999999979,60,1,0.9997
2,-1908.8999999999983,100,0,0.9994000900000001
3,-491.69999999999663,79,1,0.999100269973
4,253.0999999999998,41,1,0.9988005398920082
5,-2221.4999999999995,100,0,0.9985008997300406
6,-613.0999999999985,88,1,0.9982013494601216
7,-1437.7999999999988,100,0,0.9979018890552837
8,-1971.4999999999973,79,1,0.9976025184885671
9,-3091.100000000001,96,1,0.9973032377330205
10,611.2999999999996,33,1,0.9970040467617006
11,677.6999999999998,28,1,0.9967049455476722
12,-28.500000000000455,73,1,0.9964059340640079
13,706.6999999999999,37,1,0.9961070122837887
14,-1896.0999999999974,100,0,0.9958081801801036
15,-1325.7999999999988,100,0,0.9955094377260496
16,667.6999999999998,31,1,0.9952107848947318
17,396.4999999999993,63,1,0.9949122216592634
18,-1196.0000000000002,100,0,0.9946137479927657
19,-1429.6999999999975,100,0,0.9943153638683679
20,-1923.5999999999967,100,0,0.9940170692592074
21,236.69999999999936,48,1,0.9937188641384297
22,-1158.1999999999994,100,0,0.9934207484791882
23,-370.4999999999968,100,1,0.9931227222546445
24,-1333.4999999999973,93,1,0.9928247854379681
25,-1631.8999999999985,100,0,0.9925269380023368
26,-199.09999999999945,88,1,0.9922291799209362
27,-1412.3999999999994,100,0,0.9919315111669599
28,-1981.4999999999964,100,0,0.9916339317136098
29,460.49999999999966,27,1,0.9913364415340957
30,-1553.5999999999958,100,0,0.9910390406016355
31,-133.7000000000005,95,1,0.990741728889455
32,-1453.4999999999995,100,0,0.9904445063707882
33,-1685.099999999999,100,0,0.990147373018877
34,-440.8999999999992,97,1,0.9898503288069713
35,-1333.8999999999974,100,0,0.9895533737083293
36,870.5,18,1,0.9892565076962169
37,-1747.4999999999964,100,0,0.9889597307439081
38,197.49999999999955,59,1,0.988663042824685
39,-1958.5999999999954,100,0,0.9883664439118376
40,-1797.9999999999984,100,0,0.988069933978664
41,-1280.2999999999997,100,0,0.9877735129984705
42,-1479.6999999999985,100,0,0.9874771809445709
43,-1671.3999999999985,100,0,0.9871809377902876
44,245.69999999999948,56,1,0.9868847835089506
45,-1306.0999999999967,84,1,0.9865887180738979
46,-178.5000000000009,74,1,0.9862927414584758
47,-1803.199999999997,100,0,0.9859968536360383
48,-1401.4999999999989,100,0,0.9857010545799475
49,421.29999999999984,38,1,0.9854053442635735
50,352.0999999999998,52,1,0.9851097226602945
51,807.7,27,1,0.9848141897434964
52,-1272.099999999999,100,0,0.9845187454865735
53,-1006.4000000000012,100,0,0.9842233898629276
54,156.4999999999992,67,1,0.9839281228459688
55,-1265.6999999999998,100,0,0.983632944409115
56,144.49999999999943,42,1,0.9833378545257923
57,-1642.8000000000009,100,0,0.9830428531694345
58,-422.8999999999987,64,1,0.9827479403134837
59,505.69999999999936,52,1,0.9824531159313896
60,-748.4999999999982,86,1,0.9821583799966103
61,269.0999999999989,81,1,0.9818637324826113
62,-2372.699999999996,100,0,0.9815691733628665
63,-348.10000000000014,85,1,0.9812747026108577
64,-1746.1999999999966,100,0,0.9809803202000744
65,-1554.599999999998,100,0,0.9806860261040145
66,289.29999999999905,60,1,0.9803918202961833
67,-476.29999999999563,86,1,0.9800977027500946
68,-1070.4000000000015,100,0,0.9798036734392696
69,-1563.2999999999988,100,0,0.9795097323372378
70,-237.09999999999945,69,1,0.9792158794175366
71,-1434.8999999999996,100,0,0.9789221146537114
72,676.8999999999997,19,1,0.9786284380193153
73,-2326.0999999999967,100,0,0.9783348494879096
74,-1551.7999999999963,100,0,0.9780413490330633
75,-2421.8999999999946,100,0,0.9777479366283534
76,-1479.2999999999981,100,0,0.9774546122473649
77,823.3000000000001,12,1,0.9771613758636907
78,-1302.3999999999994,100,0,0.9768682274509316
79,-1532.5999999999983,100,0,0.9765751669826963
80,728.7,20,1,0.9762821944326016
81,-1646.4999999999977,100,0,0.9759893097742718
82,-1609.2999999999993,100,0,0.9756965129813395
83,115.49999999999909,82,1,0.9754038040274452
84,695.9000000000001,28,1,0.975111182886237
85,323.09999999999945,44,1,0.9748186495313712
86,-21.90000000000157,98,1,0.9745262039365118
87,-40.900000000000546,40,1,0.9742338460753309
88,923.3000000000001,10,1,0.9739415759215083
89,-1491.4999999999986,100,0,0.9736493934487319
90,-2162.2999999999975,100,0,0.9733572986306973
91,484.89999999999964,41,1,0.9730652914411081
92,-311.6999999999989,79,1,0.9727733718536757
93,-2306.499999999995,100,0,0.9724815398421197
94,-1557.7999999999968,100,0,0.9721897953801671
95,348.49999999999966,46,1,0.9718981384415531
96,-1100.1000000000006,100,0,0.9716065690000207
97,-533.499999999998,82,1,0.9713150870293208
98,-1529.2999999999997,100,0,0.9710236925032121
99,-1230.6000000000004,100,0,0.9707323853954611
100,71.09999999999934,66,1,0.9704411656798425
101,-319.09999999999945,94,1,0.9701500333301386
102,663.0999999999999,35,1,0.9698589883201396
103,-1969.799999999997,100,0,0.9695680306236436
104,-1170.2999999999997,100,0,0.9692771602144565
105,-1464.1999999999975,100,0,0.9689863770663922
106,-68.90000000000009,67,1,0.9686956811532723
107,-1864.9999999999982,100,0,0.9684050724489264
108,797.7,27,1,0.9681145509271917
109,-1703.199999999997,100,0,0.9678241165619136
110,483.0999999999998,38,1,0.967533769326945
111,-101.70000000000027,77,1,0.967243509196147
112,-1308.7999999999988,100,0,0.9669533361433882
113,662.2999999999997,24,1,0.9666632501425452
114,183.09999999999945,45,1,0.9663732511675024
115,217.2999999999996,34,1,0.9660833391921522
116,-1196.499999999999,100,0,0.9657935141903946
117,-579.0999999999976,95,1,0.9655037761361375
118,-1293.9000000000003,100,0,0.9652141250032966
119,-698.4999999999977,89,1,0.9649245607657957
120,419.2999999999996,55,1,0.964635083397566
121,-1237.8999999999985,100,0,0.9643456928725468
122,-1249.0000000000002,100,0,0.9640563891646851
123,332.6999999999996,36,1,0.9637671722479357
124,-2176.1999999999985,100,0,0.9634780420962614
125,-896.3,96,1,0.9631889986836326
126,-1925.099999999998,100,0,0.9629000419840276
127,138.29999999999882,73,1,0.9626111719714324
128,-142.50000000000045,63,1,0.962322388619841
129,190.49999999999977,31,1,0.962033691903255
130,327.2999999999996,31,1,0.9617450817956841
131,583.0999999999996,37,1,0.9614565582711454
132,343.09999999999945,42,1,0.9611681213036641
133,605.9000000000001,28,1,0.960879770867273
134,-1794.9999999999984,100,0,0.9605915069360129
135,-1312.499999999997,100,0,0.9603033294839322
136,-1163.2999999999997,100,0,0.960015238485087
137,-101.89999999999918,48,1,0.9597272339135414
138,543.0999999999997,38,1,0.9594393157433674
139,-1290.9999999999998,100,0,0.9591514839486444
140,580.8999999999996,30,1,0.9588637385034599
141,-2626.799999999996,100,0,0.9585760793819088
142,345.0999999999999,21,1,0.9582885065580943
143,-1770.999999999996,100,0,0.9580010200061269
144,564.0999999999997,29,1,0.957713619700125
145,293.6999999999998,28,1,0.957426305614215
146,925.1,12,1,0.9571390777225308
147,146.69999999999925,51,1,0.9568519359992141
148,247.49999999999943,59,1,0.9565648804184144
149,-1709.599999999998,100,0,0.9562779109542888
150,-1372.7999999999995,100,0,0.9559910275810025
151,-2155.7999999999965,100,0,0.9557042302727282
152,79.89999999999827,99,1,0.9554175190036465
153,-1571.4999999999986,100,0,0.9551308937479454
154,-1507.2000000000003,100,0,0.954844354479821
155,610.2999999999997,45,1,0.954557901173477
156,-1399.599999999997,100,0,0.954271533803125
157,-328.0999999999992,85,1,0.9539852523429841
158,-1016.7000000000006,100,0,0.9536990567672813
159,-87.49999999999932,65,1,0.9534129470502511
160,33.69999999999902,79,1,0.9531269231661361
161,-1068.4000000000017,100,0,0.9528409850891864
162,-1540.9999999999955,100,0,0.9525551327936597
163,445.6999999999995,50,1,0.9522693662538216
164,-533.4999999999984,82,1,0.9519836854439455
165,-69.09999999999991,87,1,0.9516980903383123
166,-400.7000000000007,69,1,0.9514125809112108
167,-1649.5999999999972,100,0,0.9511271571369375
168,-433.89999999999964,74,1,0.9508418189897965
169,-1581.4999999999995,100,0,0.9505565664440996
170,-1981.4999999999968,100,0,0.9502713994741664
171,-512.4999999999984,66,1,0.9499863180543242
172,-579.8999999999987,91,1,0.9497013221589079
173,-1691.0999999999995,100,0,0.9494164117622602
174,-105.30000000000041,66,1,0.9491315868387316
175,-1246.3999999999983,100,0,0.94884684736268
176,576.6999999999996,40,1,0.9485621933084712
177,-1565.6999999999985,100,0,0.9482776246504787
178,-1733.3000000000002,100,0,0.9479931413630835
179,-1759.5999999999972,100,0,0.9477087434206747
180,-2291.099999999997,100,0,0.9474244307976485
181,875.1,13,1,0.9471402034684092
182,376.49999999999943,67,1,0.9468560614073688
183,-2285.7999999999984,100,0,0.9465720045889466
184,-207.89999999999714,58,1,0.94628803298757
185,-92.69999999999936,88,1,0.9460041465776737
186,685.9000000000001,28,1,0.9457203453337004
187,669.4999999999997,33,1,0.9454366292301003
188,37.49999999999909,62,1,0.9451529982413313
189,173.89999999999952,57,1,0.9448694523418589
190,119.09999999999923,81,1,0.9445859915061564
191,506.8999999999998,22,1,0.9443026157087046
192,-1555.7,100,0,0.944019324923992
193,331.2999999999996,40,1,0.9437361191265148
194,615.9,28,1,0.9434529982907769
195,214.09999999999968,35,1,0.9431699623912897
196,-2009.7999999999975,100,0,0.9428870114025724
197,-274.09999999999786,91,1,0.9426041452991516
198,-394.2999999999988,68,1,0.9423213640555619
199,-1680.4999999999982,100,0,0.9420386676463453
200,689.5,31,1,0.9417560560460514
201,811.3000000000001,31,1,0.9414735292292377
202,-1290.000000000001,100,0,0.941191087170469
203,565.8999999999997,31,1,0.9409087298443178
204,599.2999999999993,55,1,0.9406264572253645
205,578.6999999999998,23,1,0.9403442692881969
206,-480.8999999999978,94,1,0.9400621660074104
207,-1527.7999999999993,100,0,0.9397801473576083
208,278.49999999999955,48,1,0.939498213313401
209,549.4999999999995,35,1,0.939216363849407
210,-1062.5000000000014,100,0,0.9389345989402522
211,453.6999999999997,73,1,0.9386529185605702
212,68.69999999999902,80,1,0.9383713226850021
213,776.9000000000001,17,1,0.9380898112881967
214,-1850.7999999999956,100,0,0.9378083843448103
215,-1144.6,100,0,0.9375270418295069
216,317.49999999999955,55,1,0.937245783716958
217,695.8999999999997,28,1,0.9369646099818429
218,-1178.3,100,0,0.9366835205988484
219,424.89999999999964,44,1,0.9364025155426687
220,-1693.1999999999962,100,0,0.9361215947880059
221,-1280.0000000000007,100,0,0.9358407583095696
222,-1662.499999999998,100,0,0.9355600060820768
223,-240.0999999999999,96,1,0.9352793380802522
224,483.0999999999997,40,1,0.9349987542788282
225,978.7,15,1,0.9347182546525445
226,-1977.4999999999982,100,0,0.9344378391761489
227,163.09999999999957,44,1,0.9341575078243961
228,853.3000000000001,11,1,0.9338772605720488
229,-2074.399999999996,100,0,0.9335970973938772
230,91.09999999999923,62,1,0.9333170182646591
231,537.4999999999991,54,1,0.9330370231591797
232,333.69999999999914,76,1,0.932757112052232
233,414.8999999999993,42,1,0.9324772849186164
234,958.7,15,1,0.9321975417331408
235,-1374.2999999999993,100,0,0.9319178824706209
236,-631.899999999998,60,1,0.9316383071058798
237,574.8999999999996,38,1,0.9313588156137481
238,154.69999999999936,67,1,0.931079407969064
239,359.2999999999994,58,1,0.9308000841466733
240,94.69999999999902,69,1,0.9305208441214293
241,-82.70000000000095,85,1,0.930241687868193
242,-2130.399999999998,100,0,0.9299626153618326
243,572.6999999999997,32,1,0.929683626577224
244,-1884.9999999999964,100,0,0.9294047214892509
245,-2344.399999999997,100,0,0.9291259000728042
246,299.09999999999957,32,1,0.9288471623027823
247,-1878.9999999999995,100,0,0.9285685081540915
248,-356.2999999999993,85,1,0.9282899376016454
249,-143.70000000000118,94,1,0.9280114506203649
250,536.6999999999996,43,1,0.9277330471851789
251,778.7,17,1,0.9274547272710234
252,-93.29999999999927,55,1,0.9271764908528422
253,61.49999999999886,68,1,0.9268983379055863
254,379.2999999999993,56,1,0.9266202684042146
255,-1280.3999999999992,100,0,0.9263422823236934
256,-1353.8999999999996,100,0,0.9260643796389963
257,-695.299999999997,83,1,0.9257865603251046
258,-1571.7999999999986,100,0,0.9255088243570071
259,-869.8999999999978,91,1,0.9252311717097
260,623.0999999999998,36,1,0.9249536023581871
261,592.2999999999996,26,1,0.9246761162774797
262,875.1,13,1,0.9243987134425965
263,-924.9000000000012,100,0,0.9241213938285637
264,-237.29999999999973,90,1,0.9238441574104151
265,-542.499999999998,72,1,0.923567004163192
266,-1361.4999999999995,100,0,0.9232899340619432
267,-891.0000000000013,100,0,0.9230129470817245
268,-877.6999999999989,98,1,0.9227360431976
269,544.8999999999995,40,1,0.9224592223846408
270,-1397.8999999999983,100,0,0.9221824846179255
271,-70.90000000000146,87,1,0.9219058298725402
272,725.9,27,1,0.9216292581235784
273,1025.1,10,1,0.9213527693461414
274,-1160.6000000000001,100,0,0.9210763635153376
275,330.8999999999994,82,1,0.9208000406062831
276,-1205.8000000000004,100,0,0.9205238005941012
277,71.8999999999993,76,1,0.9202476434539231
278,553.0999999999997,39,1,0.919971569160887
279,825.1,14,1,0.9196955776901388
280,174.09999999999957,36,1,0.9194196690168318
281,424.0999999999997,30,1,0.9191438431161267
282,289.2999999999995,61,1,0.918868099963192
283,389.89999999999975,45,1,0.918592439533203
284,425.0999999999998,22,1,0.9183168618013431
285,-1266.100000000001,100,0,0.9180413667428027
286,478.09999999999945,38,1,0.9177659543327799
287,-1098.2000000000005,100,0,0.91749062454648
288,-188.6999999999989,47,1,0.9172153773591161
289,-77.90000000000009,54,1,0.9169402127459083
290,-207.09999999999945,73,1,0.9166651306820846
291,-530.8999999999983,92,1,0.9163901311428799
292,314.8999999999995,41,1,0.9161152141035371
293,578.6999999999997,23,1,0.9158403795393061
294,407.4999999999993,57,1,0.9155656274254443
295,794.1,24,1,0.9152909577372167
296,583.8999999999996,47,1,0.9150163704498956
297,-1394.699999999999,79,1,0.9147418655387607
298,-1536.3999999999987,100,0,0.9144674429790991
299,708.7,20,1,0.9141931027462054
300,471.09999999999957,61,1,0.9139188448153815
301,776.9000000000001,17,1,0.913644669161937
302,859.5000000000001,28,1,0.9133705757611884
303,616.4999999999997,61,1,0.9130965645884601
304,733.0999999999999,34,1,0.9128226356190836
305,-1298.1999999999994,100,0,0.912548788828398
306,-1701.799999999998,100,0,0.9122750241917494
307,700.2999999999996,44,1,0.912001341684492
308,-312.09999999999945,71,1,0.9117277412819866
309,662.0999999999995,45,1,0.9114542229596021
310,470.2999999999995,47,1,0.9111807866927143
311,-1877.1999999999966,100,0,0.9109074324567065
312,-1438.1999999999975,100,0,0.9106341602269695
313,351.69999999999936,44,1,0.9103609699789015
314,328.49999999999966,48,1,0.9100878616879078
315,369.49999999999955,37,1,0.9098148353294014
316,-1599.2999999999965,100,0,0.9095418908788027
317,-1499.5999999999974,100,0,0.909269028311539
318,-1665.6999999999994,100,0,0.9089962476030455
319,-35.50000000000091,91,1,0.9087235487287647
320,-1005.0999999999972,66,1,0.9084509316641461
321,882.3,20,1,0.9081783963846469
322,40.09999999999934,74,1,0.9079059428657316
323,-341.7000000000005,82,1,0.9076335710828719
324,780.5000000000001,21,1,0.9073612810115471
325,709.4999999999999,30,1,0.9070890726272437
326,-24.50000000000091,86,1,0.9068169459054556
327,-2062.5999999999945,100,0,0.9065449008216839
328,317.6999999999998,36,1,0.9062729373514374
329,141.89999999999918,76,1,0.906001055470232
330,726.6999999999999,38,1,0.9057292551535909
331,332.89999999999884,64,1,0.9054575363770448
332,680.5,23,1,0.9051858991161318
333,392.89999999999986,63,1,0.904914343346397
334,-1861.899999999997,100,0,0.9046428690433931
335,159.29999999999893,61,1,0.9043714761826801
336,-55.50000000000068,89,1,0.9041001647398254
337,540.0999999999993,67,1,0.9038289346904035
338,444.8999999999995,39,1,0.9035577860099964
339,692.3,23,1,0.9032867186741934
340,933.3,9,1,0.9030157326585911
341,239.09999999999957,34,1,0.9027448279387936
342,285.8999999999995,36,1,0.902474004490412
343,-1280.0000000000005,100,0,0.902203262289065
344,569.2999999999995,55,1,0.9019326013103783
345,404.0999999999997,30,1,0.9016620215299852
346,490.29999999999995,46,1,0.9013915229235262
347,-1917.199999999997,100,0,0.9011211054666491
348,723.0999999999997,36,1,0.9008507691350092
349,-123.50000000000045,71,1,0.9005805139042687
350,-1351.6999999999975,100,0,0.9003103397500974
351,-1909.099999999999,100,0,0.9000402466481724
352,826.9000000000001,16,1,0.8997702345741779
353,-62.50000000000023,61,1,0.8995003035038057
354,593.0999999999995,37,1,0.8992304534127546
355,-1403.899999999999,100,0,0.8989606842767308
356,777.7,27,1,0.8986909960714479
357,826.9000000000001,16,1,0.8984213887726265
358,614.0999999999998,26,1,0.8981518623559946
359,-1281.7999999999993,100,0,0.8978824167972879
360,357.5,56,1,0.8976130520722487
361,-1171.1000000000008,100,0,0.8973437681566271
362,-1435.9999999999984,100,0,0.8970745650261801
363,450.2999999999995,48,1,0.8968054426566723
364,444.09999999999957,31,1,0.8965364010238753
365,595.6999999999996,48,1,0.8962674401035682
366,-952.4000000000016,100,0,0.8959985598715371
367,-277.1000000000006,74,1,0.8957297603035757
368,832.3000000000001,22,1,0.8954610413754847
369,-2306.4999999999964,100,0,0.895192403063072
370,737.6999999999998,28,1,0.8949238453421531
371,-382.09999999999854,73,1,0.8946553681885505
372,474.0999999999997,30,1,0.894386971578094
373,775.1,15,1,0.8941186554866206
374,312.8999999999992,61,1,0.8938504198899747
375,-1651.199999999998,100,0,0.8935822647640077
376,-585.2999999999984,79,1,0.8933141900845786
377,728.6999999999998,20,1,0.8930461958275532
378,455.49999999999966,27,1,0.8927782819688049
379,484.49999999999966,35,1,0.8925104484842143
380,-1407.799999999999,100,0,0.8922426953496692
381,-1170.0000000000005,100,0,0.8919750225410643
382,-111.90000000000009,98,1,0.891707430034302
383,-1174.0000000000002,100,0,0.8914399178052917
384,385.89999999999964,33,1,0.8911724858299502
385,-184.70000000000005,59,1,0.8909051340842012
386,775.1,15,1,0.890637862543976
387,674.4999999999998,32,1,0.8903706711852128
388,486.4999999999993,64,1,0.8901035599838573
389,824.9000000000002,36,1,0.8898365289158622
390,509.49999999999966,33,1,0.8895695779571875
391,104.69999999999914,68,1,0.8893027070838003
392,-193.4999999999991,75,1,0.8890359162716752
393,714.1,25,1,0.8887692054967937
394,292.6999999999996,34,1,0.8885025747351447
395,521.2999999999997,36,1,0.8882360239627242
396,-1560.9999999999984,100,0,0.8879695531555354
397,126.29999999999905,93,1,0.8877031622895888
398,503.0999999999996,37,1,0.8874368513409019
399,352.8999999999994,65,1,0.8871706202854996
400,-1663.3000000000002,100,0,0.886904469099414
401,245.49999999999966,31,1,0.8866383977586842
402,419.49999999999955,37,1,0.8863724062393566
403,710.5000000000001,22,1,0.8861064945174849
404,-1247.8999999999996,100,0,0.8858406625691297
405,-70.70000000000027,65,1,0.8855749103703591
406,-1649.3999999999992,100,0,0.885309237897248
407,612.2999999999997,26,1,0.8850436451258789
408,-219.69999999999982,58,1,0.8847781320323411
409,912.3,20,1,0.8845126985927314
410,975.1,11,1,0.8842473447831536
411,16.099999999999454,60,1,0.8839820705797187
412,516.6999999999996,40,1,0.8837168759585448
413,776.7000000000002,39,1,0.8834517608957573
414,438.49999999999955,43,1,0.8831867253674885
415,922.1000000000001,41,1,0.8829217693498783
416,626.9,20,1,0.8826568928190733
417,765.9000000000001,25,1,0.8823920957512277
418,265.69999999999936,52,1,0.8821273781225023
419,-2981.299999999998,100,0,0.8818627399090656
420,925.1,12,1,0.8815981810870929
421,557.6999999999997,31,1,0.8813337016327668
422,978.6999999999999,15,1,0.881069301522277
423,469.49999999999955,36,1,0.8808049807318203
424,449.49999999999943,37,1,0.8805407392376008
425,-221.70000000000027,76,1,0.8802765770158295
426,483.8999999999993,51,1,0.8800124940427247
427,758.7,19,1,0.879748490294512
428,186.69999999999948,48,1,0.8794845657474236
429,-30.100000000001273,98,1,0.8792207203776994
430,462.2999999999997,28,1,0.8789569541615861
431,-910.4000000000011,100,0,0.8786932670753377
432,432.09999999999945,49,1,0.8784296590952151
433,383.89999999999986,52,1,0.8781661301974866
434,-799.4999999999989,49,1,0.8779026803584273
435,423.89999999999975,51,1,0.8776393095543198
436,-55.50000000000091,92,1,0.8773760177614536
437,714.0999999999999,25,1,0.8771128049561252
438,314.8999999999994,44,1,0.8768496711146384
439,457.49999999999955,55,1,0.876586616213304
440,-1633.6999999999978,100,0,0.8763236402284401
441,194.8999999999994,44,1,0.8760607431363716
442,660.2999999999998,45,1,0.8757979249134308
443,892.3000000000001,20,1,0.8755351855359568
444,543.6999999999998,23,1,0.8752725249802961
445,-775.9000000000015,100,0,0.875009943222802
446,487.6999999999998,32,1,0.8747474402398352
447,838.5000000000001,39,1,0.8744850160077633
448,-420.8999999999992,91,1,0.874222670502961
449,-1169.9,100,0,0.8739604037018102
450,310.0999999999998,23,1,0.8736982155806996
451,-678.899999999999,78,1,0.8734361061160254
452,233.6999999999989,76,1,0.8731740752841907
453,8.899999999999295,59,1,0.8729121230616055
454,641.3,34,1,0.872650249424687
455,657.5,51,1,0.8723884543498597
456,828.7,18,1,0.8721267378135548
457,588.5,42,1,0.8718650997922107
458,704.1,25,1,0.871603540262273
459,740.3000000000002,43,1,0.8713420592001944
460,237.69999999999948,38,1,0.8710806565824344
461,-80.89999999999941,39,1,0.8708193323854597
462,875.9000000000001,23,1,0.8705580865857441
463,674.0999999999999,25,1,0.8702969191597684
464,760.5,20,1,0.8700358300840204
465,11.299999999999613,44,1,0.8697748193349952
466,165.6999999999996,56,1,0.8695138868891947
467,-120.5,94,1,0.869253032723128
468,298.49999999999955,48,1,0.8689922568133112
469,376.2999999999997,40,1,0.8687315591362672
470,925.1,12,1,0.8684709396685264
471,265.69999999999936,54,1,0.8682103983866258
472,882.3000000000001,21,1,0.8679499352671098
473,734.0999999999999,25,1,0.8676895502865297
474,587.6999999999996,32,1,0.8674292434214438
475,975.1,11,1,0.8671690146484173
476,-79.10000000000082,89,1,0.8669088639440229
477,323.0999999999997,43,1,0.8666487912848397
478,-1411.7999999999975,100,0,0.8663887966474543
479,-1066.300000000001,100,0,0.8661288800084601
480,-742.0999999999999,82,1,0.8658690413444576
481,479.0999999999997,28,1,0.8656092806320543
482,579.8999999999999,40,1,0.8653495978478647
483,-321.69999999999914,83,1,0.8650899929685104
484,117.49999999999898,60,1,0.8648304659706199
485,-303.4999999999998,79,1,0.8645710168308287
486,-14.500000000001137,82,1,0.8643116455257794
487,454.8999999999994,43,1,0.8640523520321217
488,932.3,20,1,0.8637931363265121
489,496.6999999999996,44,1,0.8635339983856142
490,906.9000000000001,14,1,0.8632749381860986
491,715.0999999999999,15,1,0.8630159557046427
492,340.099999999999,70,1,0.8627570509179314
493,-1655.3999999999992,100,0,0.8624982238026561
494,663.8999999999995,48,1,0.8622394743355153
495,1025.1,10,1,0.8619808024932146
496,478.4999999999998,46,1,0.8617222082524667
497,64.89999999999952,49,1,0.861463691589991
498,441.2999999999995,39,1,0.8612052524825141
499,320.2999999999996,51,1,0.8609468909067693
500,-773.1000000000017,100,0,0.8606886068394973
501,434.4999999999991,87,1,0.8604304002574455
502,-173.5,76,1,0.8601722711373684
503,631.2999999999998,35,1,0.8599142194560272
504,-1482.8000000000006,100,0,0.8596562451901905
505,382.2999999999997,31,1,0.8593983483166334
506,-1318.0999999999997,100,0,0.8591405288121384
507,712.2999999999998,24,1,0.8588827866534948
508,595.8999999999997,30,1,0.8586251218174988
509,847.7,27,1,0.8583675342809536
510,11.099999999999113,66,1,0.8581100240206693
511,975.1,11,1,0.8578525910134631
512,-1487.499999999998,100,0,0.8575952352361591
513,714.9,36,1,0.8573379566655883
514,976.9,13,1,0.8570807552785886
515,-1417.799999999998,100,0,0.8568236310520051
516,528.4999999999998,43,1,0.8565665839626895
517,660.2999999999998,43,1,0.8563096139875007
518,1026.9,12,1,0.8560527211033045
519,415.6999999999995,51,1,0.8557959052869736
520,655.7,50,1,0.8555391665153875
521,-242.49999999999864,65,1,0.855282504765433
522,-146.29999999999995,82,1,0.8550259200140033
523,728.7,19,1,0.8547694122379992
524,-1372.0999999999967,100,0,0.8545129814143279
525,113.8999999999993,53,1,0.8542566275199036
526,587.6999999999998,30,1,0.8540003505316477
527,726.9,18,1,0.8537441504264882
528,388.8999999999992,54,1,0.8534880271813603
529,-58.900000000000546,66,1,0.853231980773206
530,307.4999999999992,58,1,0.852976011178974
531,-1373.6999999999975,100,0,0.8527201183756203
532,707.6999999999997,28,1,0.8524643023401077
533,643.9000000000001,49,1,0.8522085630494057
534,724.8999999999999,36,1,0.851952900480491
535,875.1,13,1,0.8516973146103469
536,-468.8999999999978,73,1,0.8514418054159638
537,375.29999999999984,50,1,0.8511863728743391
538,673.8999999999996,46,1,0.8509310169624767
539,-194.30000000000018,64,1,0.850675737657388
540,1025.1,10,1,0.8504205349360908
541,-982.5000000000015,100,0,0.85016540877561
542,649.2999999999996,55,1,0.8499103591529773
543,-255.5,93,1,0.8496553860452314
544,1026.9,12,1,0.8494004894294178
545,515.4999999999998,70,1,0.849145669282589
546,725.0999999999999,16,1,0.8488909255818043
547,413.4999999999993,45,1,0.8486362583041298
548,498.4999999999997,44,1,0.8483816674266386
549,299.49999999999955,40,1,0.8481271529264106
550,228.29999999999882,71,1,0.8478727147805327
551,645.9,28,1,0.8476183529660986
552,-50.099999999999,51,1,0.8473640674602088
553,725.0999999999999,16,1,0.8471098582399708
554,708.7,20,1,0.8468557252824988
555,634.1,28,1,0.846601668564914
556,745.9,27,1,0.8463476880643446
557,462.09999999999957,49,1,0.8460937837579253
558,608.7,22,1,0.845839955622798
559,263.09999999999945,42,1,0.8455862036361113
560,349.29999999999905,61,1,0.8453325277750204
561,-2199.0999999999985,100,0,0.8450789280166879
562,645.6999999999996,51,1,0.8448254043382829
563,450.2999999999993,48,1,0.8445719567169815
564,-1010.7000000000018,100,0,0.8443185851299664
565,790.5,20,1,0.8440652895544274
566,876.9000000000001,15,1,0.8438120699675611
567,363.09999999999957,41,1,0.8435589263465708
568,405.89999999999964,32,1,0.8433058586686669
569,-289.9000000000001,78,1,0.8430528669110664
570,928.7,16,1,0.8427999510509931
571,549.4999999999998,35,1,0.8425471110656779
572,187.29999999999973,34,1,0.8422943469323583
573,-1542.2999999999956,100,0,0.8420416586282786
574,930.5,17,1,0.8417890461306902
575,44.699999999999136,67,1,0.841536509416851
576,568.4999999999995,44,1,0.8412840484640259
577,401.099999999999,59,1,0.8410316632494867
578,980.5,17,1,0.8407793537505119
579,-1305.0999999999979,100,0,0.8405271199443868
580,434.8999999999993,42,1,0.8402749618084034
581,629.4999999999997,33,1,0.840022879319861
582,-962.8000000000013,100,0,0.8397708724560651
583,975.1,11,1,0.8395189411943282
584,856.9000000000001,15,1,0.8392670855119699
585,-1166.2999999999993,94,1,0.8390153053863164
586,50.29999999999916,55,1,0.8387636007947006
587,-523.4999999999966,80,1,0.8385119717144622
588,-358.09999999999854,81,1,0.8382604181229479
589,703.1,36,1,0.838008939997511
590,447.6999999999998,31,1,0.8377575373155118
591,740.5,21,1,0.8375062100543172
592,539.2999999999996,55,1,0.837254958191301
593,530.2999999999992,47,1,0.8370037817038437
594,753.1000000000001,34,1,0.8367526805693326
595,549.4999999999998,33,1,0.8365016547651618
596,980.5,17,1,0.8362507042687323
597,20.099999999998772,77,1,0.8359998290574516
598,186.2999999999994,42,1,0.8357490291087344
599,817.7,25,1,0.8354983044000018
600,301.099999999999,64,1,0.8352476549086819
601,145.49999999999875,78,1,0.8349970806122093
602,624.8999999999999,38,1,0.8347465814880257
603,721.3,33,1,0.8344961575135793
604,708.6999999999999,20,1,0.8342458086663253
605,147.89999999999895,69,1,0.8339955349237254
606,443.0999999999997,40,1,0.8337453362632483
607,153.6999999999988,80,1,0.8334952126623694
608,3.899999999999295,58,1,0.8332451640985706
609,930.5000000000001,18,1,0.8329951905493411
610,562.3,26,1,0.8327452919921764
611,825.1,14,1,0.8324954684045788
612,-1417.799999999998,100,0,0.8322457197640575
613,169.69999999999902,67,1,0.8319960460481283
614,677.7,29,1,0.8317464472343139
615,-1714.6999999999966,100,0,0.8314969233001437
616,185.69999999999936,58,1,0.8312474742231537
617,333.09999999999945,43,1,0.8309980999808868
618,-912.6999999999957,97,1,0.8307488005508926
619,-332.6999999999989,86,1,0.8304995759107274
620,614.8999999999996,37,1,0.8302504260379543
621,856.9,15,1,0.8300013509101429
622,662.2999999999997,25,1,0.82975235050487
623,378.29999999999916,69,1,0.8295034247997185
624,-832.099999999999,86,1,0.8292545737722786
625,284.8999999999993,45,1,0.829005797400147
626,780.5000000000001,21,1,0.828757095660927
627,219.2999999999994,64,1,0.8285084685322288
628,492.2999999999997,28,1,0.8282599159916691
629,494.499999999999,83,1,0.8280114380168717
630,960.5,17,1,0.8277630345854666
631,699.4999999999998,32,1,0.827514705675091
632,775.1,15,1,0.8272664512633885
633,10.89999999999884,86,1,0.8270182713280095
634,-1132.1999999999998,100,0,0.8267701658466111
635,873.3000000000001,11,1,0.8265221347968572
636,-337.3000000000002,93,1,0.8262741781564181
637,317.6999999999996,38,1,0.8260262959029713
638,518.4999999999998,44,1,0.8257784880142004
639,538.4999999999995,45,1,0.8255307544677961
640,928.7,16,1,0.8252830952414558
641,246.49999999999932,72,1,0.8250355103128834
642,531.2999999999998,36,1,0.8247879996597896
643,118.29999999999916,70,1,0.8245405632598917
644,364.0999999999998,33,1,0.8242932010909138
645,811.1,50,1,0.8240459131305865
646,808.7,18,1,0.8237986993566474
647,494.69999999999993,62,1,0.8235515597468405
648,-150.89999999999964,87,1,0.8233044942789164
649,-1204.3000000000002,100,0,0.8230575029306327
650,168.49999999999932,52,1,0.8228105856797536
651,769.5000000000001,30,1,0.8225637425040497
652,-1090.6000000000001,100,0,0.8223169733812985
653,714.0999999999999,26,1,0.8220702782892841
654,878.7,17,1,0.8218236572057974
655,764.1000000000001,24,1,0.8215771101086357
656,45.699999999999136,60,1,0.821330636975603
657,875.1,13,1,0.8210842377845103
658,-280.29999999999905,75,1,0.8208379125131751
659,742.3000000000001,23,1,0.8205916611394212
660,722.3,23,1,0.8203454836410794
661,-1731.7999999999984,100,0,0.8200993799959871
662,518.0999999999998,39,1,0.8198533501819883
663,833.3,11,1,0.8196073941769337
664,684.9,35,1,0.8193615119586807
665,565.7,50,1,0.8191157035050931
666,790.5,20,1,0.8188699687940416
667,926.9000000000001,14,1,0.8186243078034035
668,9.89999999999884,93,1,0.8183787205110624
669,-1212.1000000000001,100,0,0.8181332068949091
670,256.6999999999995,49,1,0.8178877669328406
671,873.3000000000001,11,1,0.8176424006027607
672,-48.69999999999936,47,1,0.8173971078825799
673,342.6999999999987,84,1,0.8171518887502152
674,764.1,24,1,0.8169067431835901
675,-1538.2999999999993,100,0,0.816661671160635
676,926.9,14,1,0.8164166726592869
677,835.9,26,1,0.8161717476574891
678,-938.9000000000013,100,0,0.8159268961331919
679,-244.50000000000023,90,1,0.815682118064352
680,853.3,11,1,0.8154374134289327
681,-471.699999999998,84,1,0.8151927822049041
682,369.49999999999966,35,1,0.8149482243702426
683,825.1,14,1,0.8147037399029315
684,503.09999999999945,36,1,0.8144593287809607
685,836.7000000000002,37,1,0.8142149909823264
686,351.0999999999992,60,1,0.8139707264850318
687,-81.70000000000027,76,1,0.8137265352670863
688,399.4999999999998,37,1,0.8134824173065062
689,512.0999999999997,47,1,0.8132383725813143
690,758.7,19,1,0.8129944010695399
691,216.49999999999886,68,1,0.8127505027492191
692,334.0999999999998,34,1,0.8125066775983943
693,-1595.9999999999982,100,0,0.8122629255951148
694,340.2999999999993,48,1,0.8120192467174363
695,-137.90000000000055,60,1,0.8117756409434211
696,520.2999999999997,45,1,0.8115321082511381
697,205.69999999999948,51,1,0.8112886486186628
698,930.5,18,1,0.8110452620240772
699,865.9000000000001,25,1,0.81080194844547
700,-75.30000000000064,68,1,0.8105587078609364
701,940.5,17,1,0.8103155402485782
702,400.2999999999994,48,1,0.8100724455865037
703,-31.900000000001228,95,1,0.8098294238528277
704,89.89999999999907,96,1,0.8095864750256719
705,461.2999999999997,38,1,0.8093435990831642
706,761.7000000000002,36,1,0.8091007960034393
707,756.9000000000001,17,1,0.8088580657646383
708,933.3000000000001,9,1,0.8086154083449089
709,739.1000000000001,25,1,0.8083728237224054
710,481.2999999999995,38,1,0.8081303118752887
711,1025.1,10,1,0.8078878727817261
712,325.699999999999,55,1,0.8076455064198916
713,547.6999999999998,33,1,0.8074032127679657
714,679.4999999999998,30,1,0.8071609918041354
715,664.0999999999998,26,1,0.8069188435065942
716,417.499999999999,57,1,0.8066767678535423
717,581.2999999999996,35,1,0.8064347648231862
718,865.1,12,1,0.8061928343937392
719,1026.9,12,1,0.8059509765434212
720,928.7,16,1,0.8057091912504581
721,855.1,13,1,0.8054674784930831
722,371.89999999999975,25,1,0.8052258382495352
723,639.5,31,1,0.8049842704980603
724,878.7,17,1,0.804742775216911
725,873.9000000000001,43,1,0.804501352384346
726,417.6999999999997,35,1,0.8042600019786307
727,466.49999999999966,66,1,0.8040187239780371
728,154.49999999999943,40,1,0.8037775183608437
729,-125.30000000000018,70,1,0.8035363851053354
730,711.3,33,1,0.8032953241898039
731,906.9,14,1,0.8030543355925469
732,-976.8000000000014,100,0,0.8028134192918692
733,-81.69999999999959,76,1,0.8025725752660817
734,603.0999999999997,37,1,0.802331803493502
735,869.5000000000001,28,1,0.802091103952454
736,436.69999999999936,43,1,0.8018504766212683
737,930.5,18,1,0.8016099214782819
738,235.69999999999936,57,1,0.8013694385018385
739,685.4999999999995,70,1,0.8011290276702879
740,756.9000000000001,17,1,0.8008886889619868
741,-1597.5999999999956,100,0,0.8006484223552983
742,1025.1,10,1,0.8004082278285918
743,697.6999999999999,29,1,0.8001681053602432
744,745.9,27,1,0.7999280549286352
745,792.3000000000001,22,1,0.7996880765121566
746,402.0999999999992,49,1,0.799448170089203
747,514.8999999999997,38,1,0.7992083356381763
748,-332.6999999999998,89,1,0.7989685731374848
749,876.9000000000001,15,1,0.7987288825655436
750,825.1,14,1,0.798489263900774
751,510.2999999999995,45,1,0.7982497171216039
752,650.2999999999997,43,1,0.7980102422064674
753,516.6999999999997,41,1,0.7977708391338055
754,825.9000000000001,25,1,0.7975315078820654
755,430.8999999999995,81,1,0.7972922484297008
756,-484.2999999999995,68,1,0.7970530607551719
757,762.1000000000001,45,1,0.7968139448369453
758,331.09999999999934,61,1,0.7965749006534942
759,492.29999999999967,28,1,0.7963359281832982
760,542.0999999999998,49,1,0.7960970274048432
761,878.7,17,1,0.7958581982966219
762,481.29999999999984,38,1,0.7956194408371329
763,-51.70000000000073,71,1,0.7953807550048818
764,744.9,38,1,0.7951421407783804
765,-154.9000000000001,77,1,0.794903598136147
766,580.4999999999999,25,1,0.7946651270567061
767,908.7,16,1,0.7944267275185891
768,319.0999999999991,81,1,0.7941883995003336
769,180.2999999999996,51,1,0.7939501429804835
770,76.69999999999936,47,1,0.7937119579375894
771,573.0999999999997,37,1,0.7934738443502082
772,719.5,30,1,0.7932358021969032
773,48.2999999999995,70,1,0.7929978314562441
774,771.3000000000002,33,1,0.7927599321068073
775,536.6999999999997,42,1,0.7925221041271753
776,752.3,22,1,0.7922843474959371
777,730.5,20,1,0.7920466621916884
778,678.6999999999997,21,1,0.7918090481930309
779,855.5000000000001,19,1,0.791571505478573
780,-268.4999999999984,80,1,0.7913340340269295
781,604.6999999999996,61,1,0.7910966338167215
782,198.29999999999916,67,1,0.7908593048265765
783,1025.1,10,1,0.7906220470351286
784,680.5,22,1,0.7903848604210181
785,641.2999999999998,33,1,0.7901477449628918
786,-1128.2999999999997,100,0,0.7899107006394029
787,653.0999999999998,35,1,0.7896737274292112
788,638.4999999999998,42,1,0.7894368253109825
789,728.6999999999997,20,1,0.7891999942633892
790,223.09999999999968,39,1,0.7889632342651102
791,845.9000000000001,25,1,0.7887265452948307
792,-103.29999999999927,52,1,0.7884899273312422
793,817.7000000000002,27,1,0.7882533803530429
794,730.4999999999999,22,1,0.788016904338937
795,776.7000000000002,38,1,0.7877804992676354
796,826.9,16,1,0.7875441651178551
797,765.9000000000001,26,1,0.7873079018683198
798,615.8999999999997,30,1,0.7870717094977593
799,882.3000000000001,21,1,0.7868355879849099
800,-1.9000000000013415,96,1,0.7865995373085145
801,643.0999999999996,38,1,0.786363557447322
802,730.4999999999999,21,1,0.7861276483800879
803,886.9000000000001,14,1,0.7858918100855738
804,-418.0999999999999,84,1,0.7856560425425482
805,-137.9000000000001,59,1,0.7854203457297855
806,978.6999999999999,15,1,0.7851847196260666
807,762.3000000000001,23,1,0.7849491642101788
808,505.89999999999975,30,1,0.7847136794609157
809,864.1,23,1,0.7844782653570775
810,797.7,27,1,0.7842429218774705
811,486.6999999999998,40,1,0.7840076490009072
812,784.1000000000001,25,1,0.783772446706207
813,908.7,16,1,0.7835373149721953
814,774.9000000000001,36,1,0.7833022537777036
815,797.7,26,1,0.7830672631015703
816,160.099999999999,70,1,0.7828323429226398
817,826.9000000000001,16,1,0.782597493219763
818,530.2999999999997,46,1,0.7823627139717971
819,720.5,21,1,0.7821280051576056
820,530.2999999999994,46,1,0.7818933667560584
821,525.8999999999996,31,1,0.7816587987460316
822,-1569.999999999999,100,0,0.7814243011064078
823,928.7,16,1,0.781189873816076
824,894.1,22,1,0.7809555168539312
825,849.5,29,1,0.780721230198875
826,721.3,32,1,0.7804870138298153
827,937.7,26,1,0.7802528677256664
828,1023.3,8,1,0.7800187918653487
829,838.7,16,1,0.7797847862277891
830,284.8999999999995,44,1,0.7795508507919208
831,280.2999999999995,50,1,0.7793169855366833
832,434.89999999999964,42,1,0.7790831904410223
833,960.5,17,1,0.77884946548389
834,710.5,22,1,0.7786158106442449
835,810.5000000000001,20,1,0.7783822259010517
836,830.5,20,1,0.7781487112332813
837,598.4999999999994,44,1,0.7779152666199114
838,676.9,19,1,0.7776818920399254
839,560.5,25,1,0.7774485874723135
840,925.1,12,1,0.7772153528960718
841,482.29999999999995,29,1,0.776982188290203
842,787.7,29,1,0.776749093633716
843,-44.500000000000455,77,1,0.776516068905626
844,717.6999999999998,30,1,0.7762831140849543
845,975.1,11,1,0.7760502291507289
846,594.8999999999996,37,1,0.7758174140819837
847,910.5000000000001,18,1,0.7755846688577591
848,-132.89999999999827,59,1,0.7753519934571018
849,594.1,27,1,0.7751193878590648
850,455.4999999999993,73,1,0.774886852042707
851,825.1,14,1,0.7746543859870942
852,249.69999999999948,65,1,0.7744219896712982
853,932.3000000000001,20,1,0.7741896630743968
854,737.6999999999998,29,1,0.7739574061754746
855,905.1,12,1,0.773725218953622
856,732.3,24,1,0.7734931013879359
857,765.9000000000001,27,1,0.7732610534575196
858,569.4999999999998,33,1,0.7730290751414823
859,890.5,18,1,0.7727971664189399
860,819.5,30,1,0.7725653272690143
861,616.6999999999998,39,1,0.7723335576708336
862,715.8999999999999,28,1,0.7721018576035323
863,616.6999999999997,39,1,0.7718702270462513
864,203.69999999999936,77,1,0.7716386659781375
865,366.2999999999995,40,1,0.771407174378344
866,725.8999999999999,26,1,0.7711757522260305
867,759.5000000000001,29,1,0.7709443995003628
868,760.5,21,1,0.7707131161805126
869,726.8999999999999,18,1,0.7704819022456585
870,683.1,35,1,0.7702507576749849
871,153.69999999999948,76,1,0.7700196824476824
872,518.4999999999997,44,1,0.7697886765429481
873,828.7,18,1,0.7695577399399853
874,789.5000000000001,29,1,0.7693268726180034
875,586.4999999999995,61,1,0.769096074556218
876,962.3,19,1,0.7688653457338511
877,-258.0999999999992,80,1,0.768634686130131
878,826.9000000000001,16,1,0.7684040957242919
879,551.3,37,1,0.7681735744955747
880,630.8999999999999,28,1,0.767943122423226
881,821.3000000000001,30,1,0.7677127394864991
882,982.3,19,1,0.7674824256646532
883,-171.09999999999832,61,1,0.7672521809369538
884,930.5,18,1,0.7670220052826727
885,547.7,32,1,0.766791898681088
886,785.9000000000001,26,1,0.7665618611114837
887,741.3,31,1,0.7663318925531503
888,730.5,21,1,0.7661019929853844
889,930.5000000000001,18,1,0.7658721623874888
890,508.6999999999997,24,1,0.7656424007387725
891,843.3000000000001,11,1,0.765412708018551
892,635.8999999999999,27,1,0.7651830842061454
893,137.4999999999991,58,1,0.7649535292808837
894,975.1,11,1,0.7647240432220994
895,862.3000000000001,21,1,0.7644946260091328
896,592.1,47,1,0.76426527762133
897,229.09999999999923,81,1,0.7640359980380437
898,875.1,13,1,0.7638067872386323
899,795.9000000000001,24,1,0.7635776452024607
900,630.4999999999998,24,1,0.7633485719089
901,703.1,33,1,0.7631195673373274
902,960.5,17,1,0.7628906314671263
903,864.1000000000001,23,1,0.7626617642776862
904,873.1000000000001,33,1,0.7624329657484029
905,487.49999999999966,53,1,0.7622042358586785
906,233.09999999999957,42,1,0.7619755745879209
907,717.7,29,1,0.7617469819155445
908,860.5,19,1,0.7615184578209698
909,499.49999999999966,35,1,0.7612900022836235
910,923.3000000000001,10,1,0.7610616152829385
911,279.49999999999966,37,1,0.7608332967983537
912,590.4999999999998,23,1,0.7606050468093142
913,696.7,38,1,0.7603768652952714
914,882.3,20,1,0.7601487522356828
915,184.69999999999936,64,1,0.7599207076100121
916,780.5,21,1,0.7596927313977291
917,964.1,21,1,0.7594648235783098
918,691.0999999999998,54,1,0.7592369841312363
919,753.1000000000001,35,1,0.759009213035997
920,80.49999999999966,34,1,0.7587815102720862
921,371.89999999999907,72,1,0.7585538758190046
922,598.4999999999998,41,1,0.7583263096562589
923,630.4999999999999,23,1,0.758098811763362
924,1003.3,8,1,0.7578713821198331
925,54.69999999999902,65,1,0.7576440207051971
926,929.5,27,1,0.7574167274989856
927,722.3,22,1,0.7571895024807359
928,864.1,20,1,0.7569623456299918
929,13.699999999998795,78,1,0.7567352569263028
930,882.3000000000001,20,1,0.7565082363492249
931,738.5,41,1,0.7562812838783202
932,360.2999999999994,50,1,0.7560543994931567
933,141.0999999999991,65,1,0.7558275831733088
934,653.0999999999999,35,1,0.7556008348983568
935,833.1000000000001,32,1,0.7553741546478874
936,-575.2999999999981,76,1,0.7551475424014931
937,1035.9,22,1,0.7549209981387727
938,633.0999999999999,35,1,0.7546945218393311
939,425.6999999999996,53,1,0.7544681134827793
940,-1162.0999999999997,100,0,0.7542417730487345
941,26.299999999998818,86,1,0.7540155005168199
942,209.2999999999994,57,1,0.7537892958666649
943,925.1,12,1,0.7535631590779049
944,871.3000000000001,30,1,0.7533370901301816
945,824.1,23,1,0.7531110890031425
946,532.0999999999999,47,1,0.7528851556764415
947,882.3000000000001,21,1,0.7526592901297386
948,505.8999999999995,31,1,0.7524334923426997
949,960.5,17,1,0.752207762294997
950,812.3000000000001,21,1,0.7519820999663085
951,692.0999999999999,45,1,0.7517565053363187
952,623.0999999999999,37,1,0.7515309783847178
953,463.8999999999994,49,1,0.7513055190912025
954,347.49999999999966,57,1,0.7510801274354751
955,703.1000000000001,35,1,0.7508548033972445
956,804.1000000000001,23,1,0.7506295469562254
957,780.5,20,1,0.7504043580921386
958,778.7,17,1,0.750179236784711
959,837.7000000000002,28,1,0.7499541830136756
960,914.1,22,1,0.7497291967587715
961,-136.29999999999882,80,1,0.7495042779997438
962,680.5,23,1,0.749279426716344
963,86.09999999999911,66,1,0.7490546428883291
964,289.8999999999994,44,1,0.7488299264954626
965,456.4999999999998,64,1,0.748605277517514
966,-247.0999999999999,73,1,0.7483806959342588
967,374.499999999999,82,1,0.7481561817254786
968,-34.30000000000064,59,1,0.747931734870961
969,976.9,13,1,0.7477073553504997
970,510.4999999999999,26,1,0.7474830431438946
971,522.8999999999996,57,1,0.7472587982309514
972,849.5000000000001,28,1,0.7470346205914822
973,521.2999999999994,37,1,0.7468105102053048
974,862.3000000000001,20,1,0.7465864670522432
975,313.09999999999945,39,1,0.7463624911121275
976,548.4999999999994,43,1,0.7461385823647939
977,474.89999999999975,38,1,0.7459147407900845
978,774.1000000000001,24,1,0.7456909663678475
979,978.7,15,1,0.7454672590779372
980,528.6999999999998,24,1,0.7452436189002138
981,370.2999999999994,50,1,0.7450200458145438
982,-88.90000000000055,65,1,0.7447965398007995
983,-1736.4999999999984,100,0,0.7445731008388593
984,964.1,20,1,0.7443497289086076
985,669.5,33,1,0.7441264239899351
986,912.3,20,1,0.7439031860627382
987,279.0999999999989,81,1,0.7436800151069194
988,432.2999999999997,29,1,0.7434569111023873
989,813.1000000000001,33,1,0.7432338740290566
990,515.4999999999989,76,1,0.7430109038668479
991,678.6999999999997,21,1,0.7427880005956878
992,81.09999999999945,61,1,0.7425651641955091
993,742.3000000000001,23,1,0.7423423946462505
994,487.2999999999996,28,1,0.7421196919278567
995,584.8999999999995,37,1,0.7418970560202783
996,83.89999999999918,55,1,0.7416744869034723
997,776.9000000000001,17,1,0.7414519845574012
998,915.9000000000001,23,1,0.7412295489620341
999,875.9000000000001,24,1,0.7410071800973455
1000,642.3000000000001,24,1,0.7407848779433163
1001,284.8999999999994,46,1,0.7405626424799333
1002,767.7,28,1,0.7403404736871894
1003,595.8999999999995,30,1,0.7401183715450832
1004,272.89999999999907,63,1,0.7398963360336197
1005,756.9,17,1,0.7396743671328097
1006,749.3000000000002,53,1,0.7394524648226698
1007,680.4999999999999,23,1,0.739230629083223
1008,587.4999999999993,50,1,0.739008859894498
1009,403.09999999999945,41,1,0.7387871572365298
1010,789.5,29,1,0.7385655210893588
1011,760.5,21,1,0.738343951433032
1012,606.6999999999998,42,1,0.7381224482476021
1013,610.4999999999998,24,1,0.7379010115131278
1014,299.09999999999957,34,1,0.7376796412096739
1015,-2102.6999999999985,100,0,0.737458337317311
1016,842.3000000000001,20,1,0.7372370998161158
1017,342.69999999999925,83,1,0.737015928686171
1018,598.4999999999995,42,1,0.7367948239075652
1019,669.4999999999999,31,1,0.736573785460393
1020,928.7,16,1,0.7363528133247549
1021,478.49999999999955,45,1,0.7361319074807575
1022,596.6999999999998,41,1,0.7359110679085133
1023,930.5,17,1,0.7356902945881408
1024,636.8999999999997,19,1,0.7354695874997644
1025,642.3,25,1,0.7352489466235145
1026,876.9000000000001,15,1,0.7350283719395274
1027,480.0999999999991,69,1,0.7348078634279456
1028,724.8999999999999,37,1,0.7345874210689172
1029,614.9000000000001,39,1,0.7343670448425965
1030,874.1,21,1,0.7341467347291437
1031,670.4999999999999,22,1,0.733926490708725
1032,402.09999999999934,49,1,0.7337063127615123
1033,638.6999999999998,21,1,0.7334862008676839
1034,453.89999999999964,48,1,0.7332661550074236
1035,890.5,18,1,0.7330461751609214
1036,484.0999999999999,29,1,0.7328262613083731
1037,674.1,25,1,0.7326064134299807
1038,980.5,17,1,0.7323866315059517
1039,776.9000000000001,17,1,0.7321669155164999
1040,460.2999999999996,49,1,0.731947265441845
1041,59.099999999998886,77,1,0.7317276812622124
1042,224.69999999999948,67,1,0.7315081629578338
1043,726.8999999999999,18,1,0.7312887105089465
1044,569.5,32,1,0.7310693238957938
1045,764.1000000000001,24,1,0.7308500030986251
1046,658.3,15,1,0.7306307480976956
1047,917.3000000000001,20,1,0.7304115588732663
1048,630.4999999999998,24,1,0.7301924354056043
1049,1026.9,12,1,0.7299733776749826
1050,695.9,28,1,0.7297543856616802
1051,956.9,13,1,0.7295354593459816
1052,614.0999999999997,28,1,0.7293165987081779
1053,501.2999999999996,37,1,0.7290978037285655
1054,928.7,16,1,0.7288790743874469
1055,935.9,24,1,0.7286604106651308
1056,862.3,21,1,0.7284418125419313
1057,532.0999999999996,44,1,0.7282232799981687
1058,714.8999999999999,36,1,0.7280048130141693
1059,224.8999999999994,46,1,0.727786411570265
1060,925.1,12,1,0.7275680756467939
1061,800.3000000000002,40,1,0.7273498052240999
1062,614.0999999999999,25,1,0.7271316002825327
1063,-1446.0999999999963,100,0,0.7269134608024479
1064,919.5,27,1,0.7266953867642072
1065,739.5,27,1,0.7264773781481779
1066,975.1,11,1,0.7262594349347334
1067,123.09999999999934,43,1,0.726041557104253
1068,925.1,12,1,0.7258237446371217
1069,324.8999999999995,46,1,0.7256059975137307
1070,543.6999999999998,23,1,0.7253883157144766
1071,729.5,30,1,0.7251706992197623
1072,1028.7,14,1,0.7249531480099964
1073,908.7,16,1,0.7247356620655935
1074,1008.7,14,1,0.7245182413669738
1075,803.1000000000001,32,1,0.7243008858945638
1076,697.6999999999998,28,1,0.7240835956287954
1077,975.1,11,1,0.7238663705501068
1078,690.4999999999998,22,1,0.7236492106389418
1079,660.5,23,1,0.7234321158757502
1080,476.89999999999986,22,1,0.7232150862409875
1081,801.3000000000002,32,1,0.7229981217151152
1082,15.499999999998636,79,1,0.7227812222786008
1083,788.7,18,1,0.7225643879119172
1084,956.9,13,1,0.7223476185955436
1085,853.3000000000001,11,1,0.722130914309965
1086,564.8999999999996,39,1,0.7219142750356721
1087,878.7,17,1,0.7216977007531614
1088,928.7,16,1,0.7214811914429355
1089,908.7,15,1,0.7212647470855027
1090,769.5000000000001,30,1,0.721048367661377
1091,353.09999999999945,41,1,0.7208320531510787
1092,762.3,23,1,0.7206158035351333
1093,682.3,25,1,0.7203996187940728
1094,522.0999999999999,48,1,0.7201834989084346
1095,595.8999999999996,30,1,0.7199674438587621
1096,925.1,12,1,0.7197514536256044
1097,890.5,18,1,0.7195355281895168
1098,925.1,12,1,0.71931966753106
1099,385.2999999999995,95,1,0.7191038716308007
1100,521.2999999999998,35,1,0.7188881404693115
1101,878.7,17,1,0.7186724740271707
1102,925.1,12,1,0.7184568722849626
1103,708.6999999999999,20,1,0.7182413352232772
1104,906.9,14,1,0.7180258628227102
1105,816.7000000000002,36,1,0.7178104550638634
1106,917.7,26,1,0.7175951119273443
1107,607.6999999999996,30,1,0.7173798333937661
1108,915.1,11,1,0.717164619443748
1109,681.2999999999998,33,1,0.7169494700579149
1110,486.89999999999975,22,1,0.7167343852168975
1111,651.2999999999997,34,1,0.7165193649013324
1112,556.6999999999999,39,1,0.716304409091862
1113,348.49999999999943,46,1,0.7160895177691344
1114,557.2999999999997,27,1,0.7158746909138037
1115,797.7,28,1,0.7156599285065296
1116,519.4999999999999,36,1,0.7154452305279777
1117,897.7,26,1,0.7152305969588193
1118,940.5,17,1,0.7150160277797317
1119,830.5,19,1,0.7148015229713979
1120,849.5,27,1,0.7145870825145065
1121,842.3000000000001,21,1,0.7143727063897523
1122,596.6999999999998,41,1,0.7141583945778354
1123,622.2999999999997,25,1,0.7139441470594621
1124,878.7,17,1,0.7137299638153443
1125,964.1,21,1,0.7135158448261997
1126,808.7,18,1,0.7133017900727519
1127,443.8999999999994,48,1,0.7130877995357301
1128,283.699999999999,74,1,0.7128738731958694
1129,496.6999999999996,38,1,0.7126600110339106
1130,878.7,17,1,0.7124462130306005
1131,976.9,13,1,0.7122324791666914
1132,838.7,17,1,0.7120188094229414
1133,830.5000000000001,20,1,0.7118052037801145
1134,581.2999999999996,34,1,0.7115916622189805
1135,433.69999999999936,72,1,0.7113781847203149
1136,203.89999999999952,54,1,0.7111647712648989
1137,814.1000000000001,23,1,0.7109514218335194
1138,719.5,30,1,0.7107381364069694
1139,781.3000000000001,32,1,0.7105249149660473
1140,825.1,14,1,0.7103117574915575
1141,888.7,16,1,0.7100986639643101
1142,826.9000000000001,16,1,0.7098856343651209
1143,975.1,11,1,0.7096726686748114
1144,552.0999999999997,44,1,0.709459766874209
1145,764.1000000000001,25,1,0.7092469289441468
1146,670.3,44,1,0.7090341548654635
1147,847.7,27,1,0.7088214446190039
1148,878.7,17,1,0.7086087981856182
1149,795.9000000000001,26,1,0.7083962155461625
1150,804.9000000000001,34,1,0.7081836966814987
1151,852.3000000000001,20,1,0.7079712415724942
1152,875.1,13,1,0.7077588502000225
1153,359.2999999999996,58,1,0.7075465225449625
1154,917.7,26,1,0.7073342585881991
1155,975.1,11,1,0.7071220583106227
1156,835.1,13,1,0.7069099216931295
1157,603.0999999999996,36,1,0.7066978487166216
1158,6.099999999999682,64,1,0.7064858393620066
1159,738.6999999999999,19,1,0.706273893610198
1160,799.5000000000001,29,1,0.706062011442115
1161,775.1,15,1,0.7058501928386824
1162,481.2999999999997,37,1,0.7056384377808309
1163,810.5,20,1,0.7054267462494966
1164,492.1,50,1,0.7052151182256218
1165,700.2999999999997,43,1,0.7050035536901541
1166,594.8999999999997,37,1,0.7047920526240471
1167,640.4999999999999,23,1,0.7045806150082599
1168,412.2999999999996,29,1,0.7043692408237574
1169,849.5000000000001,29,1,0.7041579300515103
1170,331.2999999999995,40,1,0.7039466826724948
1171,839.5000000000001,30,1,0.7037354986676931
1172,729.5,30,1,0.7035243780180929
1173,873.3000000000001,11,1,0.7033133207046874
1174,1023.3,8,1,0.703102326708476
1175,649.4999999999998,31,1,0.7028913960104636
1176,431.2999999999997,36,1,0.7026805285916604
1177,533.0999999999997,36,1,0.702469724433083
1178,872.3000000000001,20,1,0.7022589835157531
1179,885.9000000000001,25,1,0.7020483058206984
1180,587.6999999999996,30,1,0.7018376913289522
1181,213.69999999999902,76,1,0.7016271400215536
1182,217.49999999999932,57,1,0.7014166518795472
1183,838.7,17,1,0.7012062268839833
1184,962.3,19,1,0.700995865015918
1185,714.0999999999999,25,1,0.7007855662564133
1186,882.3000000000001,20,1,0.7005753305865364
1187,529.4999999999999,34,1,0.7003651579873605
1188,880.5,19,1,0.7001550484399643
1189,639.4999999999998,34,1,0.6999450019254324
1190,978.7,15,1,0.6997350184248547
1191,915.9,24,1,0.6995250979193273
1192,91.29999999999939,43,1,0.6993152403899515
1193,917.7,26,1,0.6991054458178345
1194,775.9000000000001,26,1,0.6988957141840891
1195,725.1,16,1,0.6986860454698339
1196,980.5,17,1,0.698476439656193
1197,161.8999999999986,73,1,0.6982668967242962
1198,881.3000000000002,30,1,0.698057416655279
1199,344.6999999999996,65,1,0.6978479994302824
1200,37.49999999999932,63,1,0.6976386450304534
1201,294.69999999999936,64,1,0.6974293534369442
1202,572.1,44,1,0.6972201246309132
1203,97.29999999999973,36,1,0.6970109585935239
1204,604.1,26,1,0.6968018553059458
1205,777.7000000000002,28,1,0.6965928147493541
1206,426.6999999999997,44,1,0.6963838369049293
1207,484.89999999999975,42,1,0.6961749217538579
1208,810.5,20,1,0.6959660692773317
1209,775.1,15,1,0.6957572794565485
1210,634.1,26,1,0.6955485522727116
1211,783.3000000000001,12,1,0.6953398877070298
1212,361.09999999999945,59,1,0.6951312857407177
1213,438.5,46,1,0.6949227463549955
1214,657.7,29,1,0.6947142695310891
1215,767.7,29,1,0.6945058552502298
1216,555.6999999999998,51,1,0.6942975034936547
1217,809.5000000000001,29,1,0.6940892142426066
1218,776.9000000000001,17,1,0.6938809874783338
1219,751.3000000000001,33,1,0.6936728231820903
1220,674.8999999999999,37,1,0.6934647213351357
1221,386.4999999999992,60,1,0.6932566819187352
1222,432.0999999999998,48,1,0.6930487049141596
1223,925.1,12,1,0.6928407903026854
1224,775.9000000000001,26,1,0.6926329380655947
1225,926.9,14,1,0.692425148184175
1226,806.9000000000001,16,1,0.6922174206397198
1227,828.7,18,1,0.6920097554135279
1228,601.2999999999997,35,1,0.6918021524869039
1229,646.6999999999998,42,1,0.6915946118411579
1230,871.3000000000001,31,1,0.6913871334576056
1231,890.5,18,1,0.6911797173175683
1232,495.8999999999996,32,1,0.6909723634023731
1233,975.1,11,1,0.6907650716933524
1234,749.5000000000001,30,1,0.6905578421718445
1235,724.1,24,1,0.6903506748191929
1236,606.8999999999999,20,1,0.6901435696167472
1237,660.2999999999997,41,1,0.6899365265458621
1238,925.1,12,1,0.6897295455878983
1239,832.3,21,1,0.689522626724222
1240,349.29999999999916,59,1,0.6893157699362048
1241,160.89999999999964,37,1,0.689108975205224
1242,766.7,37,1,0.6889022425126624
1243,628.6999999999998,21,1,0.6886955718399086
1244,-101.10000000000036,60,1,0.6884889631683566
1245,362.2999999999996,31,1,0.6882824164794061
1246,-12.70000000000016,82,1,0.6880759317544624
1247,875.1,13,1,0.687869508974936
1248,976.9,13,1,0.6876631481222436
1249,533.0999999999997,35,1,0.6874568491778069
1250,271.89999999999975,72,1,0.6872506121230536
1251,1025.1,10,1,0.6870444369394167
1252,715.0999999999999,15,1,0.686838323608335
1253,598.4999999999994,41,1,0.6866322721112524
1254,37.499999999999545,60,1,0.6864262824296191
1255,862.3000000000001,21,1,0.6862203545448903
1256,1028.7,14,1,0.6860144884385269
1257,895.9000000000001,24,1,0.6858086840919954
1258,823.1000000000001,33,1,0.6856029414867678
1259,765.9000000000001,24,1,0.6853972606043218
1260,803.3000000000001,12,1,0.6851916414261405
1261,840.5,19,1,0.6849860839337127
1262,619.5,34,1,0.6847805881085326
1263,1010.5,16,1,0.6845751539321001
1264,272.09999999999945,51,1,0.6843697813859205
1265,874.1000000000001,22,1,0.6841644704515047
1266,660.4999999999998,22,1,0.6839592211103693
1267,797.7,28,1,0.6837540333440363
1268,720.0999999999999,16,1,0.683548907134033
1269,873.3,11,1,0.6833438424618928
1270,784.1,22,1,0.6831388393091543
1271,734.1,26,1,0.6829338976573616
1272,928.7,16,1,0.6827290174880644
1273,356.6999999999996,45,1,0.682524198782818
1274,625.0999999999999,18,1,0.6823194415231831
1275,583.0999999999997,38,1,0.6821147456907262
1276,648.6999999999999,20,1,0.681910111267019
1277,503.0999999999997,38,1,0.6817055382336389
1278,679.1,26,1,0.6815010265721688
1279,912.3000000000001,20,1,0.6812965762641972
1280,798.5000000000001,39,1,0.6810921872913179
1281,288.4999999999992,47,1,0.6808878596351305
1282,740.4999999999999,21,1,0.68068359327724
1283,930.5,18,1,0.6804793881992569
1284,875.1,13,1,0.6802752443827972
1285,381.0999999999998,58,1,0.6800711618094823
1286,976.9,13,1,0.6798671404609395
1287,880.5000000000001,19,1,0.6796631803188012
1288,888.7,16,1,0.6794592813647056
1289,826.9000000000001,16,1,0.6792554435802962
1290,643.1,34,1,0.6790516669472222
1291,226.49999999999932,68,1,0.678847951447138
1292,679.5000000000001,32,1,0.6786442970617039
1293,625.6999999999995,49,1,0.6784407037725855
1294,975.1,11,1,0.6782371715614537
1295,1003.3,8,1,0.6780337004099852
1296,622.6999999999998,31,1,0.6778302902998623
1297,910.5,18,1,0.6776269412127723
1298,775.1,15,1,0.6774236531304085
1299,645.8999999999999,29,1,0.6772204260344694
1300,786.9000000000001,16,1,0.6770172599066591
1301,383.8999999999995,53,1,0.6768141547286871
1302,662.2999999999997,25,1,0.6766111104822685
1303,926.9000000000001,14,1,0.6764081271491239
1304,111.29999999999961,41,1,0.6762052047109792
1305,762.3000000000001,23,1,0.676002343149566
1306,789.5000000000001,30,1,0.6757995424466211
1307,819.5,28,1,0.6755968025838871
1308,789.5000000000001,30,1,0.675394123543112
1309,379.8999999999992,88,1,0.6751915053060491
1310,690.4999999999999,22,1,0.6749889478544573
1311,805.9000000000001,25,1,0.6747864511701009
1312,860.5,19,1,0.67458401523475
1313,250.2999999999994,49,1,0.6743816400301795
1314,875.1,13,1,0.6741793255381705
1315,502.0999999999998,47,1,0.673977071740509
1316,832.3000000000001,22,1,0.6737748786189869
1317,862.3000000000001,20,1,0.6735727461554012
1318,923.3,10,1,0.6733706743315546
1319,835.1,13,1,0.6731686631292552
1320,565.8999999999995,27,1,0.6729667125303164
1321,953.3,9,1,0.6727648225165573
1322,809.5,29,1,0.6725629930698024
1323,827.7,26,1,0.6723612241718815
1324,687.7,30,1,0.67215951580463
1325,724.8999999999997,35,1,0.6719578679498885
1326,238.49999999999955,48,1,0.6717562805895037
1327,728.7,20,1,0.6715547537053268
1328,826.9000000000001,16,1,0.6713532872792152
1329,1023.3,8,1,0.6711518812930314
1330,935.1,11,1,0.6709505357286435
1331,692.3000000000001,24,1,0.6707492505679249
1332,790.5,20,1,0.6705480257927545
1333,657.6999999999998,29,1,0.6703468613850168
1334,923.3000000000001,10,1,0.6701457573266013
1335,377.49999999999955,52,1,0.6699447135994033
1336,925.1,12,1,0.6697437301853235
1337,694.9000000000001,36,1,0.6695428070662679
1338,925.1,12,1,0.669341944224148
1339,926.9,14,1,0.6691411416408808
1340,534.0999999999997,28,1,0.6689403992983886
1341,728.6999999999999,20,1,0.668739717178599
1342,962.3,19,1,0.6685390952634455
1343,758.7,19,1,0.6683385335348665
1344,956.9,13,1,0.668138031974806
1345,864.1,23,1,0.6679375905652136
1346,178.29999999999927,68,1,0.667737209288044
1347,975.1,11,1,0.6675368881252577
1348,762.3000000000001,20,1,0.6673366270588201
1349,906.9,14,1,0.6671364260707026
1350,609.2999999999997,55,1,0.6669362851428814
1351,864.1000000000001,22,1,0.6667362042573386
1352,654.8999999999999,38,1,0.6665361833960615
1353,1026.9,12,1,0.6663362225410426
1354,635.8999999999999,26,1,0.6661363216742804
1355,834.1000000000001,24,1,0.6659364807777781
1356,347.6999999999998,35,1,0.6657366998335448
1357,815.9000000000001,26,1,0.6655369788235947
1358,790.5,20,1,0.6653373177299476
1359,953.3,9,1,0.6651377165346287
1360,533.0999999999995,38,1,0.6649381752196684
1361,780.5000000000001,21,1,0.6647386937671025
1362,973.3,9,1,0.6645392721589723
1363,876.9000000000001,15,1,0.6643399103773246
1364,808.5000000000001,39,1,0.6641406084042115
1365,975.1,11,1,0.6639413662216903
1366,712.1,43,1,0.6637421838118238
1367,1026.9,12,1,0.6635430611566803
1368,660.4999999999999,23,1,0.6633439982383332
1369,744.1,25,1,0.6631449950388617
1370,717.6999999999998,30,1,0.66294605154035
1371,928.7,16,1,0.662747167724888
1372,587.6999999999997,30,1,0.6625483435745705
1373,458.49999999999966,45,1,0.6623495790714982
1374,976.9,13,1,0.6621508741977767
1375,815.1,13,1,0.6619522289355174
1376,797.7000000000002,28,1,0.6617536432668368
1377,660.5,22,1,0.6615551171738568
1378,1008.7,14,1,0.6613566506387047
1379,768.5000000000001,39,1,0.6611582436435132
1380,663.9000000000001,47,1,0.6609598961704202
1381,246.69999999999936,46,1,0.660761608201569
1382,873.3,11,1,0.6605633797191086
1383,320.2999999999995,49,1,0.6603652107051929
1384,886.9,14,1,0.6601671011419814
1385,928.7,16,1,0.6599690510116388
1386,206.49999999999898,65,1,0.6597710602963354
1387,557.6999999999995,32,1,0.6595731289782465
1388,824.1,23,1,0.659375257039553
1389,921.3000000000001,30,1,0.6591774444624412
1390,775.1,15,1,0.6589796912291025
1391,912.3,20,1,0.6587819973217338
1392,975.1,11,1,0.6585843627225373
1393,742.3,23,1,0.6583867874137206
1394,928.7,16,1,0.6581892713774965
1395,747.6999999999997,29,1,0.6579918145960832
1396,694.0999999999999,24,1,0.6577944170517045
1397,742.3,23,1,0.657597078726589
1398,978.7,15,1,0.657399799602971
1399,277.4999999999992,58,1,0.6572025796630901
1400,855.1,13,1,0.6570054188891913
1401,552.0999999999997,47,1,0.6568083172635245
1402,636.6999999999998,41,1,0.6566112747683455
1403,740.5,21,1,0.656414291385915
1404,853.3,11,1,0.6562173670984992
1405,740.4999999999998,21,1,0.6560205018883697
1406,726.9000000000001,18,1,0.6558236957378032
1407,975.1,11,1,0.6556269486290819
1408,826.9000000000001,16,1,0.6554302605444932
1409,772.3000000000001,22,1,0.6552336314663298
1410,793.1000000000001,33,1,0.65503706137689
1411,565.8999999999999,31,1,0.654840550258477
1412,1025.1,10,1,0.6546440980933994
1413,447.6999999999995,35,1,0.6544477048639714
1414,926.9000000000001,14,1,0.6542513705525123
1415,908.7,16,1,0.6540550951413465
1416,821.3000000000001,31,1,0.6538588786128041
1417,858.7,17,1,0.6536627209492203
1418,878.7,17,1,0.6534666221329355
1419,773.1000000000001,35,1,0.6532705821462956
1420,964.1,21,1,0.6530746009716517
1421,880.5,18,1,0.6528786785913603
1422,487.49999999999966,56,1,0.6526828149877829
1423,860.5,18,1,0.6524870101432866
1424,949.5,27,1,0.6522912640402436
1425,776.7,36,1,0.6520955766610316
1426,967.6999999999999,25,1,0.6518999479880333
1427,838.7,17,1,0.6517043780036369
1428,787.7000000000002,28,1,0.6515088666902358
1429,834.1000000000001,24,1,0.6513134140302287
1430,858.7,16,1,0.6511180200060196
1431,825.1,14,1,0.6509226846000178
1432,650.4999999999998,22,1,0.6507274077946378
1433,775.1,15,1,0.6505321895722994
1434,925.1,12,1,0.6503370299154277
1435,934.1,22,1,0.6501419288064532
1436,756.7,36,1,0.6499468862278113
1437,537.4999999999995,53,1,0.6497519021619429
1438,623.8999999999999,47,1,0.6495569765912943
1439,647.6999999999997,29,1,0.649362109498317
1440,700.5,21,1,0.6491673008654675
1441,554.8999999999997,38,1,0.6489725506752079
1442,445.6999999999996,51,1,0.6487778589100053
1443,776.9000000000001,17,1,0.6485832255523323
1444,705.4999999999998,21,1,0.6483886505846665
1445,731.3000000000002,32,1,0.6481941339894912
1446,945.9,23,1,0.6479996757492944
1447,1028.7,14,1,0.6478052758465697
1448,411.0999999999991,56,1,0.6476109342638157
1449,143.8999999999994,55,1,0.6474166509835365
1450,484.8999999999993,42,1,0.6472224259882414
1451,925.1,12,1,0.6470282592604449
1452,1012.3,18,1,0.6468341507826668
1453,83.6999999999988,76,1,0.646640100537432
1454,867.7,27,1,0.6464461085072708
1455,828.7,18,1,0.6462521746747186
1456,739.5,31,1,0.6460582990223163
1457,973.3,9,1,0.6458644815326096
1458,745.9000000000001,27,1,0.6456707221881498
1459,819.5000000000001,29,1,0.6454770209714934
1460,488.49999999999943,44,1,0.645283377865202
1461,766.7,37,1,0.6450897928518424
1462,967.6999999999999,24,1,0.6448962659139869
1463,732.3000000000001,24,1,0.6447027970342126
1464,-247.09999999999923,69,1,0.6445093861951023
1465,502.0999999999998,48,1,0.6443160333792438
1466,982.3,19,1,0.6441227385692301
1467,976.9,13,1,0.6439295017476593
1468,682.0999999999999,44,1,0.643736322897135
1469,-533.899999999999,73,1,0.6435432020002659
1470,758.7,18,1,0.6433501390396659
1471,881.3000000000001,30,1,0.643157133997954
1472,412.0999999999997,46,1,0.6429641868577547
1473,873.3,11,1,0.6427712976016974
1474,545.6999999999996,49,1,0.6425784662124169
1475,851.3,31,1,0.6423856926725532
1476,728.7,20,1,0.6421929769647514
1477,940.3000000000001,39,1,0.642000319071662
1478,784.9000000000002,36,1,0.6418077189759405
1479,785.1,14,1,0.6416151766602477
1480,566.6999999999998,39,1,0.6414226921072497
1481,817.7,28,1,0.6412302652996175
1482,821.3000000000001,30,1,0.6410378962200276
1483,443.89999999999964,51,1,0.6408455848511616
1484,844.1,22,1,0.6406533311757063
1485,932.3000000000001,20,1,0.6404611351763536
1486,823.1000000000001,31,1,0.6402689968358007
1487,490.2999999999994,45,1,0.64007691613675
1488,749.5,30,1,0.639884893061909
1489,862.3,21,1,0.6396929275939904
1490,747.7000000000002,29,1,0.6395010197157123
1491,550.2999999999998,46,1,0.6393091694097975
1492,860.5,18,1,0.6391173766589746
1493,1006.9,12,1,0.638925641445977
1494,953.3,9,1,0.6387339637535432
1495,688.7,20,1,0.6385423435644172
1496,610.8999999999996,28,1,0.6383507808613479
1497,828.7,18,1,0.6381592756270895
1498,810.5000000000001,19,1,0.6379678278444014
1499,693.0999999999999,35,1,0.6377764374960482
1500,733.9000000000001,47,1,0.6375851045647993
1501,664.1,25,1,0.6373938290334299
1502,873.3,11,1,0.6372026108847199
1503,792.3000000000001,21,1,0.6370114501014544
1504,415.89999999999975,30,1,0.6368203466664241
1505,760.5000000000001,21,1,0.6366293005624242
1506,513.0999999999997,39,1,0.6364383117722555
1507,899.5,28,1,0.6362473802787239
1508,876.9000000000001,15,1,0.6360565060646403
1509,975.1,11,1,0.6358656891128209
1510,583.0999999999999,36,1,0.635674929406087
1511,995.9,22,1,0.6354842269272652
1512,810.5,19,1,0.6352935816591871
1513,481.0999999999991,58,1,0.6351029935846894
1514,878.7,17,1,0.6349124626866139
1515,932.3000000000001,20,1,0.634721988947808
1516,694.0999999999999,23,1,0.6345315723511237
1517,978.7,15,1,0.6343412128794184
1518,908.7,16,1,0.6341509105155545
1519,471.8999999999994,71,1,0.6339606652423998
1520,975.9,22,1,0.6337704770428271
1521,1028.7,14,1,0.6335803458997142
1522,428.2999999999993,67,1,0.6333902717959443
1523,834.1000000000001,24,1,0.6332002547144056
1524,735.8999999999999,28,1,0.6330102946379913
1525,912.3000000000001,20,1,0.6328203915495999
1526,309.89999999999884,91,1,0.632630545432135
1527,717.6999999999998,28,1,0.6324407562685054
1528,808.7,18,1,0.6322510240416248
1529,30.499999999999204,80,1,0.6320613487344123
1530,583.9000000000001,47,1,0.631871730329792
1531,1023.3,8,1,0.6316821688106932
1532,973.3,9,1,0.63149266416005
1533,935.1,11,1,0.631303216360802
1534,892.3000000000001,20,1,0.6311138253958938
1535,610.5,23,1,0.630924491248275
1536,926.9,14,1,0.6307352139009005
1537,417.6999999999996,34,1,0.6305459933367302
1538,647.7,31,1,0.6303568295387292
1539,637.2999999999998,24,1,0.6301677224898676
1540,798.7,18,1,0.6299786721731206
1541,629.5,33,1,0.6297896785714687
1542,910.5,18,1,0.6296007416678973
1543,680.3000000000002,42,1,0.629411861445397
1544,749.5,30,1,0.6292230378869633
1545,842.3000000000001,20,1,0.6290342709755973
1546,907.7,25,1,0.6288455606943046
1547,908.7,16,1,0.6286569070260963
1548,925.1,12,1,0.6284683099539885
1549,628.6999999999998,21,1,0.6282797694610023
1550,805.9000000000001,25,1,0.628091285530164
1551,749.5000000000001,31,1,0.627902858144505
1552,708.6999999999998,20,1,0.6277144872870617
1553,510.89999999999975,32,1,0.6275261729408756
1554,792.3,22,1,0.6273379150889934
1555,610.5000000000001,24,1,0.6271497137144667
1556,540.0999999999999,18,1,0.6269615688003524
1557,715.9000000000001,27,1,0.6267734803297123
1558,193.09999999999957,42,1,0.6265854482856134
1559,562.3,25,1,0.6263974726511277
1560,807.3000000000001,21,1,0.6262095534093324
1561,862.3,20,1,0.6260216905433096
1562,454.8999999999995,43,1,0.6258338840361466
1563,828.7,18,1,0.6256461338709358
1564,789.5000000000001,31,1,0.6254584400307746
1565,973.3,9,1,0.6252708024987653
1566,785.9000000000001,25,1,0.6250832212580157
1567,1032.3,18,1,0.6248956962916383
1568,565.8999999999997,31,1,0.6247082275827509
1569,875.1,13,1,0.6245208151144761
1570,792.3000000000001,21,1,0.6243334588699417
1571,730.4999999999998,22,1,0.6241461588322808
1572,1025.1,10,1,0.6239589149846311
1573,802.3000000000001,21,1,0.6237717273101357
1574,665.8999999999996,29,1,0.6235845957919427
1575,489.4999999999998,33,1,0.6233975204132052
1576,910.5,17,1,0.6232105011570812
1577,649.4999999999997,32,1,0.6230235380067342
1578,1026.9,12,1,0.6228366309453321
1579,980.5,17,1,0.6226497799560485
1580,875.1,13,1,0.6224629850220618
1581,79.099999999999,78,1,0.6222762461265552
1582,910.5,18,1,0.6220895632527172
1583,801.3000000000001,32,1,0.6219029363837415
1584,590.4999999999999,24,1,0.6217163655028264
1585,806.9000000000001,16,1,0.6215298505931756
1586,975.1,11,1,0.6213433916379977
1587,888.7,16,1,0.6211569886205063
1588,836.9000000000001,15,1,0.6209706415239201
1589,634.0999999999999,24,1,0.620784350331463
1590,760.5000000000001,21,1,0.6205981150263635
1591,903.3,10,1,0.6204119355918556
1592,712.2999999999997,23,1,0.6202258120111781
1593,923.3,10,1,0.6200397442675748
1594,777.7000000000002,28,1,0.6198537323442945
1595,630.4999999999999,23,1,0.6196677762245912
1596,860.5,19,1,0.6194818758917239
1597,872.3000000000001,18,1,0.6192960313289564
1598,801.3000000000001,30,1,0.6191102425195577
1599,966.9,12,1,0.6189245094468019
1600,932.3,20,1,0.6187388320939678
1601,985.9,23,1,0.6185532104443396
1602,975.1,11,1,0.6183676444812064
1603,825.1,14,1,0.618182134187862
1604,785.1,14,1,0.6179966795476057
1605,975.1,11,1,0.6178112805437415
1606,885.1,12,1,0.6176259371595784
1607,934.1,21,1,0.6174406493784305
1608,1025.1,10,1,0.617255417183617
1609,1005.1,10,1,0.6170702405584619
1610,676.9,19,1,0.6168851194862944
1611,445.89999999999975,31,1,0.6167000539504486
1612,897.7,26,1,0.6165150439342635
1613,858.7,17,1,0.6163300894210832
1614,928.7,16,1,0.616145190394257
1615,1026.9,12,1,0.6159603468371387
1616,912.3,20,1,0.6157755587330876
1617,533.0999999999997,34,1,0.6155908260654678
1618,878.7,17,1,0.6154061488176482
1619,842.3,21,1,0.6152215269730029
1620,733.1000000000001,33,1,0.6150369605149111
1621,939.5,26,1,0.6148524494267567
1622,575.8999999999995,30,1,0.6146679936919286
1623,925.1,12,1,0.6144835932938211
1624,978.7,15,1,0.6142992482158329
1625,975.1,11,1,0.6141149584413682
1626,886.9000000000001,14,1,0.6139307239538359
1627,603.0999999999997,38,1,0.6137465447366497
1628,925.1,12,1,0.6135624207732288
1629,1003.3,8,1,0.6133783520469968
1630,910.5,18,1,0.6131943385413827
1631,930.5,17,1,0.6130103802398204
1632,682.2999999999997,24,1,0.6128264771257484
1633,521.3,38,1,0.6126426291826107
1634,862.3000000000001,21,1,0.6124588363938559
1635,980.5,17,1,0.6122750987429377
1636,830.5000000000001,20,1,0.6120914162133149
1637,812.3000000000001,22,1,0.6119077887884509
1638,774.9,35,1,0.6117242164518144
1639,878.7,17,1,0.6115406991868789
1640,880.5,19,1,0.6113572369771229
1641,973.3,9,1,0.6111738298060297
1642,609.4999999999997,33,1,0.6109904776570879
1643,865.9000000000001,24,1,0.6108071805137908
1644,1010.5,16,1,0.6106239383596367
1645,470.2999999999995,46,1,0.6104407511781288
1646,975.1,11,1,0.6102576189527754
1647,834.1,22,1,0.6100745416670896
1648,976.9,13,1,0.6098915193045895
1649,875.1,13,1,0.6097085518487981
1650,758.7,19,1,0.6095256392832435
1651,710.5,22,1,0.6093427815914586
1652,808.7,18,1,0.6091599787569811
1653,960.5,17,1,0.6089772307633541
1654,910.5,18,1,0.608794537594125
1655,447.6999999999997,35,1,0.6086118992328469
1656,725.0999999999999,16,1,0.608429315663077
1657,908.7,16,1,0.6082467868683781
1658,797.7,27,1,0.6080643128323175
1659,782.3000000000001,23,1,0.6078818935384679
1660,692.3,24,1,0.6076995289704064
1661,782.3,23,1,0.6075172191117153
1662,876.9000000000001,15,1,0.6073349639459819
1663,551.0999999999997,57,1,0.607152763456798
1664,976.9,13,1,0.606970617627761
1665,814.1000000000001,24,1,0.6067885264424727
1666,830.5000000000001,20,1,0.60660648988454
1667,712.3000000000001,24,1,0.6064245079375746
1668,830.5,20,1,0.6062425805851934
1669,775.1,15,1,0.6060607078110178
1670,930.5000000000001,18,1,0.6058788895986745
1671,765.9000000000001,27,1,0.6056971259317949
1672,840.5,19,1,0.6055154167940154
1673,483.8999999999993,48,1,0.6053337621689773
1674,738.5000000000001,40,1,0.6051521620403266
1675,892.3000000000001,20,1,0.6049706163917146
1676,972.3,18,1,0.6047891252067971
1677,875.1,13,1,0.6046076884692351
1678,883.3000000000001,10,1,0.6044263061626943
1679,641.2999999999997,34,1,0.6042449782708456
1680,980.5,17,1,0.6040637047773644
1681,612.3,25,1,0.6038824856659312
1682,926.9,14,1,0.6037013209202314
1683,882.3000000000001,21,1,0.6035202105239554
1684,1032.3,18,1,0.6033391544607982
1685,808.7,18,1,0.60315815271446
1686,1008.7,14,1,0.6029772052686457
1687,864.1,22,1,0.6027963121070652
1688,926.9000000000001,14,1,0.6026154732134331
1689,751.3,31,1,0.6024346885714691
1690,642.3,25,1,0.6022539581648977
1691,822.3000000000001,21,1,0.6020732819774482
1692,835.1,13,1,0.601892659992855
1693,897.7,26,1,0.6017120921948572
1694,972.3,18,1,0.6015315785671987
1695,708.6999999999998,20,1,0.6013511190936286
1696,825.9000000000001,23,1,0.6011707137579005
1697,747.5,50,1,0.6009903625437731
1698,628.6999999999998,22,1,0.60081006543501
1699,569.3000000000001,56,1,0.6006298224153795
1700,1025.1,10,1,0.600449633468655
1701,938.7,15,1,0.6002694985786144
1702,823.1000000000001,34,1,0.6000894177290409
1703,876.9000000000001,15,1,0.5999093909037222
1704,976.9,13,1,0.5997294180864511
1705,456.69999999999925,44,1,0.5995494992610252
1706,928.7,16,1,0.5993696344112469
1707,976.9,13,1,0.5991898235209235
1708,559.5,32,1,0.5990100665738672
1709,713.9000000000002,46,1,0.5988303635538951
1710,923.3,10,1,0.598650714444829
1711,1023.3,8,1,0.5984711192304956
1712,621.8999999999993,69,1,0.5982915778947264
1713,932.3000000000001,20,1,0.598112090421358
1714,1025.1,10,1,0.5979326567942317
1715,886.9000000000001,14,1,0.5977532769971934
1716,844.1000000000001,23,1,0.5975739510140943
1717,835.9000000000001,26,1,0.59739467882879
1718,825.1,14,1,0.5972154604251414
1719,720.2999999999998,42,1,0.5970362957870139
1720,983.3,8,1,0.5968571848982778
1721,785.1,14,1,0.5966781277428083
1722,659.5,29,1,0.5964991243044855
1723,962.3,19,1,0.5963201745671941
1724,926.9,14,1,0.596141278514824
1725,926.9,14,1,0.5959624361312695
1726,1006.9,12,1,0.5957836474004302
1727,879.5,28,1,0.5956049123062102
1728,976.9,13,1,0.5954262308325183
1729,675.9000000000001,27,1,0.5952476029632686
1730,712.3,23,1,0.5950690286823797
1731,583.0999999999995,36,1,0.594890507973775
1732,706.8999999999999,18,1,0.5947120408213828
1733,935.1,11,1,0.5945336272091365
1734,681.2999999999998,32,1,0.5943552671209738
1735,803.3000000000001,12,1,0.5941769605408375
1736,872.3000000000001,20,1,0.5939987074526752
1737,912.3,20,1,0.5938205078404395
1738,761.3000000000001,32,1,0.5936423616880874
1739,912.3000000000001,20,1,0.5934642689795809
1740,740.5,21,1,0.5932862296988871
1741,738.7,17,1,0.5931082438299775
1742,928.7,16,1,0.5929303113568285
1743,758.7,19,1,0.5927524322634214
1744,705.8999999999999,25,1,0.5925746065337424
1745,884.1,21,1,0.5923968341517822
1746,989.5,27,1,0.5922191151015367
1747,783.1000000000001,34,1,0.5920414493670062
1748,625.8999999999997,28,1,0.5918638369321961
1749,645.9,29,1,0.5916862777811165
1750,1025.1,10,1,0.5915087718977822
1751,958.7,15,1,0.5913313192662129
1752,1026.9,12,1,0.591153919870433
1753,801.3000000000001,31,1,0.5909765736944719
1754,875.1,13,1,0.5907992807223635
1755,857.7000000000002,26,1,0.5906220409381469
1756,812.3000000000001,21,1,0.5904448543258655
1757,805.1,14,1,0.5902677208695677
1758,926.9000000000001,14,1,0.5900906405533068
1759,978.7,15,1,0.5899136133611409
1760,704.9000000000001,37,1,0.5897366392771326
1761,688.7,20,1,0.5895597182853495
1762,864.1,22,1,0.5893828503698639
1763,912.3000000000001,19,1,0.589206035514753
1764,764.1000000000001,25,1,0.5890292737040986
1765,894.1,22,1,0.5888525649219875
1766,656.6999999999998,40,1,0.5886759091525109
1767,840.5,19,1,0.5884993063797651
1768,1023.3,8,1,0.5883227565878512
1769,894.1,22,1,0.5881462597608749
1770,815.9000000000001,26,1,0.5879698158829466
1771,870.5,18,1,0.5877934249381818
1772,928.7,16,1,0.5876170869107004
1773,1028.7,14,1,0.5874408017846272
1774,837.7000000000002,28,1,0.5872645695440918
1775,1025.1,10,1,0.5870883901732286
1776,751.2999999999997,33,1,0.5869122636561767
1777,973.3,9,1,0.5867361899770798
1778,975.1,11,1,0.5865601691200867
1779,776.9000000000001,17,1,0.5863842010693506
1780,723.3000000000001,14,1,0.5862082858090298
1781,422.8999999999994,61,1,0.5860324233232872
1782,858.7,16,1,0.5858566135962903
1783,877.7,26,1,0.5856808566122114
1784,845.9000000000001,25,1,0.5855051523552277
1785,826.9000000000001,16,1,0.5853295008095212
1786,921.3000000000001,30,1,0.5851539019592783
1787,745.9,26,1,0.5849783557886905
1788,773.3000000000001,13,1,0.5848028622819539
1789,514.0999999999998,27,1,0.5846274214232693
1790,805.9000000000001,25,1,0.5844520331968424
1791,975.1,11,1,0.5842766975868833
1792,699.5,30,1,0.5841014145776072
1793,919.5,27,1,0.5839261841532339
1794,436.6999999999995,42,1,0.583751006297988
1795,975.1,11,1,0.5835758809960987
1796,568.4999999999995,43,1,0.5834008082317999
1797,844.1,23,1,0.5832257879893303
1798,1030.5,16,1,0.5830508202529335
1799,903.3000000000001,10,1,0.5828759050068577
1800,923.3000000000001,10,1,0.5827010422353557
1801,760.5000000000001,20,1,0.582526231922685
1802,976.9,13,1,0.5823514740531083
1803,804.9000000000002,35,1,0.5821767686108924
1804,792.3000000000001,21,1,0.5820021155803091
1805,953.3,9,1,0.581827514945635
1806,868.7,15,1,0.5816529666911513
1807,841.3000000000002,32,1,0.581478470801144
1808,914.1,22,1,0.5813040272599037
1809,304.6999999999996,66,1,0.5811296360517257
1810,599.4999999999998,32,1,0.5809552971609102
1811,978.6999999999999,15,1,0.5807810105717619
1812,852.1000000000001,42,1,0.5806067762685904
1813,1015.9,22,1,0.5804325942357098
1814,982.3,19,1,0.5802584644574391
1815,576.6999999999996,41,1,0.5800843869181019
1816,725.1,16,1,0.5799103616020265
1817,717.6999999999996,30,1,0.5797363884935459
1818,964.1,21,1,0.5795624675769979
1819,1026.9,12,1,0.5793885988367249
1820,917.7,26,1,0.5792147822570739
1821,780.5,21,1,0.5790410178223968
1822,830.5000000000001,20,1,0.5788673055170501
1823,885.9,23,1,0.578693645325395
1824,926.9000000000001,14,1,0.5785200372317975
1825,904.1,20,1,0.5783464812206279
1826,107.69999999999948,42,1,0.5781729772762617
1827,940.5,17,1,0.5779995253830789
1828,501.2999999999996,37,1,0.577826125525464
1829,728.7,20,1,0.5776527776878063
1830,926.9000000000001,14,1,0.5774794818545
1831,1025.1,10,1,0.5773062380099437
1832,945.9,23,1,0.5771330461385408
1833,926.9,14,1,0.5769599062246993
1834,923.3,10,1,0.5767868182528318
1835,688.7,20,1,0.576613782207356
1836,883.3,10,1,0.5764407980726939
1837,735.7,46,1,0.576267865833272
1838,751.3000000000002,32,1,0.5760949854735221
1839,760.5,20,1,0.5759221569778801
1840,933.3,9,1,0.5757493803307867
1841,937.7,26,1,0.5755766555166875
1842,885.9000000000001,25,1,0.5754039825200324
1843,875.1,13,1,0.5752313613252764
1844,722.3,23,1,0.5750587919168788
1845,960.5,17,1,0.5748862742793037
1846,925.1,12,1,0.5747138083970199
1847,539.4999999999994,34,1,0.5745413942545008
1848,704.9000000000001,37,1,0.5743690318362245
1849,985.1,10,1,0.5741967211266736
1850,958.7,15,1,0.5740244621103356
1851,1005.1,10,1,0.5738522547717025
1852,1003.3,8,1,0.5736800990952711
1853,956.9,13,1,0.5735079950655425
1854,762.3000000000001,22,1,0.5733359426670228
1855,553.8999999999994,47,1,0.5731639418842227
1856,825.1,14,1,0.5729919927016575
1857,897.7,26,1,0.572820095103847
1858,693.1000000000001,35,1,0.5726482490753159
1859,1032.3,18,1,0.5724764546005933
1860,923.3,10,1,0.5723047116642132
1861,759.5000000000001,30,1,0.5721330202507139
1862,832.3000000000001,22,1,0.5719613803446387
1863,973.3,9,1,0.5717897919305354
1864,925.1,12,1,0.5716182549929563
1865,973.1,31,1,0.5714467695164583
1866,875.9000000000001,24,1,0.5712753354856034
1867,710.4999999999998,21,1,0.5711039528849577
1868,840.5000000000001,19,1,0.5709326216990923
1869,878.7,17,1,0.5707613419125827
1870,875.1,13,1,0.5705901135100089
1871,986.9,12,1,0.5704189364759559
1872,818.5000000000002,38,1,0.5702478107950131
1873,701.3,34,1,0.5700767364517746
1874,703.1,34,1,0.5699057134308391
1875,660.5,22,1,0.5697347417168098
1876,928.7,16,1,0.5695638212942948
1877,926.9,14,1,0.5693929521479065
1878,883.3,10,1,0.5692221342622622
1879,888.7,16,1,0.5690513676219835
1880,1003.3,8,1,0.5688806522116969
1881,614.8999999999999,34,1,0.5687099880160335
1882,826.9000000000001,16,1,0.5685393750196287
1883,978.7,15,1,0.5683688132071228
1884,860.5,19,1,0.5681983025631607
1885,643.0999999999999,35,1,0.5680278430723918
1886,565.8999999999996,30,1,0.5678574347194701
1887,976.9,13,1,0.5676870774890543
1888,1006.9,12,1,0.5675167713658077
1889,798.7,17,1,0.5673465163343979
1890,782.3000000000001,22,1,0.5671763123794976
1891,908.7,16,1,0.5670061594857838
1892,880.5,19,1,0.5668360576379381
1893,906.9000000000001,14,1,0.5666660068206467
1894,820.5,19,1,0.5664960070186006
1895,1023.3,8,1,0.5663260582164951
1896,808.7,18,1,0.5661561603990302
1897,976.9,13,1,0.5659863135509104
1898,926.9000000000001,14,1,0.5658165176568452
1899,830.5000000000001,20,1,0.5656467727015482
1900,894.1,22,1,0.5654770786697377
1901,1026.9,12,1,0.5653074355461368
1902,1010.5,16,1,0.565137843315473
1903,875.1,13,1,0.5649683019624784
1904,864.1,21,1,0.5647988114718897
1905,745.9000000000001,27,1,0.5646293718284482
1906,926.9,14,1,0.5644599830168997
1907,906.9,14,1,0.5642906450219947
1908,852.3000000000001,20,1,0.564121357828488
1909,804.1,23,1,0.5639521214211395
1910,975.1,11,1,0.5637829357847132
1911,960.5,16,1,0.5636138009039777
1912,912.3000000000001,20,1,0.5634447167637066
1913,925.1,12,1,0.5632756833486775
1914,1026.9,12,1,0.563106700643673
1915,812.3000000000001,22,1,0.5629377686334799
1916,1028.7,14,1,0.5627688873028899
1917,838.7,17,1,0.562600056636699
1918,297.0999999999999,50,1,0.562431276619708
1919,518.5,43,1,0.5622625472367222
1920,1037.7,24,1,0.5620938684725512
1921,928.7,16,1,0.5619252403120094
1922,976.9,13,1,0.5617566627399159
1923,421.0999999999999,54,1,0.5615881357410939
1924,764.9000000000001,35,1,0.5614196593003716
1925,440.69999999999936,52,1,0.5612512334025815
1926,388.2999999999996,64,1,0.5610828580325607
1927,1028.7,14,1,0.560914533175151
1928,802.3000000000001,21,1,0.5607462588151986
1929,926.9000000000001,14,1,0.560578034937554
1930,962.3,19,1,0.5604098615270727
1931,889.5,27,1,0.5602417385686146
1932,1003.3,8,1,0.560073666047044
1933,935.1,11,1,0.5599056439472299
1934,906.9,12,1,0.5597376722540457
1935,764.1000000000001,23,1,0.5595697509523695
1936,973.3,9,1,0.5594018800270838
1937,965.9,23,1,0.5592340594630757
1938,191.2999999999995,42,1,0.5590662892452368
1939,880.5,18,1,0.5588985693584633
1940,875.1,13,1,0.5587308997876558
1941,936.9,13,1,0.5585632805177195
1942,945.1,10,1,0.5583957115335643
1943,847.7,26,1,0.5582281928201042
1944,1003.3,8,1,0.5580607243622582
1945,985.1,10,1,0.5578933061449495
1946,678.6999999999998,21,1,0.557725938153106
1947,694.0999999999999,26,1,0.55755862037166
1948,923.3000000000001,10,1,0.5573913527855485
1949,978.7,15,1,0.5572241353797128
1950,838.7,17,1,0.5570569681390989
1951,933.3,9,1,0.5568898510486572
1952,774.1,24,1,0.5567227840933426
1953,1026.9,12,1,0.5565557672581146
1954,697.6999999999999,30,1,0.5563888005279372
1955,825.9000000000001,24,1,0.5562218838877788
1956,962.3,19,1,0.5560550173226125
1957,930.5,18,1,0.5558882008174157
1958,928.7,16,1,0.5557214343571706
1959,822.3,21,1,0.5555547179268635
1960,958.7,15,1,0.5553880515114855
1961,908.7,16,1,0.5552214350960321
1962,694.8999999999999,34,1,0.5550548686655032
1963,657.2999999999997,24,1,0.5548883522049036
1964,734.1,26,1,0.5547218856992422
1965,862.3000000000001,21,1,0.5545554691335325
1966,510.29999999999995,45,1,0.5543891024927925
1967,885.9,25,1,0.5542227857620446
1968,712.3,24,1,0.554056518926316
1969,958.7,15,1,0.5538903019706382
1970,747.7,28,1,0.553724134880047
1971,825.1,14,1,0.553558017639583
1972,925.1,12,1,0.5533919502342911
1973,898.7,15,1,0.5532259326492208
1974,976.9,13,1,0.5530599648694261
1975,926.9000000000001,14,1,0.5528940468799652
1976,762.3000000000001,22,1,0.5527281786659013
1977,894.1,22,1,0.5525623602123015
1978,973.3,9,1,0.5523965915042379
1979,926.9000000000001,14,1,0.5522308725267867
1980,876.9000000000001,15,1,0.5520652032650287
1981,792.3000000000001,22,1,0.5518995837040492
1982,975.1,11,1,0.551734013828938
1983,1026.9,12,1,0.5515684936247894
1984,1025.1,10,1,0.551403023076702
1985,768.7,18,1,0.551237602169779
1986,765.9000000000001,27,1,0.5510722308891282
1987,925.1,12,1,0.5509069092198614
1988,886.9000000000001,14,1,0.5507416371470955
1989,930.5,18,1,0.5505764146559513
1990,875.1,13,1,0.5504112417315545
1991,775.9000000000001,26,1,0.5502461183590351
1992,899.5,28,1,0.5500810445235275
1993,864.1000000000001,23,1,0.5499160202101704
1994,771.3000000000002,32,1,0.5497510454041074
1995,925.1,12,1,0.5495861200904861
1996,803.3,12,1,0.549421244254459
1997,923.3000000000001,10,1,0.5492564178811827
1998,894.1,22,1,0.5490916409558184
1999,764.1000000000001,25,1,0.5489269134635317
2000,973.3,9,1,0.5487622353894926
2001,878.7,17,1,0.5485976067188758
2002,875.1,13,1,0.5484330274368602
2003,915.1,11,1,0.5482684975286292
2004,614.0999999999999,27,1,0.5481040169793706
2005,980.5,17,1,0.5479395857742768
2006,1030.5,16,1,0.5477752038985445
2007,854.9000000000001,33,1,0.547610871337375
2008,808.7,17,1,0.5474465880759738
2009,1012.3,18,1,0.5472823540995511
2010,867.7,27,1,0.5471181693933213
2011,1026.9,12,1,0.5469540339425033
2012,587.6999999999998,30,1,0.5467899477323206
2013,1028.7,14,1,0.5466259107480009
2014,744.1,24,1,0.5464619229747766
2015,975.1,11,1,0.5462979843978841
2016,740.5,21,1,0.5461340950025648
2017,1028.7,14,1,0.545970254774064
2018,973.3,9,1,0.5458064636976319
2019,878.7,17,1,0.5456427217585226
2020,792.3,22,1,0.5454790289419951
2021,769.5000000000001,31,1,0.5453153852333125
2022,926.9000000000001,14,1,0.5451517906177424
2023,1023.3,8,1,0.5449882450805571
2024,835.1,13,1,0.544824748607033
2025,865.9000000000001,24,1,0.5446613011824509
2026,944.1,21,1,0.5444979027920962
2027,853.3,11,1,0.5443345534212586
2028,980.5,17,1,0.5441712530552322
2029,1025.1,10,1,0.5440080016793156
2030,927.7,25,1,0.5438447992788118
2031,858.7,17,1,0.5436816458390281
2032,862.3000000000001,21,1,0.5435185413452764
2033,980.5,17,1,0.5433554857828728
2034,926.9,14,1,0.543192479137138
2035,723.3000000000001,14,1,0.5430295213933969
2036,840.5,18,1,0.5428666125369789
2037,657.6999999999998,29,1,0.5427037525532178
2038,925.1,12,1,0.5425409414274518
2039,805.9000000000001,25,1,0.5423781791450236
2040,975.1,11,1,0.5422154656912801
2041,652.3,23,1,0.5420528010515727
2042,1026.9,12,1,0.5418901852112573
2043,975.1,11,1,0.5417276181556939
2044,887.7,27,1,0.5415650998702473
2045,988.7,14,1,0.5414026303402862
2046,766.9000000000001,16,1,0.5412402095511841
2047,1003.3,8,1,0.5410778374883188
2048,986.9,12,1,0.5409155141370724
2049,958.6999999999999,15,1,0.5407532394828313
2050,910.5,18,1,0.5405910135109865
2051,710.5,22,1,0.5404288362069332
2052,818.7,17,1,0.5402667075560711
2053,975.1,11,1,0.5401046275438043
2054,726.9000000000001,18,1,0.5399425961555412
2055,760.5,17,1,0.5397806133766946
2056,976.9,13,1,0.5396186791926816
2057,662.0999999999999,45,1,0.5394567935889238
2058,964.1,21,1,0.5392949565508471
2059,693.0999999999998,33,1,0.5391331680638819
2060,1023.3,8,1,0.5389714281134628
2061,984.1,21,1,0.5388097366850287
2062,962.3,19,1,0.5386480937640232
2063,433.1,41,1,0.538486499335894
2064,1025.1,10,1,0.5383249533860932
2065,964.1,21,1,0.5381634559000774
2066,873.3000000000001,11,1,0.5380020068633075
2067,836.9000000000001,15,1,0.5378406062612485
2068,815.9000000000001,25,1,0.5376792540793701
2069,876.9000000000001,15,1,0.5375179503031463
2070,1023.3,8,1,0.5373566949180554
2071,975.1,11,1,0.5371954879095799
2072,892.3,19,1,0.537034329263207
2073,782.3000000000001,22,1,0.5368732189644281
2074,834.9000000000001,34,1,0.5367121569987388
2075,982.3,19,1,0.5365511433516391
2076,973.3,9,1,0.5363901780086336
2077,928.7,16,1,0.536229260955231
2078,835.9000000000001,25,1,0.5360683921769445
2079,1028.7,14,1,0.5359075716592914
2080,774.1000000000001,23,1,0.5357467993877936
2081,928.7,16,1,0.5355860753479772
2082,762.3000000000001,22,1,0.5354253995253728
2083,926.9000000000001,14,1,0.5352647719055152
2084,820.5000000000001,19,1,0.5351041924739436
2085,884.1000000000001,23,1,0.5349436612162014
2086,897.7,26,1,0.5347831781178366
2087,589.4999999999995,34,1,0.5346227431644013
2088,873.1,32,1,0.534462356341452
2089,973.3,9,1,0.5343020176345495
2090,973.3,9,1,0.5341417270292592
2091,755.1,15,1,0.5339814845111505
2092,748.5,37,1,0.5338212900657971
2093,926.9000000000001,14,1,0.5336611436787775
2094,542.2999999999996,25,1,0.5335010453356739
2095,1032.3,18,1,0.5333409950220732
2096,908.7,16,1,0.5331809927235666
2097,1028.7,14,1,0.5330210384257495
2098,862.3000000000001,20,1,0.5328611321142218
2099,976.9,13,1,0.5327012737745875
2100,649.4999999999998,32,1,0.5325414633924552
2101,888.7,16,1,0.5323817009534375
2102,963.0999999999999,30,1,0.5322219864431514
2103,662.2999999999997,24,1,0.5320623198472185
2104,880.5,19,1,0.5319027011512644
2105,845.9000000000001,25,1,0.531743130340919
2106,926.9000000000001,14,1,0.5315836074018168
2107,765.9,27,1,0.5314241323195963
2108,878.7,17,1,0.5312647050799004
2109,858.7,17,1,0.5311053256683764
2110,837.7,28,1,0.5309459940706759
2111,790.5000000000001,20,1,0.5307867102724547
2112,976.9,13,1,0.530627474259373
2113,1025.1,10,1,0.5304682860170952
2114,975.1,11,1,0.53030914553129
2115,788.7,18,1,0.5301500527876307
2116,858.7,17,1,0.5299910077717944
2117,592.3,26,1,0.5298320104694629
2118,976.9,13,1,0.5296730608663222
2119,404.89999999999986,37,1,0.5295141589480623
2120,856.7,37,1,0.529355304700378
2121,1023.3,8,1,0.5291964981089678
2122,975.1,11,1,0.5290377391595352
2123,865.1,12,1,0.5288790278377874
2124,1026.9,12,1,0.5287203641294361
2125,1025.1,10,1,0.5285617480201973
2126,966.9,12,1,0.5284031794957913
2127,976.9,13,1,0.5282446585419426
2128,797.7000000000002,28,1,0.52808618514438
2129,975.1,11,1,0.5279277592888367
2130,492.2999999999997,28,1,0.5277693809610501
2131,1003.3,8,1,0.5276110501467618
2132,661.2999999999997,33,1,0.5274527668317178
2133,738.7,19,1,0.5272945310016683
2134,994.1,20,1,0.5271363426423679
2135,409.49999999999966,34,1,0.5269782017395752
2136,810.5,20,1,0.5268201082790533
2137,894.1,21,1,0.5266620622465696
2138,885.9000000000001,25,1,0.5265040636278957
2139,884.1,23,1,0.5263461124088074
2140,973.3,9,1,0.5261882085750847
2141,973.3,9,1,0.5260303521125123
2142,688.6999999999998,20,1,0.5258725430068785
2143,885.1,12,1,0.5257147812439764
2144,915.1,11,1,0.5255570668096032
2145,883.3,10,1,0.5253993996895604
2146,1023.3,8,1,0.5252417798696536
2147,916.9,13,1,0.5250842073356927
2148,858.7,17,1,0.524926682073492
2149,695.1,15,1,0.52476920406887
2150,1025.1,10,1,0.5246117733076493
2151,978.7,15,1,0.5244543897756571
2152,739.4999999999998,31,1,0.5242970534587243
2153,803.1000000000001,32,1,0.5241397643426867
2154,973.3,9,1,0.5239825224133839
2155,813.1000000000001,32,1,0.5238253276566599
2156,886.9,14,1,0.5236681800583629
2157,613.0999999999998,36,1,0.5235110796043454
2158,975.1,11,1,0.5233540262804641
2159,933.3,9,1,0.52319702007258
2160,762.3000000000001,23,1,0.5230400609665582
2161,926.9,14,1,0.5228831489482683
2162,925.1,12,1,0.5227262840035838
2163,953.3,9,1,0.5225694661183827
2164,1014.1,20,1,0.5224126952785473
2165,745.1,14,1,0.5222559714699637
2166,771.3000000000001,32,1,0.5220992946785228
2167,844.1,23,1,0.5219426648901192
2168,978.7,15,1,0.5217860820906521
2169,775.9000000000001,26,1,0.521629546266025
2170,769.5000000000001,31,1,0.5214730574021452
2171,1026.9,12,1,0.5213166154849246
2172,660.5,22,1,0.5211602205002791
2173,1006.9,12,1,0.521003872434129
2174,1006.9,12,1,0.5208475712723988
2175,755.9000000000001,26,1,0.5206913170010171
2176,945.9,23,1,0.5205351096059169
2177,926.9000000000001,14,1,0.5203789490730351
2178,973.3,9,1,0.5202228353883132
2179,1026.9,12,1,0.5200667685376966
2180,923.3,10,1,0.5199107485071354
2181,1006.9,12,1,0.5197547752825833
2182,1023.3,8,1,0.5195988488499985
2183,604.8999999999999,40,1,0.5194429691953435
2184,880.5,19,1,0.5192871363045849
2185,960.5,17,1,0.5191313501636935
2186,910.5,18,1,0.5189756107586444
2187,601.2999999999998,36,1,0.5188199180754168
2188,774.1000000000001,23,1,0.5186642720999942
2189,593.8999999999999,48,1,0.5185086728183642
2190,644.0999999999999,25,1,0.5183531202165187
2191,1028.7,14,1,0.5181976142804537
2192,573.0999999999998,38,1,0.5180421549961697
2193,828.7,18,1,0.5178867423496708
2194,975.1,11,1,0.5177313763269659
2195,926.9,14,1,0.5175760569140678
2196,921.9000000000001,14,1,0.5174207840969937
2197,932.3,19,1,0.5172655578617645
2198,967.3,19,1,0.517110378194406
2199,906.9000000000001,14,1,0.5169552450809477
2200,806.9,14,1,0.5168001585074234
2201,474.8999999999995,42,1,0.5166451184598713
2202,960.5,17,1,0.5164901249243333
2203,1003.3,8,1,0.516335177886856
2204,1025.1,10,1,0.5161802773334899
2205,942.3,19,1,0.5160254232502899
2206,978.7,15,1,0.5158706156233148
2207,808.7,18,1,0.5157158544386279
2208,903.3,10,1,0.5155611396822963
2209,956.9,13,1,0.5154064713403916
2210,815.9000000000001,25,1,0.5152518493989895
2211,923.3,10,1,0.5150972738441698
2212,511.09999999999957,58,1,0.5149427446620166
2213,975.1,11,1,0.514788261838618
2214,945.1,10,1,0.5146338253600664
2215,873.3000000000001,11,1,0.5144794352124584
2216,812.3000000000001,22,1,0.5143250913818948
2217,973.3,9,1,0.5141707938544802
2218,858.7,17,1,0.5140165426163238
2219,814.1000000000001,23,1,0.513862337653539
2220,784.1000000000001,25,1,0.5137081789522429
2221,990.5,16,1,0.5135540664985572
2222,573.8999999999999,45,1,0.5134000002786077
2223,975.1,11,1,0.5132459802785241
2224,776.9000000000001,17,1,0.5130920064844405
2225,438.2999999999993,63,1,0.5129380788824952
2226,975.1,11,1,0.5127841974588305
2227,776.9000000000001,17,1,0.5126303621995929
2228,878.7,17,1,0.5124765730909331
2229,828.7,18,1,0.5123228301190058
2230,1006.9,12,1,0.5121691332699702
2231,940.5,17,1,0.5120154825299892
2232,929.5,27,1,0.5118618778852302
2233,804.1000000000001,23,1,0.5117083193218647
2234,936.9,13,1,0.5115548068260681
2235,955.1,11,1,0.5114013403840203
2236,925.1,12,1,0.5112479199819051
2237,615.8999999999999,28,1,0.5110945456059105
2238,880.5,19,1,0.5109412172422287
2239,873.3000000000001,11,1,0.5107879348770561
2240,604.0999999999997,26,1,0.510634698496593
2241,878.7,17,1,0.5104815080870441
2242,797.7000000000002,28,1,0.510328363634618
2243,976.9,13,1,0.5101752651255276
2244,1010.5,16,1,0.5100222125459899
2245,833.1000000000001,32,1,0.5098692058822261
2246,761.3000000000001,32,1,0.5097162451204614
2247,925.1,12,1,0.5095633302469254
2248,808.7,17,1,0.5094104612478513
2249,874.1000000000001,22,1,0.5092576381094769
2250,926.9000000000001,14,1,0.5091048608180441
2251,1026.9,12,1,0.5089521293597987
2252,956.9,13,1,0.5087994437209908
2253,982.3,19,1,0.5086468038878745
2254,1025.1,10,1,0.5084942098467082
2255,894.1,22,1,0.5083416615837543
2256,773.1000000000001,35,1,0.5081891590852792
2257,976.9,13,1,0.5080367023375536
2258,810.5,20,1,0.5078842913268523
2259,975.1,11,1,0.5077319260394543
2260,1023.3,8,1,0.5075796064616425
2261,914.1,22,1,0.507427332579704
2262,892.3000000000001,20,1,0.5072751043799301
2263,795.9000000000001,26,1,0.5071229218486161
2264,876.9000000000001,15,1,0.5069707849720615
2265,925.9000000000001,23,1,0.5068186937365698
2266,858.7,16,1,0.5066666481284489
2267,953.3,9,1,0.5065146481340104
2268,978.6999999999999,15,1,0.5063626937395702
2269,925.1,12,1,0.5062107849314483
2270,765.9000000000001,26,1,0.5060589216959689
2271,932.3,20,1,0.5059071040194602
2272,1025.1,10,1,0.5057553318882543
2273,846.9,14,1,0.5056036052886879
2274,198.49999999999955,48,1,0.5054519242071013
2275,910.5,17,1,0.5053002886298391
2276,1028.7,14,1,0.5051486985432502
2277,978.7,15,1,0.5049971539336873
2278,808.7,17,1,0.5048456547875072
2279,853.3000000000001,11,1,0.504694201091071
2280,891.3000000000001,29,1,0.5045427928307437
2281,958.6999999999999,15,1,0.5043914299928944
2282,926.9000000000001,14,1,0.5042401125638966
2283,1023.3,8,1,0.5040888405301274
2284,923.3,10,1,0.5039376138779683
2285,705.9,27,1,0.503786432593805
2286,962.3,19,1,0.5036352966640268
2287,975.1,11,1,0.5034842060750276
2288,1026.9,12,1,0.5033331608132051
2289,732.3000000000001,23,1,0.5031821608649611
2290,925.1,12,1,0.5030312062167017
2291,818.7,16,1,0.5028802968548367
2292,885.1,12,1,0.5027294327657803
2293,674.0999999999999,25,1,0.5025786139359506
2294,930.5,17,1,0.5024278403517698
2295,925.1,12,1,0.5022771119996643
2296,833.3000000000001,11,1,0.5021264288660644
2297,926.9,14,1,0.5019757909374046
2298,973.3,9,1,0.5018251982001234
2299,906.9,14,1,0.5016746506406634
2300,673.0999999999999,35,1,0.5015241482454712
2301,867.7,26,1,0.5013736910009976
2302,1023.3,8,1,0.5012232788936973
2303,873.3000000000001,11,1,0.5010729119100292
2304,975.1,11,1,0.5009225900364562
2305,958.6999999999999,15,1,0.5007723132594453
2306,1003.3,8,1,0.5006220815654675
2307,1025.1,10,1,0.5004718949409979
2308,973.3,9,1,0.5003217533725156
2309,1005.1,10,1,0.5001716568465039
2310,985.1,10,1,0.50002160534945
2311,860.5,18,1,0.49987159886784516
2312,868.7,16,1,0.4997216373881848
2313,978.7,15,1,0.4995717208969684
2314,1010.5,16,1,0.49942184938069933
2315,1012.3,18,1,0.4992720228258851
2316,739.5000000000001,30,1,0.49912224121903737
2317,1023.3,8,1,0.4989725045466717
2318,978.6999999999999,15,1,0.4988228127953077
2319,964.1,21,1,0.49867316595146916
2320,864.1,23,1,0.49852356400168374
2321,1026.9,12,1,0.49837400693248324
2322,975.1,11,1,0.49822449473040353
2323,823.3000000000001,12,1,0.49807502738198445
2324,1006.9,12,1,0.49792560487376986
2325,908.7,16,1,0.49777622719230774
2326,973.3,9,1,0.4976268943241501
2327,301.2999999999995,39,1,0.49747760625585286
2328,1023.3,8,1,0.4973283629739761
2329,817.7,28,1,0.4971791644650839
2330,714.1,25,1,0.49703001071574443
2331,875.1,13,1,0.49688090171252974
2332,868.7,16,1,0.496731837442016
2333,1034.1,20,1,0.4965828178907834
2334,860.5,18,1,0.49643384304541616
2335,862.3000000000001,20,1,0.49628491289250254
2336,928.7,16,1,0.49613602741863483
2337,909.5,26,1,0.49598718661040925
2338,926.9000000000001,14,1,0.4958383904544261
2339,892.3,20,1,0.4956896389372898
2340,958.6999999999999,15,1,0.4955409320456086
2341,927.7,25,1,0.49539226976599493
2342,975.1,11,1,0.49524365208506516
2343,791.3000000000001,31,1,0.49509507898943966
2344,958.6999999999999,15,1,0.4949465504657429
2345,826.9000000000001,16,1,0.49479806650060315
2346,1025.1,10,1,0.49464962708065296
2347,676.8999999999997,19,1,0.4945012321925288
2348,769.5,30,1,0.494352881822871
2349,930.5,18,1,0.4942045759583242
2350,926.9000000000001,14,1,0.49405631458553667
2351,817.7,26,1,0.493908097691161
2352,895.9,23,1,0.4937599252618537
2353,872.3000000000001,20,1,0.4936117972842752
2354,983.3,8,1,0.4934637137450899
2355,930.5000000000001,18,1,0.49331567463096637
2356,1023.3,8,1,0.4931676799285771
2357,906.9,14,1,0.4930197296245985
2358,582.2999999999997,25,1,0.49287182370571114
2359,1025.1,10,1,0.4927239621585994
2360,804.1,23,1,0.4925761449699519
2361,828.7,18,1,0.4924283721264609
2362,662.3,23,1,0.492280643614823
2363,930.5,18,1,0.49213295942173857
2364,976.9,13,1,0.49198531953391206
2365,975.1,11,1,0.4918377239380519
2366,960.5,16,1,0.4916901726208705
2367,744.1,25,1,0.49154266556908427
2368,906.9,14,1,0.49139520276941356
2369,742.3000000000001,23,1,0.4912477842085828
2370,784.1000000000001,25,1,0.4911004098733202
2371,923.7,16,1,0.49095307975035823
2372,1026.9,12,1,0.49080579382643313
2373,1010.5,16,1,0.49065855208828524
2374,928.7,16,1,0.49051135452265876
2375,925.1,12,1,0.49036420111630197
2376,926.9000000000001,14,1,0.49021709185596707
2377,876.9000000000001,15,1,0.49007002672841027
2378,973.3,9,1,0.48992300572039177
2379,890.5,18,1,0.48977602881867566
2380,645.8999999999999,29,1,0.4896290960100301
2381,1025.1,10,1,0.4894822072812271
2382,980.5,17,1,0.48933536261904276
2383,827.7,25,1,0.48918856201025707
2384,771.3000000000002,31,1,0.489041805441654
2385,1008.7,14,1,0.48889509290002153
2386,912.3,20,1,0.48874842437215155
2387,978.7,15,1,0.4886017998448399
2388,923.3000000000001,10,1,0.4884552193048865
2389,870.5,18,1,0.48830868273909506
2390,875.1,13,1,0.48816219013427337
2391,936.9,13,1,0.4880157414772331
2392,958.7,15,1,0.48786933675478994
2393,976.9,13,1,0.4877229759537635
2394,808.7,18,1,0.4875766590609774
2395,679.4999999999998,30,1,0.4874303860632591
2396,899.5,28,1,0.48728415694744015
2397,677.6999999999998,30,1,0.48713797170035594
2398,944.1,21,1,0.48699183030884585
2399,1010.5,16,1,0.48684573275975324
2400,1010.5,16,1,0.48669967903992534
2401,926.9000000000001,14,1,0.4865536691362134
2402,802.1000000000001,44,1,0.48640770303547254
2403,1006.9,12,1,0.4862617807245619
2404,424.0999999999997,29,1,0.48611590219034456
2405,1023.3,8,1,0.48597006741968746
2406,1023.3,8,1,0.4858242763994616
2407,900.5000000000001,17,1,0.48567852911654175
2408,785.9000000000001,27,1,0.4855328255578068
2409,925.1,12,1,0.48538716571013946
2410,900.5,17,1,0.4852415495604264
2411,925.1,12,1,0.4850959770955583
2412,866.9,14,1,0.48495044830242967
2413,928.7,15,1,0.484804963167939
2414,956.9,13,1,0.4846595216789886
2415,723.9000000000001,45,1,0.48451412382248493
2416,823.3000000000001,12,1,0.4843687695853382
2417,782.1000000000001,42,1,0.4842234589544626
2418,990.5,16,1,0.4840781919167763
2419,755.1,15,1,0.4839329684592013
2420,875.1,13,1,0.48378778856866356
2421,795.1,13,1,0.48364265223209296
2422,926.9000000000001,14,1,0.48349755943642336
2423,452.09999999999934,48,1,0.48335251016859243
2424,747.7,28,1,0.4832075044155419
2425,975.1,11,1,0.48306254216421723
2426,975.1,11,1,0.48291762340156796
2427,936.9,13,1,0.4827727481145475
2428,876.9,15,1,0.48262791629011315
2429,1030.5,16,1,0.48248312791522613
2430,975.1,11,1,0.48233838297685155
2431,798.5000000000002,38,1,0.4821936814619585
2432,775.1,15,1,0.4820490233575199
2433,928.7,16,1,0.4819044086505127
2434,1026.9,12,1,0.48175983732791755
2435,923.3,10,1,0.4816153093767192
2436,636.8999999999999,19,1,0.4814708247839062
2437,905.1,12,1,0.481326383536471
2438,879.1000000000001,22,1,0.48118198562141007
2439,892.3,19,1,0.48103763102572367
2440,882.3000000000001,21,1,0.48089331973641597
2441,930.5,18,1,0.48074905174049504
2442,986.6999999999999,34,1,0.4806048270249729
2443,760.5,21,1,0.48046064557686546
2444,933.3,9,1,0.4803165073831924
2445,955.1,11,1,0.48017241243097747
2446,884.1,23,1,0.4800283607072482
2447,1025.1,10,1,0.479884352199036
2448,784.9000000000001,34,1,0.47974038689337634
2449,976.9,13,1,0.47959646477730833
2450,915.9000000000001,24,1,0.47945258583787514
2451,975.1,11,1,0.4793087500621238
2452,873.3,11,1,0.4791649574371052
2453,838.7,16,1,0.4790212079498741
2454,853.3000000000001,11,1,0.47887750158748915
2455,876.9000000000001,15,1,0.47873383833701294
2456,908.7,15,1,0.47859021818551184
2457,976.9,13,1,0.4784466411200562
2458,644.0999999999999,25,1,0.4783031071277202
2459,707.6999999999998,28,1,0.4781596161955819
2460,930.5000000000001,18,1,0.47801616831072324
2461,1026.9,12,1,0.47787276346023005
2462,960.5,17,1,0.477729401631192
2463,1028.7,14,1,0.47758608281070264
2464,1025.1,10,1,0.47744280698585945
2465,882.3,21,1,0.4772995741437637
2466,934.1000000000001,22,1,0.47715638427152063
2467,1026.9,12,1,0.4770132373562392
2468,839.5000000000001,30,1,0.4768701333850323
2469,978.6999999999999,15,1,0.4767270723450168
2470,635.8999999999996,28,1,0.47658405422331335
2471,977.7,24,1,0.47644107900704635
2472,775.1,15,1,0.47629814668334425
2473,845.1,12,1,0.47615525723933927
2474,881.3,30,1,0.4760124106621675
2475,840.5000000000001,19,1,0.47586960693896885
2476,775.1,15,1,0.4757268460568872
2477,680.4999999999999,23,1,0.47558412800307015
2478,973.3,9,1,0.47544145276466926
2479,888.7,16,1,0.47529882032883985
2480,918.7,15,1,0.4751562306827412
2481,903.3,10,1,0.4750136838135364
2482,1023.3,8,1,0.4748711797083924
2483,710.4999999999999,21,1,0.4747287183544799
2484,860.5000000000001,19,1,0.47458629973897354
2485,769.5,30,1,0.4744439238490519
2486,978.6999999999999,15,1,0.4743015906718972
2487,953.1,30,1,0.47415930019469565
2488,929.5,27,1,0.47401705240463726
2489,975.1,11,1,0.4738748472889159
2490,872.3,19,1,0.47373268483472925
2491,875.1,13,1,0.4735905650292788
2492,190.2999999999994,45,1,0.47344848785977006
2493,638.4999999999998,41,1,0.47330645331341215
2494,978.6999999999999,15,1,0.47316446137741813
2495,939.5000000000001,28,1,0.4730225120390049
2496,889.5000000000001,28,1,0.4728806052853932
2497,975.1,11,1,0.4727387411038076
2498,923.3,10,1,0.4725969194814765
2499,822.3000000000001,21,1,0.472455140405632
2500,992.3,18,1,0.47231340386351034
2501,858.7,17,1,0.4721717098423513
2502,894.1,22,1,0.4720300583293986
2503,1023.3,8,1,0.47188844931189977
2504,602.0999999999999,47,1,0.4717468827771062
2505,876.9000000000001,15,1,0.47160535871227305
2506,976.9,13,1,0.47146387710465937
2507,934.1,22,1,0.471322437941528
2508,1025.1,10,1,0.47118104121014553
2509,915.1,11,1,0.47103968689778253
2510,712.2999999999998,24,1,0.4708983749917132
2511,1025.1,10,1,0.47075710547921573
2512,1026.9,12,1,0.47061587834757196
2513,645.8999999999999,28,1,0.4704746935840677
2514,925.1,12,1,0.47033355117599246
2515,926.9000000000001,14,1,0.4701924511106397
2516,767.7000000000002,27,1,0.4700513933753065
2517,976.9,13,1,0.4699103779572939
2518,1025.1,10,1,0.4697694048439067
2519,855.9000000000001,23,1,0.46962847402245356
2520,1025.1,10,1,0.4694875854802468
2521,778.7,16,1,0.4693467392046028
2522,923.3,10,1,0.4692059351828414
2523,936.9,13,1,0.4690651734022866
2524,933.3000000000001,9,1,0.46892445385026593
2525,700.5,20,1,0.46878377651411085
2526,923.3000000000001,10,1,0.46864314138115665
2527,978.7,15,1,0.46850254843874234
2528,826.9000000000001,16,1,0.4683619976742107
2529,856.9000000000001,15,1,0.46822148907490846
2530,1005.1,10,1,0.468081022628186
2531,856.9000000000001,15,1,0.46794059832139756
2532,983.3,8,1,0.46780021614190115
2533,858.7,17,1,0.4676598760770586
2534,973.3,9,1,0.4675195781142355
2535,886.9,14,1,0.46737932224080125
2536,980.5,17,1,0.467239108444129
2537,1023.3,8,1,0.4670989367115958
2538,944.1,21,1,0.46695880703058235
2539,980.5,16,1,0.4668187193884732
2540,975.1,11,1,0.46667867377265665
2541,816.7,37,1,0.46653867017052486
2542,802.3000000000001,21,1,0.46639870856947374
2543,861.3000000000001,30,1,0.4662587889569029
2544,708.5,42,1,0.4661189113202159
2545,828.7,17,1,0.46597907564681984
2546,968.7,14,1,0.4658392819241258
2547,940.5,17,1,0.4656995301395486
2548,888.7,16,1,0.4655598202805068
2549,985.1,10,1,0.4654201523344227
2550,1026.9,12,1,0.46528052628872235
2551,949.5,27,1,0.46514094213083573
2552,865.9000000000001,25,1,0.4650013998481965
2553,934.1000000000001,22,1,0.4648618994282421
2554,833.1,30,1,0.46472244085841363
2555,925.1,12,1,0.4645830241261561
2556,497.49999999999926,51,1,0.4644436492189183
2557,806.9000000000001,16,1,0.4643043161241526
2558,756.9000000000001,17,1,0.4641650248293154
2559,829.5000000000001,29,1,0.4640257753218666
2560,960.5,17,1,0.46388656758927005
2561,926.9000000000001,14,1,0.4637474016189933
2562,933.3,9,1,0.46360827739850763
2563,923.3,10,1,0.4634691949152881
2564,885.9000000000001,25,1,0.4633301541568135
2565,973.3,9,1,0.46319115511056647
2566,973.3,9,1,0.46305219776403334
2567,852.3000000000001,20,1,0.4629132821047041
2568,923.1,31,1,0.4627744081200727
2569,926.9,14,1,0.4626355757976367
2570,945.9,22,1,0.46249678512489745
2571,975.1,11,1,0.46235803608936
2572,925.1,12,1,0.4622193286785332
2573,1032.3,18,1,0.46208066287992966
2574,912.3,20,1,0.4619420386810657
2575,1023.3,8,1,0.4618034560694614
2576,829.5,28,1,0.46166491503264057
2577,908.7,16,1,0.4615264155581308
2578,960.5,17,1,0.46138795763346335
2579,973.3,9,1,0.46124954124617334
2580,1028.7,14,1,0.4611111663837995
2581,906.9000000000001,14,1,0.46097283303388437
2582,940.5,17,1,0.4608345411839742
2583,990.5,16,1,0.46069629082161906
2584,975.1,11,1,0.4605580819343726
2585,858.7,17,1,0.4604199145097923
2586,934.1,22,1,0.4602817885354394
2587,723.3,14,1,0.4601437039988788
2588,956.9,13,1,0.46000566088767914
2589,828.7,17,1,0.45986765918941286
2590,840.5000000000001,19,1,0.45972969889165605
2591,975.1,11,1,0.4595917799819886
2592,1003.3,8,1,0.459453902447994
2593,1005.1,10,1,0.4593160662772596
2594,890.5,18,1,0.45917827145737644
2595,958.7,15,1,0.45904051797593926
2596,885.1,12,1,0.4589028058205465
2597,1005.1,10,1,0.45876513497880034
2598,808.7,18,1,0.4586275054383067
2599,973.3,9,1,0.45848991718667526
2600,978.6999999999999,15,1,0.45835237021151926
2601,860.5000000000001,19,1,0.4582148645004558
2602,876.9,15,1,0.45807740004110564
2603,878.7,17,1,0.45793997682109333
2604,858.7,17,1,0.457802594828047
2605,712.2999999999998,23,1,0.4576652540495986
2606,1003.3,8,1,0.45752795447338374
2607,880.5000000000001,19,1,0.45739069608704175
2608,925.1,12,1,0.45725347887821566
2609,1025.1,10,1,0.45711630283455224
2610,856.9000000000001,15,1,0.45697916794370186
2611,980.5,17,1,0.45684207419331874
2612,1026.9,12,1,0.45670502157106074
2613,962.3,19,1,0.4565680100645894
2614,975.1,11,1,0.45643103966157006
2615,883.3000000000001,10,1,0.4562941103496716
2616,973.3,9,1,0.45615722211656673
2617,1023.3,8,1,0.45602037494993175
2618,925.1,12,1,0.4558835688374468
2619,744.1,25,1,0.45574680376679555
2620,910.5,17,1,0.45561007972566553
2621,890.5,18,1,0.45547339670174786
2622,1025.1,10,1,0.4553367546827373
2623,619.4999999999999,33,1,0.45520015365633254
2624,976.9,13,1,0.45506359361023563
2625,990.5,16,1,0.4549270745321526
2626,1025.1,10,1,0.45479059640979297
2627,930.5,18,1,0.45465415923087005
2628,978.6999999999999,15,1,0.4545177629831008
2629,975.1,11,1,0.4543814076542059
2630,757.7,26,1,0.4542450932319097
2631,873.3000000000001,11,1,0.4541088197039401
2632,985.1,10,1,0.45397258705802895
2633,860.5,19,1,0.45383639528191155
2634,875.1,13,1,0.453700244363327
2635,990.5,16,1,0.453564134290018
2636,1025.1,10,1,0.45342806504973104
2637,1003.3,8,1,0.45329203663021617
2638,910.5,18,1,0.4531560490192271
2639,845.9000000000001,23,1,0.4530201022045214
2640,923.0999999999999,32,1,0.45288419617386005
2641,960.5,17,1,0.45274833091500793
2642,750.3000000000002,41,1,0.4526125064157335
2643,836.7000000000002,37,1,0.4524767226638088
2644,973.3,9,1,0.45234097964700964
2645,1006.9,12,1,0.45220527735311555
2646,890.5,18,1,0.4520696157699096
2647,926.9000000000001,14,1,0.45193399488517866
2648,973.3,9,1,0.4517984146867131
2649,905.1,12,1,0.45166287516230713
2650,955.1,11,1,0.4515273762997585
2651,976.9,13,1,0.45139191808686857
2652,986.9,12,1,0.4512565005114425
2653,853.3,11,1,0.4511211235612891
2654,724.8999999999999,37,1,0.4509857872242207
2655,826.9000000000001,16,1,0.45085049148805345
2656,983.3,8,1,0.45071523634060706
2657,936.9,13,1,0.4505800217697049
2658,1030.5,16,1,0.450444847763174
2659,953.3,9,1,0.4503097143088451
2660,876.9000000000001,15,1,0.45017462139455244
2661,1023.3,8,1,0.4500395690081341
2662,812.3000000000001,20,1,0.44990455713743166
2663,923.3,10,1,0.44976958577029047
2664,1006.9,12,1,0.4496346548945594
2665,824.1,22,1,0.44949976449809104
2666,883.3000000000001,10,1,0.4493649145687416
2667,810.5,19,1,0.449230105094371
2668,1028.7,14,1,0.4490953360628427
2669,903.3000000000001,10,1,0.4489606074620239
2670,886.9,14,1,0.44882591927978527
2671,985.1,10,1,0.44869127150400134
2672,1025.1,10,1,0.44855666412255013
2673,856.9000000000001,15,1,0.4484220971233134
2674,1003.3,8,1,0.4482875704941764
2675,923.3,10,1,0.44815308422302813
2676,905.1,12,1,0.44801863829776123
2677,1003.3,8,1,0.4478842327062719
2678,911.3,29,1,0.44774986743646006
2679,1025.1,10,1,0.44761554247622914
2680,836.9000000000001,15,1,0.4474812578134863
2681,953.3,9,1,0.44734701343614225
2682,923.3000000000001,10,1,0.44721280933211144
2683,842.3000000000001,20,1,0.4470786454893118
2684,614.0999999999999,26,1,0.446944521895665
2685,856.9000000000001,15,1,0.44681043853909636
2686,875.1,13,1,0.4466763954075346
2687,923.3000000000001,10,1,0.44654239248891237
2688,928.7,16,1,0.4464084297711657
2689,875.1,13,1,0.44627450724223433
2690,725.4999999999998,21,1,0.4461406248900617
2691,797.7,28,1,0.4460067827025947
2692,956.9,13,1,0.4458729806677839
2693,797.7,28,1,0.4457392187735836
2694,807.7,25,1,0.44560549700795155
2695,882.3000000000001,21,1,0.44547181535884917
2696,1025.1,10,1,0.4453381738142415
2697,983.3,8,1,0.44520457236209726
2698,985.1,10,1,0.44507101099038865
2699,1025.1,10,1,0.44493748968709157
2700,946.9,12,1,0.44480400844018547
2701,832.3000000000001,22,1,0.4446705672376534
2702,1026.9,12,1,0.4445371660674821
2703,923.3,10,1,0.4444038049176619
2704,926.9,14,1,0.4442704837761866
2705,836.9000000000001,15,1,0.4441372026310538
2706,988.7,14,1,0.4440039614702645
2707,472.0999999999998,47,1,0.44387076028182343
2708,782.3000000000001,23,1,0.4437375990537389
2709,964.1,21,1,0.4436044777740228
2710,1028.7,14,1,0.4434713964306906
2711,557.4999999999997,53,1,0.44333835501176144
2712,925.1,12,1,0.4432053535052579
2713,978.7,14,1,0.44307239189920633
2714,824.1000000000001,22,1,0.4429394701816366
2715,1023.3,8,1,0.4428065883405821
2716,978.6999999999999,15,1,0.44267374636407997
2717,762.3000000000001,23,1,0.44254094424017076
2718,802.3000000000001,21,1,0.44240818195689874
2719,879.5,27,1,0.4422754595023117
2720,1028.7,14,1,0.442142776864461
2721,926.9,14,1,0.4420101340314017
2722,925.1,12,1,0.4418775309911923
2723,903.1,32,1,0.441744967731895
2724,976.9,13,1,0.4416124442415754
2725,956.9,13,1,0.44147996050830296
2726,890.5000000000001,18,1,0.4413475165201505
2727,832.3000000000001,22,1,0.44121511226519444
2728,1023.3,8,1,0.4410827477315149
2729,1006.9,12,1,0.44095042290719544
2730,938.7,15,1,0.4408181377803233
2731,975.1,11,1,0.44068589233898925
2732,923.3,10,1,0.4405536865712876
2733,794.1000000000001,24,1,0.4404215204653162
2734,878.7,17,1,0.4402893940091766
2735,882.3000000000001,20,1,0.44015730719097385
2736,757.7,26,1,0.4400252599988166
2737,962.3,19,1,0.43989325242081695
2738,973.3,9,1,0.4397612844450907
2739,955.1,11,1,0.4396293560597572
2740,936.9000000000001,13,1,0.4394974672529393
2741,1003.3,8,1,0.43936561801276347
2742,876.9,15,1,0.43923380832735964
2743,787.7,26,1,0.43910203818486143
2744,828.7,18,1,0.438970307573406
2745,790.5000000000001,20,1,0.438838616481134
2746,953.3,9,1,0.43870696489618966
2747,966.9,12,1,0.43857535280672083
2748,973.3,9,1,0.4384437802008788
2749,856.9000000000001,15,1,0.4383122470668186
2750,976.9,13,1,0.4381807533926986
2751,867.7,26,1,0.4380492991666808
2752,942.3,19,1,0.4379178843769308
2753,906.9000000000001,14,1,0.43778650901161775
2754,692.2999999999998,22,1,0.43765517305891427
2755,816.9000000000001,15,1,0.4375238765069966
2756,1028.7,14,1,0.4373926193440445
2757,1025.1,10,1,0.4372614015582413
2758,973.3,9,1,0.43713022313777383
2759,936.9,13,1,0.4369990840708325
2760,1003.3,8,1,0.43686798434561125
2761,912.3,20,1,0.43673692395030755
2762,978.6999999999999,15,1,0.43660590287312245
2763,842.3000000000001,21,1,0.43647492110226055
2764,980.5,17,1,0.4363439786259299
2765,905.1,12,1,0.4362130754323421
2766,975.1,11,1,0.43608221150971244
2767,876.9000000000001,15,1,0.43595138684625956
2768,853.3,11,1,0.4358206014302057
2769,990.5,16,1,0.43568985524977666
2770,1010.5,16,1,0.43555914829320175
2771,825.1,14,1,0.4354284805487138
2772,1023.3,8,1,0.4352978520045492
2773,920.5,17,1,0.43516726264894784
2774,965.1,10,1,0.4350367124701532
2775,1030.5,16,1,0.4349062014564122
2776,925.1,12,1,0.43477572959597527
2777,983.3,8,1,0.43464529687709647
2778,973.3,9,1,0.4345149032880333
2779,910.5,17,1,0.4343845488170469
2780,906.9,14,1,0.4342542334524018
2781,813.1000000000001,33,1,0.4341239571823661
2782,809.5,28,1,0.4339937199952114
2783,926.9,14,1,0.43386352187921284
2784,888.7,16,1,0.43373336282264907
2785,908.7,16,1,0.4336032428138023
2786,672.3,23,1,0.4334731618409582
2787,915.1,11,1,0.4333431198924059
2788,975.1,11,1,0.4332131169564382
2789,915.9000000000001,23,1,0.4330831530213513
2790,938.7,15,1,0.4329532280754449
2791,978.7,15,1,0.4328233421070223
2792,975.1,11,1,0.4326934951043902
2793,905.1,12,1,0.4325636870558589
2794,876.9,15,1,0.4324339179497422
2795,903.1,31,1,0.43230418777435725
2796,958.6999999999999,15,1,0.432174496518025
2797,894.1000000000001,22,1,0.4320448441690696
2798,962.3,18,1,0.4319152307158189
2799,925.1,12,1,0.43178565614660414
2800,953.3,9,1,0.43165612044976015
2801,792.3000000000001,22,1,0.43152662361362526
2802,978.6999999999999,15,1,0.4313971656265412
2803,975.1,11,1,0.43126774647685323
2804,1026.9,12,1,0.4311383661529102
2805,878.7,17,1,0.43100902464306434
2806,812.3000000000001,22,1,0.4308797219356714
2807,875.1,13,1,0.43075045801909073
2808,911.3000000000002,29,1,0.430621232881685
2809,775.1,15,1,0.43049204651182055
2810,905.1,12,1,0.430362898897867
2811,1025.1,10,1,0.43023379002819767
2812,972.3,18,1,0.4301047198911892
2813,897.7,26,1,0.4299756884752219
2814,975.1,11,1,0.42984669576867934
2815,825.1,14,1,0.42971774175994876
2816,1026.9,12,1,0.4295888264374208
2817,880.5,19,1,0.4294599497894896
2818,923.3,10,1,0.42933111180455275
2819,906.9,14,1,0.42920231247101137
2820,958.7,15,1,0.4290735517772701
2821,928.7,16,1,0.4289448297117369
2822,1028.7,14,1,0.42881614626282344
2823,695.8999999999999,24,1,0.4286875014189446
2824,809.5,27,1,0.42855889516851897
2825,926.9000000000001,14,1,0.42843032749996846
2826,707.6999999999998,28,1,0.4283017984017185
2827,1025.1,10,1,0.428173307862198
2828,962.3,19,1,0.4280448558698393
2829,994.1,20,1,0.42791644241307836
2830,864.1,22,1,0.4277880674803545
2831,975.1,11,1,0.4276597310601104
2832,956.9,13,1,0.4275314331407924
2833,924.1,20,1,0.4274031737108502
2834,953.3,9,1,0.42727495275873695
2835,673.1000000000001,35,1,0.4271467702729093
2836,842.3000000000001,21,1,0.42701862624182746
2837,910.5,18,1,0.42689052065395494
2838,976.9,13,1,0.42676245349775876
2839,884.1,22,1,0.42663442476170943
2840,826.9000000000001,16,1,0.42650643443428093
2841,758.7,19,1,0.42637848250395066
2842,953.3,9,1,0.4262505689591995
2843,973.3,9,1,0.42612269378851175
2844,905.1,12,1,0.4259948569803752
2845,928.7,16,1,0.4258670585232811
2846,925.1,12,1,0.4257392984057241
2847,966.9,12,1,0.4256115766162024
2848,633.8999999999999,45,1,0.42548389314321755
2849,978.7,15,1,0.4253562479752746
2850,956.9,13,1,0.42522864110088204
2851,631.2999999999997,35,1,0.4251010725085518
2852,798.5000000000002,40,1,0.4249735421867992
2853,953.3,9,1,0.4248460501241432
2854,982.3,19,1,0.424718596309106
2855,975.1,11,1,0.4245911807302133
2856,781.3000000000001,32,1,0.42446380337599426
2857,925.1,12,1,0.4243364642349815
2858,903.3,10,1,0.424209163295711
2859,836.9000000000001,15,1,0.4240819005467223
2860,962.3,19,1,0.4239546759765583
2861,865.9000000000001,25,1,0.4238274895737653
2862,953.3,9,1,0.4237003413268932
2863,936.9,13,1,0.42357323122449514
2864,860.5,18,1,0.4234461592551278
2865,875.1,13,1,0.4233191254073513
2866,956.9,13,1,0.4231921296697291
2867,925.1,12,1,0.42306517203082816
2868,905.1,12,1,0.4229382524792189
2869,956.9,13,1,0.42281137100347516
2870,914.1,22,1,0.4226845275921741
2871,935.9000000000001,24,1,0.4225577222338965
2872,1025.1,10,1,0.4224309549172263
2873,803.3000000000001,12,1,0.42230422563075115
2874,985.1,10,1,0.42217753436306193
2875,856.9000000000001,15,1,0.422050881102753
2876,870.5,18,1,0.4219242658384222
2877,726.8999999999999,18,1,0.42179768855867067
2878,975.1,11,1,0.4216711492521031
2879,905.1,12,1,0.4215446479073275
2880,973.3,9,1,0.4214181845129553
2881,873.3000000000001,11,1,0.42129175905760147
2882,926.9000000000001,14,1,0.4211653715298842
2883,838.7,17,1,0.42103902191842524
2884,976.9,13,1,0.4209127102118497
2885,926.9000000000001,14,1,0.4207864363987862
2886,1025.1,10,1,0.42066020046786656
2887,862.3000000000001,20,1,0.4205340024077262
2888,1023.3,8,1,0.4204078422070039
2889,975.1,11,1,0.4202817198543418
2890,975.1,11,1,0.4201556353383855
2891,748.7,18,1,0.420029588647784
2892,964.1,21,1,0.4199035797711897
2893,956.9,13,1,0.41977760869725833
2894,912.3000000000001,20,1,0.41965167541464915
2895,973.3,9,1,0.4195257799120248
2896,985.1,10,1,0.41939992217805117
2897,858.7,17,1,0.41927410220139777
2898,925.1,12,1,0.41914831997073737
2899,988.6999999999999,14,1,0.41902257547474614
2900,973.3,9,1,0.41889686870210374
2901,900.5,17,1,0.4187711996414931
2902,976.9,13,1,0.4186455682816007
2903,925.1,12,1,0.41851997461111623
2904,958.7,15,1,0.4183944186187329
2905,906.9,14,1,0.4182689002931473
2906,973.3,9,1,0.41814341962305934
2907,975.1,11,1,0.41801797659717244
2908,960.5,17,1,0.4178925712041933
2909,925.1,12,1,0.4177672034328321
2910,1023.3,8,1,0.41764187327180224
2911,905.1,12,1,0.41751658070982073
2912,856.9000000000001,15,1,0.4173913257356078
2913,1003.3,8,1,0.41726610833788713
2914,875.1,13,1,0.41714092850538576
2915,982.3,19,1,0.41701578622683416
2916,1023.3,8,1,0.41689068149096614
2917,904.1,20,1,0.41676561428651887
2918,958.6999999999999,15,1,0.4166405846022329
2919,956.9,13,1,0.41651559242685227
2920,1023.3,8,1,0.4163906377491242
2921,975.1,11,1,0.4162657205577995
2922,923.3000000000001,10,1,0.41614084084163216
2923,1005.1,10,1,0.4160159985893797
2924,758.7,19,1,0.4158911937898029
2925,875.1,13,1,0.41576642643166595
2926,906.9000000000001,14,1,0.41564169650373645
2927,908.7,16,1,0.41551700399478536
2928,775.1,15,1,0.41539234889358695
2929,886.9000000000001,14,1,0.4152677311889189
2930,1025.1,10,1,0.41514315086956227
2931,617.3,24,1,0.4150186079243014
2932,1025.1,10,1,0.41489410234192414
2933,910.1,12,1,0.4147696341112216
2934,649.0999999999999,24,1,0.41464520322098825
2935,1025.1,10,1,0.41452080966002197
2936,926.9,14,1,0.414396453417124
2937,926.9000000000001,14,1,0.4142721344810989
2938,926.9000000000001,14,1,0.41414785284075456
2939,976.9,13,1,0.41402360848490233
2940,983.3,8,1,0.41389940140235687
2941,926.9000000000001,14,1,0.4137752315819362
2942,842.3000000000001,21,1,0.4136510990124616
2943,834.1000000000001,22,1,0.4135270036827579
2944,975.1,11,1,0.4134029455816531
2945,808.7,18,1,0.4132789246979786
2946,975.1,11,1,0.4131549410205692
2947,694.0999999999998,26,1,0.41303099453826303
2948,733.3,13,1,0.41290708523990155
2949,854.1,21,1,0.4127832131143296
2950,836.9,15,1,0.4126593781503953
2951,1005.1,10,1,0.41253558033695015
2952,812.3000000000001,22,1,0.41241181966284907
2953,923.3,10,1,0.4122880961169502
2954,925.1,12,1,0.41216440968811513
2955,1025.1,10,1,0.4120407603652087
2956,790.5000000000001,19,1,0.4119171481370992
2957,928.7,16,1,0.41179357299265806
2958,978.7,15,1,0.41167003492076026
2959,958.6999999999999,15,1,0.41154653391028406
2960,980.5,17,1,0.41142306995011096
2961,912.3,19,1,0.41129964302912597
2962,708.6999999999998,19,1,0.41117625313621725
2963,915.1,11,1,0.4110529002602764
2964,875.1,13,1,0.41092958439019833
2965,1026.9,12,1,0.4108063055148813
2966,820.5,19,1,0.4106830636232268
2967,973.3,9,1,0.41055985870413986
2968,1023.3,8,1,0.4104366907465286
2969,1023.3,8,1,0.41031355973930467
2970,888.7,16,1,0.4101904656713829
2971,928.7,16,1,0.4100674085316815
2972,925.1,12,1,0.409944388309122
2973,826.9000000000001,16,1,0.40982140499262926
2974,1025.1,10,1,0.40969845857113146
2975,1003.3,8,1,0.40957554903356014
2976,906.9000000000001,14,1,0.4094526763688501
2977,988.7,14,1,0.40932984056593946
2978,890.5,18,1,0.4092070416137697
2979,980.5,17,1,0.40908427950128556
2980,926.9,14,1,0.4089615542174352
2981,926.9,14,1,0.40883886575116996
2982,983.3,8,1,0.4087162140914446
2983,616.6999999999999,40,1,0.40859359922721716
2984,1026.9,12,1,0.408471021147449
2985,1012.3,18,1,0.4083484798411048
2986,1026.9,12,1,0.4082259752971525
2987,1025.1,10,1,0.40810350750456337
2988,896.9000000000001,13,1,0.407981076452312
2989,910.5,18,1,0.4078586821293763
2990,925.1,12,1,0.4077363245247375
2991,925.1,12,1,0.4076140036273801
2992,968.7,14,1,0.4074917194262919
2993,960.5,17,1,0.407369471910464
2994,926.9,14,1,0.4072472610688909
2995,895.9000000000001,24,1,0.40712508689057025
2996,1003.3,8,1,0.4070029493645031
2997,708.6999999999999,20,1,0.40688084847969375
2998,905.1,12,1,0.4067587842251498
2999,915.1,11,1,0.4066367565898823
3000,933.3,9,1,0.40651476556290533
3001,885.1,12,1,0.4063928111332365
3002,920.5,17,1,0.4062708932898965
3003,932.3,19,1,0.40614901202190956
3004,1003.3,8,1,0.406027167318303
3005,699.5,29,1,0.40590535916810755
3006,740.4999999999999,21,1,0.40578358756035715
3007,1025.1,10,1,0.40566185248408904
3008,835.9000000000001,25,1,0.4055401539283438
3009,1025.1,10,1,0.40541849188216533
3010,923.3000000000001,10,1,0.4052968663346007
3011,973.3,9,1,0.4051752772747004
3012,857.7,26,1,0.40505372469151796
3013,926.9000000000001,14,1,0.4049322085741105
3014,856.9000000000001,15,1,0.4048107289115383
3015,935.1,11,1,0.40468928569286483
3016,910.5,18,1,0.404567878907157
3017,1023.3,8,1,0.40444650854348485
3018,975.1,11,1,0.4043251745909218
3019,1028.7,14,1,0.40420387703854455
3020,930.5,17,1,0.404082615875433
3021,903.3000000000001,10,1,0.40396139109067036
3022,790.5,20,1,0.4038402026733432
3023,925.1,12,1,0.4037190506125412
3024,1025.1,10,1,0.40359793489735746
3025,776.9000000000001,17,1,0.4034768555168883
3026,983.3,8,1,0.4033558124602332
3027,1023.3,8,1,0.40323480571649517
3028,973.3,9,1,0.40311383527478023
3029,868.7,16,1,0.40299290112419783
3030,1025.1,10,1,0.4028720032538606
3031,776.9000000000001,17,1,0.40275114165288445
3032,883.3,10,1,0.4026303163103886
3033,604.8999999999997,36,1,0.4025095272154955
3034,975.1,11,1,0.40238877435733084
3035,973.3,9,1,0.40226805772502366
3036,926.9,14,1,0.40214737730770617
3037,875.1,13,1,0.40202673309451387
3038,878.7,17,1,0.4019061250745855
3039,973.3,9,1,0.40178555323706316
3040,856.9000000000001,15,1,0.4016650175710921
3041,885.1,12,1,0.40154451806582075
3042,975.1,11,1,0.40142405471040105
3043,986.9,12,1,0.40130362749398796
3044,878.7,16,1,0.4011832364057398
3045,1003.3,8,1,0.40106288143481805
3046,936.9,13,1,0.40094256257038763
3047,1003.3,8,1,0.4008222798016165
3048,938.7,15,1,0.40070203311767605
3049,973.3,9,1,0.40058182250774077
3050,410.2999999999997,46,1,0.4004616479609885
3051,1028.7,14,1,0.4003415094666002
3052,923.3,10,1,0.40022140701376024
3053,1023.3,8,1,0.40010134059165614
3054,969.5,27,1,0.39998131018947863
3055,1026.9,12,1,0.3998613157964218
3056,956.9,13,1,0.3997413574016829
3057,930.5000000000001,18,1,0.3996214349944624
3058,975.1,11,1,0.3995015485639641
3059,756.9000000000001,17,1,0.3993816980993949
3060,765.9000000000001,27,1,0.39926188358996506
3061,925.1,12,1,0.39914210502488806
3062,912.3000000000001,20,1,0.3990223623933806
3063,1026.9,12,1,0.3989026556846626
3064,1026.9,12,1,0.3987829848879572
3065,885.1,12,1,0.39866334999249087
3066,973.3,9,1,0.3985437509874931
3067,975.1,11,1,0.3984241878621969
3068,782.3000000000001,20,1,0.39830466060583825
3069,973.3,9,1,0.3981851692076565
3070,1028.7,14,1,0.39806571365689425
3071,886.9,14,1,0.3979462939427972
3072,853.3000000000001,11,1,0.39782691005461435
3073,956.9,13,1,0.39770756198159796
3074,1023.3,8,1,0.3975882497130035
3075,1006.9,12,1,0.3974689732380896
3076,982.3,19,1,0.3973497325461182
3077,730.5,22,1,0.3972305276263544
3078,776.9000000000001,17,1,0.3971113584680665
3079,1003.3,8,1,0.3969922250605261
3080,955.1,11,1,0.39687312739300795
3081,830.5000000000001,18,1,0.3967540654547901
3082,730.5,21,1,0.39663503923515364
3083,778.7,16,1,0.3965160487233831
3084,1006.9,12,1,0.3963970939087661
3085,915.1,11,1,0.39627817478059346
3086,1028.7,14,1,0.3961592913281593
3087,956.9,13,1,0.39604044354076084
3088,938.7,15,1,0.39592163140769865
3089,882.3000000000001,21,1,0.3958028549182763
3090,814.1,22,1,0.3956841140618009
3091,925.1,12,1,0.39556540882758234
3092,860.5,18,1,0.39544673920493406
3093,973.3,9,1,0.3953281051831726
3094,848.7,16,1,0.39520950675161765
3095,917.7,26,1,0.39509094389959215
3096,926.9,14,1,0.3949724166164223
3097,930.5,17,1,0.3948539248914374
3098,1003.3,8,1,0.39473546871397
3099,906.9,14,1,0.3946170480733558
3100,1025.1,10,1,0.3944986629589338
3101,816.9000000000001,15,1,0.39438031336004614
3102,837.7000000000002,28,1,0.39426199926603817
3103,978.7,15,1,0.39414372066625836
3104,886.9,14,1,0.3940254775500585
3105,976.9,13,1,0.39390726990679353
3106,900.5,17,1,0.3937890977258215
3107,825.1,14,1,0.3936709609965038
3108,787.7000000000002,29,1,0.39355285970820486
3109,875.1,13,1,0.3934347938502924
3110,880.5,19,1,0.39331676341213734
3111,1025.1,10,1,0.3931987683831137
3112,833.3000000000001,11,1,0.39308080875259876
3113,973.3,9,1,0.392962884509973
3114,873.3,11,1,0.39284499564462005
3115,786.9000000000001,16,1,0.3927271421459267
3116,945.9,23,1,0.3926093240032829
3117,783.1,33,1,0.39249154120608193
3118,1025.1,10,1,0.3923737937437201
3119,918.7,14,1,0.392256081605597
3120,926.9,14,1,0.39213840478111534
3121,738.7,18,1,0.392020763259681
3122,973.3,9,1,0.3919031570307031
3123,925.1,12,1,0.39178558608359393
3124,864.1000000000001,23,1,0.39166805040776886
3125,826.9000000000001,16,1,0.39155054999264655
3126,815.1,13,1,0.39143308482764877
3127,588.4999999999998,41,1,0.3913156549022005
3128,975.1,11,1,0.39119826020572984
3129,875.1,13,1,0.39108090072766816
3130,953.3,9,1,0.3909635764574499
3131,973.3,9,1,0.39084628738451266
3132,807.7,26,1,0.3907290334982973
3133,884.1,23,1,0.3906118147882478
3134,928.7,16,1,0.39049463124381134
3135,1003.3,8,1,0.3903774828544382
3136,896.9,13,1,0.3902603696095819
3137,938.7,15,1,0.39014329149869903
3138,895.1,11,1,0.39002624851124945
3139,933.1,30,1,0.3899092406366961
3140,825.1,14,1,0.3897922678645051
3141,975.1,11,1,0.38967533018414574
3142,1023.3,8,1,0.3895584275850905
3143,978.7,15,1,0.389441560056815
3144,1026.9,12,1,0.389324727588798
3145,938.7,15,1,0.38920793017052135
3146,938.7,15,1,0.38909116779147024
3147,674.0999999999999,25,1,0.38897444044113283
3148,975.1,11,1,0.3888577481090005
3149,933.3,9,1,0.3887410907845678
3150,634.8999999999999,38,1,0.38862446845733245
3151,882.3000000000001,21,1,0.38850788111679524
3152,908.7,16,1,0.38839132875246024
3153,975.1,11,1,0.3882748113538345
3154,973.3,9,1,0.3881583289104284
3155,1026.9,12,1,0.3880418814117553
3156,958.7,15,1,0.38792546884733176
3157,923.3000000000001,10,1,0.38780909120667756
3158,906.9000000000001,14,1,0.38769274847931556
3159,879.5,27,1,0.38757644065477176
3160,980.5,17,1,0.38746016772257535
3161,926.9,14,1,0.3873439296722586
3162,1025.1,10,1,0.38722772649335696
3163,974.1,20,1,0.387111558175409
3164,764.1000000000001,25,1,0.3869954247079564
3165,875.9000000000001,23,1,0.38687932608054404
3166,729.5000000000001,31,1,0.3867632622827199
3167,764.1,24,1,0.3866472333040351
3168,975.1,11,1,0.3865312391340439
3169,880.5000000000001,19,1,0.3864152797623037
3170,925.1,12,1,0.38629935517837505
3171,870.5,18,1,0.3861834653718215
3172,1006.9,12,1,0.38606761033221
3173,923.3,10,1,0.38595179004911034
3174,1005.1,10,1,0.3858360045120956
3175,915.1,11,1,0.385720253710742
3176,983.3,8,1,0.38560453763462876
3177,885.1,12,1,0.3854888562733384
3178,944.1,21,1,0.38537320961645644
3179,973.3,9,1,0.38525759765357154
3180,973.3,9,1,0.3851420203742755
3181,972.3,18,1,0.3850264777681632
3182,926.9,14,1,0.38491096982483275
3183,1028.7,14,1,0.38479549653388534
3184,976.9,13,1,0.3846800578849252
3185,884.1,22,1,0.3845646538675597
3186,923.3000000000001,10,1,0.3844492844713995
3187,740.3000000000001,42,1,0.38433394968605805
3188,773.3000000000001,13,1,0.38421864950115225
3189,975.1,11,1,0.38410338390630194
3190,778.7,19,1,0.3839881528911301
3191,925.1,12,1,0.38387295644526276
3192,1025.1,10,1,0.3837577945583292
3193,809.1000000000001,23,1,0.3836426672199617
3194,883.3,10,1,0.38352757441979574
3195,1035.9,22,1,0.3834125161474698
3196,1023.3,8,1,0.38329749239262556
3197,956.9,13,1,0.38318250314490776
3198,973.3,9,1,0.3830675483939643
3199,956.9,13,1,0.3829526281294461
3200,883.3000000000001,10,1,0.38283774234100726
3201,938.7,14,1,0.382722891018305
3202,983.3,8,1,0.3826080741509995
3203,1025.1,10,1,0.38249329172875424
3204,903.3000000000001,10,1,0.38237854374123564
3205,968.7,14,1,0.3822638301781133
3206,956.9,13,1,0.38214915102905983
3207,1026.9,12,1,0.38203450628375113
3208,1010.5,16,1,0.38191989593186604
3209,1023.3,8,1,0.3818053199630865
3210,972.3,18,1,0.3816907783670976
3211,965.1,10,1,0.38157627113358744
3212,953.3,9,1,0.38146179825224735
3213,935.1,11,1,0.38134735971277167
3214,960.5,16,1,0.38123295550485786
3215,798.7,17,1,0.38111858561820644
3216,1023.3,8,1,0.381004250042521
3217,831.3000000000002,31,1,0.38088994876750826
3218,982.3,19,1,0.380775681782878
3219,1026.9,12,1,0.38066144907834315
3220,873.3000000000001,11,1,0.38054725064361966
3221,835.1,13,1,0.3804330864684266
3222,986.9,12,1,0.3803189565424861
3223,985.1,10,1,0.38020486085552335
3224,1025.1,10,1,0.3800907993972667
3225,1023.3,8,1,0.3799767721574475
3226,985.1,10,1,0.3798627791258003
3227,983.3,8,1,0.3797488202920626
3228,730.4999999999999,22,1,0.37963489564597497
3229,978.7,15,1,0.3795210051772812
3230,862.3000000000001,20,1,0.379407148875728
3231,933.3,9,1,0.3792933267310653
3232,870.5,17,1,0.379179538733046
3233,930.5,18,1,0.3790657848714261
3234,1025.1,10,1,0.3789520651359647
3235,956.9,13,1,0.3788383795164239
3236,965.1,10,1,0.378724728002569
3237,930.5,18,1,0.37861111058416824
3238,978.7,15,1,0.378497527250993
3239,1028.7,14,1,0.3783839779928177
3240,876.9000000000001,15,1,0.3782704627994199
3241,976.9,13,1,0.3781569816605801
3242,980.5,17,1,0.3780435345660819
3243,932.3000000000001,20,1,0.3779301215057121
3244,894.1,21,1,0.3778167424692604
3245,976.9,13,1,0.37770339744651965
3246,876.9,15,1,0.3775900864272857
3247,953.3,9,1,0.3774768094013575
3248,908.7,16,1,0.37736356635853713
3249,1026.9,12,1,0.3772503572886296
3250,925.1,12,1,0.37713718218144304
3251,978.6999999999999,15,1,0.3770240410267886
3252,1023.3,8,1,0.3769109338144806
3253,925.1,12,1,0.3767978605343363
3254,973.3,9,1,0.37668482117617597
3255,768.7,18,1,0.3765718157298231
3256,865.9,24,1,0.37645884418510417
3257,882.3000000000001,21,1,0.37634590653184863
3258,973.3,9,1,0.3762330027598891
3259,1023.3,8,1,0.37612013285906115
3260,1025.1,10,1,0.3760072968192034
3261,1025.1,10,1,0.37589449463015767
3262,886.9000000000001,14,1,0.37578172628176865
3263,1026.9,12,1,0.37566899176388413
3264,1010.5,16,1,0.37555629106635496
3265,1023.3,8,1,0.3754436241790351
3266,955.1,11,1,0.3753309910917814
3267,903.3,10,1,0.3752183917944539
3268,986.9,12,1,0.3751058262769156
3269,1026.9,12,1,0.3749932945290325
3270,976.9,13,1,0.3748807965406738
3271,1025.1,10,1,0.37476833230171164
3272,956.9,13,1,0.37465590180202113
3273,1026.9,12,1,0.37454350503148054
3274,955.1,11,1,0.3744311419799711
3275,835.1,13,1,0.37431881263737715
3276,965.1,10,1,0.3742065169935859
3277,933.3,9,1,0.37409425503848787
3278,976.9,13,1,0.37398202676197634
3279,956.9,13,1,0.37386983215394776
3280,933.3,9,1,0.3737576712043016
3281,973.3,9,1,0.3736455439029403
3282,976.9,13,1,0.3735334502397694
3283,950.5,16,1,0.3734213902046975
3284,1023.3,8,1,0.37330936378763613
3285,936.9,13,1,0.37319737097849986
3286,906.9000000000001,14,1,0.37308541176720633
3287,883.3,10,1,0.3729734861436762
3288,955.1,11,1,0.3728615940978331
3289,846.9000000000001,14,1,0.37274973561960373
3290,842.3000000000001,21,1,0.3726379106989179
3291,978.6999999999999,15,1,0.3725261193257082
3292,1026.9,12,1,0.37241436148991053
3293,872.3,19,1,0.37230263718146356
3294,757.7,28,1,0.37219094639030914
3295,844.1000000000001,23,1,0.37207928910639204
3296,876.9,15,1,0.37196766531966013
3297,668.5,39,1,0.37185607502006424
3298,824.1000000000001,23,1,0.3717445181975582
3299,978.6999999999999,15,1,0.37163299484209894
3300,976.9,13,1,0.37152150494364633
3301,980.5,17,1,0.37141004849216325
3302,906.9,14,1,0.3712986254776156
3303,1006.9,12,1,0.3711872358899723
3304,1008.7,14,1,0.37107587971920536
3305,756.9,17,1,0.3709645569552896
3306,942.3,18,1,0.37085326758820303
3307,1010.5,16,1,0.3707420116079266
3308,976.9,13,1,0.37063078900444424
3309,975.1,11,1,0.3705195997677429
3310,936.9,13,1,0.3704084438878126
3311,856.9000000000001,15,1,0.37029732135464627
3312,1003.3,8,1,0.37018623215823987
3313,974.1,20,1,0.37007517628859243
3314,926.9,14,1,0.36996415373570585
3315,925.1,12,1,0.36985316448958516
3316,1025.1,10,1,0.3697422085402383
3317,975.1,11,1,0.36963128587767624
3318,896.9000000000001,13,1,0.36952039649191293
3319,830.5000000000001,18,1,0.36940954037296536
3320,928.7,16,1,0.36929871751085347
3321,1026.9,12,1,0.36918792789560023
3322,933.3,9,1,0.3690771715172316
3323,583.0999999999999,36,1,0.3689664483657764
3324,976.9,13,1,0.36885575843126667
3325,876.9000000000001,15,1,0.3687451017037373
3326,1023.3,8,1,0.3686344781732262
3327,975.1,11,1,0.36852388782977424
3328,1025.1,10,1,0.3684133306634253
3329,1025.1,10,1,0.36830280666422627
3330,958.6999999999999,15,1,0.368192315822227
3331,958.7,15,1,0.36808185812748034
3332,953.3,9,1,0.36797143357004214
3333,1026.9,12,1,0.3678610421399711
3334,973.3,9,1,0.3677506838273291
3335,973.3,9,1,0.3676403586221809
3336,975.1,11,1,0.3675300665145943
3337,978.6999999999999,15,1,0.3674198074946399
3338,975.1,11,1,0.3673095815523916
3339,928.7,16,1,0.36719938867792584
3340,973.3,9,1,0.3670892288613225
3341,1006.9,12,1,0.3669791020926641
3342,1025.1,10,1,0.3668690083620363
3343,1008.7,14,1,0.3667589476595277
3344,878.7,17,1,0.36664891997522986
3345,973.3,9,1,0.3665389252992373
3346,1023.3,8,1,0.36642896362164756
3347,1023.3,8,1,0.36631903493256107
3348,1006.9,12,1,0.3662091392220813
3349,794.1,23,1,0.3660992764803147
3350,1025.1,10,1,0.3659894466973706
3351,1023.3,8,1,0.3658796498633614
3352,949.5,27,1,0.36576988596840243
3353,806.9000000000001,16,1,0.3656601550026119
3354,1005.1,10,1,0.3655504569561111
3355,1025.1,10,1,0.3654407918190243
3356,858.7,17,1,0.3653311595814786
3357,978.7,15,1,0.3652215602336042
3358,975.1,11,1,0.3651119937655341
3359,925.1,12,1,0.36500246016740445
3360,840.5,19,1,0.36489295942935424
3361,925.1,12,1,0.36478349154152545
3362,933.3,9,1,0.364674056494063
3363,973.3,9,1,0.36456465427711476
3364,907.3,20,1,0.3644552848808316
3365,1026.9,12,1,0.3643459482953674
3366,1028.7,14,1,0.3642366445108788
3367,978.7,15,1,0.36412737351752555
3368,1026.9,12,1,0.36401813530547034
3369,973.3,9,1,0.3639089298648787
3370,1026.9,12,1,0.3637997571859193
3371,973.3,9,1,0.3636906172587635
3372,982.3,19,1,0.3635815100735859
3373,976.9,13,1,0.36347243562056386
3374,840.5000000000001,19,1,0.3633633938898777
3375,932.3,20,1,0.36325438487171074
3376,828.7,18,1,0.3631454085562492
3377,925.1,12,1,0.36303646493368236
3378,925.1,12,1,0.3629275539942023
3379,923.3000000000001,10,1,0.362818675728004
3380,888.7,16,1,0.3627098301252856
3381,986.9,12,1,0.36260101717624804
3382,983.3,8,1,0.36249223687109516
3383,890.5,17,1,0.3623834892000338
3384,1028.7,14,1,0.3622747741532738
3385,1026.9,12,1,0.3621660917210278
3386,976.9,13,1,0.3620574418935115
3387,1026.9,12,1,0.36194882466094347
3388,975.1,11,1,0.3618402400135452
3389,1026.9,12,1,0.36173168794154115
3390,928.7,16,1,0.3616231684351587
3391,976.9,13,1,0.3615146814846281
3392,975.1,11,1,0.3614062270801827
3393,930.5000000000001,18,1,0.3612978052120587
3394,975.1,11,1,0.3611894158704951
3395,882.3000000000001,21,1,0.36108105904573395
3396,1025.1,10,1,0.3609727347280203
3397,925.1,12,1,0.3608644429076019
3398,980.5,17,1,0.3607561835747296
3399,710.5,22,1,0.3606479567196572
3400,642.0999999999998,45,1,0.36053976233264134
3401,1008.7,14,1,0.36043160040394157
3402,982.3,19,1,0.3603234709238204
3403,878.7,17,1,0.36021537388254327
3404,835.9000000000001,24,1,0.36010730927037854
3405,923.3,10,1,0.35999927707759743
3406,1023.3,8,1,0.3598912772944742
3407,1026.9,12,1,0.3597833099112858
3408,923.3000000000001,10,1,0.3596753749183125
3409,835.1,13,1,0.35956747230583697
3410,1023.3,8,1,0.35945960206414523
3411,1025.1,10,1,0.359351764183526
3412,1023.3,8,1,0.35924395865427095
3413,976.9,13,1,0.3591361854666747
3414,1023.3,8,1,0.3590284446110347
3415,923.3000000000001,10,1,0.3589207360776514
3416,1023.3,8,1,0.3588130598568281
3417,858.7,17,1,0.35870541593887106
3418,953.3,9,1,0.35859780431408944
3419,1012.3,18,1,0.3584902249727952
3420,830.5,19,1,0.35838267790530337
3421,1026.9,12,1,0.3582751631019318
3422,885.1,12,1,0.35816768055300124
3423,980.5,17,1,0.3580602302488354
3424,735.1,15,1,0.3579528121797607
3425,980.5,17,1,0.3578454263361068
3426,1023.3,8,1,0.35773807270820596
3427,986.9,12,1,0.3576307512863935
3428,1023.3,8,1,0.3575234620610076
3429,786.9000000000001,16,1,0.3574162050223893
3430,1023.3,8,1,0.3573089801608826
3431,976.9,13,1,0.35720178746683434
3432,1026.9,12,1,0.3570946269305943
3433,826.9000000000001,16,1,0.3569874985425151
3434,973.3,9,1,0.35688040229295237
3435,1023.3,8,1,0.3567733381722645
3436,905.1,12,1,0.3566663061708128
3437,975.1,11,1,0.35655930627896154
3438,958.7,15,1,0.35645233848707786
3439,1023.3,8,1,0.35634540278553173
3440,985.1,10,1,0.3562384991646961
3441,983.3,8,1,0.35613162761494666
3442,1005.1,10,1,0.35602478812666216
3443,1026.9,12,1,0.3559179806902242
3444,976.9,13,1,0.3558112052960171
3445,1023.3,8,1,0.35570446193442834
3446,1006.9,12,1,0.35559775059584803
3447,905.1,12,1,0.3554910712706693
3448,976.9,13,1,0.3553844239492881
3449,1026.9,12,1,0.35527780862210334
3450,975.1,11,1,0.3551712252795167
3451,1008.7,14,1,0.35506467391193286
3452,1032.3,18,1,0.3549581545097593
3453,975.1,11,1,0.3548516670634064
3454,930.5,18,1,0.35474521156328737
3455,1025.1,10,1,0.3546387879998184
3456,1005.1,10,1,0.3545323963634185
3457,925.1,12,1,0.3544260366445095
3458,1030.5,16,1,0.35431970883351616
3459,1023.3,8,1,0.3542134129208661
3460,973.3,9,1,0.35410714889698985
3461,923.3000000000001,10,1,0.35400091675232076
3462,988.7,14,1,0.3538947164772951
3463,925.1,12,1,0.35378854806235194
3464,983.3,8,1,0.3536824114979332
3465,985.1,10,1,0.3535763067744839
3466,883.3,10,1,0.3534702338824515
3467,975.1,11,1,0.3533641928122868
3468,1026.9,12,1,0.35325818355444316
3469,956.9,13,1,0.35315220609937686
3470,1003.3,8,1,0.35304626043754705
3471,916.9,13,1,0.3529403465594158
3472,936.9,13,1,0.35283446445544797
3473,883.3000000000001,10,1,0.35272861411611134
3474,905.1,12,1,0.35262279553187653
3475,1003.3,8,1,0.352517008693217
3476,976.9,13,1,0.35241125359060904
3477,1006.9,12,1,0.35230553021453187
3478,935.1,11,1,0.35219983855546755
3479,976.9,13,1,0.3520941786039009
3480,773.3000000000001,13,1,0.35198855035031973
3481,923.3,10,1,0.35188295378521467
3482,1023.3,8,1,0.3517773888990791
3483,923.3,10,1,0.3516718556824094
3484,973.3,9,1,0.3515663541257047
3485,1023.3,8,1,0.351460884219467
3486,956.9,13,1,0.35135544595420115
3487,923.3000000000001,10,1,0.3512500393204149
3488,1008.7,14,1,0.35114466430861874
3489,925.1,12,1,0.35103932090932616
3490,985.1,10,1,0.3509340091130534
3491,975.1,11,1,0.35082872891031947
3492,855.1,13,1,0.3507234802916464
3493,986.9,12,1,0.3506182632475589
3494,825.1,14,1,0.35051307776858465
3495,1028.7,14,1,0.3504079238452541
3496,1026.9,12,1,0.35030280146810056
3497,708.7,20,1,0.35019771062766014
3498,956.9,13,1,0.35009265131447187
3499,1010.5,16,1,0.34998762351907753
3500,923.3000000000001,10,1,0.3498826272320218
3501,1023.3,8,1,0.3497776624438522
3502,1025.1,10,1,0.3496727291451191
3503,1025.1,10,1,0.3495678273263756
3504,1025.1,10,1,0.3494629569781777
3505,755.9,26,1,0.34935811809108425
3506,875.1,13,1,0.34925331065565696
3507,875.1,13,1,0.34914853466246026
3508,1006.9,12,1,0.34904379010206155
3509,986.9,12,1,0.34893907696503096
3510,1010.5,16,1,0.3488343952419415
3511,840.5,18,1,0.3487297449233689
3512,914.1,21,1,0.34862512599989187
3513,975.1,11,1,0.3485205384620919
3514,973.3,9,1,0.3484159823005533
3515,918.7,15,1,0.3483114575058632
3516,928.7,14,1,0.3482069640686114
3517,925.1,12,1,0.34810250197939085
3518,875.1,13,1,0.34799807122879706
3519,1023.3,8,1,0.3478936718074284
3520,923.3,10,1,0.3477893037058862
3521,835.1,13,1,0.3476849669147744
3522,876.9000000000001,15,1,0.3475806614247
3523,1025.1,10,1,0.3474763872262726
3524,953.3,9,1,0.3473721443101047
3525,868.7,16,1,0.3472679326668117
3526,790.5,19,1,0.3471637522870117
3527,940.5,17,1,0.3470596031613256
3528,973.3,9,1,0.34695548528037723
3529,985.1,10,1,0.34685139863479314
3530,860.5,19,1,0.34674734321520273
3531,975.1,11,1,0.34664331901223816
3532,873.3000000000001,11,1,0.3465393260165345
3533,860.5,19,1,0.3464353642187295
3534,1025.1,10,1,0.3463314336094639
3535,966.9,12,1,0.34622753417938107
3536,976.9,13,1,0.34612366591912724
3537,975.1,11,1,0.3460198288193515
3538,968.7,14,1,0.3459160228707057
3539,878.7,17,1,0.34581224806384453
3540,953.3,9,1,0.3457085043894254
3541,978.6999999999999,15,1,0.3456047918381086
3542,1025.1,10,1,0.3455011104005572
3543,1023.3,8,1,0.34539746006743705
3544,1026.9,12,1,0.34529384082941683
3545,914.1,21,1,0.345190252677168
3546,923.3000000000001,10,1,0.3450866956013649
3547,988.7,14,1,0.3449831695926845
3548,1023.3,8,1,0.3448796746418067
3549,926.9000000000001,14,1,0.34477621073941417
3550,1025.1,10,1,0.3446727778761924
3551,1003.3,8,1,0.34456937604282956
3552,938.6999999999999,15,1,0.3444660052300167
3553,1025.1,10,1,0.3443626654284477
3554,975.1,11,1,0.3442593566288192
3555,966.9,12,1,0.3441560788218305
3556,1025.1,10,1,0.344052831998184
3557,973.3,9,1,0.34394961614858455
3558,988.7,14,1,0.34384643126374
3559,882.3,19,1,0.3437432773343609
3560,928.7,16,1,0.3436401543511606
3561,1025.1,10,1,0.34353706230485526
3562,1025.1,10,1,0.3434340011861638
3563,925.1,12,1,0.34333097098580795
3564,923.3,10,1,0.3432279716945122
3565,925.1,12,1,0.34312500330300383
3566,880.5,19,1,0.34302206580201294
3567,976.9,13,1,0.34291915918227234
3568,973.3,9,1,0.34281628343451764
3569,1026.9,12,1,0.3427134385494873
3570,976.9,13,1,0.3426106245179225
3571,975.1,11,1,0.34250784133056716
3572,925.1,12,1,0.342405088978168
3573,799.5,28,1,0.3423023674514746
3574,1025.1,10,1,0.34219967674123913
3575,965.1,10,1,0.34209701683821675
3576,985.1,10,1,0.3419943877331653
3577,906.9,14,1,0.3418917894168454
3578,922.3,19,1,0.34178922188002037
3579,942.3,18,1,0.34168668511345635
3580,978.6999999999999,15,1,0.3415841791079223
3581,1023.3,8,1,0.34148170385418997
3582,938.6999999999999,15,1,0.3413792593430337
3583,928.7,16,1,0.3412768455652308
3584,956.9,13,1,0.34117446251156125
3585,980.5,17,1,0.3410721101728078
3586,906.9,14,1,0.34096978853975596
3587,903.3,10,1,0.34086749760319407
3588,543.0999999999999,34,1,0.3407652373539131
3589,1025.1,10,1,0.340663007782707
3590,1025.1,10,1,0.34056080888037216
3591,808.7,18,1,0.34045864063770803
3592,1030.5,16,1,0.34035650304551673
3593,747.7,29,1,0.3402543960946031
3594,882.3000000000001,21,1,0.34015231977577476
3595,1023.3,8,1,0.34005027407984206
3596,978.6999999999999,15,1,0.3399482589976181
3597,1025.1,10,1,0.33984627451991883
3598,973.3,9,1,0.3397443206375629
3599,1026.9,12,1,0.33964239734137164
3600,1025.1,10,1,0.3395405046221692
3601,875.1,13,1,0.3394386424707826
3602,938.6999999999999,15,1,0.33933681087804135
3603,975.1,11,1,0.33923500983477795
3604,926.9,14,1,0.33913323933182754
3605,973.3,9,1,0.339031499360028
3606,1025.1,10,1,0.33892978991022005
3607,925.1,12,1,0.338828110973247
3608,908.7,16,1,0.33872646253995503
3609,925.1,12,1,0.3386248446011931
3610,975.1,11,1,0.33852325714781273
3611,878.7,17,1,0.3384217001706684
3612,852.3,19,1,0.33832017366061723
3613,1003.3,8,1,0.33821867760851904
3614,757.7,28,1,0.3381172120052365
3615,1028.7,14,1,0.3380157768416349
3616,980.5,17,1,0.33791437210858244
3617,1023.3,8,1,0.3378129977969499
3618,802.3000000000001,21,1,0.3377116538976108
3619,928.7,16,1,0.33761034040144156
3620,1025.1,10,1,0.3375090572993211
3621,1026.9,12,1,0.3374078045821313
3622,1025.1,10,1,0.3373065822407567
3623,760.5,20,1,0.3372053902660845
3624,932.3,20,1,0.3371042286490047
3625,1025.1,10,1,0.33700309738041
3626,926.9000000000001,14,1,0.3369019964511959
3627,973.3,9,1,0.33680092585226057
3628,1006.9,12,1,0.3366998855745049
3629,1032.3,18,1,0.33659887560883256
3630,958.7,15,1,0.3364978959461499
3631,958.7,15,1,0.3363969465773661
3632,975.1,11,1,0.3362960274933929
3633,978.6999999999999,15,1,0.3361951386851449
3634,976.9,13,1,0.33609428014353937
3635,1025.1,10,1,0.3359934518594963
3636,990.5,16,1,0.33589265382393846
3637,922.3,19,1,0.3357918860277913
3638,1023.3,8,1,0.335691148461983
3639,885.1,12,1,0.3355904411174444
3640,1032.3,18,1,0.33548976398510916
3641,976.9,13,1,0.3353891170559136
3642,1019.5,26,1,0.3352885003207969
3643,973.3,9,1,0.3351879137707007
3644,923.3000000000001,10,1,0.3350873573965695
3645,978.6999999999999,15,1,0.3349868311893505
3646,782.3000000000001,21,1,0.3348863351399937
3647,876.9000000000001,15,1,0.33478586923945175
3648,926.9,14,1,0.3346854334786799
3649,930.5,18,1,0.3345850278486363
3650,976.9,13,1,0.33448465234028174
3651,880.5,19,1,0.33438430694457966
3652,910.5,17,1,0.3342839916524963
3653,990.5,16,1,0.33418370645500056
3654,926.9,14,1,0.33408345134306405
3655,801.3000000000001,30,1,0.33398322630766114
3656,978.7,15,1,0.3338830313397689
3657,910.5,18,1,0.333782866430367
3658,1008.7,14,1,0.3336827315704379
3659,975.1,11,1,0.3335826267509667
3660,978.6999999999999,15,1,0.33348255196294146
3661,1034.1,20,1,0.3333825071973526
3662,928.7,16,1,0.33328249244519337
3663,926.9,14,1,0.33318250769745983
3664,926.9,14,1,0.3330825529451506
3665,986.9,12,1,0.33298262817926705
3666,1032.3,18,1,0.33288273339081326
3667,973.3,9,1,0.33278286857079603
3668,992.3,18,1,0.3326830337102248
3669,978.6999999999999,15,1,0.3325832288001117
3670,980.5,17,1,0.3324834538314717
3671,926.9,14,1,0.33238370879532225
3672,923.3000000000001,10,1,0.3322839936826837
3673,923.3,10,1,0.3321843084845789
3674,940.5,17,1,0.33208465319203356
3675,1008.7,14,1,0.33198502779607597
3676,1003.3,8,1,0.33188543228773715
3677,1023.3,8,1,0.3317858666580508
3678,973.3,9,1,0.33168633089805344
3679,862.3000000000001,20,1,0.33158682499878406
3680,956.9,13,1,0.33148734895128446
3681,835.9000000000001,23,1,0.3313879027465991
3682,1025.1,10,1,0.3312884863757751
3683,1005.1,10,1,0.3311890998298624
3684,973.3,9,1,0.33108974309991346
3685,1023.3,8,1,0.3309904161769835
3686,886.9000000000001,14,1,0.3308911190521304
3687,973.3,9,1,0.3307918517164148
3688,973.3,9,1,0.3306926141608999
3689,938.7,15,1,0.33059340637665163
3690,1025.1,10,1,0.33049422835473863
3691,983.3,8,1,0.3303950800862322
3692,955.1,11,1,0.33029596156220636
3693,962.3,19,1,0.3301968727737377
3694,985.1,10,1,0.3300978137119056
3695,1026.9,12,1,0.32999878436779206
3696,864.1,21,1,0.3298997847324817
3697,945.9,23,1,0.32980081479706197
3698,973.3,9,1,0.32970187455262284
3699,973.3,9,1,0.32960296399025707
3700,1023.3,8,1,0.32950408310106
3701,973.3,9,1,0.3294052318761297
3702,1023.3,8,1,0.3293064103065669
3703,986.9,12,1,0.3292076183834749
3704,1023.3,8,1,0.32910885609795987
3705,1023.3,8,1,0.3290101234411305
3706,1023.3,8,1,0.32891142040409815
3707,955.1,11,1,0.3288127469779769
3708,935.1,11,1,0.32871410315388355
3709,1026.9,12,1,0.3286154889229374
3710,926.9,14,1,0.3285169042762605
3711,886.9000000000001,14,1,0.32841834920497764
3712,973.3,9,1,0.3283198237002162
3713,758.7,19,1,0.32822132775310614
3714,938.6999999999999,15,1,0.3281228613547802
3715,748.5,39,1,0.32802442449637376
3716,973.3,9,1,0.32792601716902486
3717,794.1000000000001,24,1,0.32782763936387416
3718,780.5,18,1,0.327729291072065
3719,912.3000000000001,20,1,0.3276309722847434
3720,928.7,16,1,0.327532682993058
3721,1023.3,8,1,0.3274344231881601
3722,980.5,17,1,0.32733619286120363
3723,925.1,12,1,0.3272379920033453
3724,1028.7,14,1,0.3271398206057443
3725,978.7,15,1,0.3270416786595626
3726,975.1,11,1,0.3269435661559647
3727,988.6999999999999,14,1,0.32684548308611794
3728,975.1,11,1,0.3267474294411921
3729,978.7,15,1,0.32664940521235974
3730,986.9,12,1,0.32655141039079605
3731,860.5,18,1,0.3264534449676788
3732,720.5,21,1,0.3263555089341885
3733,962.3,19,1,0.3262576022815083
3734,928.7,16,1,0.32615972500082385
3735,1025.1,10,1,0.3260618770833236
3736,976.9,13,1,0.32596405852019866
3737,925.1,12,1,0.3258662693026426
3738,975.1,11,1,0.3257685094218518
3739,965.1,10,1,0.3256707788690253
3740,1003.3,8,1,0.3255730776353646
3741,1025.1,10,1,0.325475405712074
3742,925.1,12,1,0.3253777630903604
3743,926.9000000000001,14,1,0.32528014976143327
3744,1003.3,8,1,0.32518256571650483
3745,875.1,13,1,0.3250850109467899
3746,923.3,10,1,0.32498748544350586
3747,870.5,17,1,0.3248899891978728
3748,953.3,9,1,0.3247925222011135
3749,1008.7,14,1,0.32469508444445316
3750,1025.1,10,1,0.32459767591911987
3751,865.1,12,1,0.32450029661634416
3752,976.9,13,1,0.3244029465273593
3753,935.1,11,1,0.3243056256434011
3754,978.7,15,1,0.3242083339557081
3755,1023.3,8,1,0.32411107145552137
3756,928.7,16,1,0.32401383813408474
3757,1023.3,8,1,0.32391663398264453
3758,966.9,12,1,0.32381945899244974
3759,898.7,15,1,0.32372231315475203
3760,975.1,11,1,0.3236251964608056
3761,955.1,11,1,0.3235281089018674
3762,1023.3,8,1,0.32343105046919685
3763,946.9,12,1,0.3233340211540561
3764,933.3,9,1,0.32323702094770984
3765,708.6999999999999,20,1,0.3231400498414255
3766,975.1,11,1,0.3230431078264731
3767,933.3,9,1,0.3229461948941252
3768,888.7,16,1,0.32284931103565695
3769,868.7,16,1,0.3227524562423463
3770,899.5,28,1,0.3226556305054736
3771,1026.9,12,1,0.32255883381632194
3772,992.3,18,1,0.32246206616617706
3773,1030.5,16,1,0.32236532754632724
3774,976.9,13,1,0.32226861794806333
3775,880.5,18,1,0.3221719373626789
3776,1006.9,12,1,0.3220752857814701
3777,975.1,11,1,0.32197866319573565
3778,958.6999999999999,15,1,0.32188206959677695
3779,976.9,13,1,0.3217855049758979
3780,975.1,11,1,0.32168896932440516
3781,1003.3,8,1,0.32159246263360786
3782,923.3000000000001,10,1,0.3214959848948178
3783,1023.3,8,1,0.32139953609934935
3784,806.9000000000001,16,1,0.32130311623851954
3785,1026.9,12,1,0.32120672530364797
3786,973.3,9,1,0.3211103632860569
3787,973.3,9,1,0.3210140301770711
3788,975.1,11,1,0.320917725968018
3789,1030.5,16,1,0.3208214506502276
3790,908.7,16,1,0.32072520421503253
3791,895.1,11,1,0.32062898665376804
3792,1025.1,10,1,0.3205327979577719
3793,975.1,11,1,0.3204366381183846
3794,875.1,13,1,0.32034050712694906
3795,1003.3,8,1,0.320244404974811
3796,1025.1,10,1,0.3201483316533186
3797,973.3,9,1,0.3200522871538226
3798,955.1,11,1,0.31995627146767647
3799,1005.1,10,1,0.31986028458623617
3800,760.5,21,1,0.3197643265008603
3801,975.1,11,1,0.31966839720291
3802,873.3000000000001,11,1,0.31957249668374915
3803,1005.1,10,1,0.31947662493474405
3804,1003.3,8,1,0.31938078194726366
3805,888.7,16,1,0.3192849677126795
3806,975.1,11,1,0.3191891822223657
3807,910.5,17,1,0.319093425467699
3808,1023.3,8,1,0.3189976974400587
3809,868.7,15,1,0.31890199813082665
3810,960.5,17,1,0.31880632753138743
3811,973.3,9,1,0.31871068563312804
3812,1026.9,12,1,0.31861507242743814
3813,973.3,9,1,0.31851948790570994
3814,935.1,11,1,0.3184239320593382
3815,936.9,13,1,0.3183284048797204
3816,960.5,17,1,0.3182329063582565
3817,980.5,17,1,0.31813743648634907
3818,1025.1,10,1,0.31804199525540316
3819,1010.5,16,1,0.31794658265682657
3820,825.1,14,1,0.31785119868202955
3821,973.3,9,1,0.31775584332242496
3822,928.7,16,1,0.31766051656942823
3823,873.3,11,1,0.3175652184144574
3824,1023.3,8,1,0.3174699488489331
3825,831.9000000000001,15,1,0.3173747078642784
3826,973.3,9,1,0.31727949545191914
3827,1023.3,8,1,0.3171843116032836
3828,955.1,11,1,0.3170891563098026
3829,975.1,11,1,0.3169940295629097
3830,976.9,13,1,0.3168989313540408
3831,982.3,19,1,0.3168038616746346
3832,973.3,9,1,0.3167088205161322
3833,938.7,15,1,0.3166138078699774
3834,926.9,14,1,0.3165188237276164
3835,975.1,11,1,0.31642386808049816
3836,1025.1,10,1,0.316328940920074
3837,878.7,17,1,0.316234042237798
3838,1025.1,10,1,0.31613917202512665
3839,925.1,12,1,0.31604433027351914
3840,915.1,11,1,0.3159495169744371
3841,925.1,12,1,0.3158547321193447
3842,1023.3,8,1,0.31575997569970893
3843,880.5,18,1,0.31566524770699905
3844,1003.3,8,1,0.315570548132687
3845,973.3,9,1,0.3154758769682472
3846,1025.1,10,1,0.31538123420515674
3847,1023.3,8,1,0.3152866198348952
3848,918.7,14,1,0.31519203384894473
3849,1026.9,12,1,0.31509747623879003
3850,1026.9,12,1,0.3150029469959184
3851,976.9,13,1,0.3149084461118196
3852,923.3,10,1,0.3148139735779861
3853,1023.3,8,1,0.3147195293859127
3854,988.7,14,1,0.31462511352709693
3855,1026.9,12,1,0.31453072599303883
3856,925.1,12,1,0.31443636677524095
3857,973.3,9,1,0.31434203586520837
3858,1023.3,8,1,0.3142477332544488
3859,926.9000000000001,14,1,0.3141534589344725
3860,1023.3,8,1,0.3140592128967922
3861,667.6999999999998,28,1,0.31396499513292314
3862,865.1,12,1,0.3138708056343833
3863,1026.9,12,1,0.313776644392693
3864,933.3,9,1,0.3136825113993752
3865,905.1,12,1,0.3135884066459554
3866,840.5000000000001,19,1,0.3134943301239616
3867,986.9,12,1,0.3134002818249244
3868,925.1,12,1,0.31330626174037696
3869,1028.7,14,1,0.31321226986185485
3870,923.3000000000001,10,1,0.3131183061808963
3871,1023.3,8,1,0.31302437068904204
3872,985.1,10,1,0.31293046337783537
3873,985.1,10,1,0.31283658423882205
3874,1023.3,8,1,0.3127427332635504
3875,973.3,9,1,0.31264891044357135
3876,855.1,13,1,0.31255511577043826
3877,1005.1,10,1,0.3124613492357071
3878,958.6999999999999,15,1,0.3123676108309364
3879,953.3,9,1,0.3122739005476871
3880,935.1,11,1,0.3121802183775228
3881,864.1,22,1,0.31208656431200954
3882,925.1,12,1,0.31199293834271596
3883,975.1,11,1,0.31189934046121315
3884,983.3,8,1,0.3118057706590748
3885,973.3,9,1,0.3117122289278771
3886,973.3,9,1,0.3116187152591987
3887,985.1,10,1,0.311525229644621
3888,906.9,14,1,0.3114317720757276
3889,933.3,9,1,0.31133834254410486
3890,975.1,11,1,0.31124494104134165
3891,1025.1,10,1,0.31115156755902923
3892,946.9,12,1,0.31105822208876155
3893,975.1,11,1,0.31096490462213494
3894,876.9000000000001,15,1,0.3108716151507483
3895,1025.1,10,1,0.3107783536662031
3896,831.3000000000001,31,1,0.31068512016010325
3897,973.3,9,1,0.3105919146240552
3898,873.3000000000001,11,1,0.310498737049668
3899,1025.1,10,1,0.3104055874285531
3900,1023.3,8,1,0.3103124657523246
3901,896.9,13,1,0.31021937201259886
3902,938.7,15,1,0.31012630620099507
3903,953.3,9,1,0.3100332683091348
3904,975.1,11,1,0.3099402583286421
3905,780.5000000000001,21,1,0.3098472762511435
3906,1025.1,10,1,0.30975432206826814
3907,908.7,16,1,0.3096613957716477
3908,928.7,16,1,0.3095684973529162
3909,926.9000000000001,14,1,0.3094756268037103
3910,1025.1,10,1,0.3093827841156692
3911,975.1,11,1,0.3092899692804345
3912,1025.1,10,1,0.3091971822896504
3913,1010.5,16,1,0.3091044231349635
3914,880.5000000000001,19,1,0.309011691808023
3915,1026.9,12,1,0.3089189883004806
3916,1026.9,12,1,0.30882631260399046
3917,1026.9,12,1,0.3087336647102093
3918,1025.1,10,1,0.3086410446107962
3919,1025.1,10,1,0.308548452297413
3920,926.9,14,1,0.3084558877617238
3921,1025.1,10,1,0.30836335099539525
3922,1026.9,12,1,0.30827084199009663
3923,928.7,16,1,0.3081783607374996
3924,1008.7,14,1,0.30808590722927837
3925,975.1,11,1,0.3079934814571096
3926,926.9000000000001,14,1,0.30790108341267247
3927,1026.9,12,1,0.3078087130876487
3928,706.7,37,1,0.3077163704737224
3929,1025.1,10,1,0.3076240555625803
3930,976.9,13,1,0.30753176834591156
3931,976.9,13,1,0.30743950881540777
3932,1026.9,12,1,0.30734727696276315
3933,1026.9,12,1,0.30725507277967434
3934,976.9,13,1,0.30716289625784043
3935,975.1,11,1,0.3070707473889631
3936,976.9,13,1,0.3069786261647464
3937,910.5,18,1,0.306886532576897
3938,880.5,19,1,0.30679446661712395
3939,1025.1,10,1,0.30670242827713884
3940,958.7,15,1,0.3066104175486557
3941,828.7,18,1,0.3065184344233911
3942,926.9000000000001,14,1,0.3064264788930641
3943,1025.1,10,1,0.3063345509493962
3944,928.7,16,1,0.3062426505841114
3945,926.9,14,1,0.3061507777889362
3946,1025.1,10,1,0.3060589325555995
3947,826.9000000000001,16,1,0.30596711487583284
3948,1028.7,14,1,0.3058753247413701
3949,975.1,11,1,0.3057835621439477
3950,880.5,19,1,0.3056918270753045
3951,1026.9,12,1,0.3056001195271819
3952,890.5,18,1,0.3055084394913238
3953,1025.1,10,1,0.3054167869594764
3954,976.9,13,1,0.30532516192338854
3955,975.1,11,1,0.30523356437481153
3956,1028.7,14,1,0.3051419943054991
3957,906.9,14,1,0.30505045170720746
3958,876.9,15,1,0.3049589365716953
3959,975.1,11,1,0.3048674488907238
3960,1030.5,16,1,0.3047759886560566
3961,1025.1,10,1,0.3046845558594598
3962,978.7,15,1,0.30459315049270197
3963,1028.7,14,1,0.3045017725475542
3964,828.7,18,1,0.30441042201578994
3965,944.1,20,1,0.30431909888918524
3966,975.1,11,1,0.3042278031595185
3967,940.5,17,1,0.3041365348185706
3968,1025.1,10,1,0.30404529385812507
3969,926.9000000000001,14,1,0.3039540802699676
3970,975.1,11,1,0.3038628940458866
3971,1010.5,16,1,0.30377173517767286
3972,910.5,18,1,0.3036806036571196
3973,984.1,21,1,0.30358949947602243
3974,980.5,17,1,0.30349842262617965
3975,1025.1,10,1,0.3034073730993918
3976,1026.9,12,1,0.303316350887462
3977,976.9,13,1,0.3032253559821958
3978,942.3,19,1,0.30313438837540113
3979,912.3,20,1,0.3030434480588885
3980,1025.1,10,1,0.30295253502447084
3981,854.1,21,1,0.30286164926396353
3982,1006.9,12,1,0.30277079076918434
3983,978.7,15,1,0.3026799595319536
3984,923.3000000000001,10,1,0.302589155544094
3985,888.7,15,1,0.30249837879743074
3986,965.1,10,1,0.3024076292837915
3987,833.3000000000001,11,1,0.30231690699500635
3988,888.7,16,1,0.3022262119229079
3989,932.3000000000001,19,1,0.302135544059331
3990,925.1,12,1,0.30204490339611323
3991,976.9,13,1,0.30195428992509443
3992,1025.1,10,1,0.30186370363811693
3993,910.5,18,1,0.3017731445270255
3994,1026.9,12,1,0.3016826125836674
3995,828.7,18,1,0.3015921077998923
3996,1032.3,18,1,0.3015016301675524
3997,878.7,17,1,0.3014111796785021
3998,928.7,16,1,0.3013207563245986
3999,992.3,18,1,0.3012303600977012
4000,1028.7,14,1,0.3011399909896719
4001,878.7,17,1,0.301049648992375
4002,1026.9,12,1,0.30095933409767733
4003,1026.9,12,1,0.30086904629744804
4004,973.3,9,1,0.3007787855835588
4005,926.9000000000001,14,1,0.30068855194788374
4006,1023.3,8,1,0.3005983453822994
4007,896.9000000000001,13,1,0.30050816587868473
4008,988.6999999999999,14,1,0.30041801342892116
4009,985.1,10,1,0.3003278880248925
4010,1026.9,12,1,0.3002377896584851
4011,983.3,8,1,0.30014771832158754
4012,940.5,17,1,0.30005767400609107
4013,973.3,9,1,0.29996765670388925
4014,1005.1,10,1,0.2998776664068781
4015,1003.3,8,1,0.299787703106956
4016,898.7,15,1,0.29969776679602395
4017,1023.3,8,1,0.2996078574659852
4018,1023.3,8,1,0.2995179751087454
4019,858.7,17,1,0.2994281197162128
4020,1025.1,10,1,0.29933829128029793
4021,934.1,22,1,0.29924848979291385
4022,976.9,13,1,0.299158715245976
4023,1025.1,10,1,0.29906896763140217
4024,1026.9,12,1,0.2989792469411128
4025,835.1,13,1,0.2988895531670305
4026,975.1,11,1,0.2987998863010804
4027,1023.3,8,1,0.2987102463351901
4028,1005.1,10,1,0.29862063326128957
4029,883.3,10,1,0.2985310470713112
4030,975.1,11,1,0.2984414877571898
4031,975.1,11,1,0.29835195531086267
4032,976.9,13,1,0.2982624497242694
4033,1025.1,10,1,0.29817297098935214
4034,1026.9,12,1,0.29808351909805536
4035,876.9000000000001,15,1,0.29799409404232596
4036,880.5,19,1,0.2979046958141133
4037,823.3000000000001,12,1,0.29781532440536906
4038,926.9,14,1,0.29772597980804744
4039,975.1,11,1,0.29763666201410505
4040,976.9,13,1,0.29754737101550083
4041,976.9,13,1,0.2974581068041962
4042,978.6999999999999,15,1,0.29736886937215495
4043,976.9,13,1,0.2972796587113433
4044,930.5,18,1,0.2971904748137299
4045,867.3000000000001,21,1,0.2971013176712858
4046,926.9000000000001,14,1,0.2970121872759844
4047,975.1,11,1,0.2969230836198016
4048,928.7,16,1,0.29683400669471566
4049,925.1,12,1,0.29674495649270727
4050,980.5,17,1,0.2966559330057595
4051,926.9000000000001,14,1,0.2965669362258578
4052,892.3000000000001,20,1,0.29647796614499006
4053,875.1,13,1,0.29638902275514656
4054,1006.9,12,1,0.29630010604832
4055,926.9,14,1,0.2962112160165055
4056,876.9000000000001,15,1,0.29612235265170056
4057,926.9000000000001,14,1,0.29603351594590505
4058,1026.9,12,1,0.29594470589112126
4059,1025.1,10,1,0.29585592247935394
4060,956.9,13,1,0.29576716570261014
4061,945.9,23,1,0.29567843555289935
4062,975.1,11,1,0.2955897320222335
4063,875.1,13,1,0.2955010551026268
4064,975.1,11,1,0.29541240478609604
4065,1026.9,12,1,0.29532378106466023
4066,958.6999999999999,15,1,0.2952351839303408
4067,1030.5,16,1,0.29514661337516174
4068,1026.9,12,1,0.2950580693911492
4069,976.9,13,1,0.29496955197033187
4070,815.9000000000001,26,1,0.29488106110474077
4071,1025.1,10,1,0.29479259678640934
4072,958.6999999999999,15,1,0.29470415900737346
4073,975.1,11,1,0.29461574775967125
4074,1028.7,14,1,0.2945273630353434
4075,834.1000000000001,24,1,0.2944390048264328
4076,730.5,22,1,0.2943506731249849
4077,958.7,15,1,0.29426236792304744
4078,975.1,11,1,0.2941740892126705
4079,1023.3,8,1,0.29408583698590673
4080,978.7,15,1,0.293997611234811
4081,930.5,18,1,0.29390941195144055
4082,878.7,17,1,0.2938212391278551
4083,1025.1,10,1,0.29373309275611675
4084,975.1,11,1,0.29364497282828994
4085,1025.1,10,1,0.2935568793364415
4086,908.7,16,1,0.29346881227264054
4087,986.9,12,1,0.29338077162895876
4088,1012.3,18,1,0.29329275739747007
4089,982.3,19,1,0.2932047695702508
4090,678.6999999999999,21,1,0.29311680813937974
4091,976.9,13,1,0.2930288730969379
4092,1028.7,14,1,0.29294096443500883
4093,973.3,9,1,0.29285308214567835
4094,812.3000000000001,22,1,0.2927652262210346
4095,1030.5,16,1,0.29267739665316833
4096,892.3,20,1,0.2925895934341724
4097,976.9,13,1,0.29250181655614216
4098,1026.9,12,1,0.2924140660111753
4099,1025.1,10,1,0.29232634179137196
4100,837.7,26,1,0.2922386438888346
4101,1008.7,14,1,0.29215097229566794
4102,983.3,8,1,0.29206332700397925
4103,985.1,10,1,0.2919757080058781
4104,976.9,13,1,0.2918881152934763
4105,953.3,9,1,0.2918005488588883
4106,906.9000000000001,14,1,0.2917130086942306
4107,1023.3,8,1,0.29162549479162236
4108,906.9,14,1,0.2915380071431849
4109,1026.9,12,1,0.29145054574104196
4110,1023.3,8,1,0.2913631105773197
4111,935.1,11,1,0.2912757016441465
4112,953.3,9,1,0.29118831893365327
4113,1005.1,10,1,0.2911009624379732
4114,866.9000000000001,14,1,0.2910136321492418
4115,884.1000000000001,23,1,0.29092632805959706
4116,976.9,13,1,0.29083905016117917
4117,1015.9,22,1,0.2907517984461308
4118,1026.9,12,1,0.290664572906597
4119,876.9000000000001,15,1,0.290577373534725
4120,1025.1,10,1,0.2904902003226646
4121,975.1,11,1,0.2904030532625678
4122,975.1,11,1,0.2903159323465891
4123,978.6999999999999,15,1,0.2902288375668851
4124,1025.1,10,1,0.29014176891561505
4125,975.1,11,1,0.2900547263849404
4126,926.9,14,1,0.2899677099670249
4127,632.2999999999998,26,1,0.28988071965403484
4128,1025.1,10,1,0.2897937554381386
4129,925.1,12,1,0.2897068173115072
4130,976.9,13,1,0.28961990526631376
4131,811.9000000000001,16,1,0.28953301929473385
4132,818.7,17,1,0.28944615938894547
4133,926.9000000000001,14,1,0.2893593255411288
4134,1025.1,10,1,0.28927251774346646
4135,1026.9,12,1,0.28918573598814346
4136,1028.7,14,1,0.28909898026734704
4137,828.7,18,1,0.28901225057326685
4138,975.1,11,1,0.28892554689809485
4139,976.9,13,1,0.2888388692340254
4140,975.1,11,1,0.2887522175732552
4141,885.9000000000001,25,1,0.28866559190798324
4142,976.9,13,1,0.28857899223041084
4143,1025.1,10,1,0.2884924185327417
4144,976.9,13,1,0.2884058708071819
4145,879.5,28,1,0.28831934904593975
4146,1025.1,10,1,0.288232853241226
4147,975.1,11,1,0.2881463833852536
4148,980.5,17,1,0.28805993947023806
4149,973.3,9,1,0.287973521488397
4150,928.7,16,1,0.2878871294319505
4151,827.3000000000001,22,1,0.28780076329312093
4152,775.1,15,1,0.28771442306413303
4153,880.5,19,1,0.2876281087372138
4154,960.5,17,1,0.28754182030459263
4155,973.3,9,1,0.2874555577585013
4156,608.6999999999998,21,1,0.28736932109117375
4157,1023.3,8,1,0.2872831102948464
4158,988.7,14,1,0.28719692536175795
4159,975.1,11,1,0.28711076628414944
4160,883.3000000000001,10,1,0.28702463305426423
4161,847.7,27,1,0.28693852566434797
4162,926.9000000000001,14,1,0.2868524441066487
4163,828.7,17,1,0.28676638837341667
4164,965.1,10,1,0.28668035845690465
4165,983.3,8,1,0.2865943543493676
4166,905.1,12,1,0.2865083760430628
4167,780.5,19,1,0.2864224235302499
4168,1026.9,12,1,0.28633649680319084
4169,1025.1,10,1,0.2862505958541499
4170,1023.3,8,1,0.28616472067539367
4171,1023.3,8,1,0.28607887125919107
4172,1023.3,8,1,0.2859930475978133
4173,1023.3,8,1,0.285907249683534
4174,986.9,12,1,0.2858214775086289
4175,1023.3,8,1,0.2857357310653763
4176,886.9,14,1,0.2856500103460567
4177,906.9000000000001,14,1,0.2855643153429529
4178,966.9,12,1,0.28547864604835005
4179,923.3000000000001,10,1,0.2853930024545355
4180,935.1,11,1,0.28530738455379917
4181,876.9000000000001,13,1,0.28522179233843303
4182,933.3,9,1,0.2851362258007315
4183,886.9000000000001,14,1,0.2850506849329913
4184,820.5000000000001,18,1,0.2849651697275114
4185,1025.1,10,1,0.28487968017659315
4186,1028.7,14,1,0.2847942162725402
4187,1025.1,10,1,0.2847087780076584
4188,923.3,10,1,0.28462336537425614
4189,896.9,13,1,0.2845379783646439
4190,978.7,15,1,0.2844526169711345
4191,973.3,9,1,0.28436728118604315
4192,985.1,10,1,0.28428197100168734
4193,818.7,17,1,0.28419668641038687
4194,876.9000000000001,15,1,0.28411142740446377
4195,975.1,11,1,0.28402619397624246
4196,988.6999999999999,14,1,0.2839409861180496
4197,970.5,16,1,0.28385580382221415
4198,935.9,22,1,0.2837706470810675
4199,1025.1,10,1,0.2836855158869432
4200,953.3,9,1,0.28360041023217714
4201,973.3,9,1,0.2835153301091075
4202,985.1,10,1,0.28343027551007477
4203,942.3,19,1,0.28334524642742176
4204,1028.7,14,1,0.28326024285349355
4205,983.3,8,1,0.28317526478063754
4206,1025.1,10,1,0.28309031220120334
4207,978.7,15,1,0.283005385107543
4208,1026.9,12,1,0.2829204834920107
4209,1026.9,12,1,0.2828356073469631
4210,1006.9,12,1,0.282750756664759
4211,955.1,11,1,0.2826659314377596
4212,1008.7,14,1,0.28258113165832827
4213,976.9,13,1,0.28249635731883077
4214,1025.1,10,1,0.28241160841163515
4215,883.3000000000001,10,1,0.2823268849291117
4216,928.7,16,1,0.28224218686363295
4217,975.1,11,1,0.28215751420757385
4218,973.3,9,1,0.2820728669533116
4219,1025.1,10,1,0.28198824509322556
4220,1026.9,12,1,0.28190364861969763
4221,1023.3,8,1,0.28181907752511176
4222,975.1,11,1,0.28173453180185426
4223,1025.1,10,1,0.2816500114423137
4224,975.1,11,1,0.28156551643888106
4225,975.1,11,1,0.2814810467839494
4226,858.7,17,1,0.28139660246991427
4227,828.7,18,1,0.2813121834891733
4228,1025.1,10,1,0.28122778983412655
4229,973.3,9,1,0.2811434214971763
4230,975.1,11,1,0.28105907847072714
4231,858.7,17,1,0.2809747607471859
4232,983.3,8,1,0.28089046831896175
4233,856.9,15,1,0.28080620117846605
4234,983.3,8,1,0.2807219593181125
4235,985.1,10,1,0.28063774273031705
4236,926.9000000000001,14,1,0.280553551407498
4237,962.3,19,1,0.28046938534207577
4238,1003.3,8,1,0.2803852445264732
4239,973.3,9,1,0.28030112895311526
4240,935.1,11,1,0.2802170386144293
4241,814.1,22,1,0.280132973502845
4242,925.1,12,1,0.28004893361079414
4243,976.9,13,1,0.2799649189307109
4244,973.3,9,1,0.2798809294550317
4245,980.5,17,1,0.2797969651761952
4246,1026.9,12,1,0.27971302608664234
4247,1023.3,8,1,0.27962911217881636
4248,1023.3,8,1,0.27954522344516275
4249,1023.3,8,1,0.2794613598781292
4250,973.3,9,1,0.27937752147016576
4251,975.1,11,1,0.27929370821372473
4252,975.1,11,1,0.2792099201012606
4253,983.3,8,1,0.27912615712523026
4254,973.3,9,1,0.2790424192780927
4255,985.1,10,1,0.2789587065523093
4256,976.9,13,1,0.2788750189403436
4257,1023.3,8,1,0.2787913564346615
4258,936.9,13,1,0.2787077190277311
4259,853.3,11,1,0.2786241067120228
4260,973.3,9,1,0.27854051948000924
4261,935.1,11,1,0.27845695732416526
4262,864.1000000000001,23,1,0.27837342023696804
4263,930.5,18,1,0.27828990821089694
4264,1023.3,8,1,0.2782064212384337
4265,1023.3,8,1,0.27812295931206216
4266,1023.3,8,1,0.27803952242426855
4267,1023.3,8,1,0.27795611056754127
4268,1026.9,12,1,0.277872723734371
4269,975.1,11,1,0.2777893619172507
4270,883.3,10,1,0.27770602510867554
4271,835.1,13,1,0.27762271330114296
4272,965.1,10,1,0.27753942648715263
4273,976.9,13,1,0.2774561646592065
4274,975.1,11,1,0.2773729278098087
4275,983.3,8,1,0.2772897159314658
4276,1023.3,8,1,0.27720652901668635
4277,886.9000000000001,14,1,0.27712336705798135
4278,975.1,11,1,0.277040230047864
4279,985.1,10,1,0.27695711797884964
4280,836.9000000000001,15,1,0.276874030843456
4281,1025.1,10,1,0.276790968634203
4282,844.1,22,1,0.27670793134361277
4283,1023.3,8,1,0.2766249189642097
4284,955.1,11,1,0.27654193148852046
4285,894.1,21,1,0.2764589689090739
4286,1023.3,8,1,0.2763760312184012
4287,846.9000000000001,14,1,0.2762931184090357
4288,988.7,14,1,0.276210230473513
4289,906.9000000000001,14,1,0.27612736740437094
4290,978.6999999999999,15,1,0.2760445291941496
4291,1025.1,10,1,0.27596171583539136
4292,945.1,10,1,0.27587892732064073
4293,945.1,10,1,0.2757961636424445
4294,973.3,9,1,0.2757134247933518
4295,973.3,9,1,0.27563071076591383
4296,1005.1,10,1,0.27554802155268404
4297,953.3,9,1,0.2754653571462182
4298,1025.1,10,1,0.2753827175390744
4299,955.1,11,1,0.27530010272381267
4300,975.1,11,1,0.27521751269299555
4301,906.9000000000001,14,1,0.27513494743918765
4302,953.3,9,1,0.2750524069549559
4303,1023.3,8,1,0.27496989123286947
4304,1026.9,12,1,0.2748874002654996
4305,1003.3,8,1,0.27480493404542
4306,1023.3,8,1,0.27472249256520637
4307,1005.1,10,1,0.2746400758174368
4308,865.1,12,1,0.2745576837946916
4309,892.3,20,1,0.2744753164895532
4310,926.9,14,1,0.2743929738946063
4311,975.1,11,1,0.2743106560024379
4312,1006.9,12,1,0.2742283628056372
4313,975.1,11,1,0.27414609429679554
4314,1010.5,16,1,0.2740638504685065
4315,926.9000000000001,14,1,0.27398163131336595
4316,975.1,11,1,0.27389943682397194
4317,976.9,13,1,0.27381726699292475
4318,1030.5,16,1,0.2737351218128269
4319,926.9,14,1,0.27365300127628306
4320,870.1,13,1,0.2735709053759002
4321,783.7,18,1,0.2734888341042874
4322,973.3,9,1,0.27340678745405617
4323,808.7,18,1,0.27332476541781997
4324,925.1,12,1,0.27324276798819463
4325,1025.1,10,1,0.2731607951577982
4326,1025.1,10,1,0.27307884691925083
4327,976.9,13,1,0.27299692326517505
4328,875.1,13,1,0.2729150241881955
4329,985.1,10,1,0.2728331496809391
4330,955.1,11,1,0.2727512997360348
4331,910.5,17,1,0.272669474346114
4332,1025.1,10,1,0.2725876735038102
4333,976.9,13,1,0.27250589720175905
4334,1025.1,10,1,0.2724241454325985
4335,975.1,11,1,0.27234241818896876
4336,1025.1,10,1,0.2722607154635121
4337,1028.7,14,1,0.27217903724887305
4338,1023.3,8,1,0.2720973835376984
4339,928.7,16,1,0.27201575432263714
4340,975.1,11,1,0.2719341495963404
4341,875.1,13,1,0.27185256935146146
4342,935.1,11,1,0.27177101358065603
4343,964.1,21,1,0.27168948227658185
4344,1026.9,12,1,0.2716079754318989
4345,882.3000000000001,21,1,0.27152649303926935
4346,1012.3,18,1,0.2714450350913576
4347,1025.1,10,1,0.27136360158083017
4348,930.5000000000001,18,1,0.27128219250035596
4349,975.1,11,1,0.27120080784260586
4350,1026.9,12,1,0.2711194476002531
4351,1010.5,16,1,0.27103811176597303
4352,876.9,15,1,0.27095680033244324
4353,1034.1,20,1,0.2708755132923435
4354,978.7,15,1,0.2707942506383558
4355,1025.1,10,1,0.2707130123631643
4356,975.1,11,1,0.27063179845945534
4357,980.5,17,1,0.2705506089199175
4358,1025.1,10,1,0.2704694437372415
4359,976.9,13,1,0.27038830290412036
4360,1026.9,12,1,0.27030718641324913
4361,1023.3,8,1,0.2702260942573252
4362,925.1,12,1,0.270145026429048
4363,976.9,13,1,0.27006398292111927
4364,908.7,16,1,0.2699829637262429
4365,964.1,21,1,0.26990196883712503
4366,948.7,14,1,0.2698209982464739
4367,973.3,9,1,0.26974005194699996
4368,975.1,11,1,0.2696591299314159
4369,1023.3,8,1,0.2695782321924365
4370,936.9,13,1,0.26949735872277875
4371,1026.9,12,1,0.26941650951516194
4372,910.5,18,1,0.2693356845623074
4373,960.5,17,1,0.2692548838569387
4374,973.3,9,1,0.2691741073917816
4375,840.5,18,1,0.26909335515956406
4376,1025.1,10,1,0.2690126271530162
4377,978.7,15,1,0.2689319233648703
4378,897.7,26,1,0.26885124378786085
4379,1028.7,14,1,0.2687705884147245
4380,1026.9,12,1,0.2686899572382001
4381,976.9,13,1,0.26860935025102867
4382,1023.3,8,1,0.2685287674459534
4383,976.9,13,1,0.2684482088157196
4384,1026.9,12,1,0.2683676743530749
4385,1023.3,8,1,0.26828716405076897
4386,958.6999999999999,15,1,0.2682066779015537
4387,926.9000000000001,14,1,0.26812621589818325
4388,1023.3,8,1,0.2680457780334138
4389,986.9,12,1,0.2679653643000038
4390,976.9,13,1,0.2678849746907138
4391,825.1,14,1,0.2678046091983066
4392,1025.1,10,1,0.26772426781554715
4393,921.9000000000001,14,1,0.2676439505352025
4394,980.5,17,1,0.26756365735004195
4395,975.1,11,1,0.26748338825283696
4396,1025.1,10,1,0.2674031432363611
4397,1026.9,12,1,0.2673229222933902
4398,1025.1,10,1,0.2672427254167022
4399,1025.1,10,1,0.2671625525990772
4400,955.1,11,1,0.26708240383329745
4401,984.1,21,1,0.26700227911214747
4402,964.1,21,1,0.2669221784284138
4403,930.5,18,1,0.2668421017748853
4404,976.9,13,1,0.26676204914435286
4405,1025.1,10,1,0.26668202052960954
4406,912.3000000000001,20,1,0.2666020159234507
4407,874.1,22,1,0.26652203531867363
4408,1023.3,8,1,0.26644207870807807
4409,973.3,9,1,0.2663621460844657
4410,1023.3,8,1,0.26628223744064033
4411,976.9,13,1,0.2662023527694081
4412,875.1,13,1,0.2661224920635773
4413,873.3000000000001,11,1,0.2660426553159582
4414,873.3,11,1,0.2659628425193634
4415,930.1,11,1,0.26588305366660764
4416,960.5,17,1,0.2658032887505077
4417,1008.7,14,1,0.2657235477638825
4418,1025.1,10,1,0.2656438306995534
4419,888.7,16,1,0.2655641375503435
4420,1023.3,8,1,0.26548446830907846
4421,985.1,10,1,0.26540482296858575
4422,1005.1,10,1,0.2653252015216952
4423,983.3,8,1,0.2652456039612387
4424,1023.3,8,1,0.2651660302800503
4425,986.9,12,1,0.2650864804709663
4426,953.3,9,1,0.265006954526825
4427,975.1,11,1,0.26492745244046695
4428,926.9000000000001,14,1,0.2648479742047348
4429,928.7,16,1,0.2647685198124734
4430,1026.9,12,1,0.2646890892565297
4431,1023.3,8,1,0.2646096825297527
4432,1023.3,8,1,0.2645302996249938
4433,973.3,9,1,0.2644509405351063
4434,975.1,11,1,0.2643716052529458
4435,975.1,11,1,0.2642922937713699
4436,953.3,9,1,0.2642130060832385
4437,955.1,11,1,0.26413374218141356
4438,1003.3,8,1,0.26405450205875913
4439,975.1,11,1,0.2639752857081415
4440,933.3,9,1,0.26389609312242907
4441,958.6999999999999,15,1,0.2638169242944923
4442,1023.3,8,1,0.263737779217204
4443,935.1,11,1,0.26365865788343884
4444,923.3,10,1,0.2635795602860738
4445,958.7,15,1,0.263500486417988
4446,973.3,9,1,0.2634214362720626
4447,975.1,11,1,0.263342409841181
4448,1005.1,10,1,0.26326340711822865
4449,1025.1,10,1,0.2631844280960932
4450,1026.9,12,1,0.2631054727676644
4451,973.3,9,1,0.26302654112583407
4452,973.3,9,1,0.26294763316349634
4453,975.1,11,1,0.2628687488735473
4454,908.7,16,1,0.2627898882488852
4455,985.1,10,1,0.26271105128241057
4456,1025.1,10,1,0.26263223796702584
4457,906.9000000000001,14,1,0.26255344829563576
4458,973.3,9,1,0.26247468226114706
4459,988.7,14,1,0.26239593985646875
4460,825.1,14,1,0.26231722107451183
4461,935.1,11,1,0.26223852590818947
4462,923.3,10,1,0.262159854350417
4463,1023.3,8,1,0.26208120639411187
4464,868.3000000000001,11,1,0.2620025820321936
4465,926.9,14,1,0.261923981257584
4466,975.1,11,1,0.2618454040632067
4467,925.1,12,1,0.2617668504419878
4468,1023.3,8,1,0.2616883203868552
4469,1006.9,12,1,0.2616098138907391
4470,1003.3,8,1,0.2615313309465719
4471,935.1,11,1,0.2614528715472879
4472,983.3,8,1,0.26137443568582375
4473,973.3,9,1,0.26129602335511803
4474,1023.3,8,1,0.26121763454811153
4475,1025.1,10,1,0.2611392692577471
4476,975.1,11,1,0.2610609274769698
4477,958.6999999999999,15,1,0.26098260919872673
4478,1023.3,8,1,0.2609043144159671
4479,926.9000000000001,14,1,0.2608260431216423
4480,976.9,13,1,0.26074779530870584
4481,932.3,20,1,0.26066957097011323
4482,1026.9,12,1,0.2605913700988222
4483,1003.3,8,1,0.2605131926877926
4484,1025.1,10,1,0.2604350387299863
4485,860.5,19,1,0.2603569082183673
4486,988.7,14,1,0.2602788011459018
4487,982.3,19,1,0.260200717505558
4488,1025.1,10,1,0.26012265729030637
4489,956.9,13,1,0.26004462049311927
4490,985.1,10,1,0.25996660710697134
4491,1006.9,12,1,0.25988861712483924
4492,936.9,13,1,0.2598106505397018
4493,868.7,16,1,0.2597327073445399
4494,986.9,12,1,0.25965478753233656
4495,975.1,11,1,0.25957689109607684
4496,906.9000000000001,14,1,0.25949901802874803
4497,1025.1,10,1,0.2594211683233394
4498,868.7,16,1,0.2593433419728424
4499,923.3,10,1,0.25926553897025056
4500,986.9,12,1,0.2591877593085595
4501,983.3,8,1,0.2591100029807669
4502,973.3,9,1,0.2590322699798727
4503,923.3,10,1,0.25895456029887876
4504,1023.3,8,1,0.2588768739307891
4505,973.3,9,1,0.2587992108686099
4506,1026.9,12,1,0.2587215711053493
4507,933.3,9,1,0.25864395463401774
4508,973.3,9,1,0.2585663614476275
4509,973.3,9,1,0.25848879153919324
4510,884.1,20,1,0.2584112449017315
4511,1023.3,8,1,0.258333721528261
4512,825.1,14,1,0.25825622141180254
4513,858.7,17,1,0.25817874454537904
4514,973.3,9,1,0.25810129092201545
4515,970.5,16,1,0.25802386053473886
4516,1025.1,10,1,0.25794645337657846
4517,976.9,13,1,0.2578690694405655
4518,925.1,12,1,0.25779170871973334
4519,1025.1,10,1,0.25771437120711743
4520,1025.1,10,1,0.2576370568957553
4521,975.1,11,1,0.25755976577868656
4522,975.1,11,1,0.25748249784895294
4523,903.7,16,1,0.2574052530995983
4524,900.1,12,1,0.2573280315236684
4525,983.3,8,1,0.2572508331142113
4526,1006.9,12,1,0.25717365786427704
4527,956.9,13,1,0.2570965057669178
4528,1025.1,10,1,0.2570193768151877
4529,962.3,19,1,0.2569422710021432
4530,976.9,13,1,0.25686518832084254
4531,1025.1,10,1,0.2567881287643463
4532,925.1,12,1,0.25671109232571704
4533,1025.1,10,1,0.2566340789980193
4534,975.1,11,1,0.25655708877431993
4535,1025.1,10,1,0.25648012164768763
4536,926.9000000000001,14,1,0.25640317761119336
4537,976.9,13,1,0.25632625665791
4538,973.3,9,1,0.2562493587809126
4539,1030.5,16,1,0.25617248397327835
4540,1006.9,12,1,0.2560956322280864
4541,860.5000000000001,19,1,0.256018803538418
4542,932.3000000000001,20,1,0.2559419978973565
4543,962.3,19,1,0.2558652152979873
4544,926.9000000000001,14,1,0.25578845573339787
4545,975.1,11,1,0.25571171919667784
4546,975.1,11,1,0.25563500568091885
4547,980.5,16,1,0.25555831517921457
4548,1025.1,10,1,0.2554816476846608
4549,1025.1,10,1,0.2554050031903554
4550,908.7,16,1,0.2553283816893983
4551,845.9000000000001,25,1,0.2552517831748915
4552,1026.9,12,1,0.25517520763993906
4553,1028.7,14,1,0.25509865507764706
4554,789.5,30,1,0.2550221254811238
4555,1025.1,10,1,0.2549456188434795
4556,1026.9,12,1,0.25486913515782644
4557,1003.3,8,1,0.2547926744172791
4558,1026.9,12,1,0.2547162366149539
4559,814.1000000000001,24,1,0.25463982174396943
4560,1023.3,8,1,0.25456342979744623
4561,1025.1,10,1,0.254487060768507
4562,1025.1,10,1,0.2544107146502765
4563,926.9,14,1,0.2543343914358814
4564,1025.1,10,1,0.2542580911184506
4565,930.5,18,1,0.2541818136911151
4566,1026.9,12,1,0.2541055591470078
4567,976.9,13,1,0.25402932747926366
4568,1030.5,16,1,0.2539531186810199
4569,930.5,18,1,0.25387693274541556
4570,1025.1,10,1,0.25380076966559195
4571,1026.9,12,1,0.25372462943469226
4572,1006.9,12,1,0.25364851204586186
4573,1026.9,12,1,0.2535724174922481
4574,808.7,18,1,0.2534963457670005
4575,976.9,13,1,0.2534202968632704
4576,1023.3,8,1,0.2533442707742114
4577,875.1,13,1,0.25326826749297915
4578,978.6999999999999,15,1,0.2531922870127313
4579,1012.3,18,1,0.2531163293266275
4580,923.3,10,1,0.2530403944278295
4581,976.9,13,1,0.25296448230950114
4582,1028.7,14,1,0.2528885929648083
4583,975.1,11,1,0.2528127263869189
4584,910.5,18,1,0.2527368825690028
4585,1023.3,8,1,0.2526610615042321
4586,875.1,13,1,0.25258526318578084
4587,1026.9,12,1,0.2525094876068251
4588,1025.1,10,1,0.2524337347605431
4589,976.9,13,1,0.25235800464011493
4590,1025.1,10,1,0.2522822972387229
4591,752.3000000000001,22,1,0.2522066125495513
4592,1025.1,10,1,0.25213095056578644
4593,975.1,11,1,0.2520553112806167
4594,1026.9,12,1,0.2519796946872325
4595,975.1,11,1,0.25190410077882636
4596,892.3000000000001,20,1,0.2518285295485927
4597,1026.9,12,1,0.25175298098972815
4598,888.7,16,1,0.2516774550954312
4599,1028.7,14,1,0.2516019518589026
4600,1025.1,10,1,0.25152647127334493
4601,1025.1,10,1,0.25145101333196296
4602,1025.1,10,1,0.2513755780279634
4603,976.9,13,1,0.251300165354555
4604,925.1,12,1,0.25122477530494863
4605,976.9,13,1,0.2511494078723572
4606,1010.5,16,1,0.25107406304999547
4607,976.9,13,1,0.2509987408310805
4608,926.9000000000001,14,1,0.25092344120883114
4609,776.9000000000001,17,1,0.2508481641764685
4610,1026.9,12,1,0.25077290972721555
4611,975.1,11,1,0.2506976778542974
4612,975.1,11,1,0.2506224685509411
4613,983.3,8,1,0.25054728181037583
4614,910.5,17,1,0.2504721176258327
4615,982.3,19,1,0.25039697599054495
4616,1026.9,12,1,0.2503218568977478
4617,1025.1,10,1,0.25024676034067844
4618,938.7,15,1,0.25017168631257625
4619,978.7,15,1,0.2500966348066825
4620,1025.1,10,1,0.2500216058162405
4621,840.5,19,1,0.24994659933449564
4622,1025.1,10,1,0.2498716153546953
4623,975.1,11,1,0.2497966538700889
4624,1025.1,10,1,0.24972171487392789
4625,1025.1,10,1,0.2496467983594657
4626,1023.3,8,1,0.24957190431995788
4627,936.9,13,1,0.2494970327486619
4628,1026.9,12,1,0.2494221836388373
4629,976.9,13,1,0.24934735698374566
4630,1023.3,8,1,0.24927255277665056
4631,973.3,9,1,0.24919777101081758
4632,1023.3,8,1,0.24912301167951434
4633,838.7,17,1,0.2490482747760105
4634,975.1,11,1,0.2489735602935777
4635,1034.1,20,1,0.24889886822548962
4636,1026.9,12,1,0.24882419856502197
4637,1023.3,8,1,0.24874955130545248
4638,986.9,12,1,0.24867492644006087
4639,933.3,9,1,0.24860032396212886
4640,1026.9,12,1,0.24852574386494022
4641,1025.1,10,1,0.24845118614178074
4642,975.1,11,1,0.2483766507859382
4643,1025.1,10,1,0.24830213779070243
4644,1028.7,14,1,0.2482276471493652
4645,975.1,11,1,0.2481531788552204
4646,982.3,19,1,0.24807873290156385
4647,1025.1,10,1,0.2480043092816934
4648,925.1,12,1,0.2479299079889089
4649,1010.5,16,1,0.24785552901651223
4650,975.1,11,1,0.24778117235780728
4651,934.1000000000001,22,1,0.24770683800609994
4652,1025.1,10,1,0.24763252595469812
4653,975.1,11,1,0.24755823619691172
4654,926.9000000000001,14,1,0.24748396872605266
4655,1028.7,14,1,0.24740972353543486
4656,1005.1,10,1,0.24733550061837423
4657,1025.1,10,1,0.2472612999681887
4658,908.7,16,1,0.24718712157819828
4659,976.9,13,1,0.2471129654417248
4660,880.5,19,1,0.2470388315520923
4661,1025.1,10,1,0.2469647199026267
4662,1026.9,12,1,0.2468906304866559
4663,925.1,12,1,0.24681656329750992
4664,910.5,18,1,0.24674251832852068
4665,1025.1,10,1,0.24666849557302212
4666,1028.7,14,1,0.2465944950243502
4667,923.3000000000001,10,1,0.2465205166758429
4668,1026.9,12,1,0.24644656052084016
4669,1025.1,10,1,0.2463726265526839
4670,1025.1,10,1,0.24629871476471812
4671,1025.1,10,1,0.2462248251502887
4672,975.1,11,1,0.24615095770274362
4673,953.3,9,1,0.2460771124154328
4674,1008.7,14,1,0.2460032892817082
4675,923.3,10,1,0.2459294882949237
4676,866.9,14,1,0.24585570944843524
4677,1026.9,12,1,0.24578195273560072
4678,1023.3,8,1,0.24570821814978006
4679,975.1,11,1,0.24563450568433512
4680,1025.1,10,1,0.24556081533262983
4681,930.5000000000001,18,1,0.24548714708803004
4682,782.3000000000001,23,1,0.24541350094390366
4683,1010.5,16,1,0.2453398768936205
4684,1025.1,10,1,0.24526627493055242
4685,1025.1,10,1,0.24519269504807326
4686,1028.7,14,1,0.24511913723955883
4687,990.5,16,1,0.24504560149838697
4688,1028.7,14,1,0.24497208781793747
4689,976.9,13,1,0.2448985961915921
4690,1025.1,10,1,0.24482512661273462
4691,1025.1,10,1,0.24475167907475082
4692,1025.1,10,1,0.2446782535710284
4693,976.9,13,1,0.2446048500949571
4694,964.1,21,1,0.24453146863992864
4695,1025.1,10,1,0.24445810919933667
4696,930.5000000000001,18,1,0.24438477176657689
4697,1006.9,12,1,0.24431145633504692
4698,940.5,17,1,0.2442381628981464
4699,976.9,13,1,0.24416489144927697
4700,982.3,19,1,0.2440916419818422
4701,1006.9,12,1,0.24401841448924763
4702,960.5,16,1,0.24394520896490088
4703,1025.1,10,1,0.24387202540221142
4704,1028.7,14,1,0.24379886379459076
4705,1025.1,10,1,0.24372572413545238
4706,975.1,11,1,0.24365260641821174
4707,928.7,16,1,0.24357951063628627
4708,985.9,23,1,0.2435064367830954
4709,975.1,11,1,0.24343338485206045
4710,1025.1,10,1,0.24336035483660484
4711,1025.1,10,1,0.24328734673015387
4712,975.1,11,1,0.24321436052613482
4713,976.9,13,1,0.24314139621797698
4714,825.1,14,1,0.2430684537991116
4715,955.1,11,1,0.24299553326297188
4716,1030.5,16,1,0.242922634602993
4717,1006.9,12,1,0.2428497578126121
4718,905.1,12,1,0.24277690288526832
4719,1026.9,12,1,0.24270406981440273
4720,1026.9,12,1,0.2426312585934584
4721,925.1,12,1,0.24255846921588037
4722,1025.1,10,1,0.2424857016751156
4723,982.3,19,1,0.24241295596461307
4724,976.9,13,1,0.24234023207782368
4725,878.7,17,1,0.24226753000820034
4726,1025.1,10,1,0.2421948497491979
4727,1026.9,12,1,0.24212219129427315
4728,930.5,17,1,0.24204955463688488
4729,976.9,13,1,0.2419769397704938
4730,934.1000000000001,22,1,0.24190434668856267
4731,1006.9,12,1,0.2418317753845561
4732,975.1,11,1,0.24175922585194076
4733,956.9,13,1,0.2416866980841852
4734,975.1,11,1,0.24161419207475995
4735,983.3,8,1,0.24154170781713755
4736,1005.1,10,1,0.2414692453047924
4737,1003.3,8,1,0.241396804531201
4738,928.7,16,1,0.24132438548984164
4739,1025.1,10,1,0.2412519881741947
4740,1025.1,10,1,0.24117961257774242
4741,1025.1,10,1,0.24110725869396912
4742,1008.7,14,1,0.24103492651636094
4743,932.3000000000001,20,1,0.24096261603840605
4744,926.9000000000001,14,1,0.24089032725359452
4745,925.1,12,1,0.24081806015541846
4746,925.1,12,1,0.24074581473737183
4747,1030.5,16,1,0.24067359099295063
4748,1023.3,8,1,0.24060138891565275
4749,1026.9,12,1,0.24052920849897805
4750,964.1,20,1,0.24045704973642837
4751,1025.1,10,1,0.24038491262150743
4752,925.1,12,1,0.240312797147721
4753,942.3,18,1,0.2402407033085767
4754,1026.9,12,1,0.24016863109758413
4755,975.1,11,1,0.24009658050825486
4756,982.3,19,1,0.2400245515341024
4757,925.1,12,1,0.23995254416864217
4758,812.3000000000001,22,1,0.23988055840539158
4759,1025.1,10,1,0.23980859423786996
4760,1026.9,12,1,0.2397366516595986
4761,1028.7,14,1,0.2396647306641007
4762,917.7000000000002,26,1,0.2395928312449015
4763,1008.7,14,1,0.23952095339552804
4764,1025.1,10,1,0.23944909710950937
4765,1026.9,12,1,0.23937726238037652
4766,1026.9,12,1,0.2393054492016624
4767,978.6999999999999,15,1,0.23923365756690193
4768,926.9000000000001,14,1,0.23916188746963188
4769,975.1,11,1,0.239090138903391
4770,1026.9,12,1,0.23901841186172
4771,1008.7,14,1,0.23894670633816148
4772,976.9,13,1,0.23887502232626004
4773,978.7,15,1,0.23880335981956216
4774,1008.7,14,1,0.2387317188116163
4775,930.5,18,1,0.23866009929597284
4776,976.9,13,1,0.23858850126618406
4777,1023.3,8,1,0.2385169247158042
4778,1026.9,12,1,0.23844536963838947
4779,1025.1,10,1,0.23837383602749795
4780,1025.1,10,1,0.2383023238766897
4781,990.5,16,1,0.2382308331795267
4782,926.9,14,1,0.23815936392957285
4783,1026.9,12,1,0.23808791612039398
4784,1023.3,8,1,0.23801648974555786
4785,925.1,12,1,0.23794508479863422
4786,912.3000000000001,20,1,0.23787370127319463
4787,962.3,19,1,0.23780233916281268
4788,975.1,11,1,0.23773099846106385
4789,976.9,13,1,0.23765967916152553
4790,925.1,12,1,0.23758838125777706
4791,975.1,11,1,0.23751710474339974
4792,975.1,11,1,0.23744584961197673
4793,940.5,17,1,0.23737461585709316
4794,1023.3,8,1,0.23730340347233603
4795,1026.9,12,1,0.23723221245129433
4796,973.3,9,1,0.23716104278755895
4797,1032.3,18,1,0.2370898944747227
4798,875.1,13,1,0.2370187675063803
4799,976.9,13,1,0.2369476618761284
4800,1025.1,10,1,0.23687657757756556
4801,1025.1,10,1,0.2368055146042923
4802,980.5,17,1,0.236734472949911
4803,975.1,11,1,0.23666345260802604
4804,976.9,13,1,0.23659245357224365
4805,1026.9,12,1,0.23652147583617197
4806,1026.9,12,1,0.23645051939342113
4807,1025.1,10,1,0.2363795842376031
4808,975.1,11,1,0.23630867036233183
4809,925.1,12,1,0.23623777776122315
4810,975.1,11,1,0.23616690642789478
4811,1026.9,12,1,0.23609605635596642
4812,992.3,18,1,0.23602522753905963
4813,976.9,13,1,0.2359544199707979
4814,1023.3,8,1,0.2358836336448067
4815,975.1,11,1,0.23581286855471326
4816,925.1,12,1,0.23574212469414685
4817,976.9,13,1,0.23567140205673862
4818,975.1,11,1,0.2356007006361216
4819,976.9,13,1,0.23553002042593077
4820,1025.1,10,1,0.235459361419803
4821,1025.1,10,1,0.23538872361137708
4822,976.9,13,1,0.23531810699429367
4823,975.1,11,1,0.2352475115621954
4824,960.5,17,1,0.23517693730872674
4825,975.1,11,1,0.23510638422753413
4826,978.7,15,1,0.23503585231226587
4827,1028.7,14,1,0.2349653415565722
4828,1025.1,10,1,0.23489485195410523
4829,1023.3,8,1,0.234824383498519
4830,906.9,14,1,0.23475393618346946
4831,1026.9,12,1,0.23468351000261442
4832,975.1,11,1,0.23461310494961365
4833,1026.9,12,1,0.23454272101812879
4834,1025.1,10,1,0.23447235820182336
4835,890.5,18,1,0.23440201649436282
4836,973.3,9,1,0.23433169588941452
4837,1023.3,8,1,0.2342613963806477
4838,1023.3,8,1,0.2341911179617335
4839,1023.3,8,1,0.234120860626345
4840,990.5,16,1,0.2340506243681571
4841,1026.9,12,1,0.23398040918084667
4842,930.5000000000001,18,1,0.23391021505809242
4843,982.3,19,1,0.233840041993575
4844,973.3,9,1,0.23376988998097695
4845,975.1,11,1,0.23369975901398266
4846,984.1,21,1,0.23362964908627848
4847,976.9,13,1,0.2335595601915526
4848,932.3000000000001,20,1,0.23348949232349514
4849,1028.7,14,1,0.2334194454757981
4850,823.3,12,1,0.23334941964215536
4851,1005.1,10,1,0.23327941481626271
4852,1003.3,8,1,0.23320943099181785
4853,734.1000000000001,22,1,0.23313946816252032
4854,1026.9,12,1,0.23306952632207156
4855,978.7,15,1,0.23299960546417495
4856,745.9,26,1,0.2329297055825357
4857,926.9000000000001,14,1,0.23285982667086094
4858,885.9000000000001,25,1,0.2327899687228597
4859,615.8999999999997,28,1,0.23272013173224285
4860,982.3,19,1,0.23265031569272318
4861,926.9000000000001,14,1,0.23258052059801537
4862,1026.9,12,1,0.23251074644183597
4863,1025.1,10,1,0.23244099321790343
4864,975.1,11,1,0.23237126091993807
4865,973.3,9,1,0.2323015495416621
4866,973.3,9,1,0.2322318590767996
4867,1006.9,12,1,0.23216218951907658
4868,983.3,8,1,0.23209254086222086
4869,935.1,11,1,0.2320229130999622
4870,985.1,10,1,0.23195330622603222
4871,1003.3,8,1,0.23188372023416443
4872,1005.1,10,1,0.2318141551180942
4873,953.3,9,1,0.2317446108715588
4874,926.9000000000001,14,1,0.23167508748829732
4875,1003.3,8,1,0.23160558496205083
4876,936.9,13,1,0.2315361032865622
4877,1025.1,10,1,0.23146664245557624
4878,926.9,14,1,0.23139720246283957
4879,1003.3,8,1,0.23132778330210071
4880,988.7,14,1,0.2312583849671101
4881,1023.3,8,1,0.23118900745161997
4882,1028.7,14,1,0.23111965074938448
4883,1025.1,10,1,0.23105031485415967
4884,1026.9,12,1,0.23098099975970343
4885,975.1,11,1,0.23091170545977552
4886,1025.1,10,1,0.23084243194813758
4887,1026.9,12,1,0.23077317921855314
4888,1025.1,10,1,0.23070394726478757
4889,933.3000000000001,9,1,0.23063473608060814
4890,1023.3,8,1,0.23056554565978396
4891,1010.5,16,1,0.23049637599608602
4892,923.3,10,1,0.2304272270832872
4893,835.1,13,1,0.2303580989151622
4894,935.1,11,1,0.23028899148548768
4895,973.3,9,1,0.23021990478804205
4896,925.1,12,1,0.23015083881660564
4897,971.9,13,1,0.23008179356496067
4898,1026.9,12,1,0.2300127690268912
4899,926.9,14,1,0.22994376519618312
4900,1010.5,16,1,0.22987478206662426
4901,1028.7,14,1,0.22980581963200428
4902,1025.1,10,1,0.2297368778861147
4903,1025.1,10,1,0.22966795682274885
4904,1025.1,10,1,0.22959905643570203
4905,976.9,13,1,0.22953017671877132
4906,1025.1,10,1,0.2294613176657557
4907,976.9,13,1,0.22939247927045597
4908,1025.1,10,1,0.22932366152667485
4909,805.9000000000001,24,1,0.22925486442821685
4910,976.9,13,1,0.2291860879688884
4911,1025.1,10,1,0.22911733214249774
4912,1026.9,12,1,0.229048596942855
4913,976.9,13,1,0.22897988236377215
4914,926.9,14,1,0.22891118839906302
4915,973.3,9,1,0.2288425150425433
4916,875.1,13,1,0.22877386228803054
4917,975.1,11,1,0.22870523012934413
4918,1025.1,10,1,0.22863661856030534
4919,971.9,13,1,0.22856802757473726
4920,975.1,11,1,0.22849945716646486
4921,978.6999999999999,15,1,0.22843090732931493
4922,1028.7,14,1,0.22836237805711615
4923,988.7,14,1,0.22829386934369902
4924,1025.1,10,1,0.22822538118289593
4925,878.7,17,1,0.22815691356854106
4926,965.1,10,1,0.2280884664944705
4927,923.3000000000001,10,1,0.22802003995452216
4928,958.7,15,1,0.22795163394253581
4929,880.5,19,1,0.22788324845235305
4930,980.5,17,1,0.22781488347781736
4931,890.5,18,1,0.22774653901277403
4932,926.9,14,1,0.2276782150510702
4933,1025.1,10,1,0.22760991158655489
4934,925.1,12,1,0.22754162861307892
4935,988.7,14,1,0.227473366124495
4936,973.3,9,1,0.22740512411465766
4937,973.3,9,1,0.22733690257742326
4938,985.1,10,1,0.22726870150665004
4939,983.3,8,1,0.22720052089619805
4940,936.9,13,1,0.2271323607399292
4941,1026.9,12,1,0.22706422103170723
4942,1023.3,8,1,0.22699610176539772
4943,1023.3,8,1,0.22692800293486812
4944,923.3000000000001,10,1,0.22685992453398768
4945,923.3,10,1,0.2267918665566275
4946,1023.3,8,1,0.22672382899666052
4947,925.1,12,1,0.22665581184796152
4948,1010.5,16,1,0.22658781510440715
4949,1025.1,10,1,0.22651983875987583
4950,945.1,10,1,0.22645188280824788
4951,975.1,11,1,0.2263839472434054
4952,914.1,20,1,0.2263160320592324
4953,1025.1,10,1,0.22624813724961462
4954,1032.3,18,1,0.22618026280843975
4955,976.9,13,1,0.22611240872959723
4956,975.1,11,1,0.22604457500697836
4957,1025.1,10,1,0.22597676163447628
4958,1030.5,16,1,0.22590896860598594
4959,1025.1,10,1,0.22584119591540416
4960,976.9,13,1,0.22577344355662954
4961,975.1,11,1,0.22570571152356256
4962,1025.1,10,1,0.2256379998101055
4963,1026.9,12,1,0.22557030841016246
4964,1025.1,10,1,0.22550263731763942
4965,1005.1,10,1,0.22543498652644414
4966,1026.9,12,1,0.22536735603048622
4967,1030.5,16,1,0.22529974582367707
4968,1026.9,12,1,0.22523215589992998
4969,1023.3,8,1,0.22516458625316002
4970,930.5,18,1,0.22509703687728408
4971,988.7,14,1,0.2250295077662209
4972,978.6999999999999,15,1,0.22496199891389104
4973,975.1,11,1,0.2248945103142169
4974,983.3,8,1,0.22482704196112263
4975,1005.1,10,1,0.2247595938485343
4976,1003.3,8,1,0.22469216597037975
4977,1028.7,14,1,0.22462475832058865
4978,1026.9,12,1,0.22455737089309247
4979,976.9,13,1,0.22449000368182453
4980,928.7,14,1,0.22442265668072
4981,1028.7,14,1,0.2243553298837158
4982,983.3,8,1,0.22428802328475067
4983,935.1,11,1,0.22422073687776525
4984,896.9,13,1,0.22415347065670194
4985,983.3,8,1,0.22408622461550493
4986,985.1,10,1,0.22401899874812028
4987,1005.1,10,1,0.22395179304849586
4988,1028.7,14,1,0.2238846075105813
4989,1025.1,10,1,0.22381744212832816
4990,1025.1,10,1,0.22375029689568968
4991,1026.9,12,1,0.22368317180662098
4992,1025.1,10,1,0.223616066855079
4993,962.3,18,1,0.2235489820350225
4994,1023.3,8,1,0.223481917340412
4995,1023.3,8,1,0.22341487276520988
4996,985.1,10,1,0.22334784830338034
4997,988.7,14,1,0.22328084394888933
4998,925.1,12,1,0.22321385969570468
4999,1023.3,8,1,0.22314689553779596
5000,956.9,13,1,0.22307995146913462
5001,921.3000000000002,30,1,0.2230130274836939
5002,1025.1,10,1,0.2229461235754488
5003,888.7,16,1,0.22287923973837617
5004,1028.7,14,1,0.22281237596645467
5005,1023.3,8,1,0.22274553225366475
5006,1025.1,10,1,0.22267870859398867
5007,1025.1,10,1,0.22261190498141048
5008,1025.1,10,1,0.22254512140991606
5009,1025.1,10,1,0.2224783578734931
5010,975.1,11,1,0.22241161436613105
5011,1026.9,12,1,0.22234489088182122
5012,1025.1,10,1,0.22227818741455668
5013,976.9,13,1,0.22221150395833233
5014,925.1,12,1,0.22214484050714484
5015,976.9,13,1,0.2220781970549927
5016,1028.7,14,1,0.22201157359587623
5017,973.3,9,1,0.22194497012379746
5018,1028.7,14,1,0.22187838663276033
5019,973.3,9,1,0.2218118231167705
5020,1025.1,10,1,0.22174527956983547
5021,1023.3,8,1,0.22167875598596454
5022,970.1,11,1,0.22161225235916876
5023,958.7,15,1,0.22154576868346101
5024,1028.7,14,1,0.22147930495285598
5025,1025.1,10,1,0.22141286116137013
5026,1026.9,12,1,0.22134643730302173
5027,1025.1,10,1,0.22128003337183083
5028,1028.7,14,1,0.22121364936181928
5029,1026.9,12,1,0.22114728526701075
5030,976.9,13,1,0.22108094108143064
5031,1025.1,10,1,0.22101461679910622
5032,923.3000000000001,10,1,0.2209483124140665
5033,956.9,13,1,0.2208820279203423
5034,945.9,23,1,0.22081576331196623
5035,967.7,25,1,0.22074951858297265
5036,975.1,11,1,0.22068329372739776
5037,976.9,13,1,0.22061708873927954
5038,940.5,17,1,0.22055090361265778
5039,830.5,19,1,0.22048473834157398
5040,1026.9,12,1,0.22041859292007152
5041,1025.1,10,1,0.2203524673421955
5042,1026.9,12,1,0.22028636160199283
5043,940.5,17,1,0.22022027569351224
5044,1025.1,10,1,0.2201542096108042
5045,983.3,8,1,0.22008816334792097
5046,1006.9,12,1,0.22002213689891661
5047,975.1,11,1,0.21995613025784694
5048,953.3,9,1,0.21989014341876958
5049,1006.9,12,1,0.21982417637574397
5050,1025.1,10,1,0.21975822912283124
5051,956.9,13,1,0.2196923016540944
5052,1023.3,8,1,0.21962639396359818
5053,946.9,12,1,0.2195605060454091
5054,983.3,8,1,0.2194946378935955
5055,973.3,9,1,0.2194287895022274
5056,1026.9,12,1,0.21936296086537674
5057,973.3,9,1,0.21929715197711713
5058,986.9,12,1,0.219231362831524
5059,1023.3,8,1,0.21916559342267455
5060,973.3,9,1,0.21909984374464775
5061,1023.3,8,1,0.21903411379152435
5062,926.9000000000001,14,1,0.2189684035573869
5063,955.1,11,1,0.2189027130363197
5064,873.3000000000001,11,1,0.2188370422224088
5065,973.3,9,1,0.21877139110974209
5066,976.9,13,1,0.21870575969240916
5067,990.5,16,1,0.21864014796450143
5068,1025.1,10,1,0.21857455592011207
5069,986.9,12,1,0.21850898355333603
5070,908.7,16,1,0.21844343085827003
5071,985.1,10,1,0.21837789782901257
5072,933.3,9,1,0.21831238445966386
5073,1023.3,8,1,0.21824689074432596
5074,973.3,9,1,0.21818141667710267
5075,973.3,9,1,0.21811596225209953
5076,973.3,9,1,0.2180505274634239
5077,973.3,9,1,0.21798511230518489
5078,1023.3,8,1,0.21791971677149333
5079,1025.1,10,1,0.21785434085646188
5080,1025.1,10,1,0.21778898455420495
5081,953.3,9,1,0.2177236478588387
5082,1025.1,10,1,0.21765833076448104
5083,1023.3,8,1,0.2175930332652517
5084,973.3,9,1,0.21752775535527213
5085,973.3,9,1,0.21746249702866555
5086,1026.9,12,1,0.21739725827955694
5087,925.1,12,1,0.21733203910207308
5088,965.1,10,1,0.21726683949034245
5089,958.7,15,1,0.21720165943849534
5090,1025.1,10,1,0.2171364989406638
5091,935.1,11,1,0.21707135799098162
5092,975.1,11,1,0.21700623658358434
5093,955.1,11,1,0.21694113471260926
5094,1025.1,10,1,0.21687605237219548
5095,833.3000000000001,11,1,0.21681098955648384
5096,1023.3,8,1,0.2167459462596169
5097,986.9,12,1,0.21668092247573903
5098,975.1,11,1,0.2166159181989963
5099,1023.3,8,1,0.21655093342353662
5100,1023.3,8,1,0.21648596814350957
5101,1023.3,8,1,0.2164210223530665
5102,1023.3,8,1,0.2163560960463606
5103,976.9,13,1,0.2162911892175467
5104,978.7,15,1,0.21622630186078143
5105,923.3,10,1,0.2161614339702232
5106,973.3,9,1,0.21609658554003214
5107,935.1,11,1,0.21603175656437013
5108,1028.7,14,1,0.21596694703740082
5109,1023.3,8,1,0.21590215695328963
5110,1023.3,8,1,0.21583738630620364
5111,923.3,10,1,0.21577263509031178
5112,973.3,9,1,0.2157079032997847
5113,985.1,10,1,0.21564319092879478
5114,956.9,13,1,0.21557849797151615
5115,975.1,11,1,0.21551382442212472
5116,1005.1,10,1,0.2154491702747981
5117,1026.9,12,1,0.21538453552371567
5118,983.3,8,1,0.21531992016305856
5119,935.1,11,1,0.21525532418700966
5120,1028.7,14,1,0.21519074758975357
5121,1025.1,10,1,0.21512619036547664
5122,1003.3,8,1,0.215061652508367
5123,1005.1,10,1,0.2149971340126145
5124,925.1,12,1,0.2149326348724107
5125,973.3,9,1,0.214868155081949
5126,1005.1,10,1,0.21480369463542442
5127,945.1,10,1,0.2147392535270338
5128,975.1,11,1,0.21467483175097568
5129,1003.3,8,1,0.21461042930145038
5130,1028.7,14,1,0.21454604617265996
5131,976.9,13,1,0.21448168235880816
5132,1023.3,8,1,0.21441733785410053
5133,1023.3,8,1,0.2143530126527443
5134,1023.3,8,1,0.2142887067489485
5135,985.1,10,1,0.21422442013692383
5136,1025.1,10,1,0.21416015281088277
5137,933.3000000000001,9,1,0.2140959047650395
5138,1025.1,10,1,0.21403167599361
5139,985.1,10,1,0.21396746649081194
5140,903.3,10,1,0.2139032762508647
5141,955.1,11,1,0.21383910526798944
5142,946.9,12,1,0.21377495353640905
5143,1025.1,10,1,0.21371082105034814
5144,975.1,11,1,0.21364670780403305
5145,953.3,9,1,0.21358261379169186
5146,973.3,9,1,0.21351853900755435
5147,935.1,11,1,0.2134544834458521
5148,983.3,8,1,0.21339044710081836
5149,1005.1,10,1,0.21332642996668813
5150,868.7,16,1,0.21326243203769812
5151,1025.1,10,1,0.21319845330808682
5152,992.3,18,1,0.2131344937720944
5153,980.5,17,1,0.21307055342396278
5154,973.3,9,1,0.2130066322579356
5155,1023.3,8,1,0.21294273026825822
5156,1023.3,8,1,0.21287884744917776
5157,986.9,12,1,0.212814983794943
5158,1025.1,10,1,0.21275113929980455
5159,1025.1,10,1,0.2126873139580146
5160,975.1,11,1,0.2126235077638272
5161,975.1,11,1,0.21255972071149806
5162,1025.1,10,1,0.21249595279528463
5163,925.1,12,1,0.21243220400944604
5164,1025.1,10,1,0.2123684743482432
5165,1026.9,12,1,0.21230476380593874
5166,1025.1,10,1,0.21224107237679696
5167,1025.1,10,1,0.21217740005508393
5168,955.1,11,1,0.2121137468350674
5169,1026.9,12,1,0.21205011271101687
5170,940.5,17,1,0.21198649767720357
5171,926.9000000000001,14,1,0.2119229017279004
5172,906.9000000000001,14,1,0.21185932485738204
5173,1005.1,10,1,0.21179576705992484
5174,1008.7,14,1,0.21173222832980687
5175,875.1,13,1,0.21166870866130794
5176,983.3,8,1,0.21160520804870955
5177,1023.3,8,1,0.21154172648629493
5178,1025.1,10,1,0.21147826396834904
5179,926.9,14,1,0.21141482048915855
5180,1023.3,8,1,0.2113513960430118
5181,1023.3,8,1,0.21128799062419892
5182,923.3,10,1,0.21122460422701167
5183,923.3000000000001,10,1,0.21116123684574356
5184,935.1,11,1,0.21109788847468985
5185,828.7,16,1,0.21103455910814745
5186,978.7,15,1,0.210971248740415
5187,1026.9,12,1,0.2109079573657929
5188,925.1,12,1,0.21084468497858316
5189,1025.1,10,1,0.2107814315730896
5190,994.1,20,1,0.21071819714361767
5191,1025.1,10,1,0.21065498168447458
5192,1005.1,10,1,0.21059178518996924
5193,965.1,10,1,0.21052860765441225
5194,1003.3,8,1,0.21046544907211592
5195,1030.5,16,1,0.2104023094373943
5196,938.7,15,1,0.2103391887445631
5197,1025.1,10,1,0.21027608698793973
5198,985.1,10,1,0.21021300416184335
5199,1025.1,10,1,0.2101499402605948
5200,976.9,13,1,0.21008689527851662
5201,1026.9,12,1,0.21002386920993307
5202,1026.9,12,1,0.2099608620491701
5203,976.9,13,1,0.20989787379055536
5204,980.5,17,1,0.2098349044284182
5205,975.1,11,1,0.2097719539570897
5206,1023.3,8,1,0.20970902237090258
5207,975.1,11,1,0.2096461096641913
5208,1025.1,10,1,0.20958321583129205
5209,925.1,12,1,0.20952034086654267
5210,1025.1,10,1,0.20945748476428272
5211,1025.1,10,1,0.20939464751885345
5212,926.9000000000001,14,1,0.2093318291245978
5213,1025.1,10,1,0.20926902957586044
5214,1025.1,10,1,0.2092062488669877
5215,880.5000000000001,19,1,0.2091434869923276
5216,1025.1,10,1,0.2090807439462299
5217,973.3,9,1,0.20901801972304604
5218,975.1,11,1,0.20895531431712913
5219,1026.9,12,1,0.208892627722834
5220,975.1,11,1,0.20882995993451717
5221,870.5000000000001,18,1,0.20876731094653683
5222,1030.5,16,1,0.20870468075325288
5223,877.7,25,1,0.2086420693490269
5224,975.1,11,1,0.2085794767282222
5225,1025.1,10,1,0.20851690288520372
5226,1026.9,12,1,0.20845434781433816
5227,975.1,11,1,0.20839181150999386
5228,975.1,11,1,0.20832929396654087
5229,975.1,11,1,0.20826679517835092
5230,1026.9,12,1,0.20820431513979742
5231,874.1,21,1,0.2081418538452555
5232,976.9,13,1,0.20807941128910193
5233,1023.3,8,1,0.2080169874657152
5234,958.6999999999999,15,1,0.2079545823694755
5235,975.1,11,1,0.20789219599476466
5236,976.9,13,1,0.20782982833596625
5237,895.1,11,1,0.20776747938746545
5238,838.7,17,1,0.2077051491436492
5239,942.3,19,1,0.20764283759890612
5240,1025.1,10,1,0.20758054474762644
5241,976.9,13,1,0.20751827058420216
5242,1030.5,16,1,0.20745601510302691
5243,1025.1,10,1,0.207393778298496
5244,976.9,13,1,0.20733156016500645
5245,975.1,11,1,0.20726936069695695
5246,976.9,13,1,0.20720717988874787
5247,1030.5,16,1,0.20714501773478125
5248,994.1,20,1,0.2070828742294608
5249,845.9000000000001,25,1,0.20702074936719198
5250,1025.1,10,1,0.20695864314238183
5251,988.6999999999999,14,1,0.20689655554943912
5252,975.1,11,1,0.20683448658277429
5253,1026.9,12,1,0.20677243623679947
5254,928.7,16,1,0.20671040450592845
5255,1025.1,10,1,0.2066483913845767
5256,976.9,13,1,0.20658639686716132
5257,1025.1,10,1,0.20652442094810117
5258,1026.9,12,1,0.20646246362181675
5259,1025.1,10,1,0.20640052488273022
5260,975.1,11,1,0.2063386047252654
5261,1025.1,10,1,0.20627670314384783
5262,926.9,14,1,0.20621482013290468
5263,1028.7,14,1,0.2061529556868648
5264,975.1,11,1,0.20609110980015877
5265,975.1,11,1,0.20602928246721872
5266,975.1,11,1,0.20596747368247856
5267,975.1,11,1,0.20590568344037383
5268,827.3000000000001,20,1,0.20584391173534172
5269,1026.9,12,1,0.20578215856182114
5270,925.1,12,1,0.2057204239142526
5271,923.3,10,1,0.20565870778707834
5272,1025.1,10,1,0.20559701017474222
5273,1025.1,10,1,0.2055353310716898
5274,890.5,18,1,0.2054736704723683
5275,960.5,17,1,0.2054120283712266
5276,926.9000000000001,14,1,0.20535040476271524
5277,925.1,12,1,0.20528879964128643
5278,1025.1,10,1,0.20522721300139404
5279,1023.3,8,1,0.20516564483749364
5280,1026.9,12,1,0.2051040951440424
5281,975.1,11,1,0.2050425639154992
5282,1026.9,12,1,0.20498105114632453
5283,1025.1,10,1,0.20491955683098065
5284,886.9000000000001,14,1,0.20485808096393135
5285,975.1,11,1,0.20479662353964218
5286,975.1,11,1,0.2047351845525803
5287,976.9,13,1,0.20467376399721454
5288,1025.1,10,1,0.20461236186801537
5289,1026.9,12,1,0.20455097815945497
5290,978.7,15,1,0.20448961286600714
5291,875.1,13,1,0.20442826598214733
5292,870.1,13,1,0.20436693750235269
5293,901.9,14,1,0.20430562742110198
5294,872.3,20,1,0.20424433573287565
5295,1030.5,16,1,0.20418306243215578
5296,925.1,12,1,0.20412180751342615
5297,960.5,17,1,0.20406057097117214
5298,1025.1,10,1,0.2039993527998808
5299,1026.9,12,1,0.20393815299404083
5300,976.9,13,1,0.20387697154814263
5301,863.7,17,1,0.2038158084566782
5302,1026.9,12,1,0.20375466371414122
5303,1028.7,14,1,0.20369353731502698
5304,1025.1,10,1,0.2036324292538325
5305,928.7,16,1,0.20357133952505635
5306,926.9,14,1,0.20351026812319883
5307,1025.1,10,1,0.2034492150427619
5308,1005.1,10,1,0.20338818027824906
5309,1028.7,14,1,0.2033271638241656
5310,1025.1,10,1,0.20326616567501835
5311,958.7,15,1,0.20320518582531585
5312,975.1,11,1,0.20314422426956827
5313,1025.1,10,1,0.2030832810022874
5314,1005.1,10,1,0.2030223560179867
5315,875.1,13,1,0.20296144931118132
5316,973.3,9,1,0.20290056087638797
5317,986.9,12,1,0.20283969070812505
5318,975.1,11,1,0.20277883880091263
5319,826.9000000000001,16,1,0.20271800514927235
5320,976.9,13,1,0.2026571897477276
5321,983.3,8,1,0.20259639259080328
5322,1023.3,8,1,0.20253561367302605
5323,1025.1,10,1,0.20247485298892415
5324,1026.9,12,1,0.20241411053302746
5325,1026.9,12,1,0.20235338629986757
5326,973.3,9,1,0.20229268028397762
5327,976.9,13,1,0.20223199247989243
5328,1026.9,12,1,0.20217132288214848
5329,1025.1,10,1,0.20211067148528383
5330,976.9,13,1,0.20205003828383825
5331,975.1,11,1,0.2019894232723531
5332,960.5,17,1,0.2019288264453714
5333,1025.1,10,1,0.2018682477974378
5334,1026.9,12,1,0.2018076873230986
5335,975.1,11,1,0.20174714501690166
5336,975.1,11,1,0.2016866208733966
5337,975.1,11,1,0.20162611488713458
5338,1023.3,8,1,0.20156562705266845
5339,1026.9,12,1,0.20150515736455266
5340,976.9,13,1,0.2014447058173433
5341,1023.3,8,1,0.2013842724055981
5342,1023.3,8,1,0.20132385712387643
5343,875.1,13,1,0.20126345996673928
5344,905.1,12,1,0.20120308092874925
5345,1025.1,10,1,0.20114272000447064
5346,925.1,12,1,0.2010823771884693
5347,964.1,21,1,0.20102205247531277
5348,978.6999999999999,15,1,0.2009617458595702
5349,878.7,17,1,0.20090145733581233
5350,1023.3,8,1,0.20084118689861158
5351,975.1,11,1,0.200780934542542
5352,1025.1,10,1,0.20072070026217925
5353,975.1,11,1,0.2006604840521006
5354,1023.3,8,1,0.20060028590688497
5355,1025.1,10,1,0.20054010582111292
5356,1026.9,12,1,0.2004799437893666
5357,1008.7,14,1,0.2004197998062298
5358,975.1,11,1,0.20035967386628792
5359,1023.3,8,1,0.20029956596412804
5360,925.1,12,1,0.20023947609433881
5361,1028.7,14,1,0.2001794042515105
5362,958.6999999999999,15,1,0.20011935043023507
5363,976.9,13,1,0.200059314625106
5364,1023.3,8,1,0.1999992968307185
5365,975.1,11,1,0.19993929704166927
5366,835.9000000000001,26,1,0.19987931525255678
5367,1026.9,12,1,0.19981935145798102
5368,1025.1,10,1,0.19975940565254363
5369,1025.1,10,1,0.19969947783084788
5370,923.3000000000001,10,1,0.19963956798749863
5371,1025.1,10,1,0.1995796761171024
5372,860.5,19,1,0.19951980221426727
5373,975.1,11,1,0.199459946273603
5374,980.5,17,1,0.19940010828972093
5375,1030.5,16,1,0.19934028825723402
5376,1023.3,8,1,0.19928048617075686
5377,1025.1,10,1,0.19922070202490563
5378,1025.1,10,1,0.19916093581429817
5379,990.5,16,1,0.19910118753355388
5380,1025.1,10,1,0.19904145717729382
5381,1028.7,14,1,0.19898174474014063
5382,978.6999999999999,15,1,0.1989220502167186
5383,1025.1,10,1,0.1988623736016536
5384,1025.1,10,1,0.1988027148895731
5385,1030.5,16,1,0.19874307407510625
5386,975.1,11,1,0.19868345115288372
5387,980.5,17,1,0.19862384611753786
5388,976.9,13,1,0.1985642589637026
5389,975.1,11,1,0.1985046896860135
5390,1025.1,10,1,0.1984451382791077
5391,975.1,11,1,0.19838560473762398
5392,975.1,11,1,0.1983260890562027
5393,975.1,11,1,0.19826659122948584
5394,870.1,13,1,0.198207111252117
5395,1030.5,16,1,0.1981476491187414
5396,980.5,17,1,0.19808820482400577
5397,990.5,16,1,0.19802877836255858
5398,978.7,15,1,0.19796936972904983
5399,912.3000000000001,20,1,0.1979099789181311
5400,1025.1,10,1,0.1978506059244557
5401,1025.1,10,1,0.19779125074267837
5402,1025.1,10,1,0.19773191336745558
5403,1025.1,10,1,0.19767259379344534
5404,1025.1,10,1,0.1976132920153073
5405,1025.1,10,1,0.19755400802770273
5406,1026.9,12,1,0.19749474182529442
5407,976.9,13,1,0.19743549340274683
5408,973.3,9,1,0.197376262754726
5409,1025.1,10,1,0.1973170498758996
5410,975.1,11,1,0.19725785476093682
5411,1028.7,14,1,0.19719867740450855
5412,1026.9,12,1,0.19713951780128722
5413,1023.3,8,1,0.19708037594594685
5414,1025.1,10,1,0.19702125183316307
5415,1023.3,8,1,0.19696214545761312
5416,978.7,15,1,0.19690305681397585
5417,933.3,9,1,0.19684398589693167
5418,1005.1,10,1,0.1967849327011626
5419,1008.7,14,1,0.19672589722135225
5420,1023.3,8,1,0.19666687945218586
5421,985.1,10,1,0.1966078793883502
5422,1005.1,10,1,0.1965488970245337
5423,1025.1,10,1,0.19648993235542636
5424,1025.1,10,1,0.19643098537571974
5425,905.1,12,1,0.19637205608010702
5426,1010.5,16,1,0.196313144463283
5427,985.1,10,1,0.19625425051994402
5428,1026.9,12,1,0.19619537424478806
5429,1025.1,10,1,0.19613651563251464
5430,955.1,11,1,0.1960776746778249
5431,953.3,9,1,0.19601885137542155
5432,975.1,11,1,0.19596004572000894
5433,1025.1,10,1,0.19590125770629294
5434,1025.1,10,1,0.19584248732898105
5435,1025.1,10,1,0.19578373458278236
5436,1025.1,10,1,0.19572499946240754
5437,976.9,13,1,0.19566628196256883
5438,945.9,23,1,0.19560758207798007
5439,1028.7,14,1,0.19554889980335668
5440,912.3,20,1,0.19549023513341568
5441,967.6999999999999,24,1,0.19543158806287567
5442,1028.7,14,1,0.1953729585864568
5443,914.1,21,1,0.19531434669888087
5444,975.1,11,1,0.19525575239487122
5445,975.1,11,1,0.19519717566915276
5446,926.9000000000001,14,1,0.19513861651645203
5447,1025.1,10,1,0.1950800749314971
5448,1025.1,10,1,0.19502155090901765
5449,992.3,18,1,0.19496304444374496
5450,1025.1,10,1,0.19490455553041183
5451,975.1,11,1,0.1948460841637527
5452,976.9,13,1,0.19478763033850358
5453,876.9000000000001,15,1,0.19472919404940203
5454,1026.9,12,1,0.19467077529118723
5455,925.1,12,1,0.19461237405859988
5456,1025.1,10,1,0.1945539903463823
5457,1025.1,10,1,0.19449562414927837
5458,956.9,13,1,0.1944372754620336
5459,1025.1,10,1,0.194378944279395
5460,978.7,15,1,0.19432063059611118
5461,1026.9,12,1,0.19426233440693236
5462,976.9,13,1,0.19420405570661028
5463,1025.1,10,1,0.1941457944898983
5464,1025.1,10,1,0.19408755075155135
5465,1026.9,12,1,0.1940293244863259
5466,976.9,13,1,0.19397111568898
5467,1025.1,10,1,0.19391292435427332
5468,906.9,14,1,0.19385475047696704
5469,928.7,16,1,0.19379659405182395
5470,975.1,11,1,0.1937384550736084
5471,1025.1,10,1,0.19368033353708633
5472,958.6999999999999,15,1,0.1936222294370252
5473,958.6999999999999,15,1,0.1935641427681941
5474,1025.1,10,1,0.19350607352536364
5475,1025.1,10,1,0.19344802170330605
5476,1008.7,14,1,0.19338998729679507
5477,1026.9,12,1,0.19333197030060603
5478,975.1,11,1,0.19327397070951585
5479,875.1,13,1,0.19321598851830302
5480,1025.1,10,1,0.19315802372174753
5481,975.1,11,1,0.19310007631463103
5482,1026.9,12,1,0.19304214629173663
5483,1026.9,12,1,0.1929842336478491
5484,1026.9,12,1,0.19292633837775477
5485,1025.1,10,1,0.19286846047624145
5486,1025.1,10,1,0.1928105999380986
5487,975.1,11,1,0.19275275675811718
5488,926.9000000000001,14,1,0.19269493093108975
5489,975.1,11,1,0.19263712245181042
5490,978.6999999999999,15,1,0.19257933131507488
5491,976.9,13,1,0.19252155751568037
5492,1026.9,12,1,0.19246380104842567
5493,926.9000000000001,14,1,0.19240606190811116
5494,978.6999999999999,15,1,0.19234834008953874
5495,1026.9,12,1,0.1922906355875119
5496,1026.9,12,1,0.19223294839683563
5497,1025.1,10,1,0.19217527851231658
5498,975.1,11,1,0.1921176259287629
5499,1025.1,10,1,0.19205999064098425
5500,1025.1,10,1,0.19200237264379197
5501,978.7,15,1,0.19194477193199883
5502,1026.9,12,1,0.19188718850041922
5503,925.1,12,1,0.1918296223438691
5504,1025.1,10,1,0.19177207345716596
5505,926.9,14,1,0.19171454183512882
5506,928.7,16,1,0.1916570274725783
5507,975.1,11,1,0.19159953036433652
5508,1008.7,14,1,0.19154205050522724
5509,976.9,13,1,0.1914845878900757
5510,1025.1,10,1,0.19142714251370868
5511,1008.7,14,1,0.19136971437095457
5512,975.1,11,1,0.1913123034566433
5513,1026.9,12,1,0.1912549097656063
5514,975.1,11,1,0.19119753329267664
5515,1032.3,18,1,0.19114017403268885
5516,1025.1,10,1,0.19108283198047904
5517,1025.1,10,1,0.1910255071308849
5518,975.1,11,1,0.19096819947874563
5519,1025.1,10,1,0.190910909018902
5520,975.1,11,1,0.19085363574619635
5521,1025.1,10,1,0.1907963796554725
5522,1025.1,10,1,0.19073914074157586
5523,975.1,11,1,0.19068191899935338
5524,976.9,13,1,0.19062471442365359
5525,1025.1,10,1,0.1905675270093265
5526,1025.1,10,1,0.19051035675122371
5527,976.9,13,1,0.19045320364419835
5528,1028.7,14,1,0.1903960676831051
5529,975.1,11,1,0.19033894886280017
5530,928.7,16,1,0.19028184717814134
5531,975.1,11,1,0.1902247626239879
5532,926.9,14,1,0.19016769519520071
5533,1025.1,10,1,0.19011064488664217
5534,1028.7,14,1,0.1900536116931762
5535,1025.1,10,1,0.18999659560966825
5536,1025.1,10,1,0.18993959663098536
5537,1025.1,10,1,0.18988261475199608
5538,975.1,11,1,0.18982564996757048
5539,925.1,12,1,0.18976870227258022
5540,1025.1,10,1,0.18971177166189845
5541,1030.5,16,1,0.1896548581303999
5542,1025.1,10,1,0.18959796167296078
5543,954.1,20,1,0.1895410822844589
5544,973.3,9,1,0.18948421995977358
5545,1026.9,12,1,0.18942737469378565
5546,983.3,8,1,0.18937054648137752
5547,975.1,11,1,0.18931373531743312
5548,1003.3,8,1,0.1892569411968379
5549,925.1,12,1,0.18920016411447885
5550,1026.9,12,1,0.18914340406524452
5551,1023.3,8,1,0.18908666104402494
5552,975.1,11,1,0.18902993504571175
5553,902.3,19,1,0.18897322606519804
5554,1025.1,10,1,0.1889165340973785
5555,1025.1,10,1,0.18885985913714928
5556,932.3,20,1,0.18880320117940813
5557,1023.3,8,1,0.1887465602190543
5558,1023.3,8,1,0.1886899362509886
5559,973.3,9,1,0.1886333292701133
5560,985.1,10,1,0.18857673927133228
5561,1003.3,8,1,0.1885201662495509
5562,935.1,11,1,0.18846361019967603
5563,918.7,15,1,0.18840707111661614
5564,1023.3,8,1,0.18835054899528117
5565,935.1,11,1,0.1882940438305826
5566,1025.1,10,1,0.18823755561743344
5567,933.3,9,1,0.1881810843507482
5568,1025.1,10,1,0.188124630025443
5569,923.3000000000001,10,1,0.18806819263643537
5570,1023.3,8,1,0.18801177217864445
5571,1023.3,8,1,0.18795536864699086
5572,1023.3,8,1,0.18789898203639677
5573,1023.3,8,1,0.18784261234178584
5574,975.1,11,1,0.1877862595580833
5575,1023.3,8,1,0.1877299236802159
5576,873.3000000000001,11,1,0.18767360470311184
5577,985.1,10,1,0.18761730262170093
5578,1005.1,10,1,0.1875610174309144
5579,1026.9,12,1,0.18750474912568516
5580,975.1,11,1,0.18744849770094746
5581,976.9,13,1,0.18739226315163718
5582,1025.1,10,1,0.1873360454726917
5583,980.5,17,1,0.1872798446590499
5584,975.1,11,1,0.1872236607056522
5585,1025.1,10,1,0.1871674936074405
5586,975.1,11,1,0.18711134335935828
5587,1025.1,10,1,0.18705520995635047
5588,1025.1,10,1,0.18699909339336357
5589,1023.3,8,1,0.18694299366534556
5590,1005.1,10,1,0.18688691076724595
5591,1030.5,16,1,0.18683084469401579
5592,1023.3,8,1,0.1867747954406076
5593,976.9,13,1,0.18671876300197543
5594,1023.3,8,1,0.18666274737307484
5595,925.1,12,1,0.18660674854886292
5596,1025.1,10,1,0.18655076652429825
5597,975.1,11,1,0.18649480129434096
5598,975.1,11,1,0.18643885285395265
5599,975.1,11,1,0.18638292119809646
5600,1026.9,12,1,0.18632700632173704
5601,1025.1,10,1,0.18627110821984053
5602,926.9,14,1,0.18621522688737457
5603,975.1,11,1,0.18615936231930838
5604,1026.9,12,1,0.1861035145106126
5605,1025.1,10,1,0.18604768345625944
5606,915.9000000000001,24,1,0.18599186915122257
5607,1023.3,8,1,0.1859360715904772
5608,1023.3,8,1,0.18588029076900006
5609,1023.3,8,1,0.18582452668176938
5610,1023.3,8,1,0.18576877932376484
5611,1023.3,8,1,0.1857130486899677
5612,1023.3,8,1,0.18565733477536073
5613,935.1,11,1,0.18560163757492812
5614,946.9,12,1,0.18554595708365565
5615,973.3,9,1,0.18549029329653055
5616,1023.3,8,1,0.1854346462085416
5617,1005.1,10,1,0.18537901581467905
5618,1003.3,8,1,0.18532340210993467
5619,973.3,9,1,0.18526780508930168
5620,1023.3,8,1,0.1852122247477749
5621,1023.3,8,1,0.1851566610803506
5622,973.3,9,1,0.18510111408202648
5623,923.3,10,1,0.1850455837478019
5624,1023.3,8,1,0.18499007007267756
5625,1023.3,8,1,0.18493457305165575
5626,1023.3,8,1,0.18487909267974026
5627,885.1,12,1,0.18482362895193635
5628,983.3,8,1,0.18476818186325078
5629,1023.3,8,1,0.1847127514086918
5630,1023.3,8,1,0.18465733758326922
5631,985.1,10,1,0.18460194038199423
5632,905.1,12,1,0.18454655979987963
5633,1023.3,8,1,0.18449119583193968
5634,1023.3,8,1,0.1844358484731901
5635,1023.3,8,1,0.18438051771864816
5636,935.1,11,1,0.18432520356333257
5637,986.9,12,1,0.18426990600226356
5638,1003.3,8,1,0.18421462503046288
5639,973.3,9,1,0.18415936064295374
5640,976.9,13,1,0.18410411283476086
5641,923.3,10,1,0.18404888160091043
5642,1023.3,8,1,0.18399366693643016
5643,925.1,12,1,0.18393846883634923
5644,1023.3,8,1,0.18388328729569833
5645,1023.3,8,1,0.18382812230950962
5646,1023.3,8,1,0.18377297387281677
5647,1023.3,8,1,0.18371784198065494
5648,1025.1,10,1,0.18366272662806074
5649,958.7,15,1,0.18360762781007234
5650,1025.1,10,1,0.1835525455217293
5651,1003.3,8,1,0.1834974797580728
5652,935.1,11,1,0.18344243051414538
5653,983.3,8,1,0.18338739778499114
5654,1026.9,12,1,0.18333238156565565
5655,978.6999999999999,15,1,0.18327738185118597
5656,1025.1,10,1,0.18322239863663062
5657,953.3,9,1,0.18316743191703963
5658,972.3,18,1,0.18311248168746452
5659,901.3,28,1,0.18305754794295828
5660,925.1,12,1,0.1830026306785754
5661,1026.9,12,1,0.18294772988937183
5662,925.1,12,1,0.18289284557040503
5663,1025.1,10,1,0.1828379777167339
5664,1025.1,10,1,0.1827831263234189
5665,976.9,13,1,0.18272829138552188
5666,1025.1,10,1,0.18267347289810623
5667,975.1,11,1,0.18261867085623681
5668,975.1,11,1,0.18256388525497996
5669,958.7,15,1,0.18250911608940348
5670,1023.3,8,1,0.18245436335457668
5671,1025.1,10,1,0.1823996270455703
5672,975.1,11,1,0.18234490715745663
5673,1025.1,10,1,0.1822902036853094
5674,982.3,19,1,0.1822355166242038
5675,1023.3,8,1,0.18218084596921655
5676,1026.9,12,1,0.1821261917154258
5677,1030.5,16,1,0.18207155385791118
5678,925.1,12,1,0.18201693239175382
5679,1025.1,10,1,0.1819623273120363
5680,890.5,18,1,0.18190773861384268
5681,975.1,11,1,0.18185316629225853
5682,973.3,9,1,0.18179861034237085
5683,973.3,9,1,0.18174407075926816
5684,1025.1,10,1,0.18168954753804037
5685,975.1,11,1,0.18163504067377897
5686,980.5,17,1,0.18158055016157684
5687,978.7,15,1,0.18152607599652837
5688,1025.1,10,1,0.18147161817372942
5689,976.9,13,1,0.1814171766882773
5690,1028.7,14,1,0.18136275153527084
5691,1025.1,10,1,0.18130834270981028
5692,1026.9,12,1,0.18125395020699733
5693,1028.7,14,1,0.18119957402193523
5694,1025.1,10,1,0.18114521414972867
5695,934.1,22,1,0.18109087058548376
5696,1025.1,10,1,0.18103654332430813
5697,1026.9,12,1,0.18098223236131084
5698,1025.1,10,1,0.18092793769160245
5699,1025.1,10,1,0.18087365931029498
5700,1025.1,10,1,0.1808193972125019
5701,825.1,14,1,0.18076515139333815
5702,976.9,13,1,0.18071092184792015
5703,1025.1,10,1,0.1806567085713658
5704,1025.1,10,1,0.1806025115587944
5705,973.3,9,1,0.18054833080532676
5706,975.1,11,1,0.18049416630608517
5707,1030.5,16,1,0.18044001805619334
5708,997.7,24,1,0.1803858860507765
5709,1025.1,10,1,0.18033177028496125
5710,1023.3,8,1,0.18027767075387577
5711,1026.9,12,1,0.1802235874526496
5712,1026.9,12,1,0.18016952037641382
5713,1025.1,10,1,0.18011546952030089
5714,1025.1,10,1,0.18006143487944481
5715,1026.9,12,1,0.180007416448981
5716,1026.9,12,1,0.17995341422404632
5717,958.7,15,1,0.1798994281997791
5718,792.3000000000001,22,1,0.17984545837131918
5719,973.3,9,1,0.17979150473380778
5720,1023.3,8,1,0.17973756728238766
5721,1023.3,8,1,0.17968364601220294
5722,1023.3,8,1,0.17962974091839928
5723,978.6999999999999,15,1,0.17957585199612378
5724,973.3,9,1,0.17952197924052493
5725,1023.3,8,1,0.17946812264675277
5726,956.9,13,1,0.17941428220995875
5727,983.3,8,1,0.17936045792529576
5728,876.9000000000001,15,1,0.1793066497879182
5729,1025.1,10,1,0.1792528577929818
5730,988.7,14,1,0.1791990819356439
5731,1025.1,10,1,0.17914532221106322
5732,958.7,15,1,0.1790915786143999
5733,1025.1,10,1,0.17903785114081558
5734,932.3,19,1,0.17898413978547334
5735,1025.1,10,1,0.1789304445435377
5736,1025.1,10,1,0.17887676541017467
5737,980.5,17,1,0.17882310238055163
5738,923.3,10,1,0.17876945544983747
5739,1023.3,8,1,0.1787158246132025
5740,956.9,13,1,0.17866220986581854
5741,1025.1,10,1,0.1786086112028588
5742,1026.9,12,1,0.17855502861949796
5743,1025.1,10,1,0.1785014621109121
5744,1028.7,14,1,0.17844791167227886
5745,1032.3,18,1,0.1783943772987772
5746,1028.7,14,1,0.17834085898558757
5747,925.1,12,1,0.1782873567278919
5748,975.1,11,1,0.17823387052087353
5749,1026.9,12,1,0.17818040035971727
5750,1026.9,12,1,0.17812694623960937
5751,1026.9,12,1,0.1780735081557375
5752,1026.9,12,1,0.1780200861032908
5753,975.1,11,1,0.1779666800774598
5754,1025.1,10,1,0.17791329007343656
5755,975.1,11,1,0.17785991608641455
5756,1025.1,10,1,0.17780655811158863
5757,973.3,9,1,0.17775321614415515
5758,980.5,17,1,0.1776998901793119
5759,1030.5,16,1,0.1776465802122581
5760,1025.1,10,1,0.17759328623819443
5761,1025.1,10,1,0.17754000825232297
5762,960.5,17,1,0.17748674624984728
5763,975.1,11,1,0.17743350022597235
5764,976.9,13,1,0.17738027017590455
5765,976.9,13,1,0.17732705609485178
5766,925.1,12,1,0.17727385797802334
5767,975.1,11,1,0.17722067582062995
5768,976.9,13,1,0.17716750961788377
5769,1025.1,10,1,0.17711435936499842
5770,1028.7,14,1,0.17706122505718894
5771,1025.1,10,1,0.1770081066896718
5772,975.1,11,1,0.1769550042576649
5773,1026.9,12,1,0.17690191775638758
5774,975.1,11,1,0.17684884718106067
5775,928.7,16,1,0.17679579252690636
5776,1010.5,16,1,0.1767427537891483
5777,975.1,11,1,0.17668973096301158
5778,975.1,11,1,0.1766367240437227
5779,930.5,18,1,0.17658373302650957
5780,973.3,9,1,0.1765307579066016
5781,1025.1,10,1,0.17647779867922964
5782,1025.1,10,1,0.17642485533962587
5783,1026.9,12,1,0.176371927883024
5784,1023.3,8,1,0.1763190163046591
5785,1025.1,10,1,0.1762661205997677
5786,980.5,17,1,0.17621324076358777
5787,975.1,11,1,0.1761603767913587
5788,925.1,12,1,0.1761075286783213
5789,975.1,11,1,0.1760546964197178
5790,1023.3,8,1,0.1760018800107919
5791,976.9,13,1,0.17594907944678867
5792,982.3,19,1,0.17589629472295465
5793,1025.1,10,1,0.17584352583453777
5794,925.1,12,1,0.17579077277678742
5795,1025.1,10,1,0.1757380355449544
5796,1026.9,12,1,0.17568531413429092
5797,1030.5,16,1,0.17563260854005064
5798,1025.1,10,1,0.17557991875748863
5799,1025.1,10,1,0.17552724478186138
5800,1025.1,10,1,0.17547458660842682
5801,1025.1,10,1,0.1754219442324443
5802,976.9,13,1,0.17536931764917457
5803,925.1,12,1,0.17531670685387982
5804,1026.9,12,1,0.17526411184182367
5805,1026.9,12,1,0.17521153260827113
5806,973.3,9,1,0.17515896914848866
5807,1025.1,10,1,0.17510642145774413
5808,975.1,11,1,0.17505388953130682
5809,1025.1,10,1,0.17500137336444743
5810,958.6999999999999,15,1,0.1749488729524381
5811,1025.1,10,1,0.17489638829055237
5812,976.9,13,1,0.1748439193740652
5813,1025.1,10,1,0.174791466198253
5814,976.9,13,1,0.17473902875839353
5815,1026.9,12,1,0.17468660704976602
5816,980.5,17,1,0.1746342010676511
5817,980.5,17,1,0.17458181080733082
5818,1023.3,8,1,0.17452943626408862
5819,1023.3,8,1,0.1744770774332094
5820,1023.3,8,1,0.17442473430997943
5821,1005.1,10,1,0.17437240688968644
5822,1003.3,8,1,0.17432009516761954
5823,1023.3,8,1,0.17426779913906926
5824,935.1,11,1,0.17421551879932753
5825,1025.1,10,1,0.17416325414368775
5826,983.3,8,1,0.17411100516744465
5827,1025.1,10,1,0.17405877186589444
5828,1026.9,12,1,0.17400655423433467
5829,976.9,13,1,0.17395435226806438
5830,925.1,12,1,0.17390216596238398
5831,1026.9,12,1,0.17384999531259526
5832,976.9,13,1,0.1737978403140015
5833,1025.1,10,1,0.1737457009619073
5834,1012.3,18,1,0.17369357725161874
5835,976.9,13,1,0.17364146917844325
5836,975.1,11,1,0.17358937673768973
5837,1025.1,10,1,0.17353729992466843
5838,926.9000000000001,14,1,0.17348523873469104
5839,1026.9,12,1,0.17343319316307065
5840,975.1,11,1,0.17338116320512173
5841,1025.1,10,1,0.1733291488561602
5842,990.5,16,1,0.17327715011150335
5843,1028.7,14,1,0.17322516696646992
5844,1025.1,10,1,0.17317319941637999
5845,975.1,11,1,0.17312124745655508
5846,1003.3,8,1,0.17306931108231813
5847,975.1,11,1,0.17301739028899343
5848,975.1,11,1,0.17296548507190673
5849,1026.9,12,1,0.17291359542638515
5850,1025.1,10,1,0.17286172134775724
5851,1025.1,10,1,0.1728098628313529
5852,1026.9,12,1,0.1727580198725035
5853,1026.9,12,1,0.17270619246654176
5854,1028.7,14,1,0.1726543806088018
5855,928.7,16,1,0.17260258429461917
5856,1028.7,14,1,0.17255080351933078
5857,980.5,17,1,0.17249903827827498
5858,1025.1,10,1,0.1724472885667915
5859,925.1,12,1,0.17239555438022147
5860,910.5,17,1,0.1723438357139074
5861,1025.1,10,1,0.17229213256319323
5862,975.1,11,1,0.17224044492342427
5863,925.1,12,1,0.17218877278994726
5864,1026.9,12,1,0.17213711615811028
5865,1025.1,10,1,0.17208547502326285
5866,976.9,13,1,0.1720338493807559
5867,1026.9,12,1,0.17198223922594166
5868,980.5,17,1,0.1719306445541739
5869,938.7,15,1,0.17187906536080766
5870,1026.9,12,1,0.17182750164119942
5871,975.1,11,1,0.17177595339070706
5872,1025.1,10,1,0.17172442060468984
5873,1028.7,14,1,0.17167290327850845
5874,976.9,13,1,0.1716214014075249
5875,978.6999999999999,15,1,0.17156991498710267
5876,1023.3,8,1,0.17151844401260655
5877,1006.9,12,1,0.17146698847940278
5878,1025.1,10,1,0.17141554838285897
5879,1030.5,16,1,0.1713641237183441
5880,1025.1,10,1,0.17131271448122862
5881,1028.7,14,1,0.17126132066688426
5882,1030.5,16,1,0.1712099422706842
5883,1026.9,12,1,0.171158579288003
5884,1025.1,10,1,0.1711072317142166
5885,1025.1,10,1,0.17105589954470235
5886,925.1,12,1,0.17100458277483893
5887,975.1,11,1,0.17095328140000648
5888,1025.1,10,1,0.17090199541558648
5889,1025.1,10,1,0.1708507248169618
5890,976.9,13,1,0.17079946959951672
5891,1026.9,12,1,0.17074822975863688
5892,1026.9,12,1,0.1706970052897093
5893,1023.3,8,1,0.1706457961881224
5894,978.6999999999999,15,1,0.17059460244926597
5895,1025.1,10,1,0.1705434240685312
5896,1025.1,10,1,0.17049226104131066
5897,1025.1,10,1,0.17044111336299828
5898,1025.1,10,1,0.1703899810289894
5899,1025.1,10,1,0.1703388640346807
5900,1025.1,10,1,0.1702877623754703
5901,975.1,11,1,0.17023667604675766
5902,1028.7,14,1,0.17018560504394364
5903,1025.1,10,1,0.17013454936243047
5904,1023.3,8,1,0.17008350899762176
5905,1030.5,16,1,0.17003248394492249
5906,1028.7,14,1,0.16998147419973902
5907,978.7,15,1,0.1699304797574791
5908,975.1,11,1,0.16987950061355186
5909,1026.9,12,1,0.16982853676336782
5910,1025.1,10,1,0.16977758820233882
5911,1028.7,14,1,0.16972665492587813
5912,925.1,12,1,0.16967573692940038
5913,1026.9,12,1,0.16962483420832156
5914,1025.1,10,1,0.16957394675805906
5915,1023.3,8,1,0.16952307457403165
5916,1026.9,12,1,0.16947221765165946
5917,975.1,11,1,0.16942137598636398
5918,975.1,11,1,0.16937054957356806
5919,1025.1,10,1,0.169319738408696
5920,1025.1,10,1,0.1692689424871734
5921,1025.1,10,1,0.16921816180442725
5922,1025.1,10,1,0.16916739635588593
5923,1025.1,10,1,0.16911664613697916
5924,1026.9,12,1,0.16906591114313807
5925,1025.1,10,1,0.16901519136979515
5926,1026.9,12,1,0.1689644868123842
5927,926.9000000000001,14,1,0.1689137974663405
5928,980.5,17,1,0.1688631233271006
5929,1025.1,10,1,0.16881246439010247
5930,976.9,13,1,0.16876182065078546
5931,1026.9,12,1,0.16871119210459024
5932,1028.7,14,1,0.16866057874695886
5933,1026.9,12,1,0.1686099805733348
5934,1026.9,12,1,0.1685593975791628
5935,975.1,11,1,0.16850882975988907
5936,984.1,21,1,0.16845827711096112
5937,976.9,13,1,0.16840773962782785
5938,1010.5,16,1,0.1683572173059395
5939,982.3,19,1,0.16830671014074772
5940,1025.1,10,1,0.1682562181277055
5941,978.6999999999999,15,1,0.1682057412622672
5942,980.5,17,1,0.1681552795398885
5943,825.1,14,1,0.16810483295602655
5944,978.7,15,1,0.16805440150613973
5945,1023.3,8,1,0.1680039851856879
5946,973.3,9,1,0.16795358399013222
5947,923.3,10,1,0.1679031979149352
5948,836.9,15,1,0.16785282695556072
5949,965.1,10,1,0.16780247110747407
5950,883.3000000000001,10,1,0.16775213036614184
5951,1006.9,12,1,0.167701804727032
5952,986.9,12,1,0.1676514941856139
5953,983.3,8,1,0.1676011987373582
5954,1008.7,14,1,0.167550918377737
5955,1025.1,10,1,0.16750065310222367
5956,1025.1,10,1,0.167450402906293
5957,976.9,13,1,0.16740016778542113
5958,1028.7,14,1,0.16734994773508552
5959,1026.9,12,1,0.167299742750765
5960,926.9000000000001,14,1,0.1672495528279398
5961,926.9,14,1,0.16719937796209142
5962,1026.9,12,1,0.1671492181487028
5963,1026.9,12,1,0.1670990733832582
5964,975.1,11,1,0.1670489436612432
5965,1026.9,12,1,0.16699882897814483
5966,1025.1,10,1,0.1669487293294514
5967,928.7,16,1,0.16689864471065258
5968,1025.1,10,1,0.16684857511723938
5969,955.1,11,1,0.1667985205447042
5970,1026.9,12,1,0.1667484809885408
5971,975.1,11,1,0.16669845644424425
5972,1025.1,10,1,0.16664844690731098
5973,1030.5,16,1,0.16659845237323878
5974,1026.9,12,1,0.16654847283752683
5975,1025.1,10,1,0.16649850829567558
5976,953.3,9,1,0.1664485587431869
5977,1028.7,14,1,0.16639862417556395
5978,975.1,11,1,0.16634870458831127
5979,975.1,11,1,0.16629879997693478
5980,1025.1,10,1,0.1662489103369417
5981,1025.1,10,1,0.16619903566384062
5982,925.1,12,1,0.16614917595314146
5983,928.7,16,1,0.16609933120035553
5984,1025.1,10,1,0.16604950140099542
5985,1025.1,10,1,0.16599968655057512
5986,975.1,11,1,0.16594988664460997
5987,932.3000000000001,20,1,0.1659001016786166
5988,975.1,11,1,0.16585033164811303
5989,1030.5,16,1,0.1658005765486186
5990,1028.7,14,1,0.16575083637565402
5991,953.3,9,1,0.16570111112474134
5992,1030.5,16,1,0.16565140079140392
5993,975.1,11,1,0.1656017053711665
5994,926.9000000000001,14,1,0.16555202485955517
5995,1025.1,10,1,0.1655023592520973
5996,1026.9,12,1,0.16545270854432167
5997,1025.1,10,1,0.1654030727317584
5998,988.7,14,1,0.16535345180993888
5999,975.1,11,1,0.1653038457743959
6000,1025.1,10,1,0.1652542546206636
6001,1025.1,10,1,0.1652046783442774
6002,1028.7,14,1,0.16515511694077412
6003,1026.9,12,1,0.16510557040569188
6004,976.9,13,1,0.16505603873457017
6005,1008.7,14,1,0.16500652192294982
6006,1025.1,10,1,0.16495701996637294
6007,976.9,13,1,0.16490753286038304
6008,1005.1,10,1,0.16485806060052494
6009,960.5,17,1,0.16480860318234478
6010,928.7,16,1,0.16475916060139006
6011,923.3000000000001,10,1,0.16470973285320964
6012,1025.1,10,1,0.16466031993335367
6013,1025.1,10,1,0.16461092183737366
6014,1025.1,10,1,0.16456153856082245
6015,1005.1,10,1,0.1645121700992542
6016,1026.9,12,1,0.16446281644822444
6017,1026.9,12,1,0.16441347760328998
6018,1025.1,10,1,0.164364153560009
6019,925.1,12,1,0.164314844313941
6020,975.1,11,1,0.16426554986064681
6021,976.9,13,1,0.16421627019568863
6022,1026.9,12,1,0.16416700531462994
6023,1025.1,10,1,0.16411775521303557
6024,1008.7,14,1,0.16406851988647167
6025,958.6999999999999,15,1,0.16401929933050574
6026,1025.1,10,1,0.1639700935407066
6027,1026.9,12,1,0.1639209025126444
6028,978.6999999999999,15,1,0.16387172624189061
6029,1026.9,12,1,0.16382256472401804
6030,1025.1,10,1,0.16377341795460085
6031,1025.1,10,1,0.16372428592921448
6032,1028.7,14,1,0.16367516864343573
6033,978.7,15,1,0.1636260660928427
6034,976.9,13,1,0.16357697827301484
6035,976.9,13,1,0.16352790517953295
6036,876.9000000000001,15,1,0.16347884680797908
6037,1023.3,8,1,0.16342980315393668
6038,1025.1,10,1,0.1633807742129905
6039,1025.1,10,1,0.1633317599807266
6040,1026.9,12,1,0.16328276045273238
6041,1025.1,10,1,0.16323377562459657
6042,1025.1,10,1,0.1631848054919092
6043,976.9,13,1,0.16313585005026163
6044,1025.1,10,1,0.16308690929524655
6045,1025.1,10,1,0.163037983222458
6046,1025.1,10,1,0.16298907182749126
6047,975.1,11,1,0.16294017510594302
6048,975.1,11,1,0.16289129305341124
6049,1023.3,8,1,0.16284242566549523
6050,1025.1,10,1,0.1627935729377956
6051,875.1,13,1,0.16274473486591426
6052,925.1,12,1,0.16269591144545448
6053,975.1,11,1,0.16264710267202084
6054,925.1,12,1,0.16259830854121923
6055,988.7,14,1,0.16254952904865688
6056,873.3000000000001,11,1,0.1625007641899423
6057,1026.9,12,1,0.16245201396068532
6058,1023.3,8,1,0.16240327835649712
6059,1006.9,12,1,0.16235455737299018
6060,980.5,16,1,0.1623058510057783
6061,976.9,13,1,0.16225715925047657
6062,975.1,11,1,0.16220848210270142
6063,1025.1,10,1,0.1621598195580706
6064,1030.5,16,1,0.16211117161220318
6065,975.1,11,1,0.1620625382607195
6066,1026.9,12,1,0.1620139194992413
6067,926.9000000000001,14,1,0.16196531532339153
6068,938.7,15,1,0.16191672572879454
6069,1030.5,16,1,0.1618681507110759
6070,1025.1,10,1,0.1618195902658626
6071,1026.9,12,1,0.16177104438878284
6072,975.1,11,1,0.1617225130754662
6073,1026.9,12,1,0.16167399632154356
6074,975.1,11,1,0.1616254941226471
6075,975.1,11,1,0.1615770064744103
6076,976.9,13,1,0.161528533372468
6077,1025.1,10,1,0.16148007481245627
6078,975.1,11,1,0.16143163079001255
6079,920.5,16,1,0.16138320130077555
6080,976.9,13,1,0.1613347863403853
6081,925.1,12,1,0.1612863859044832
6082,1025.1,10,1,0.16123799998871186
6083,1025.1,10,1,0.16118962858871524
6084,875.1,13,1,0.16114127170013864
6085,1026.9,12,1,0.16109292931862862
6086,1026.9,12,1,0.16104460143983304
6087,1028.7,14,1,0.16099628805940108
6088,1023.3,8,1,0.16094798917298328
6089,935.1,11,1,0.1608997047762314
6090,1026.9,12,1,0.16085143486479853
6091,975.1,11,1,0.16080317943433908
6092,1005.1,10,1,0.16075493848050879
6093,973.3,9,1,0.16070671199896464
6094,926.9000000000001,14,1,0.16065849998536494
6095,975.1,11,1,0.16061030243536933
6096,1025.1,10,1,0.16056211934463874
6097,975.1,11,1,0.16051395070883534
6098,1030.5,16,1,0.1604657965236227
6099,1006.9,12,1,0.1604176567846656
6100,842.3000000000001,21,1,0.1603695314876302
6101,1025.1,10,1,0.1603214206281839
6102,1025.1,10,1,0.16027332420199547
6103,976.9,13,1,0.16022524220473489
6104,1025.1,10,1,0.16017717463207348
6105,976.9,13,1,0.16012912147968386
6106,932.3000000000001,19,1,0.16008108274323996
6107,1032.3,18,1,0.160033058418417
6108,973.3,9,1,0.15998504850089149
6109,1023.3,8,1,0.15993705298634123
6110,1005.1,10,1,0.15988907187044532
6111,953.3,9,1,0.1598411051488842
6112,973.3,9,1,0.15979315281733952
6113,1025.1,10,1,0.15974521487149432
6114,973.3,9,1,0.15969729130703286
6115,935.1,11,1,0.15964938211964075
6116,1003.3,8,1,0.15960148730500487
6117,1023.3,8,1,0.15955360685881337
6118,1026.9,12,1,0.15950574077675572
6119,1025.1,10,1,0.1594578890545227
6120,983.3,8,1,0.15941005168780636
6121,1023.3,8,1,0.15936222867230002
6122,1023.3,8,1,0.15931442000369833
6123,955.1,11,1,0.15926662567769723
6124,965.1,10,1,0.15921884568999392
6125,983.3,8,1,0.15917108003628694
6126,1023.3,8,1,0.15912332871227605
6127,935.1,11,1,0.15907559171366237
6128,915.1,11,1,0.15902786903614827
6129,983.3,8,1,0.15898016067543744
6130,1023.3,8,1,0.15893246662723481
6131,988.7,14,1,0.15888478688724664
6132,1023.3,8,1,0.15883712145118048
6133,973.3,9,1,0.15878947031474513
6134,973.3,9,1,0.15874183347365073
6135,1023.3,8,1,0.15869421092360864
6136,1023.3,8,1,0.15864660266033156
6137,973.3,9,1,0.15859900867953347
6138,1023.3,8,1,0.15855142897692961
6139,923.3000000000001,10,1,0.15850386354823653
6140,1023.3,8,1,0.15845631238917207
6141,1023.3,8,1,0.15840877549545532
6142,973.3,9,1,0.1583612528628067
6143,1023.3,8,1,0.15831374448694785
6144,1023.3,8,1,0.15826625036360176
6145,1023.3,8,1,0.15821877048849267
6146,935.1,11,1,0.15817130485734612
6147,1005.1,10,1,0.15812385346588892
6148,905.1,12,1,0.15807641630984917
6149,1025.1,10,1,0.1580289933849562
6150,983.3,8,1,0.15798158468694073
6151,1023.3,8,1,0.15793419021153465
6152,985.1,10,1,0.15788680995447119
6153,953.3,9,1,0.15783944391148486
6154,857.7,26,1,0.1577920920783114
6155,973.3,9,1,0.15774475445068792
6156,973.3,9,1,0.1576974310243527
6157,985.1,10,1,0.15765012179504542
6158,1025.1,10,1,0.15760282675850693
6159,1003.3,8,1,0.15755554591047938
6160,1025.1,10,1,0.15750827924670624
6161,1025.1,10,1,0.15746102676293222
6162,1003.3,8,1,0.15741378845490334
6163,973.3,9,1,0.15736656431836687
6164,973.3,9,1,0.15731935434907138
6165,955.1,11,1,0.15727215854276666
6166,896.9,13,1,0.15722497689520384
6167,1023.3,8,1,0.1571778094021353
6168,1023.3,8,1,0.15713065605931467
6169,973.3,9,1,0.15708351686249689
6170,935.1,11,1,0.15703639180743814
6171,1003.3,8,1,0.15698928088989592
6172,1025.1,10,1,0.15694218410562896
6173,933.3,9,1,0.15689510145039728
6174,975.1,11,1,0.15684803291996216
6175,1023.3,8,1,0.15680097851008618
6176,1023.3,8,1,0.15675393821653316
6177,1023.3,8,1,0.1567069120350682
6178,1025.1,10,1,0.15665989996145768
6179,1023.3,8,1,0.15661290199146924
6180,935.1,11,1,0.1565659181208718
6181,895.1,11,1,0.15651894834543556
6182,1026.9,12,1,0.15647199266093192
6183,1025.1,10,1,0.15642505106313365
6184,1023.3,8,1,0.15637812354781472
6185,1023.3,8,1,0.15633121011075038
6186,1023.3,8,1,0.15628431074771715
6187,1025.1,10,1,0.15623742545449285
6188,1023.3,8,1,0.15619055422685652
6189,1023.3,8,1,0.15614369706058848
6190,985.1,10,1,0.1560968539514703
6191,925.1,12,1,0.15605002489528486
6192,953.3,9,1,0.15600320988781627
6193,985.1,10,1,0.15595640892484994
6194,965.1,10,1,0.15590962200217248
6195,975.1,11,1,0.15586284911557183
6196,1003.3,8,1,0.15581609026083715
6197,1005.1,10,1,0.1557693454337589
6198,986.9,12,1,0.15572261463012876
6199,975.1,11,1,0.15567589784573974
6200,983.3,8,1,0.155629195076386
6201,975.1,11,1,0.1555825063178631
6202,1025.1,10,1,0.15553583156596776
6203,978.6999999999999,15,1,0.15548917081649796
6204,1023.3,8,1,0.15544252406525302
6205,973.3,9,1,0.15539589130803344
6206,985.1,10,1,0.15534927254064104
6207,953.3,9,1,0.15530266775887885
6208,955.1,11,1,0.1552560769585512
6209,985.1,10,1,0.15520950013546364
6210,953.3,9,1,0.15516293728542302
6211,1023.3,8,1,0.1551163884042374
6212,973.3,9,1,0.15506985348771612
6213,1023.3,8,1,0.1550233325316698
6214,1023.3,8,1,0.1549768255319103
6215,1023.3,8,1,0.15493033248425073
6216,955.1,11,1,0.15488385338450544
6217,1026.9,12,1,0.1548373882284901
6218,1025.1,10,1,0.15479093701202157
6219,923.3000000000001,10,1,0.15474449973091797
6220,1023.3,8,1,0.1546980763809987
6221,1023.3,8,1,0.1546516669580844
6222,1023.3,8,1,0.154605271457997
6223,885.1,12,1,0.1545588898765596
6224,983.3,8,1,0.15451252220959663
6225,1025.1,10,1,0.15446616845293376
6226,1023.3,8,1,0.1544198286023979
6227,968.3,9,1,0.15437350265381716
6228,1025.1,10,1,0.15432719060302102
6229,1025.1,10,1,0.15428089244584012
6230,1026.9,12,1,0.15423460817810636
6231,1003.3,8,1,0.15418833779565294
6232,1025.1,10,1,0.15414208129431425
6233,983.3,8,1,0.15409583866992596
6234,955.1,11,1,0.15404960991832498
6235,1006.9,12,1,0.1540033950353495
6236,1023.3,8,1,0.15395719401683888
6237,1005.1,10,1,0.15391100685863385
6238,988.6999999999999,14,1,0.15386483355657626
6239,933.3,9,1,0.1538186741065093
6240,955.1,11,1,0.15377252850427733
6241,983.3,8,1,0.15372639674572605
6242,1005.1,10,1,0.15368027882670235
6243,1003.3,8,1,0.15363417474305435
6244,985.1,10,1,0.15358808449063144
6245,983.3,8,1,0.15354200806528426
6246,1005.1,10,1,0.15349594546286469
6247,1025.1,10,1,0.15344989667922584
6248,1005.1,10,1,0.15340386171022208
6249,1026.9,12,1,0.153357840551709
6250,1025.1,10,1,0.1533118331995435
6251,1005.1,10,1,0.15326583964958365
6252,1003.3,8,1,0.15321985989768877
6253,986.9,12,1,0.15317389393971947
6254,953.3,9,1,0.15312794177153757
6255,1023.3,8,1,0.15308200338900613
6256,986.9,12,1,0.15303607878798944
6257,975.1,11,1,0.15299016796435305
6258,973.3,9,1,0.15294427091396376
6259,1023.3,8,1,0.15289838763268956
6260,973.3,9,1,0.15285251811639977
6261,985.1,10,1,0.15280666236096485
6262,965.1,10,1,0.15276082036225658
6263,903.3,10,1,0.15271499211614792
6264,923.3000000000001,10,1,0.1526691776185131
6265,1025.1,10,1,0.15262337686522753
6266,1026.9,12,1,0.15257758985216796
6267,1025.1,10,1,0.1525318165752123
6268,1023.3,8,1,0.15248605703023976
6269,1023.3,8,1,0.1524403112131307
6270,978.7,15,1,0.15239457911976678
6271,1023.3,8,1,0.15234886074603085
6272,958.6999999999999,15,1,0.15230315608780703
6273,1025.1,10,1,0.1522574651409807
6274,1003.3,8,1,0.1522117879014384
6275,1023.3,8,1,0.152166124365068
6276,935.1,11,1,0.15212047452775848
6277,992.3,18,1,0.15207483838540015
6278,1023.3,8,1,0.15202921593388452
6279,1023.3,8,1,0.15198360716910436
6280,958.7,15,1,0.15193801208695362
6281,953.3,9,1,0.15189243068332753
6282,973.3,9,1,0.15184686295412253
6283,1023.3,8,1,0.1518013088952363
6284,955.1,11,1,0.15175576850256772
6285,986.9,12,1,0.15171024177201695
6286,980.5,17,1,0.15166472869948536
6287,1023.3,8,1,0.1516192292808755
6288,1026.9,12,1,0.15157374351209124
6289,1023.3,8,1,0.15152827138903763
6290,923.3,10,1,0.15148281290762092
6291,986.9,12,1,0.15143736806374863
6292,1025.1,10,1,0.15139193685332952
6293,966.9,12,1,0.15134651927227352
6294,1023.3,8,1,0.15130111531649185
6295,1023.3,8,1,0.1512557249818969
6296,955.1,11,1,0.15121034826440233
6297,1006.9,12,1,0.15116498515992302
6298,1023.3,8,1,0.15111963566437506
6299,973.3,9,1,0.15107429977367576
6300,935.1,11,1,0.15102897748374366
6301,1006.9,12,1,0.15098366879049854
6302,1025.1,10,1,0.1509383736898614
6303,900.5,17,1,0.15089309217775446
6304,1023.3,8,1,0.15084782425010113
6305,1023.3,8,1,0.1508025699028261
6306,973.3,9,1,0.15075732913185524
6307,1023.3,8,1,0.15071210193311568
6308,938.7,14,1,0.15066688830253575
6309,953.3,9,1,0.150621688236045
6310,923.3,10,1,0.15057650172957418
6311,1023.3,8,1,0.1505313287790553
6312,1023.3,8,1,0.1504861693804216
6313,973.3,9,1,0.1504410235296075
6314,1026.9,12,1,0.15039589122254862
6315,1023.3,8,1,0.15035077245518186
6316,1030.5,16,1,0.15030566722344532
6317,1025.1,10,1,0.1502605755232783
6318,1003.3,8,1,0.1502154973506213
6319,1023.3,8,1,0.15017043270141614
6320,935.1,11,1,0.1501253815716057
6321,975.1,11,1,0.15008034395713424
6322,983.3,8,1,0.1500353198539471
6323,985.1,10,1,0.14999030925799092
6324,983.3,8,1,0.14994531216521353
6325,923.3000000000001,10,1,0.14990032857156396
6326,973.3,9,1,0.1498553584729925
6327,985.1,10,1,0.1498104018654506
6328,994.1,20,1,0.14976545874489097
6329,1023.3,8,1,0.14972052910726752
6330,1023.3,8,1,0.14967561294853535
6331,926.9000000000001,14,1,0.1496307102646508
6332,973.3,9,1,0.14958582105157142
6333,1023.3,8,1,0.14954094530525597
6334,973.3,9,1,0.1494960830216644
6335,1006.9,12,1,0.1494512341967579
6336,955.1,11,1,0.1494063988264989
6337,903.3000000000001,10,1,0.14936157690685095
6338,1026.9,12,1,0.1493167684337789
6339,1025.1,10,1,0.14927197340324877
6340,973.3,9,1,0.1492271918112278
6341,1023.3,8,1,0.14918242365368442
6342,875.1,13,1,0.1491376689265883
6343,1026.9,12,1,0.14909292762591034
6344,983.3,8,1,0.14904819974762257
6345,1023.3,8,1,0.14900348528769827
6346,973.3,9,1,0.14895878424211198
6347,1023.3,8,1,0.14891409660683935
6348,985.1,10,1,0.1488694223778573
6349,875.1,13,1,0.14882476155114396
6350,1003.3,8,1,0.14878011412267864
6351,1026.9,12,1,0.14873548008844184
6352,1025.1,10,1,0.14869085944441532
6353,975.1,11,1,0.148646252186582
6354,1025.1,10,1,0.14860165831092603
6355,1023.3,8,1,0.14855707781343275
6356,1023.3,8,1,0.14851251069008872
6357,1026.9,12,1,0.1484679569368817
6358,1026.9,12,1,0.14842341654980062
6359,976.9,13,1,0.1483788895248357
6360,925.1,12,1,0.14833437585797823
6361,1025.1,10,1,0.14828987554522086
6362,1025.1,10,1,0.14824538858255729
6363,960.5,17,1,0.14820091496598253
6364,1026.9,12,1,0.14815645469149274
6365,962.3,19,1,0.1481120077550853
6366,975.1,11,1,0.14806757415275876
6367,1025.1,10,1,0.14802315388051293
6368,975.1,11,1,0.1479787469343488
6369,1026.9,12,1,0.1479343533102685
6370,975.1,11,1,0.14788997300427542
6371,1025.1,10,1,0.14784560601237415
6372,1025.1,10,1,0.14780125233057045
6373,1025.1,10,1,0.14775691195487128
6374,975.1,11,1,0.14771258488128483
6375,1023.3,8,1,0.14766827110582045
6376,1028.7,14,1,0.1476239706244887
6377,975.1,11,1,0.14757968343330136
6378,1025.1,10,1,0.14753540952827138
6379,1025.1,10,1,0.1474911489054129
6380,1025.1,10,1,0.14744690156074128
6381,962.3,18,1,0.14740266749027306
6382,1025.1,10,1,0.14735844669002598
6383,1028.7,14,1,0.147314239156019
6384,1025.1,10,1,0.1472700448842722
6385,1025.1,10,1,0.1472258638708069
6386,1030.5,16,1,0.14718169611164567
6387,1025.1,10,1,0.14713754160281217
6388,1025.1,10,1,0.14709340034033133
6389,1026.9,12,1,0.14704927232022924
6390,1032.3,18,1,0.1470051575385332
6391,1025.1,10,1,0.14696105599127163
6392,1026.9,12,1,0.14691696767447426
6393,1008.7,14,1,0.14687289258417194
6394,1025.1,10,1,0.14682883071639669
6395,928.7,16,1,0.14678478206718176
6396,1025.1,10,1,0.14674074663256162
6397,1025.1,10,1,0.14669672440857184
6398,938.6999999999999,15,1,0.14665271539124927
6399,976.9,13,1,0.1466087195766319
6400,1025.1,10,1,0.14656473696075892
6401,1026.9,12,1,0.1465207675396707
6402,1025.1,10,1,0.1464768113094088
6403,1025.1,10,1,0.14643286826601598
6404,1025.1,10,1,0.14638893840553618
6405,1030.5,16,1,0.14634502172401453
6406,973.3,9,1,0.14630111821749733
6407,1008.7,14,1,0.14625722788203208
6408,1026.9,12,1,0.14621335071366748
6409,1026.9,12,1,0.1461694867084534
6410,876.9000000000001,15,1,0.14612563586244087
6411,982.3,19,1,0.14608179817168215
6412,1026.9,12,1,0.14603797363223064
6413,1025.1,10,1,0.14599416224014097
6414,1025.1,10,1,0.14595036399146893
6415,1025.1,10,1,0.1459065788822715
6416,1025.1,10,1,0.1458628069086068
6417,1026.9,12,1,0.14581904806653423
6418,975.1,11,1,0.14577530235211428
6419,975.1,11,1,0.14573156976140864
6420,1023.3,8,1,0.14568785029048023
6421,958.7,15,1,0.1456441439353931
6422,1025.1,10,1,0.14560045069221247
6423,1026.9,12,1,0.1455567705570048
6424,1026.9,12,1,0.1455131035258377
6425,975.1,11,1,0.14546944959477998
6426,1028.7,14,1,0.14542580875990155
6427,1025.1,10,1,0.14538218101727357
6428,912.3,20,1,0.14533856636296838
6429,1025.1,10,1,0.1452949647930595
6430,1025.1,10,1,0.1452513763036216
6431,1026.9,12,1,0.14520780089073052
6432,1025.1,10,1,0.1451642385504633
6433,1025.1,10,1,0.14512068927889815
6434,1025.1,10,1,0.1450771530721145
6435,1025.1,10,1,0.14503362992619287
6436,1025.1,10,1,0.14499011983721502
6437,1025.1,10,1,0.14494662280126386
6438,1025.1,10,1,0.1449031388144235
6439,1025.1,10,1,0.14485966787277915
6440,975.1,11,1,0.14481620997241731
6441,1025.1,10,1,0.1447727651094256
6442,1025.1,10,1,0.1447293332798928
6443,1025.1,10,1,0.14468591447990883
6444,1025.1,10,1,0.14464250870556486
6445,1025.1,10,1,0.1445991159529532
6446,975.1,11,1,0.1445557362181673
6447,978.7,15,1,0.14451236949730187
6448,1030.5,16,1,0.1444690157864527
6449,1025.1,10,1,0.14442567508171675
6450,982.3,19,1,0.14438234737919223
6451,1025.1,10,1,0.14433903267497847
6452,1023.3,8,1,0.14429573096517598
6453,1023.3,8,1,0.14425244224588643
6454,1025.1,10,1,0.14420916651321267
6455,976.9,13,1,0.14416590376325872
6456,976.9,13,1,0.14412265399212976
6457,975.1,11,1,0.14407941719593212
6458,975.1,11,1,0.14403619337077334
6459,980.5,17,1,0.1439929825127621
6460,1025.1,10,1,0.14394978461800828
6461,975.1,11,1,0.14390659968262287
6462,1026.9,12,1,0.1438634277027181
6463,1025.1,10,1,0.14382026867440728
6464,1025.1,10,1,0.14377712259380496
6465,976.9,13,1,0.1437339894570268
6466,976.9,13,1,0.1436908692601897
6467,1026.9,12,1,0.14364776199941165
6468,930.5,18,1,0.14360466767081184
6469,1025.1,10,1,0.1435615862705106
6470,975.1,11,1,0.14351851779462946
6471,1025.1,10,1,0.14347546223929108
6472,1025.1,10,1,0.1434324196006193
6473,1028.7,14,1,0.14338938987473912
6474,1025.1,10,1,0.1433463730577767
6475,1032.3,18,1,0.14330336914585937
6476,1012.3,18,1,0.1432603781351156
6477,1008.7,14,1,0.14321740002167507
6478,975.1,11,1,0.14317443480166858
6479,1026.9,12,1,0.1431314824712281
6480,1023.3,8,1,0.14308854302648671
6481,1025.1,10,1,0.14304561646357877
6482,975.1,11,1,0.14300270277863972
6483,976.9,13,1,0.14295980196780614
6484,975.1,11,1,0.1429169140272158
6485,1030.5,16,1,0.14287403895300763
6486,1026.9,12,1,0.14283117674132173
6487,973.3,9,1,0.14278832738829933
6488,1025.1,10,1,0.14274549089008284
6489,1026.9,12,1,0.14270266724281583
6490,1026.9,12,1,0.14265985644264298
6491,975.1,11,1,0.14261705848571019
6492,1025.1,10,1,0.14257427336816447
6493,1026.9,12,1,0.14253150108615403
6494,975.1,11,1,0.1424887416358282
6495,975.1,11,1,0.14244599501333746
6496,1026.9,12,1,0.14240326121483346
6497,975.1,11,1,0.14236054023646902
6498,926.9000000000001,14,1,0.14231783207439808
6499,975.1,11,1,0.14227513672477576
6500,984.1,21,1,0.14223245418375832
6501,1026.9,12,1,0.1421897844475032
6502,1025.1,10,1,0.14214712751216893
6503,1025.1,10,1,0.1421044833739153
6504,975.1,11,1,0.14206185202890312
6505,976.9,13,1,0.14201923347329445
6506,1026.9,12,1,0.14197662770325248
6507,978.7,15,1,0.1419340347149415
6508,1026.9,12,1,0.14189145450452703
6509,1032.3,18,1,0.14184888706817567
6510,1025.1,10,1,0.14180633240205523
6511,1025.1,10,1,0.14176379050233462
6512,1025.1,10,1,0.14172126136518393
6513,1025.1,10,1,0.14167874498677438
6514,1025.1,10,1,0.14163624136327835
6515,1025.1,10,1,0.14159375049086936
6516,925.1,12,1,0.1415512723657221
6517,1030.5,16,1,0.1415088069840124
6518,1025.1,10,1,0.14146635434191718
6519,1025.1,10,1,0.1414239144356146
6520,980.5,17,1,0.14138148726128394
6521,1028.7,14,1,0.14133907281510555
6522,975.1,11,1,0.14129667109326102
6523,975.1,11,1,0.14125428209193305
6524,1025.1,10,1,0.14121190580730547
6525,1023.3,8,1,0.14116954223556327
6526,980.5,17,1,0.14112719137289262
6527,1025.1,10,1,0.14108485321548075
6528,1025.1,10,1,0.14104252775951612
6529,1025.1,10,1,0.14100021500118826
6530,925.1,12,1,0.1409579149366879
6531,975.1,11,1,0.1409156275622069
6532,1025.1,10,1,0.14087335287393826
6533,1023.3,8,1,0.14083109086807608
6534,1028.7,14,1,0.14078884154081567
6535,1025.1,10,1,0.14074660488835342
6536,976.9,13,1,0.14070438090688692
6537,1025.1,10,1,0.14066216959261485
6538,1026.9,12,1,0.14061997094173706
6539,1025.1,10,1,0.14057778495045453
6540,1025.1,10,1,0.1405356116149694
6541,926.9,14,1,0.14049345093148494
6542,925.1,12,1,0.1404513028962055
6543,976.9,13,1,0.14040916750533664
6544,1028.7,14,1,0.14036704475508505
6545,960.5,17,1,0.14032493464165852
6546,875.1,13,1,0.14028283716126602
6547,1028.7,14,1,0.14024075231011765
6548,1030.5,16,1,0.14019868008442463
6549,1026.9,12,1,0.1401566204803993
6550,1025.1,10,1,0.14011457349425518
6551,1025.1,10,1,0.1400725391222069
6552,1026.9,12,1,0.14003051736047026
6553,975.1,11,1,0.13998850820526212
6554,1025.1,10,1,0.13994651165280056
6555,1025.1,10,1,0.13990452769930473
6556,1026.9,12,1,0.13986255634099493
6557,1025.1,10,1,0.13982059757409263
6558,1025.1,10,1,0.1397786513948204
6559,1026.9,12,1,0.13973671779940197
6560,1025.1,10,1,0.13969479678406216
6561,985.1,10,1,0.13965288834502695
6562,1025.1,10,1,0.13961099247852346
6563,980.5,17,1,0.13956910918077992
6564,1025.1,10,1,0.1395272384480257
6565,1026.9,12,1,0.1394853802764913
6566,1026.9,12,1,0.13944353466240836
6567,1026.9,12,1,0.13940170160200965
6568,976.9,13,1,0.13935988109152905
6569,976.9,13,1,0.1393180731272016
6570,1025.1,10,1,0.13927627770526343
6571,1025.1,10,1,0.13923449482195185
6572,1025.1,10,1,0.13919272447350528
6573,1025.1,10,1,0.13915096665616322
6574,976.9,13,1,0.13910922136616638
6575,1025.1,10,1,0.13906748859975654
6576,1026.9,12,1,0.13902576835317662
6577,1025.1,10,1,0.13898406062267069
6578,1025.1,10,1,0.13894236540448388
6579,925.1,12,1,0.13890068269486253
6580,1025.1,10,1,0.13885901249005408
6581,1028.7,14,1,0.13881735478630708
6582,978.7,15,1,0.1387757095798712
6583,1023.3,8,1,0.13873407686699724
6584,1023.3,8,1,0.13869245664393715
6585,978.6999999999999,15,1,0.13865084890694396
6586,875.1,13,1,0.1386092536522719
6587,1025.1,10,1,0.13856767087617622
6588,980.5,17,1,0.13852610057491338
6589,975.1,11,1,0.13848454274474092
6590,1028.7,14,1,0.1384429973819175
6591,938.7,15,1,0.13840146448270293
6592,1023.3,8,1,0.13835994404335814
6593,973.3,9,1,0.13831843606014513
6594,973.3,9,1,0.1382769405293271
6595,1023.3,8,1,0.1382354574471683
6596,955.1,11,1,0.13819398680993417
6597,1025.1,10,1,0.13815252861389118
6598,1025.1,10,1,0.13811108285530702
6599,946.9,12,1,0.13806964953045042
6600,1026.9,12,1,0.1380282286355913
6601,1025.1,10,1,0.13798682016700065
6602,1023.3,8,1,0.13794542412095054
6603,1028.7,14,1,0.13790404049371427
6604,1025.1,10,1,0.13786266928156615
6605,1025.1,10,1,0.1378213104807817
6606,1025.1,10,1,0.13777996408763746
6607,940.5,17,1,0.13773863009841117
6608,1026.9,12,1,0.13769730850938164
6609,1028.7,14,1,0.13765599931682884
6610,976.9,13,1,0.1376147025170338
6611,1025.1,10,1,0.1375734181062787
6612,1026.9,12,1,0.13753214608084682
6613,1026.9,12,1,0.13749088643702256
6614,1025.1,10,1,0.13744963917109146
6615,1025.1,10,1,0.13740840427934015
6616,1008.7,14,1,0.13736718175805634
6617,1008.7,14,1,0.13732597160352894
6618,1026.9,12,1,0.13728477381204787
6619,980.5,17,1,0.13724358837990427
6620,1026.9,12,1,0.1372024153033903
6621,982.3,19,1,0.1371612545787993
6622,1026.9,12,1,0.13712010620242565
6623,914.1,22,1,0.13707897017056492
6624,1028.7,14,1,0.13703784647951375
6625,1023.3,8,1,0.1369967351255699
6626,1023.3,8,1,0.13695563610503222
6627,955.1,11,1,0.13691454941420073
6628,903.3,10,1,0.13687347504937647
6629,1023.3,8,1,0.13683241300686166
6630,1023.3,8,1,0.1367913632829596
6631,1023.3,8,1,0.1367503258739747
6632,1005.1,10,1,0.13670930077621252
6633,1003.3,8,1,0.13666828798597966
6634,1023.3,8,1,0.13662728749958386
6635,1023.3,8,1,0.136586299313334
6636,1023.3,8,1,0.13654532342354
6637,1025.1,10,1,0.13650435982651296
6638,1023.3,8,1,0.136463408518565
6639,975.1,11,1,0.13642246949600945
6640,1025.1,10,1,0.13638154275516065
6641,1003.3,8,1,0.13634062829233412
6642,976.9,13,1,0.1362997261038464
6643,1025.1,10,1,0.13625883618601525
6644,1005.1,10,1,0.13621795853515944
6645,975.1,11,1,0.1361770931475989
6646,1023.3,8,1,0.13613624001965463
6647,1023.3,8,1,0.13609539914764873
6648,973.3,9,1,0.13605457052790446
6649,973.3,9,1,0.1360137541567461
6650,1023.3,8,1,0.13597295003049908
6651,935.1,11,1,0.13593215814548995
6652,983.3,8,1,0.1358913784980463
6653,979.5,26,1,0.1358506110844969
6654,1025.1,10,1,0.13580985590117153
6655,975.1,11,1,0.1357691129444012
6656,1026.9,12,1,0.1357283822105179
6657,1032.3,18,1,0.13568766369585475
6658,975.1,11,1,0.135646957396746
6659,1025.1,10,1,0.135606263309527
6660,975.1,11,1,0.13556558143053413
6661,1025.1,10,1,0.13552491175610498
6662,1028.7,14,1,0.13548425428257815
6663,1025.1,10,1,0.13544360900629338
6664,1025.1,10,1,0.1354029759235915
6665,1025.1,10,1,0.13536235503081442
6666,1026.9,12,1,0.1353217463243052
6667,973.3,9,1,0.1352811498004079
6668,1025.1,10,1,0.13524056545546778
6669,1026.9,12,1,0.13519999328583115
6670,1025.1,10,1,0.1351594332878454
6671,973.3,9,1,0.13511888545785905
6672,1026.9,12,1,0.1350783497922217
6673,1025.1,10,1,0.13503782628728403
6674,1023.3,8,1,0.13499731493939784
6675,923.3,10,1,0.13495681574491603
6676,1026.9,12,1,0.13491632870019254
6677,1025.1,10,1,0.13487585380158248
6678,975.1,11,1,0.134835391045442
6679,975.1,11,1,0.1347949404281284
6680,1025.1,10,1,0.13475450194599997
6681,980.5,17,1,0.13471407559541618
6682,1025.1,10,1,0.13467366137273756
6683,1028.7,14,1,0.13463325927432573
6684,975.1,11,1,0.13459286929654343
6685,948.7,14,1,0.13455249143575448
6686,1025.1,10,1,0.13451212568832377
6687,978.7,15,1,0.13447177205061728
6688,975.1,11,1,0.1344314305190021
6689,955.1,11,1,0.13439110108984642
6690,1025.1,10,1,0.13435078375951948
6691,1026.9,12,1,0.13431047852439162
6692,1025.1,10,1,0.13427018538083432
6693,1008.7,14,1,0.13422990432522008
6694,1025.1,10,1,0.13418963535392253
6695,975.1,11,1,0.13414937846331637
6696,975.1,11,1,0.1341091336497774
6697,975.1,11,1,0.13406890090968246
6698,1023.3,8,1,0.13402868023940956
6699,1025.1,10,1,0.13398847163533775
6700,1028.7,14,1,0.13394827509384716
6701,1025.1,10,1,0.133908090611319
6702,1028.7,14,1,0.1338679181841356
6703,1026.9,12,1,0.13382775780868036
6704,1025.1,10,1,0.13378760948133778
6705,973.3,9,1,0.13374747319849337
6706,978.7,15,1,0.13370734895653383
6707,1025.1,10,1,0.13366723675184689
6708,1025.1,10,1,0.13362713658082134
6709,1025.1,10,1,0.1335870484398471
6710,1023.3,8,1,0.13354697232531515
6711,975.1,11,1,0.13350690823361755
6712,1026.9,12,1,0.13346685616114748
6713,1030.5,16,1,0.13342681610429913
6714,1023.3,8,1,0.13338678805946785
6715,1023.3,8,1,0.13334677202305
6716,1023.3,8,1,0.1333067679914431
6717,935.1,11,1,0.13326677596104566
6718,988.7,14,1,0.13322679592825734
6719,986.9,12,1,0.13318682788947886
6720,933.3000000000001,9,1,0.133146871841112
6721,1006.9,12,1,0.13310692777955968
6722,1023.3,8,1,0.13306699570122582
6723,1023.3,8,1,0.13302707560251545
6724,1023.3,8,1,0.1329871674798347
6725,885.1,12,1,0.13294727132959075
6726,1026.9,12,1,0.13290738714819186
6727,1008.7,14,1,0.1328675149320474
6728,975.1,11,1,0.1328276546775678
6729,883.3,10,1,0.13278780638116452
6730,1023.3,8,1,0.13274797003925018
6731,973.3,9,1,0.1327081456482384
6732,1023.3,8,1,0.13266833320454394
6733,1023.3,8,1,0.13262853270458258
6734,1023.3,8,1,0.1325887441447712
6735,973.3,9,1,0.13254896752152778
6736,935.1,11,1,0.13250920283127132
6737,983.3,8,1,0.13246945007042193
6738,1023.3,8,1,0.13242970923540082
6739,1023.3,8,1,0.1323899803226302
6740,1025.1,10,1,0.13235026332853342
6741,973.3,9,1,0.13231055824953486
6742,960.5,17,1,0.13227086508206
6743,1023.3,8,1,0.1322311838225354
6744,1028.7,14,1,0.13219151446738864
6745,1025.1,10,1,0.13215185701304843
6746,983.3,8,1,0.1321122114559445
6747,1008.7,14,1,0.13207257779250772
6748,1023.3,8,1,0.13203295601916998
6749,973.3,9,1,0.13199334613236424
6750,1023.3,8,1,0.13195374812852453
6751,985.1,10,1,0.13191416200408598
6752,965.1,10,1,0.13187458775548477
6753,1023.3,8,1,0.13183502537915814
6754,1025.1,10,1,0.1317954748715444
6755,765.9000000000001,24,1,0.13175593622908294
6756,1023.3,8,1,0.13171640944821422
6757,986.9,12,1,0.13167689452537976
6758,873.3000000000001,11,1,0.13163739145702213
6759,923.3,10,1,0.13159790023958504
6760,1023.3,8,1,0.13155842086951317
6761,1023.3,8,1,0.1315189533432523
6762,1005.1,10,1,0.13147949765724934
6763,953.3,9,1,0.13144005380795218
6764,1023.3,8,1,0.1314006217918098
6765,1005.1,10,1,0.13136120160527226
6766,925.1,12,1,0.13132179324479068
6767,1023.3,8,1,0.13128239670681724
6768,885.1,12,1,0.1312430119878052
6769,983.3,8,1,0.13120363908420885
6770,928.7,16,1,0.1311642779924836
6771,1023.3,8,1,0.13112492870908585
6772,1023.3,8,1,0.13108559123047311
6773,1025.1,10,1,0.13104626555310397
6774,1023.3,8,1,0.13100695167343804
6775,935.1,11,1,0.130967649587936
6776,983.3,8,1,0.13092835929305963
6777,1023.3,8,1,0.1308890807852717
6778,973.3,9,1,0.13084981406103613
6779,1023.3,8,1,0.13081055911681783
6780,985.1,10,1,0.13077131594908278
6781,933.3000000000001,9,1,0.13073208455429805
6782,883.1,30,1,0.13069286492893176
6783,1025.1,10,1,0.1306536570694531
6784,1025.1,10,1,0.13061446097233226
6785,976.9,13,1,0.13057527663404056
6786,1025.1,10,1,0.13053610405105034
6787,1025.1,10,1,0.13049694321983504
6788,1028.7,14,1,0.1304577941368691
6789,978.6999999999999,15,1,0.13041865679862802
6790,975.1,11,1,0.13037953120158843
6791,975.1,11,1,0.13034041734222795
6792,975.1,11,1,0.1303013152170253
6793,925.1,12,1,0.1302622248224602
6794,1026.9,12,1,0.13022314615501346
6795,1025.1,10,1,0.13018407921116695
6796,928.7,16,1,0.1301450239874036
6797,973.3,9,1,0.13010598048020738
6798,1026.9,12,1,0.13006694868606333
6799,976.9,13,1,0.1300279286014575
6800,1026.9,12,1,0.12998892022287709
6801,975.1,11,1,0.12994992354681023
6802,1025.1,10,1,0.1299109385697462
6803,1025.1,10,1,0.12987196528817527
6804,985.1,10,1,0.12983300369858883
6805,1025.1,10,1,0.12979405379747924
6806,1025.1,10,1,0.12975511558134
6807,1028.7,14,1,0.1297161890466656
6808,975.1,11,1,0.1296772741899516
6809,1025.1,10,1,0.1296383710076946
6810,975.1,11,1,0.1295994794963923
6811,975.1,11,1,0.12956059965254338
6812,1028.7,14,1,0.12952173147264762
6813,1026.9,12,1,0.12948287495320582
6814,1025.1,10,1,0.12944403009071986
6815,975.1,11,1,0.12940519688169266
6816,1025.1,10,1,0.12936637532262815
6817,1026.9,12,1,0.12932756541003138
6818,925.1,12,1,0.12928876714040838
6819,978.7,15,1,0.12924998051026626
6820,975.1,11,1,0.12921120551611318
6821,976.9,13,1,0.12917244215445833
6822,975.1,11,1,0.129133690421812
6823,1025.1,10,1,0.12909495031468546
6824,1025.1,10,1,0.12905622182959106
6825,1028.7,14,1,0.12901750496304218
6826,1025.1,10,1,0.12897879971155327
6827,1025.1,10,1,0.1289401060716398
6828,1025.1,10,1,0.12890142403981833
6829,978.7,15,1,0.12886275361260638
6830,976.9,13,1,0.1288240947865226
6831,975.1,11,1,0.12878544755808666
6832,1028.7,14,1,0.12874681192381923
6833,1026.9,12,1,0.1287081878802421
6834,1025.1,10,1,0.12866957542387802
6835,926.9000000000001,14,1,0.12863097455125086
6836,962.3,19,1,0.1285923852588855
6837,975.1,11,1,0.12855380754330784
6838,1025.1,10,1,0.12851524140104484
6839,1030.5,16,1,0.12847668682862454
6840,973.3,9,1,0.12843814382257596
6841,1025.1,10,1,0.12839961237942918
6842,1025.1,10,1,0.12836109249571537
6843,1025.1,10,1,0.12832258416796666
6844,976.9,13,1,0.12828408739271627
6845,975.1,11,1,0.12824560216649847
6846,1025.1,10,1,0.12820712848584853
6847,1008.7,14,1,0.12816866634730278
6848,975.1,11,1,0.1281302157473986
6849,976.9,13,1,0.12809177668267438
6850,1025.1,10,1,0.1280533491496696
6851,1026.9,12,1,0.1280149331449247
6852,1025.1,10,1,0.12797652866498124
6853,1025.1,10,1,0.12793813570638174
6854,1023.3,8,1,0.12789975426566982
6855,1025.1,10,1,0.12786138433939012
6856,973.3,9,1,0.1278230259240883
6857,973.3,9,1,0.1277846790163111
6858,1008.7,14,1,0.12774634361260623
6859,1025.1,10,1,0.12770801970952245
6860,978.7,15,1,0.1276697073036096
6861,975.1,11,1,0.1276314063914185
6862,1025.1,10,1,0.1275931169695011
6863,1025.1,10,1,0.12755483903441026
6864,1026.9,12,1,0.12751657258269994
6865,1006.9,12,1,0.12747831761092512
6866,1026.9,12,1,0.12744007411564184
6867,1025.1,10,1,0.12740184209340716
6868,975.1,11,1,0.12736362154077915
6869,1023.3,8,1,0.12732541245431692
6870,955.1,11,1,0.12728721483058061
6871,1026.9,12,1,0.12724902866613144
6872,1025.1,10,1,0.1272108539575316
6873,1026.9,12,1,0.12717269070134435
6874,1025.1,10,1,0.12713453889413395
6875,1028.7,14,1,0.1270963985324657
6876,1025.1,10,1,0.12705826961290598
6877,925.1,12,1,0.1270201521320221
6878,1026.9,12,1,0.1269820460863825
6879,1003.3,8,1,0.12694395147255658
6880,1026.9,12,1,0.1269058682871148
6881,1026.9,12,1,0.1268677965266287
6882,1025.1,10,1,0.1268297361876707
6883,1010.5,16,1,0.12679168726681442
6884,1023.3,8,1,0.12675364976063438
6885,1025.1,10,1,0.1267156236657062
6886,1025.1,10,1,0.1266776089786065
6887,1025.1,10,1,0.12663960569591293
6888,1008.7,14,1,0.12660161381420415
6889,925.1,12,1,0.1265636333300599
6890,1025.1,10,1,0.1265256642400609
6891,925.1,12,1,0.1264877065407889
6892,1025.1,10,1,0.12644976022882665
6893,1025.1,10,1,0.126411825300758
6894,1025.1,10,1,0.1263739017531678
6895,1030.5,16,1,0.12633598958264183
6896,1025.1,10,1,0.12629808878576704
6897,975.1,11,1,0.12626019935913133
6898,1025.1,10,1,0.1262223212993236
6899,1026.9,12,1,0.1261844546029338
6900,1025.1,10,1,0.12614659926655292
6901,1026.9,12,1,0.12610875528677296
6902,1025.1,10,1,0.12607092266018693
6903,1025.1,10,1,0.12603310138338888
6904,1025.1,10,1,0.12599529145297386
6905,1025.1,10,1,0.12595749286553798
6906,975.1,11,1,0.12591970561767832
6907,1023.3,8,1,0.12588192970599302
6908,1026.9,12,1,0.12584416512708121
6909,1025.1,10,1,0.1258064118775431
6910,1025.1,10,1,0.12576866995397984
6911,1025.1,10,1,0.12573093935299365
6912,1026.9,12,1,0.12569322007118774
6913,1025.1,10,1,0.1256555121051664
6914,925.1,12,1,0.12561781545153486
6915,1025.1,10,1,0.1255801301068994
6916,975.1,11,1,0.12554245606786732
6917,1025.1,10,1,0.12550479333104697
6918,1025.1,10,1,0.12546714189304767
6919,925.1,12,1,0.12542950175047976
6920,1026.9,12,1,0.12539187289995463
6921,978.6999999999999,15,1,0.12535425533808464
6922,1026.9,12,1,0.1253166490614832
6923,978.7,15,1,0.12527905406676476
6924,875.1,13,1,0.12524147035054473
6925,1025.1,10,1,0.12520389790943956
6926,978.7,14,1,0.12516633674006672
6927,1028.7,14,1,0.12512878683904471
6928,1028.7,14,1,0.125091248202993
6929,1025.1,10,1,0.1250537208285321
6930,1025.1,10,1,0.12501620471228356
6931,976.9,13,1,0.12497869985086987
6932,1025.1,10,1,0.12494120624091462
6933,1025.1,10,1,0.12490372387904235
6934,1025.1,10,1,0.12486625276187864
6935,1025.1,10,1,0.12482879288605007
6936,1025.1,10,1,0.12479134424818426
6937,1025.1,10,1,0.1247539068449098
6938,1025.1,10,1,0.12471648067285634
6939,1025.1,10,1,0.12467906572865449
6940,1025.1,10,1,0.1246416620089359
6941,1026.9,12,1,0.12460426951033322
6942,873.3,11,1,0.12456688822948013
6943,925.1,12,1,0.12452951816301129
6944,976.9,13,1,0.1244921593075624
6945,1025.1,10,1,0.12445481165977013
6946,1026.9,12,1,0.1244174752162722
6947,1026.9,12,1,0.12438014997370732
6948,1023.3,8,1,0.12434283592871521
6949,975.1,11,1,0.1243055330779366
6950,1026.9,12,1,0.12426824141801322
6951,1023.3,8,1,0.12423096094558782
6952,1025.1,10,1,0.12419369165730415
6953,1026.9,12,1,0.12415643354980696
6954,1023.3,8,1,0.12411918661974203
6955,1006.9,12,1,0.1240819508637561
6956,1025.1,10,1,0.12404472627849698
6957,1025.1,10,1,0.12400751286061344
6958,975.1,11,1,0.12397031060675526
6959,1023.3,8,1,0.12393311951357323
6960,976.9,13,1,0.12389593957771916
6961,1025.1,10,1,0.12385877079584585
6962,975.1,11,1,0.1238216131646071
6963,1025.1,10,1,0.12378446668065772
6964,1025.1,10,1,0.12374733134065352
6965,1025.1,10,1,0.12371020714125133
6966,1028.7,14,1,0.12367309407910897
6967,1025.1,10,1,0.12363599215088523
6968,1028.7,14,1,0.12359890135323998
6969,975.1,11,1,0.12356182168283401
6970,975.1,11,1,0.12352475313632917
6971,926.9000000000001,14,1,0.12348769571038827
6972,928.7,16,1,0.12345064940167516
6973,1026.9,12,1,0.12341361420685466
6974,973.3,9,1,0.12337659012259261
6975,928.7,16,1,0.12333957714555584
6976,1026.9,12,1,0.12330257527241217
6977,1025.1,10,1,0.12326558449983045
6978,1025.1,10,1,0.1232286048244805
6979,975.1,11,1,0.12319163624303316
6980,1026.9,12,1,0.12315467875216025
6981,1025.1,10,1,0.12311773234853461
6982,1025.1,10,1,0.12308079702883006
6983,975.1,11,1,0.12304387278972141
6984,1025.1,10,1,0.1230069596278845
6985,1025.1,10,1,0.12297005753999614
6986,1025.1,10,1,0.12293316652273414
6987,1025.1,10,1,0.12289628657277733
6988,1025.1,10,1,0.1228594176868055
6989,1025.1,10,1,0.12282255986149947
6990,1025.1,10,1,0.12278571309354103
6991,1025.1,10,1,0.12274887737961297
6992,1025.1,10,1,0.1227120527163991
6993,1023.3,8,1,0.12267523910058419
6994,926.9000000000001,14,1,0.12263843652885402
6995,976.9,13,1,0.12260164499789537
6996,1025.1,10,1,0.122564864504396
6997,1026.9,12,1,0.1225280950450447
6998,925.1,12,1,0.12249133661653118
6999,926.9,14,1,0.12245458921554622
7000,1025.1,10,1,0.12241785283878157
7001,1025.1,10,1,0.12238112748292994
7002,975.1,11,1,0.12234441314468507
7003,1028.7,14,1,0.12230770982074167
7004,1025.1,10,1,0.12227101750779545
7005,910.1,12,1,0.12223433620254312
7006,1025.1,10,1,0.12219766590168236
7007,1025.1,10,1,0.12216100660191187
7008,1025.1,10,1,0.1221243582999313
7009,1005.1,10,1,0.12208772099244133
7010,1026.9,12,1,0.12205109467614361
7011,1026.9,12,1,0.12201447934774078
7012,960.1,11,1,0.12197787500393646
7013,978.7,15,1,0.12194128164143528
7014,1026.9,12,1,0.12190469925694285
7015,1025.1,10,1,0.12186812784716577
7016,1025.1,10,1,0.12183156740881163
7017,1028.7,14,1,0.12179501793858899
7018,956.9,13,1,0.12175847943320742
7019,1025.1,10,1,0.12172195188937746
7020,1008.7,14,1,0.12168543530381065
7021,902.3,19,1,0.12164892967321951
7022,975.1,11,1,0.12161243499431755
7023,1005.1,10,1,0.12157595126381926
7024,975.1,11,1,0.12153947847844011
7025,975.1,11,1,0.12150301663489659
7026,925.1,12,1,0.12146656572990612
7027,1025.1,10,1,0.12143012576018715
7028,975.1,11,1,0.1213936967224591
7029,1025.1,10,1,0.12135727861344237
7030,1023.3,8,1,0.12132087142985834
7031,925.1,12,1,0.12128447516842938
7032,1032.3,18,1,0.12124808982587885
7033,1030.5,16,1,0.1212117153989311
7034,975.1,11,1,0.12117535188431142
7035,1023.3,8,1,0.12113899927874612
7036,1025.1,10,1,0.1211026575789625
7037,1026.9,12,1,0.12106632678168883
7038,973.3,9,1,0.12103000688365433
7039,1026.9,12,1,0.12099369788158923
7040,1026.9,12,1,0.12095739977222476
7041,975.1,11,1,0.1209211125522931
7042,973.3,9,1,0.12088483621852741
7043,1026.9,12,1,0.12084857076766185
7044,1026.9,12,1,0.12081231619643155
7045,1025.1,10,1,0.12077607250157263
7046,975.1,11,1,0.12073983967982216
7047,975.1,11,1,0.12070361772791821
7048,1026.9,12,1,0.12066740664259984
7049,1028.7,14,1,0.12063120642060707
7050,1023.3,8,1,0.12059501705868089
7051,976.9,13,1,0.1205588385535633
7052,1025.1,10,1,0.12052267090199723
7053,1023.3,8,1,0.12048651410072662
7054,1023.3,8,1,0.12045036814649641
7055,923.3,10,1,0.12041423303605248
7056,1023.3,8,1,0.12037810876614166
7057,923.3,10,1,0.12034199533351182
7058,973.3,9,1,0.12030589273491177
7059,1023.3,8,1,0.12026980096709129
7060,1023.3,8,1,0.12023372002680117
7061,1023.3,8,1,0.12019764991079314
7062,1023.3,8,1,0.12016159061581991
7063,973.3,9,1,0.12012554213863516
7064,951.9,13,1,0.12008950447599358
7065,983.3,8,1,0.12005347762465078
7066,975.1,11,1,0.1200174615813634
7067,1023.3,8,1,0.119981456342889
7068,1023.3,8,1,0.11994546190598614
7069,973.3,9,1,0.11990947826741434
7070,1023.3,8,1,0.11987350542393412
7071,1023.3,8,1,0.11983754337230694
7072,923.3000000000001,10,1,0.11980159210929525
7073,1026.9,12,1,0.11976565163166247
7074,1026.9,12,1,0.11972972193617298
7075,1005.1,10,1,0.11969380301959213
7076,975.1,11,1,0.11965789487868626
7077,965.1,10,1,0.11962199751022266
7078,983.3,8,1,0.1195861109109696
7079,1023.3,8,1,0.11955023507769631
7080,1023.3,8,1,0.11951437000717301
7081,1005.1,10,1,0.11947851569617086
7082,953.3,9,1,0.11944267214146202
7083,985.1,10,1,0.11940683933981959
7084,1005.1,10,1,0.11937101728801765
7085,975.1,11,1,0.11933520598283125
7086,975.1,11,1,0.1192994054210364
7087,975.1,11,1,0.1192636155994101
7088,1025.1,10,1,0.11922783651473028
7089,1025.1,10,1,0.11919206816377587
7090,1025.1,10,1,0.11915631054332673
7091,1025.1,10,1,0.11912056365016374
7092,974.1,20,1,0.11908482748106869
7093,1026.9,12,1,0.11904910203282437
7094,1026.9,12,1,0.11901338730221453
7095,975.1,11,1,0.11897768328602387
7096,1025.1,10,1,0.11894198998103807
7097,1026.9,12,1,0.11890630738404376
7098,1023.3,8,1,0.11887063549182855
7099,1025.1,10,1,0.118834974301181
7100,994.1,20,1,0.11879932380889066
7101,936.9,13,1,0.118763684011748
7102,1025.1,10,1,0.11872805490654448
7103,965.1,10,1,0.11869243649007252
7104,1026.9,12,1,0.1186568287591255
7105,1025.1,10,1,0.11862123171049777
7106,1005.1,10,1,0.11858564534098462
7107,1023.3,8,1,0.11855006964738232
7108,985.1,10,1,0.11851450462648812
7109,983.3,8,1,0.11847895027510018
7110,1023.3,8,1,0.11844340659001765
7111,1023.3,8,1,0.11840787356804064
7112,1023.3,8,1,0.11837235120597023
7113,1023.3,8,1,0.11833683950060844
7114,1023.3,8,1,0.11830133844875826
7115,1005.1,10,1,0.11826584804722363
7116,953.3,9,1,0.11823036829280947
7117,1023.3,8,1,0.11819489918232164
7118,1023.3,8,1,0.11815944071256694
7119,1023.3,8,1,0.11812399288035318
7120,923.3000000000001,10,1,0.11808855568248908
7121,973.3,9,1,0.11805312911578433
7122,973.3,9,1,0.11801771317704961
7123,1023.3,8,1,0.11798230786309649
7124,1006.9,12,1,0.11794691317073756
7125,1025.1,10,1,0.11791152909678634
7126,946.9,12,1,0.11787615563805731
7127,1026.9,12,1,0.1178407927913659
7128,1025.1,10,1,0.1178054405535285
7129,1025.1,10,1,0.11777009892136245
7130,980.5,17,1,0.11773476789168605
7131,1025.1,10,1,0.11769944746131855
7132,1025.1,10,1,0.11766413762708015
7133,876.9000000000001,15,1,0.11762883838579204
7134,1026.9,12,1,0.1175935497342763
7135,1025.1,10,1,0.11755827166935602
7136,1025.1,10,1,0.11752300418785522
7137,1025.1,10,1,0.11748774728659886
7138,975.1,11,1,0.11745250096241289
7139,1025.1,10,1,0.11741726521212417
7140,1026.9,12,1,0.11738204003256054
7141,976.9,13,1,0.11734682542055078
7142,1025.1,10,1,0.11731162137292461
7143,1025.1,10,1,0.11727642788651274
7144,975.1,11,1,0.11724124495814679
7145,1026.9,12,1,0.11720607258465936
7146,1026.9,12,1,0.11717091076288397
7147,1026.9,12,1,0.1171357594896551
7148,1025.1,10,1,0.1171006187618082
7149,1025.1,10,1,0.11706548857617967
7150,1025.1,10,1,0.11703036892960682
7151,1025.1,10,1,0.11699525981892794
7152,1025.1,10,1,0.11696016124098227
7153,1026.9,12,1,0.11692507319260997
7154,1025.1,10,1,0.1168899956706522
7155,1025.1,10,1,0.116854928671951
7156,975.1,11,1,0.11681987219334942
7157,975.1,11,1,0.11678482623169142
7158,975.1,11,1,0.11674979078382192
7159,1010.5,16,1,0.11671476584658677
7160,1025.1,10,1,0.1166797514168328
7161,976.9,13,1,0.11664474749140775
7162,1028.7,14,1,0.11660975406716034
7163,1025.1,10,1,0.1165747711409402
7164,975.1,11,1,0.11653979870959792
7165,978.7,15,1,0.11650483676998505
7166,1025.1,10,1,0.11646988531895405
7167,976.9,13,1,0.11643494435335837
7168,1025.1,10,1,0.11640001387005236
7169,1025.1,10,1,0.11636509386589135
7170,1025.1,10,1,0.11633018433773158
7171,1026.9,12,1,0.11629528528243027
7172,912.3000000000001,20,1,0.11626039669684554
7173,1025.1,10,1,0.11622551857783649
7174,976.9,13,1,0.11619065092226313
7175,1026.9,12,1,0.11615579372698646
7176,976.9,13,1,0.11612094698886838
7177,976.9,13,1,0.11608611070477172
7178,1026.9,12,1,0.11605128487156029
7179,1028.7,14,1,0.11601646948609882
7180,1025.1,10,1,0.115981664545253
7181,1026.9,12,1,0.11594687004588942
7182,1025.1,10,1,0.11591208598487567
7183,1025.1,10,1,0.1158773123590802
7184,975.1,11,1,0.11584254916537248
7185,1025.1,10,1,0.11580779640062287
7186,1025.1,10,1,0.11577305406170268
7187,1025.1,10,1,0.11573832214548417
7188,1026.9,12,1,0.11570360064884053
7189,1026.9,12,1,0.11566888956864588
7190,1025.1,10,1,0.11563418890177529
7191,1025.1,10,1,0.11559949864510477
7192,1032.3,18,1,0.11556481879551124
7193,973.3,9,1,0.11553014934987259
7194,1025.1,10,1,0.11549549030506763
7195,1025.1,10,1,0.11546084165797611
7196,1025.1,10,1,0.11542620340547873
7197,1025.1,10,1,0.11539157554445709
7198,976.9,13,1,0.11535695807179375
7199,1025.1,10,1,0.11532235098437221
7200,985.1,10,1,0.1152877542790769
7201,975.1,11,1,0.11525316795279318
7202,1025.1,10,1,0.11521859200240735
7203,1028.7,14,1,0.11518402642480663
7204,975.1,11,1,0.11514947121687918
7205,988.7,14,1,0.11511492637551413
7206,955.1,11,1,0.11508039189760147
7207,975.1,11,1,0.11504586778003219
7208,1028.7,14,1,0.11501135401969818
7209,1025.1,10,1,0.11497685061349228
7210,923.3,10,1,0.11494235755830823
7211,1023.3,8,1,0.11490787485104074
7212,1023.3,8,1,0.11487340248858544
7213,1023.3,8,1,0.11483894046783887
7214,1023.3,8,1,0.11480448878569852
7215,923.3,10,1,0.11477004743906281
7216,1023.3,8,1,0.1147356164248311
7217,868.3,11,1,0.11470119573990366
7218,973.3,9,1,0.11466678538118169
7219,975.1,11,1,0.11463238534556734
7220,1023.3,8,1,0.11459799562996367
7221,1023.3,8,1,0.11456361623127469
7222,973.3,9,1,0.1145292471464053
7223,963.3,9,1,0.11449488837226139
7224,935.1,11,1,0.11446053990574971
7225,983.3,8,1,0.11442620174377799
7226,988.7,14,1,0.11439187388325486
7227,1030.5,16,1,0.11435755632108989
7228,1025.1,10,1,0.11432324905419357
7229,976.9,13,1,0.11428895207947731
7230,1025.1,10,1,0.11425466539385347
7231,1025.1,10,1,0.11422038899423531
7232,976.9,13,1,0.11418612287753704
7233,1023.3,8,1,0.11415186704067379
7234,1025.1,10,1,0.11411762148056159
7235,975.1,11,1,0.11408338619411743
7236,980.5,17,1,0.1140491611782592
7237,1025.1,10,1,0.11401494642990573
7238,1026.9,12,1,0.11398074194597677
7239,1025.1,10,1,0.11394654772339298
7240,1025.1,10,1,0.11391236375907597
7241,976.9,13,1,0.11387819004994826
7242,1025.1,10,1,0.11384402659293327
7243,975.1,11,1,0.11380987338495539
7244,1025.1,10,1,0.11377573042293991
7245,978.7,15,1,0.11374159770381304
7246,1025.1,10,1,0.11370747522450189
7247,975.1,11,1,0.11367336298193455
7248,975.1,11,1,0.11363926097303997
7249,975.1,11,1,0.11360516919474807
7250,975.1,11,1,0.11357108764398965
7251,1025.1,10,1,0.11353701631769646
7252,1025.1,10,1,0.11350295521280115
7253,1026.9,12,1,0.11346890432623732
7254,1025.1,10,1,0.11343486365493946
7255,1026.9,12,1,0.11340083319584299
7256,1025.1,10,1,0.11336681294588424
7257,1026.9,12,1,0.11333280290200048
7258,925.1,12,1,0.11329880306112988
7259,976.9,13,1,0.11326481342021155
7260,975.1,11,1,0.1132308339761855
7261,1028.7,14,1,0.11319686472599265
7262,1028.7,14,1,0.11316290566657486
7263,1023.3,8,1,0.11312895679487489
7264,1025.1,10,1,0.11309501810783643
7265,976.9,13,1,0.11306108960240407
7266,975.1,11,1,0.11302717127552336
7267,1025.1,10,1,0.11299326312414071
7268,1026.9,12,1,0.11295936514520347
7269,1025.1,10,1,0.11292547733565991
7270,1025.1,10,1,0.11289159969245922
7271,1026.9,12,1,0.11285773221255149
7272,1026.9,12,1,0.11282387489288773
7273,1025.1,10,1,0.11279002773041986
7274,975.1,11,1,0.11275619072210075
7275,1025.1,10,1,0.11272236386488411
7276,1025.1,10,1,0.11268854715572466
7277,1026.9,12,1,0.11265474059157794
7278,1026.9,12,1,0.11262094416940047
7279,1025.1,10,1,0.11258715788614965
7280,1025.1,10,1,0.1125533817387838
7281,1028.7,14,1,0.11251961572426218
7282,1025.1,10,1,0.11248585983954491
7283,1026.9,12,1,0.11245211408159306
7284,1025.1,10,1,0.11241837844736859
7285,1025.1,10,1,0.11238465293383437
7286,975.1,11,1,0.11235093753795422
7287,1025.1,10,1,0.11231723225669284
7288,1025.1,10,1,0.11228353708701583
7289,975.1,11,1,0.11224985202588973
7290,1025.1,10,1,0.11221617707028197
7291,1028.7,14,1,0.1121825122171609
7292,976.9,13,1,0.11214885746349576
7293,1025.1,10,1,0.11211521280625672
7294,975.1,11,1,0.11208157824241485
7295,975.1,11,1,0.11204795376894214
7296,978.7,15,1,0.11201433938281145
7297,1025.1,10,1,0.11198073508099661
7298,1025.1,10,1,0.11194714086047232
7299,975.1,11,1,0.11191355671821418
7300,1025.1,10,1,0.11187998265119872
7301,928.7,16,1,0.11184641865640337
7302,1025.1,10,1,0.11181286473080644
7303,978.7,15,1,0.1117793208713872
7304,1025.1,10,1,0.1117457870751258
7305,1026.9,12,1,0.11171226333900326
7306,1026.9,12,1,0.11167874966000156
7307,1025.1,10,1,0.11164524603510356
7308,976.9,13,1,0.11161175246129304
7309,975.1,11,1,0.11157826893555466
7310,975.1,11,1,0.11154479545487399
7311,1025.1,10,1,0.11151133201623753
7312,1025.1,10,1,0.11147787861663266
7313,1025.1,10,1,0.11144443525304767
7314,975.1,11,1,0.11141100192247176
7315,975.1,11,1,0.11137757862189503
7316,1025.1,10,1,0.11134416534830846
7317,1026.9,12,1,0.11131076209870397
7318,1025.1,10,1,0.11127736887007436
7319,976.9,13,1,0.11124398565941335
7320,1025.1,10,1,0.11121061246371552
7321,1025.1,10,1,0.11117724927997641
7322,1025.1,10,1,0.11114389610519242
7323,1025.1,10,1,0.11111055293636087
7324,1026.9,12,1,0.11107721977047996
7325,1025.1,10,1,0.11104389660454882
7326,1008.7,14,1,0.11101058343556745
7327,1032.3,18,1,0.11097728026053678
7328,1023.3,8,1,0.11094398707645863
7329,1025.1,10,1,0.11091070388033569
7330,1025.1,10,1,0.11087743066917159
7331,1023.3,8,1,0.11084416743997084
7332,1025.1,10,1,0.11081091418973886
7333,975.1,11,1,0.11077767091548195
7334,1003.3,8,1,0.11074443761420731
7335,1026.9,12,1,0.11071121428292305
7336,1025.1,10,1,0.11067800091863818
7337,1025.1,10,1,0.11064479751836259
7338,1025.1,10,1,0.11061160407910708
7339,1023.3,8,1,0.11057842059788335
7340,976.9,13,1,0.11054524707170399
7341,925.1,12,1,0.11051208349758249
7342,1025.1,10,1,0.11047892987253322
7343,1025.1,10,1,0.11044578619357145
7344,1025.1,10,1,0.11041265245771338
7345,1025.1,10,1,0.11037952866197608
7346,1023.3,8,1,0.1103464148033775
7347,988.7,14,1,0.11031331087893648
7348,1026.9,12,1,0.1102802168856728
7349,1025.1,10,1,0.11024713282060711
7350,1025.1,10,1,0.11021405868076092
7351,976.9,13,1,0.1101809944631567
7352,975.1,11,1,0.11014794016481776
7353,1028.7,14,1,0.11011489578276831
7354,1034.1,20,1,0.11008186131403348
7355,1025.1,10,1,0.11004883675563927
7356,973.3,9,1,0.11001582210461258
7357,1025.1,10,1,0.1099828173579812
7358,1025.1,10,1,0.10994982251277381
7359,975.1,11,1,0.10991683756601998
7360,1025.1,10,1,0.10988386251475019
7361,1025.1,10,1,0.10985089735599576
7362,1026.9,12,1,0.10981794208678897
7363,1026.9,12,1,0.10978499670416293
7364,976.9,13,1,0.10975206120515169
7365,1025.1,10,1,0.10971913558679014
7366,975.1,11,1,0.10968621984611411
7367,1025.1,10,1,0.10965331398016027
7368,1025.1,10,1,0.10962041798596624
7369,1026.9,12,1,0.10958753186057045
7370,1025.1,10,1,0.10955465560101228
7371,1030.5,16,1,0.10952178920433198
7372,1025.1,10,1,0.10948893266757068
7373,975.1,11,1,0.10945608598777042
7374,1026.9,12,1,0.10942324916197409
7375,976.9,13,1,0.1093904221872255
7376,1025.1,10,1,0.10935760506056934
7377,973.3,9,1,0.10932479777905117
7378,1026.9,12,1,0.10929200033971746
7379,1026.9,12,1,0.10925921273961556
7380,1026.9,12,1,0.10922643497579368
7381,1025.1,10,1,0.10919366704530094
7382,1025.1,10,1,0.10916090894518735
7383,1025.1,10,1,0.10912816067250379
7384,980.5,17,1,0.10909542222430205
7385,1025.1,10,1,0.10906269359763476
7386,925.1,12,1,0.10902997478955548
7387,1026.9,12,1,0.10899726579711862
7388,1025.1,10,1,0.10896456661737948
7389,1023.3,8,1,0.10893187724739427
7390,1025.1,10,1,0.10889919768422006
7391,1030.5,16,1,0.1088665279249148
7392,975.1,11,1,0.10883386796653734
7393,1025.1,10,1,0.10880121780614738
7394,976.9,13,1,0.10876857744080554
7395,976.9,13,1,0.1087359468675733
7396,988.7,14,1,0.10870332608351303
7397,1006.9,12,1,0.10867071508568799
7398,1003.3,8,1,0.10863811387116229
7399,1023.3,8,1,0.10860552243700095
7400,973.3,9,1,0.10857294078026986
7401,1023.3,8,1,0.10854036889803578
7402,973.3,9,1,0.10850780678736638
7403,1023.3,8,1,0.10847525444533017
7404,1023.3,8,1,0.10844271186899657
7405,1023.3,8,1,0.10841017905543587
7406,1025.1,10,1,0.10837765600171925
7407,1025.1,10,1,0.10834514270491874
7408,1006.9,12,1,0.10831263916210727
7409,973.3,9,1,0.10828014537035864
7410,973.3,9,1,0.10824766132674754
7411,1023.3,8,1,0.10821518702834952
7412,1023.3,8,1,0.10818272247224102
7413,1023.3,8,1,0.10815026765549934
7414,955.1,11,1,0.1081178225752027
7415,1003.3,8,1,0.10808538722843014
7416,1025.1,10,1,0.10805296161226162
7417,1025.1,10,1,0.10802054572377795
7418,1025.1,10,1,0.10798813956006081
7419,1025.1,10,1,0.1079557431181928
7420,1023.3,8,1,0.10792335639525734
7421,1025.1,10,1,0.10789097938833876
7422,895.1,11,1,0.10785861209452226
7423,933.3,9,1,0.1078262545108939
7424,1023.3,8,1,0.10779390663454064
7425,1005.1,10,1,0.10776156846255028
7426,953.3,9,1,0.10772923999201152
7427,973.3,9,1,0.10769692122001392
7428,1023.3,8,1,0.10766461214364792
7429,923.3,10,1,0.10763231276000483
7430,975.1,11,1,0.10760002306617683
7431,983.3,8,1,0.10756774305925698
7432,1023.3,8,1,0.1075354727363392
7433,1023.3,8,1,0.10750321209451831
7434,973.3,9,1,0.10747096113088996
7435,985.1,10,1,0.1074387198425507
7436,1003.3,8,1,0.10740648822659793
7437,1023.3,8,1,0.10737426628012996
7438,973.3,9,1,0.10734205400024592
7439,1005.1,10,1,0.10730985138404585
7440,1003.3,8,1,0.10727765842863064
7441,1023.3,8,1,0.10724547513110205
7442,1023.3,8,1,0.10721330148856273
7443,1023.3,8,1,0.10718113749811617
7444,1023.3,8,1,0.10714898315686673
7445,1023.3,8,1,0.10711683846191968
7446,973.3,9,1,0.10708470341038111
7447,1023.3,8,1,0.107052577999358
7448,1025.1,10,1,0.1070204622259582
7449,1025.1,10,1,0.1069883560872904
7450,1003.3,8,1,0.10695625958046422
7451,1023.3,8,1,0.10692417270259008
7452,1023.3,8,1,0.10689209545077931
7453,1023.3,8,1,0.10686002782214409
7454,923.3000000000001,10,1,0.10682796981379744
7455,973.3,9,1,0.10679592142285331
7456,1023.3,8,1,0.10676388264642646
7457,935.1,11,1,0.10673185348163254
7458,985.1,10,1,0.10669983392558806
7459,1025.1,10,1,0.10666782397541039
7460,1023.3,8,1,0.10663582362821776
7461,1023.3,8,1,0.1066038328811293
7462,1023.3,8,1,0.10657185173126497
7463,1023.3,8,1,0.1065398801757456
7464,1026.9,12,1,0.10650791821169288
7465,1023.3,8,1,0.10647596583622937
7466,985.1,10,1,0.1064440230464785
7467,983.3,8,1,0.10641208983956456
7468,985.1,10,1,0.10638016621261269
7469,983.3,8,1,0.10634825216274892
7470,973.3,9,1,0.10631634768710009
7471,973.3,9,1,0.10628445278279397
7472,1023.3,8,1,0.10625256744695913
7473,935.1,11,1,0.10622069167672504
7474,1005.1,10,1,0.10618882546922202
7475,1023.3,8,1,0.10615696882158127
7476,1023.3,8,1,0.1061251217309348
7477,1023.3,8,1,0.10609328419441552
7478,1023.3,8,1,0.1060614562091572
7479,975.1,11,1,0.10602963777229446
7480,983.3,8,1,0.10599782888096278
7481,1023.3,8,1,0.10596602953229849
7482,1025.1,10,1,0.1059342397234388
7483,1026.9,12,1,0.10590245945152177
7484,975.1,11,1,0.10587068871368631
7485,985.1,10,1,0.1058389275070722
7486,983.3,8,1,0.10580717582882009
7487,905.1,12,1,0.10577543367607144
7488,1023.3,8,1,0.10574370104596861
7489,1023.3,8,1,0.10571197793565483
7490,1023.3,8,1,0.10568026434227414
7491,1023.3,8,1,0.10564856026297145
7492,1023.3,8,1,0.10561686569489256
7493,1023.3,8,1,0.1055851806351841
7494,1023.3,8,1,0.10555350508099355
7495,1023.3,8,1,0.10552183902946925
7496,985.1,10,1,0.10549018247776042
7497,983.3,8,1,0.10545853542301709
7498,1023.3,8,1,0.10542689786239018
7499,1023.3,8,1,0.10539526979303146
7500,1023.3,8,1,0.10536365121209355
7501,973.3,9,1,0.10533204211672993
7502,1023.3,8,1,0.10530044250409491
7503,1023.3,8,1,0.10526885237134369
7504,973.3,9,1,0.10523727171563228
7505,973.3,9,1,0.1052057005341176
7506,935.1,11,1,0.10517413882395736
7507,983.3,8,1,0.10514258658231018
7508,1023.3,8,1,0.1051110438063355
7509,1023.3,8,1,0.1050795104931936
7510,973.3,9,1,0.10504798664004564
7511,923.3000000000001,10,1,0.10501647224405362
7512,1023.3,8,1,0.10498496730238041
7513,1023.3,8,1,0.1049534718121897
7514,930.5,16,1,0.10492198577064604
7515,1008.7,14,1,0.10489050917491485
7516,1025.1,10,1,0.10485904202216238
7517,1023.3,8,1,0.10482758430955574
7518,1023.3,8,1,0.10479613603426288
7519,1023.3,8,1,0.1047646971934526
7520,1023.3,8,1,0.10473326778429458
7521,1023.3,8,1,0.10470184780395929
7522,1023.3,8,1,0.10467043724961811
7523,1023.3,8,1,0.10463903611844323
7524,1023.3,8,1,0.1046076444076077
7525,1023.3,8,1,0.10457626211428542
7526,985.1,10,1,0.10454488923565114
7527,953.3,9,1,0.10451352576888044
7528,1023.3,8,1,0.10448217171114978
7529,1023.3,8,1,0.10445082705963643
7530,1023.3,8,1,0.10441949181151855
7531,1023.3,8,1,0.1043881659639751
7532,1023.3,8,1,0.1043568495141859
7533,985.1,10,1,0.10432554245933165
7534,983.3,8,1,0.10429424479659385
7535,1023.3,8,1,0.10426295652315488
7536,1023.3,8,1,0.10423167763619794
7537,1023.3,8,1,0.10420040813290708
7538,985.1,10,1,0.10416914801046721
7539,1003.3,8,1,0.10413789726606408
7540,1023.3,8,1,0.10410665589688427
7541,1023.3,8,1,0.1040754239001152
7542,955.1,11,1,0.10404420127294517
7543,1003.3,8,1,0.10401298801256328
7544,1023.3,8,1,0.10398178411615952
7545,1023.3,8,1,0.10395058958092468
7546,1025.1,10,1,0.10391940440405041
7547,1023.3,8,1,0.1038882285827292
7548,1023.3,8,1,0.10385706211415438
7549,1023.3,8,1,0.10382590499552014
7550,966.9,12,1,0.10379475722402148
7551,1003.3,8,1,0.10376361879685428
7552,1023.3,8,1,0.10373248971121522
7553,1023.3,8,1,0.10370136996430186
7554,1023.3,8,1,0.10367025955331258
7555,935.1,11,1,0.10363915847544658
7556,983.3,8,1,0.10360806672790394
7557,1023.3,8,1,0.10357698430788558
7558,1023.3,8,1,0.10354591121259321
7559,973.3,9,1,0.10351484743922944
7560,973.3,9,1,0.10348379298499767
7561,1023.3,8,1,0.10345274784710218
7562,1023.3,8,1,0.10342171202274805
7563,1023.3,8,1,0.10339068550914123
7564,1023.3,8,1,0.10335966830348849
7565,1023.3,8,1,0.10332866040299744
7566,1023.3,8,1,0.10329766180487655
7567,935.1,11,1,0.10326667250633509
7568,983.3,8,1,0.1032356925045832
7569,958.6999999999999,15,1,0.10320472179683182
7570,1025.1,10,1,0.10317376038029277
7571,1025.1,10,1,0.10314280825217868
7572,955.1,11,1,0.10311186540970303
7573,973.3,9,1,0.10308093185008012
7574,973.3,9,1,0.1030500075705251
7575,973.3,9,1,0.10301909256825395
7576,1023.3,8,1,0.10298818684048348
7577,986.9,12,1,0.10295729038443134
7578,925.1,12,1,0.10292640319731601
7579,983.3,8,1,0.10289552527635681
7580,945.9,23,1,0.1028646566187739
7581,1006.9,12,1,0.10283379722178827
7582,1003.3,8,1,0.10280294708262173
7583,1025.1,10,1,0.10277210619849696
7584,1025.1,10,1,0.10274127456663741
7585,1025.1,10,1,0.10271045218426743
7586,1025.1,10,1,0.10267963904861215
7587,1025.1,10,1,0.10264883515689756
7588,1025.1,10,1,0.1026180405063505
7589,1025.1,10,1,0.1025872550941986
7590,925.1,12,1,0.10255647891767034
7591,1025.1,10,1,0.10252571197399504
7592,1025.1,10,1,0.10249495426040285
7593,1026.9,12,1,0.10246420577412474
7594,1025.1,10,1,0.1024334665123925
7595,1028.7,14,1,0.10240273647243879
7596,976.9,13,1,0.10237201565149706
7597,1025.1,10,1,0.10234130404680161
7598,976.9,13,1,0.10231060165558757
7599,1025.1,10,1,0.1022799084750909
7600,975.1,11,1,0.10224922450254838
7601,1028.7,14,1,0.10221854973519762
7602,1025.1,10,1,0.10218788417027706
7603,1025.1,10,1,0.10215722780502598
7604,1025.1,10,1,0.10212658063668448
7605,1025.1,10,1,0.10209594266249347
7606,1025.1,10,1,0.10206531387969472
7607,1025.1,10,1,0.10203469428553082
7608,975.1,11,1,0.10200408387724516
7609,1025.1,10,1,0.10197348265208199
7610,925.1,12,1,0.10194289060728637
7611,1025.1,10,1,0.10191230774010418
7612,975.1,11,1,0.10188173404778215
7613,978.7,15,1,0.10185116952756783
7614,1026.9,12,1,0.10182061417670957
7615,1025.1,10,1,0.10179006799245656
7616,1026.9,12,1,0.10175953097205882
7617,1025.1,10,1,0.10172900311276721
7618,1025.1,10,1,0.10169848441183338
7619,1025.1,10,1,0.10166797486650983
7620,1023.3,8,1,0.10163747447404987
7621,1025.1,10,1,0.10160698323170766
7622,1028.7,14,1,0.10157650113673816
7623,1025.1,10,1,0.10154602818639714
7624,978.7,15,1,0.10151556437794122
7625,978.7,15,1,0.10148510970862784
7626,1030.5,16,1,0.10145466417571526
7627,1025.1,10,1,0.10142422777646255
7628,1025.1,10,1,0.10139380050812961
7629,1026.9,12,1,0.10136338236797718
7630,975.1,11,1,0.10133297335326678
7631,1028.7,14,1,0.1013025734612608
7632,1025.1,10,1,0.10127218268922243
7633,975.1,11,1,0.10124180103441567
7634,1025.1,10,1,0.10121142849410535
7635,975.1,11,1,0.10118106506555712
7636,1025.1,10,1,0.10115071074603746
7637,1025.1,10,1,0.10112036553281364
7638,932.3,20,1,0.1010900294231538
7639,1025.1,10,1,0.10105970241432685
7640,1023.3,8,1,0.10102938450360256
7641,1025.1,10,1,0.10099907568825149
7642,1023.3,8,1,0.10096877596554502
7643,1023.3,8,1,0.10093848533275536
7644,1005.1,10,1,0.10090820378715554
7645,1003.3,8,1,0.1008779313260194
7646,1023.3,8,1,0.10084766794662159
7647,935.1,11,1,0.1008174136462376
7648,1005.1,10,1,0.10078716842214373
7649,976.9,13,1,0.1007569322716171
7650,975.1,11,1,0.10072670519193562
7651,1028.7,14,1,0.10069648718037805
7652,1025.1,10,1,0.10066627823422394
7653,1025.1,10,1,0.10063607835075368
7654,1023.3,8,1,0.10060588752724846
7655,1025.1,10,1,0.10057570576099029
7656,1025.1,10,1,0.10054553304926199
7657,1025.1,10,1,0.10051536938934721
7658,1026.9,12,1,0.10048521477853041
7659,1023.3,8,1,0.10045506921409686
7660,1028.7,14,1,0.10042493269333264
7661,1025.1,10,1,0.10039480521352465
7662,1026.9,12,1,0.10036468677196059
7663,1025.1,10,1,0.100334577365929
7664,975.1,11,1,0.10030447699271923
7665,1025.1,10,1,0.10027438564962142
7666,1025.1,10,1,0.10024430333392653
7667,1025.1,10,1,0.10021423004292636
7668,1025.1,10,1,0.10018416577391348
7669,1025.1,10,1,0.10015411052418131
7670,975.1,11,1,0.10012406429102406
7671,1025.1,10,1,0.10009402707173676
7672,1026.9,12,1,0.10006399886361524
7673,1028.7,14,1,0.10003397966395615
7674,1008.7,14,1,0.10000396947005696
7675,1025.1,10,1,0.09997396827921595
7676,1025.1,10,1,0.09994397608873219
7677,1025.1,10,1,0.09991399289590558
7678,975.1,11,1,0.09988401869803681
7679,1025.1,10,1,0.0998540534924274
7680,1025.1,10,1,0.09982409727637968
7681,975.1,11,1,0.09979415004719677
7682,976.9,13,1,0.09976421180218262
7683,1008.7,14,1,0.09973428253864197
7684,1025.1,10,1,0.09970436225388038
7685,983.3,8,1,0.09967445094520422
7686,1023.3,8,1,0.09964454860992066
7687,1023.3,8,1,0.09961465524533768
7688,973.3,9,1,0.09958477084876408
7689,1023.3,8,1,0.09955489541750945
7690,1023.3,8,1,0.0995250289488842
7691,985.1,10,1,0.09949517144019954
7692,950.5,16,1,0.09946532288876749
7693,1026.9,12,1,0.09943548329190086
7694,1003.3,8,1,0.09940565264691328
7695,973.3,9,1,0.09937583095111921
7696,1023.3,8,1,0.09934601820183388
7697,1026.9,12,1,0.09931621439637334
7698,973.3,9,1,0.09928641953205443
7699,1023.3,8,1,0.09925663360619481
7700,1023.3,8,1,0.09922685661611295
7701,973.3,9,1,0.09919708855912812
7702,1023.3,8,1,0.09916732943256039
7703,1023.3,8,1,0.09913757923373062
7704,1023.3,8,1,0.0991078379599605
7705,1025.1,10,1,0.09907810560857253
7706,1023.3,8,1,0.09904838217688995
7707,985.1,10,1,0.09901866766223688
7708,1025.1,10,1,0.09898896206193822
7709,1023.3,8,1,0.09895926537331964
7710,1023.3,8,1,0.09892957759370766
7711,986.9,12,1,0.09889989872042955
7712,973.3,9,1,0.09887022875081343
7713,985.1,10,1,0.09884056768218819
7714,1003.3,8,1,0.09881091551188353
7715,1023.3,8,1,0.09878127223722998
7716,973.3,9,1,0.09875163785555881
7717,1023.3,8,1,0.09872201236420214
7718,973.3,9,1,0.09869239576049288
7719,985.1,10,1,0.09866278804176473
7720,983.3,8,1,0.0986331892053522
7721,1023.3,8,1,0.0986035992485906
7722,1023.3,8,1,0.09857401816881603
7723,1023.3,8,1,0.09854444596336538
7724,1023.3,8,1,0.09851488262957638
7725,1023.3,8,1,0.0984853281647875
7726,1023.3,8,1,0.09845578256633807
7727,973.3,9,1,0.09842624583156817
7728,975.1,11,1,0.09839671795781871
7729,1023.3,8,1,0.09836719894243137
7730,1023.3,8,1,0.09833768878274865
7731,1023.3,8,1,0.09830818747611383
7732,1023.3,8,1,0.098278695019871
7733,1023.3,8,1,0.09824921141136504
7734,955.1,11,1,0.09821973664794163
7735,1003.3,8,1,0.09819027072694725
7736,1025.1,10,1,0.09816081364572916
7737,1023.3,8,1,0.09813136540163545
7738,985.1,10,1,0.09810192599201496
7739,1026.9,12,1,0.09807249541421736
7740,1025.1,10,1,0.0980430736655931
7741,945.1,10,1,0.09801366074349342
7742,975.1,11,1,0.09798425664527037
7743,1025.1,10,1,0.09795486136827679
7744,1026.9,12,1,0.0979254749098663
7745,1025.1,10,1,0.09789609726739334
7746,1025.1,10,1,0.09786672843821313
7747,975.1,11,1,0.09783736841968167
7748,1023.3,8,1,0.09780801720915577
7749,1025.1,10,1,0.09777867480399303
7750,1025.1,10,1,0.09774934120155183
7751,1025.1,10,1,0.09772001639919137
7752,1025.1,10,1,0.0976907003942716
7753,1025.1,10,1,0.09766139318415333
7754,1025.1,10,1,0.0976320947661981
7755,1025.1,10,1,0.09760280513776824
7756,1025.1,10,1,0.09757352429622691
7757,1025.1,10,1,0.09754425223893805
7758,1005.1,10,1,0.09751498896326637
7759,1026.9,12,1,0.09748573446657739
7760,1025.1,10,1,0.09745648874623743
7761,976.9,13,1,0.09742725179961356
7762,1026.9,12,1,0.09739802362407368
7763,1025.1,10,1,0.09736880421698646
7764,1025.1,10,1,0.09733959357572136
7765,1025.1,10,1,0.09731039169764864
7766,1025.1,10,1,0.09728119858013935
7767,975.1,11,1,0.09725201422056531
7768,1025.1,10,1,0.09722283861629914
7769,1025.1,10,1,0.09719367176471426
7770,975.1,11,1,0.09716451366318485
7771,1025.1,10,1,0.0971353643090859
7772,975.1,11,1,0.09710622369979317
7773,1025.1,10,1,0.09707709183268323
7774,1026.9,12,1,0.09704796870513344
7775,1025.1,10,1,0.0970188543145219
7776,975.9,22,1,0.09698974865822754
7777,1026.9,12,1,0.09696065173363008
7778,1025.1,10,1,0.09693156353811
7779,975.1,11,1,0.09690248406904857
7780,1026.9,12,1,0.09687341332382786
7781,1023.3,8,1,0.09684435129983071
7782,1025.1,10,1,0.09681529799444076
7783,1026.9,12,1,0.09678625340504243
7784,973.3,9,1,0.09675721752902092
7785,1025.1,10,1,0.09672819036376222
7786,1025.1,10,1,0.0966991719066531
7787,975.1,11,1,0.0966701621550811
7788,1026.9,12,1,0.09664116110643459
7789,1025.1,10,1,0.09661216875810266
7790,1025.1,10,1,0.09658318510747524
7791,1025.1,10,1,0.096554210151943
7792,976.9,13,1,0.09652524388889742
7793,1025.1,10,1,0.09649628631573076
7794,1025.1,10,1,0.09646733742983604
7795,1023.3,8,1,0.0964383972286071
7796,1025.1,10,1,0.09640946570943852
7797,1026.9,12,1,0.0963805428697257
7798,875.1,13,1,0.09635162870686478
7799,1025.1,10,1,0.09632272321825273
7800,1023.3,8,1,0.09629382640128727
7801,975.1,11,1,0.09626493825336688
7802,1026.9,12,1,0.09623605877189087
7803,1025.1,10,1,0.09620718795425931
7804,973.3,9,1,0.09617832579787304
7805,975.1,11,1,0.09614947230013368
7806,1025.1,10,1,0.09612062745844364
7807,975.1,11,1,0.09609179127020612
7808,1025.1,10,1,0.09606296373282505
7809,1032.3,18,1,0.0960341448437052
7810,1025.1,10,1,0.0960053346002521
7811,1025.1,10,1,0.09597653299987202
7812,1026.9,12,1,0.09594774003997206
7813,975.1,11,1,0.09591895571796007
7814,1023.3,8,1,0.09589018003124468
7815,1025.1,10,1,0.09586141297723531
7816,1025.1,10,1,0.09583265455334214
7817,1025.1,10,1,0.09580390475697614
7818,1025.1,10,1,0.09577516358554905
7819,975.1,11,1,0.09574643103647339
7820,1023.3,8,1,0.09571770710716244
7821,1025.1,10,1,0.09568899179503029
7822,1025.1,10,1,0.09566028509749179
7823,1025.1,10,1,0.09563158701196255
7824,1025.1,10,1,0.09560289753585896
7825,1025.1,10,1,0.09557421666659821
7826,1025.1,10,1,0.09554554440159824
7827,1025.1,10,1,0.09551688073827776
7828,1028.7,14,1,0.09548822567405628
7829,1023.3,8,1,0.09545957920635406
7830,1025.1,10,1,0.09543094133259215
7831,1026.9,12,1,0.09540231205019238
7832,1025.1,10,1,0.09537369135657732
7833,1025.1,10,1,0.09534507924917035
7834,975.1,11,1,0.0953164757253956
7835,975.1,11,1,0.09528788078267798
7836,975.1,11,1,0.09525929441844318
7837,973.3,9,1,0.09523071663011765
7838,920.1,12,1,0.09520214741512861
7839,1025.1,10,1,0.09517358677090408
7840,965.1,11,1,0.09514503469487282
7841,960.1,11,1,0.09511649118446436
7842,1026.9,12,1,0.09508795623710903
7843,976.9,13,1,0.0950594298502379
7844,975.1,11,1,0.09503091202128283
7845,1023.3,8,1,0.09500240274767645
7846,975.1,11,1,0.09497390202685214
7847,1008.7,14,1,0.0949454098562441
7848,1025.1,10,1,0.09491692623328722
7849,1025.1,10,1,0.09488845115541723
7850,1026.9,12,1,0.09485998462007061
7851,1025.1,10,1,0.0948315266246846
7852,958.7,15,1,0.0948030771666972
7853,980.5,17,1,0.09477463624354719
7854,1026.9,12,1,0.09474620385267413
7855,1025.1,10,1,0.09471777999151833
7856,1025.1,10,1,0.09468936465752087
7857,976.9,13,1,0.09466095784812362
7858,1025.1,10,1,0.09463255956076919
7859,1028.7,14,1,0.09460416979290096
7860,1025.1,10,1,0.0945757885419631
7861,975.1,11,1,0.0945474158054005
7862,988.7,14,1,0.09451905158065889
7863,1025.1,10,1,0.09449069586518469
7864,1025.1,10,1,0.09446234865642514
7865,1028.7,14,1,0.09443400995182821
7866,975.1,11,1,0.09440567974884266
7867,1025.1,10,1,0.09437735804491801
7868,1025.1,10,1,0.09434904483750453
7869,1025.1,10,1,0.09432074012405328
7870,1025.1,10,1,0.09429244390201606
7871,1025.1,10,1,0.09426415616884547
7872,1025.1,10,1,0.09423587692199481
7873,975.1,11,1,0.09420760615891821
7874,1023.3,8,1,0.09417934387707054
7875,1030.5,16,1,0.09415109007390743
7876,975.1,11,1,0.09412284474688526
7877,1026.9,12,1,0.09409460789346119
7878,1025.1,10,1,0.09406637951109316
7879,1025.1,10,1,0.09403815959723984
7880,1025.1,10,1,0.09400994814936067
7881,1025.1,10,1,0.09398174516491586
7882,1025.1,10,1,0.09395355064136639
7883,1025.1,10,1,0.09392536457617398
7884,1025.1,10,1,0.09389718696680113
7885,1025.1,10,1,0.0938690178107111
7886,1025.1,10,1,0.09384085710536788
7887,975.1,11,1,0.09381270484823627
7888,975.1,11,1,0.0937845610367818
7889,1025.1,10,1,0.09375642566847077
7890,1025.1,10,1,0.09372829874077022
7891,1023.3,8,1,0.093700180251148
7892,1025.1,10,1,0.09367207019707266
7893,958.7,15,1,0.09364396857601354
7894,1025.1,10,1,0.09361587538544074
7895,1025.1,10,1,0.0935877906228251
7896,1025.1,10,1,0.09355971428563825
7897,1025.1,10,1,0.09353164637135257
7898,1026.9,12,1,0.09350358687744116
7899,975.1,11,1,0.09347553580137793
7900,1025.1,10,1,0.09344749314063752
7901,1025.1,10,1,0.09341945889269533
7902,976.9,13,1,0.09339143305502752
7903,1023.3,8,1,0.09336341562511101
7904,1025.1,10,1,0.09333540660042348
7905,1025.1,10,1,0.09330740597844336
7906,1026.9,12,1,0.09327941375664983
7907,1025.1,10,1,0.09325142993252283
7908,1025.1,10,1,0.09322345450354308
7909,1025.1,10,1,0.09319548746719201
7910,1025.1,10,1,0.09316752882095186
7911,1025.1,10,1,0.09313957856230558
7912,1025.1,10,1,0.09311163668873688
7913,975.1,11,1,0.09308370319773027
7914,1025.1,10,1,0.09305577808677096
7915,1023.3,8,1,0.09302786135334493
7916,1025.1,10,1,0.09299995299493892
7917,976.9,13,1,0.09297205300904045
7918,982.3,19,1,0.09294416139313774
7919,1025.1,10,1,0.09291627814471981
7920,975.1,11,1,0.0928884032612764
7921,1025.1,10,1,0.09286053674029802
7922,976.9,13,1,0.09283267857927593
7923,1025.1,10,1,0.09280482877570216
7924,1025.1,10,1,0.09277698732706946
7925,1026.9,12,1,0.09274915423087134
7926,1025.1,10,1,0.09272132948460207
7927,975.1,11,1,0.0926935130857567
7928,1026.9,12,1,0.09266570503183097
7929,1025.1,10,1,0.09263790532032143
7930,1025.1,10,1,0.09261011394872534
7931,975.1,11,1,0.09258233091454073
7932,1026.9,12,1,0.09255455621526637
7933,1025.1,10,1,0.09252678984840179
7934,1025.1,10,1,0.09249903181144728
7935,1025.1,10,1,0.09247128210190385
7936,1023.3,8,1,0.09244354071727329
7937,1025.1,10,1,0.09241580765505811
7938,975.1,11,1,0.0923880829127616
7939,980.5,17,1,0.09236036648788777
7940,1025.1,10,1,0.09233265837794141
7941,975.1,11,1,0.09230495858042803
7942,1025.1,10,1,0.0922772670928539
7943,1025.1,10,1,0.09224958391272604
7944,1025.1,10,1,0.09222190903755223
7945,1025.1,10,1,0.09219424246484097
7946,1026.9,12,1,0.09216658419210151
7947,1025.1,10,1,0.09213893421684388
7948,1025.1,10,1,0.09211129253657883
7949,1025.1,10,1,0.09208365914881786
7950,1025.1,10,1,0.09205603405107321
7951,1025.1,10,1,0.09202841724085789
7952,1026.9,12,1,0.09200080871568564
7953,1025.1,10,1,0.09197320847307093
7954,1023.3,8,1,0.09194561651052902
7955,975.1,11,1,0.09191803282557585
7956,1030.5,16,1,0.09189045741572818
7957,1025.1,10,1,0.09186289027850347
7958,978.6999999999999,15,1,0.09183533141141992
7959,975.1,11,1,0.09180778081199649
7960,1023.3,8,1,0.09178023847775289
7961,1023.3,8,1,0.09175270440620957
7962,1030.5,16,1,0.09172517859488771
7963,976.9,13,1,0.09169766104130925
7964,928.7,16,1,0.09167015174299686
7965,1028.7,14,1,0.09164265069747397
7966,1025.1,10,1,0.09161515790226474
7967,925.1,12,1,0.09158767335489407
7968,1025.1,10,1,0.0915601970528876
7969,1025.1,10,1,0.09153272899377174
7970,1025.1,10,1,0.09150526917507361
7971,1025.1,10,1,0.0914778175943211
7972,1025.1,10,1,0.0914503742490428
7973,1025.1,10,1,0.09142293913676809
7974,1025.1,10,1,0.09139551225502707
7975,1025.1,10,1,0.09136809360135056
7976,1028.7,14,1,0.09134068317327017
7977,1025.1,10,1,0.09131328096831819
7978,1025.1,10,1,0.09128588698402769
7979,1025.1,10,1,0.09125850121793248
7980,1025.1,10,1,0.09123112366756711
7981,1025.1,10,1,0.09120375433046685
7982,978.7,15,1,0.0911763932041677
7983,1025.1,10,1,0.09114904028620646
7984,1026.9,12,1,0.0911216955741206
7985,1025.1,10,1,0.09109435906544837
7986,1025.1,10,1,0.09106703075772873
7987,1025.1,10,1,0.09103971064850142
7988,975.1,11,1,0.09101239873530687
7989,975.1,11,1,0.09098509501568627
7990,1026.9,12,1,0.09095779948718156
7991,1026.9,12,1,0.09093051214733541
7992,1025.1,10,1,0.09090323299369121
7993,975.1,11,1,0.09087596202379311
7994,1025.1,10,1,0.09084869923518597
7995,1025.1,10,1,0.09082144462541542
7996,1025.1,10,1,0.09079419819202779
7997,1026.9,12,1,0.09076695993257018
7998,1025.1,10,1,0.09073972984459042
7999,973.3,9,1,0.09071250792563704
8000,1025.1,10,1,0.09068529417325935
8001,1026.9,12,1,0.09065808858500737
8002,1023.3,8,1,0.09063089115843187
8003,1025.1,10,1,0.09060370189108434
8004,1025.1,10,1,0.09057652078051702
8005,1025.1,10,1,0.09054934782428287
8006,975.1,11,1,0.09052218301993559
8007,1026.9,12,1,0.09049502636502961
8008,1025.1,10,1,0.0904678778571201
8009,1025.1,10,1,0.09044073749376297
8010,1025.1,10,1,0.09041360527251484
8011,1025.1,10,1,0.0903864811909331
8012,1025.1,10,1,0.09035936524657581
8013,975.1,11,1,0.09033225743700184
8014,1026.9,12,1,0.09030515775977074
8015,1025.1,10,1,0.09027806621244282
8016,1008.7,14,1,0.0902509827925791
8017,1025.1,10,1,0.09022390749774133
8018,1025.1,10,1,0.09019684032549201
8019,1025.1,10,1,0.09016978127339437
8020,976.9,13,1,0.09014273033901235
8021,1025.1,10,1,0.09011568751991066
8022,1028.7,14,1,0.09008865281365469
8023,960.5,16,1,0.0900616262178106
8024,1025.1,10,1,0.09003460772994526
8025,1025.1,10,1,0.09000759734762628
8026,1026.9,12,1,0.089980595068422
8027,1026.9,12,1,0.08995360088990148
8028,975.1,11,1,0.08992661480963451
8029,1025.1,10,1,0.08989963682519163
8030,975.1,11,1,0.08987266693414407
8031,1025.1,10,1,0.08984570513406383
8032,930.5,18,1,0.08981875142252362
8033,1025.1,10,1,0.08979180579709686
8034,1025.1,10,1,0.08976486825535773
8035,1025.1,10,1,0.08973793879488112
8036,1026.9,12,1,0.08971101741324267
8037,1023.3,8,1,0.08968410410801869
8038,1025.1,10,1,0.08965719887678629
8039,1025.1,10,1,0.08963030171712326
8040,1026.9,12,1,0.08960341262660812
8041,1023.3,8,1,0.08957653160282014
8042,975.1,11,1,0.0895496586433393
8043,1025.1,10,1,0.0895227937457463
8044,1025.1,10,1,0.08949593690762259
8045,1026.9,12,1,0.0894690881265503
8046,1026.9,12,1,0.08944224740011233
8047,975.1,11,1,0.0894154147258923
8048,976.9,13,1,0.08938859010147454
8049,1026.9,12,1,0.0893617735244441
8050,1028.7,14,1,0.08933496499238677
8051,1025.1,10,1,0.08930816450288906
8052,1025.1,10,1,0.0892813720535382
8053,1025.1,10,1,0.08925458764192214
8054,1025.1,10,1,0.08922781126562956
8055,1025.1,10,1,0.08920104292224988
8056,1025.1,10,1,0.08917428260937321
8057,1025.1,10,1,0.0891475303245904
8058,1025.1,10,1,0.08912078606549302
8059,1025.1,10,1,0.08909404982967338
8060,1028.7,14,1,0.08906732161472448
8061,1025.1,10,1,0.08904060141824006
8062,975.1,11,1,0.0890138892378146
8063,1025.1,10,1,0.08898718507104326
8064,1025.1,10,1,0.08896048891552195
8065,975.1,11,1,0.0889338007688473
8066,1025.1,10,1,0.08890712062861665
8067,1025.1,10,1,0.08888044849242807
8068,975.1,11,1,0.08885378435788034
8069,1025.1,10,1,0.08882712822257298
8070,1026.9,12,1,0.08880048008410621
8071,1025.1,10,1,0.08877383994008098
8072,1025.1,10,1,0.08874720778809896
8073,1028.7,14,1,0.08872058362576253
8074,976.9,13,1,0.0886939674506748
8075,1025.1,10,1,0.0886673592604396
8076,1025.1,10,1,0.08864075905266147
8077,1025.1,10,1,0.08861416682494568
8078,1025.1,10,1,0.0885875825748982
8079,1025.1,10,1,0.08856100630012573
8080,1025.1,10,1,0.0885344379982357
8081,1025.1,10,1,0.08850787766683622
8082,1025.1,10,1,0.08848132530353618
8083,975.1,11,1,0.08845478090594512
8084,975.1,11,1,0.08842824447167334
8085,1025.1,10,1,0.08840171599833184
8086,1026.9,12,1,0.08837519548353234
8087,975.1,11,1,0.08834868292488729
8088,976.9,13,1,0.08832217832000983
8089,1025.1,10,1,0.08829568166651383
8090,1025.1,10,1,0.08826919296201388
8091,1025.1,10,1,0.08824271220412529
8092,1026.9,12,1,0.08821623939046405
8093,1025.1,10,1,0.08818977451864692
8094,1008.7,14,1,0.08816331758629133
8095,1025.1,10,1,0.08813686859101544
8096,1023.3,8,1,0.08811042753043814
8097,975.1,11,1,0.08808399440217901
8098,1025.1,10,1,0.08805756920385836
8099,923.3,10,1,0.08803115193309721
8100,1026.9,12,1,0.08800474258751728
8101,1025.1,10,1,0.08797834116474103
8102,1025.1,10,1,0.0879519476623916
8103,1025.1,10,1,0.08792556207809289
8104,1008.7,14,1,0.08789918440946946
8105,1025.1,10,1,0.08787281465414662
8106,1025.1,10,1,0.08784645280975038
8107,1025.1,10,1,0.08782009887390746
8108,1026.9,12,1,0.08779375284424529
8109,1025.1,10,1,0.08776741471839201
8110,976.9,13,1,0.0877410844939765
8111,976.9,13,1,0.08771476216862831
8112,1026.9,12,1,0.08768844773997772
8113,1026.9,12,1,0.08766214120565573
8114,1025.1,10,1,0.08763584256329403
8115,1025.1,10,1,0.08760955181052504
8116,1025.1,10,1,0.08758326894498189
8117,1023.3,8,1,0.0875569939642984
8118,1025.1,10,1,0.08753072686610912
8119,1026.9,12,1,0.08750446764804928
8120,1025.1,10,1,0.08747821630775487
8121,1026.9,12,1,0.08745197284286255
8122,1026.9,12,1,0.08742573725100969
8123,1025.1,10,1,0.08739950952983438
8124,1026.9,12,1,0.08737328967697544
8125,1026.9,12,1,0.08734707769007236
8126,1026.9,12,1,0.08732087356676534
8127,1025.1,10,1,0.08729467730469531
8128,1026.9,12,1,0.0872684889015039
8129,1026.9,12,1,0.08724230835483346
8130,1026.9,12,1,0.08721613566232701
8131,1025.1,10,1,0.08718997082162831
8132,1025.1,10,1,0.08716381383038183
8133,1028.7,14,1,0.08713766468623271
8134,958.7,15,1,0.08711152338682684
8135,975.1,11,1,0.0870853899298108
8136,1025.1,10,1,0.08705926431283185
8137,1025.1,10,1,0.08703314653353801
8138,1025.1,10,1,0.08700703658957795
8139,1032.3,18,1,0.08698093447860109
8140,1026.9,12,1,0.08695484019825751
8141,1025.1,10,1,0.08692875374619805
8142,1025.1,10,1,0.08690267512007419
8143,1025.1,10,1,0.08687660431753817
8144,975.1,11,1,0.08685054133624291
8145,1025.1,10,1,0.08682448617384204
8146,1026.9,12,1,0.08679843882798989
8147,1025.1,10,1,0.0867723992963415
8148,1028.7,14,1,0.08674636757655259
8149,1025.1,10,1,0.08672034366627962
8150,1025.1,10,1,0.08669432756317974
8151,1025.1,10,1,0.0866683192649108
8152,1026.9,12,1,0.08664231876913132
8153,1025.1,10,1,0.08661632607350059
8154,1025.1,10,1,0.08659034117567854
8155,1025.1,10,1,0.08656436407332584
8156,975.1,11,1,0.08653839476410384
8157,1026.9,12,1,0.0865124332456746
8158,1026.9,12,1,0.0864864795157009
8159,975.1,11,1,0.0864605335718462
8160,1025.1,10,1,0.08643459541177465
8161,1025.1,10,1,0.08640866503315112
8162,975.1,11,1,0.08638274243364118
8163,1025.1,10,1,0.08635682761091108
8164,1025.1,10,1,0.08633092056262781
8165,1025.1,10,1,0.08630502128645902
8166,975.1,11,1,0.08627912978007309
8167,975.1,11,1,0.08625324604113907
8168,976.9,13,1,0.08622737006732673
8169,1025.1,10,1,0.08620150185630653
8170,1014.1,20,1,0.08617564140574964
8171,1025.1,10,1,0.08614978871332792
8172,1025.1,10,1,0.08612394377671392
8173,1025.1,10,1,0.08609810659358091
8174,1025.1,10,1,0.08607227716160284
8175,1025.1,10,1,0.08604645547845437
8176,1025.1,10,1,0.08602064154181083
8177,1025.1,10,1,0.08599483534934829
8178,1025.1,10,1,0.0859690368987435
8179,1032.3,18,1,0.08594324618767388
8180,1025.1,10,1,0.08591746321381757
8181,926.9,14,1,0.08589168797485343
8182,1026.9,12,1,0.08586592046846098
8183,1026.9,12,1,0.08584016069232044
8184,1023.3,8,1,0.08581440864411274
8185,1025.1,10,1,0.08578866432151952
8186,1023.3,8,1,0.08576292772222306
8187,1025.1,10,1,0.0857371988439064
8188,975.1,11,1,0.08571147768425323
8189,1026.9,12,1,0.08568576424094795
8190,976.9,13,1,0.08566005851167567
8191,1025.1,10,1,0.08563436049412217
8192,1025.1,10,1,0.08560867018597393
8193,1025.1,10,1,0.08558298758491814
8194,1025.1,10,1,0.08555731268864267
8195,1025.1,10,1,0.08553164549483608
8196,1025.1,10,1,0.08550598600118763
8197,1025.1,10,1,0.08548033420538727
8198,1025.1,10,1,0.08545469010512566
8199,1025.1,10,1,0.08542905369809413
8200,1025.1,10,1,0.08540342498198471
8201,1025.1,10,1,0.08537780395449011
8202,1025.1,10,1,0.08535219061330376
8203,1026.9,12,1,0.08532658495611978
8204,975.1,11,1,0.08530098698063295
8205,1025.1,10,1,0.08527539668453876
8206,1025.1,10,1,0.0852498140655334
8207,1026.9,12,1,0.08522423912131374
8208,1025.1,10,1,0.08519867184957736
8209,975.1,11,1,0.08517311224802249
8210,1026.9,12,1,0.08514756031434809
8211,1026.9,12,1,0.08512201604625379
8212,975.1,11,1,0.08509647944143992
8213,1026.9,12,1,0.08507095049760749
8214,1023.3,8,1,0.08504542921245821
8215,978.7,15,1,0.08501991558369447
8216,1025.1,10,1,0.08499440960901937
8217,1025.1,10,1,0.08496891128613666
8218,975.1,11,1,0.08494342061275083
8219,1025.1,10,1,0.084917937586567
8220,1025.1,10,1,0.08489246220529104
8221,1025.1,10,1,0.08486699446662946
8222,975.1,11,1,0.08484153436828948
8223,1025.1,10,1,0.084816081907979
8224,1025.1,10,1,0.0847906370834066
8225,1026.9,12,1,0.08476519989228158
8226,1025.1,10,1,0.0847397703323139
8227,980.5,17,1,0.08471434840121421
8228,1025.1,10,1,0.08468893409669385
8229,1026.9,12,1,0.08466352741646485
8230,1010.5,16,1,0.08463812835823992
8231,1026.9,12,1,0.08461273691973245
8232,1025.1,10,1,0.08458735309865653
8233,1025.1,10,1,0.08456197689272693
8234,1025.1,10,1,0.08453660829965912
8235,1025.1,10,1,0.08451124731716922
8236,1026.9,12,1,0.08448589394297407
8237,1025.1,10,1,0.08446054817479118
8238,908.7,16,1,0.08443521001033874
8239,1023.3,8,1,0.08440987944733565
8240,1025.1,10,1,0.08438455648350145
8241,1025.1,10,1,0.0843592411165564
8242,1025.1,10,1,0.08433393334422144
8243,1025.1,10,1,0.08430863316421817
8244,1025.1,10,1,0.08428334057426891
8245,975.1,11,1,0.08425805557209663
8246,975.1,11,1,0.084232778155425
8247,1023.3,8,1,0.08420750832197837
8248,1025.1,10,1,0.08418224606948178
8249,975.1,11,1,0.08415699139566094
8250,1025.1,10,1,0.08413174429824224
8251,1025.1,10,1,0.08410650477495278
8252,1025.1,10,1,0.08408127282352029
8253,1025.1,10,1,0.08405604844167323
8254,1026.9,12,1,0.08403083162714073
8255,1025.1,10,1,0.08400562237765259
8256,1025.1,10,1,0.08398042069093929
8257,1025.1,10,1,0.08395522656473202
8258,1023.3,8,1,0.0839300399967626
8259,1026.9,12,1,0.08390486098476357
8260,1025.1,10,1,0.08387968952646815
8261,1025.1,10,1,0.08385452561961021
8262,1028.7,14,1,0.08382936926192433
8263,1025.1,10,1,0.08380422045114576
8264,1025.1,10,1,0.08377907918501042
8265,1025.1,10,1,0.08375394546125492
8266,1025.1,10,1,0.08372881927761655
8267,1025.1,10,1,0.08370370063183327
8268,1025.1,10,1,0.08367858952164373
8269,1025.1,10,1,0.08365348594478723
8270,1025.1,10,1,0.0836283898990038
8271,1026.9,12,1,0.0836033013820341
8272,1025.1,10,1,0.0835782203916195
8273,1025.1,10,1,0.08355314692550202
8274,1026.9,12,1,0.08352808098142436
8275,1023.3,8,1,0.08350302255712994
8276,1025.1,10,1,0.0834779716503628
8277,976.9,13,1,0.0834529282588677
8278,1025.1,10,1,0.08342789238039004
8279,1025.1,10,1,0.08340286401267592
8280,1025.1,10,1,0.08337784315347212
8281,1025.1,10,1,0.08335282980052608
8282,1026.9,12,1,0.08332782395158593
8283,1025.1,10,1,0.08330282560440046
8284,1025.1,10,1,0.08327783475671914
8285,976.9,13,1,0.08325285140629213
8286,1025.1,10,1,0.08322787555087025
8287,1025.1,10,1,0.08320290718820499
8288,1025.1,10,1,0.08317794631604852
8289,1025.1,10,1,0.08315299293215371
8290,975.1,11,1,0.08312804703427407
8291,1025.1,10,1,0.08310310862016379
8292,1025.1,10,1,0.08307817768757775
8293,1025.1,10,1,0.08305325423427148
8294,1025.1,10,1,0.08302833825800121
8295,976.9,13,1,0.08300342975652382
8296,1025.1,10,1,0.08297852872759687
8297,1026.9,12,1,0.08295363516897859
8298,1025.1,10,1,0.0829287490784279
8299,1023.3,8,1,0.08290387045370437
8300,1026.9,12,1,0.08287899929256826
8301,1025.1,10,1,0.08285413559278049
8302,1025.1,10,1,0.08282927935210266
8303,1025.1,10,1,0.08280443056829703
8304,1028.7,14,1,0.08277958923912655
8305,975.1,11,1,0.08275475536235481
8306,1025.1,10,1,0.08272992893574611
8307,1026.9,12,1,0.0827051099570654
8308,1025.1,10,1,0.08268029842407829
8309,1023.3,8,1,0.08265549433455106
8310,1026.9,12,1,0.0826306976862507
8311,973.3,9,1,0.08260590847694482
8312,1025.1,10,1,0.08258112670440174
8313,1025.1,10,1,0.08255635236639042
8314,1025.1,10,1,0.0825315854606805
8315,1023.3,8,1,0.0825068259850423
8316,938.7,15,1,0.0824820739372468
8317,1025.1,10,1,0.08245732931506562
8318,973.3,9,1,0.0824325921162711
8319,1023.3,8,1,0.08240786233863623
8320,1023.3,8,1,0.08238313997993464
8321,985.1,10,1,0.08235842503794066
8322,983.3,8,1,0.08233371751042928
8323,1025.1,10,1,0.08230901739517615
8324,935.1,11,1,0.0822843246899576
8325,1023.3,8,1,0.08225963939255061
8326,985.1,10,1,0.08223496150073285
8327,1005.1,10,1,0.08221029101228264
8328,1025.1,10,1,0.08218562792497895
8329,1025.1,10,1,0.08216097223660146
8330,1025.1,10,1,0.08213632394493048
8331,1025.1,10,1,0.082111683047747
8332,1025.1,10,1,0.08208704954283269
8333,1025.1,10,1,0.08206242342796985
8334,1025.1,10,1,0.08203780470094146
8335,1025.1,10,1,0.08201319335953118
8336,978.6999999999999,15,1,0.08198858940152333
8337,1025.1,10,1,0.08196399282470287
8338,1025.1,10,1,0.08193940362685546
8339,1026.9,12,1,0.08191482180576741
8340,1025.1,10,1,0.08189024735922568
8341,1023.3,8,1,0.08186568028501791
8342,1025.1,10,1,0.0818411205809324
8343,1025.1,10,1,0.08181656824475812
8344,1025.1,10,1,0.0817920232742847
8345,1025.1,10,1,0.08176748566730241
8346,1032.3,18,1,0.08174295542160222
8347,1008.7,14,1,0.08171843253497574
8348,1025.1,10,1,0.08169391700521525
8349,1023.3,8,1,0.08166940883011369
8350,975.1,11,1,0.08164490800746466
8351,975.1,11,1,0.08162041453506241
8352,1028.7,14,1,0.0815959284107019
8353,1030.5,16,1,0.08157144963217869
8354,1026.9,12,1,0.08154697819728904
8355,1025.1,10,1,0.08152251410382985
8356,1025.1,10,1,0.08149805734959871
8357,1025.1,10,1,0.08147360793239383
8358,976.9,13,1,0.08144916585001412
8359,1025.1,10,1,0.08142473110025912
8360,975.1,11,1,0.08140030368092904
8361,1025.1,10,1,0.08137588358982477
8362,1025.1,10,1,0.08135147082474782
8363,976.9,13,1,0.0813270653835004
8364,1025.1,10,1,0.08130266726388535
8365,1026.9,12,1,0.0812782764637062
8366,975.1,11,1,0.08125389298076709
8367,975.1,11,1,0.08122951681287285
8368,1025.1,10,1,0.08120514795782899
8369,1026.9,12,1,0.08118078641344165
8370,1025.1,10,1,0.08115643217751761
8371,1026.9,12,1,0.08113208524786436
8372,1025.1,10,1,0.08110774562229
8373,1025.1,10,1,0.08108341329860332
8374,975.1,11,1,0.08105908827461374
8375,1026.9,12,1,0.08103477054813135
8376,975.1,11,1,0.08101046011696691
8377,1026.9,12,1,0.08098615697893183
8378,1025.1,10,1,0.08096186113183815
8379,975.1,11,1,0.0809375725734986
8380,1025.1,10,1,0.08091329130172654
8381,1026.9,12,1,0.08088901731433602
8382,1025.1,10,1,0.08086475060914172
8383,1026.9,12,1,0.08084049118395899
8384,1025.1,10,1,0.0808162390366038
8385,975.1,11,1,0.08079199416489283
8386,1025.1,10,1,0.08076775656664337
8387,1025.1,10,1,0.08074352623967337
8388,1025.1,10,1,0.08071930318180147
8389,1025.1,10,1,0.08069508739084694
8390,1025.1,10,1,0.08067087886462969
8391,1026.9,12,1,0.0806466776009703
8392,975.1,11,1,0.08062248359769002
8393,1025.1,10,1,0.08059829685261072
8394,1025.1,10,1,0.08057411736355494
8395,1025.1,10,1,0.08054994512834587
8396,1025.1,10,1,0.08052578014480737
8397,1025.1,10,1,0.08050162241076393
8398,975.1,11,1,0.0804774719240407
8399,1025.1,10,1,0.08045332868246349
8400,1025.1,10,1,0.08042919268385876
8401,976.9,13,1,0.08040506392605361
8402,976.9,13,1,0.0803809424068758
8403,1025.1,10,1,0.08035682812415373
8404,1025.1,10,1,0.08033272107571648
8405,1025.1,10,1,0.08030862125939377
8406,1025.1,10,1,0.08028452867301596
8407,975.1,11,1,0.08026044331441405
8408,1026.9,12,1,0.08023636518141973
8409,1025.1,10,1,0.08021229427186531
8410,1025.1,10,1,0.08018823058358375
8411,1025.1,10,1,0.08016417411440868
8412,1026.9,12,1,0.08014012486217437
8413,875.1,13,1,0.08011608282471572
8414,1025.1,10,1,0.0800920479998683
8415,1025.1,10,1,0.08006802038546834
8416,975.1,11,1,0.0800439999793527
8417,1026.9,12,1,0.0800199867793589
8418,1025.1,10,1,0.0799959807833251
8419,1025.1,10,1,0.0799719819890901
8420,1025.1,10,1,0.07994799039449338
8421,1026.9,12,1,0.07992400599737504
8422,976.9,13,1,0.07990002879557583
8423,1025.1,10,1,0.07987605878693715
8424,1025.1,10,1,0.07985209596930108
8425,1025.1,10,1,0.07982814034051029
8426,925.1,12,1,0.07980419189840814
8427,1025.1,10,1,0.07978025064083862
8428,1025.1,10,1,0.07975631656564637
8429,990.5,16,1,0.07973238967067668
8430,990.5,16,1,0.07970846995377548
8431,875.1,13,1,0.07968455741278935
8432,1026.9,12,1,0.07966065204556551
8433,975.1,11,1,0.07963675384995184
8434,1026.9,12,1,0.07961286282379686
8435,1025.1,10,1,0.07958897896494972
8436,1025.1,10,1,0.07956510227126024
8437,1025.1,10,1,0.07954123274057887
8438,1026.9,12,1,0.0795173703707567
8439,1025.1,10,1,0.07949351515964546
8440,1025.1,10,1,0.07946966710509758
8441,1025.1,10,1,0.07944582620496606
8442,928.7,16,1,0.07942199245710457
8443,1025.1,10,1,0.07939816585936744
8444,1030.5,16,1,0.07937434640960964
8445,975.1,11,1,0.07935053410568675
8446,1028.7,14,1,0.07932672894545505
8447,1025.1,10,1,0.07930293092677142
8448,976.9,13,1,0.07927914004749338
8449,1026.9,12,1,0.07925535630547914
8450,1026.9,12,1,0.0792315796985875
8451,1026.9,12,1,0.07920781022467793
8452,1025.1,10,1,0.07918404788161053
8453,1025.1,10,1,0.07916029266724604
8454,1025.1,10,1,0.07913654457944587
8455,1025.1,10,1,0.07911280361607204
8456,976.9,13,1,0.07908906977498721
8457,1025.1,10,1,0.07906534305405472
8458,1023.3,8,1,0.0790416234511385
8459,975.1,11,1,0.07901791096410317
8460,1025.1,10,1,0.07899420559081394
8461,1025.1,10,1,0.0789705073291367
8462,1026.9,12,1,0.07894681617693797
8463,1025.1,10,1,0.07892313213208489
8464,925.1,12,1,0.07889945519244528
8465,975.1,11,1,0.07887578535588755
8466,1028.7,14,1,0.07885212262028078
8467,1023.3,8,1,0.0788284669834947
8468,1025.1,10,1,0.07880481844339966
8469,1026.9,12,1,0.07878117699786664
8470,976.9,13,1,0.07875754264476728
8471,1025.1,10,1,0.07873391538197386
8472,1025.1,10,1,0.07871029520735927
8473,1025.1,10,1,0.07868668211879706
8474,1025.1,10,1,0.07866307611416143
8475,1025.1,10,1,0.07863947719132719
8476,1023.3,8,1,0.0786158853481698
8477,1025.1,10,1,0.07859230058256535
8478,975.1,11,1,0.07856872289239059
8479,1025.1,10,1,0.07854515227552288
8480,1025.1,10,1,0.07852158872984022
8481,1025.1,10,1,0.07849803225322127
8482,1025.1,10,1,0.07847448284354532
8483,1025.1,10,1,0.07845094049869225
8484,1025.1,10,1,0.07842740521654265
8485,1025.1,10,1,0.0784038769949777
8486,1025.1,10,1,0.0783803558318792
8487,1026.9,12,1,0.07835684172512965
8488,1025.1,10,1,0.07833333467261211
8489,1030.5,16,1,0.07830983467221032
8490,1026.9,12,1,0.07828634172180866
8491,973.3,9,1,0.07826285581929213
8492,1025.1,10,1,0.07823937696254635
8493,1025.1,10,1,0.07821590514945759
8494,1025.1,10,1,0.07819244037791276
8495,978.7,15,1,0.07816898264579938
8496,976.9,13,1,0.07814553195100565
8497,1025.1,10,1,0.07812208829142035
8498,1025.1,10,1,0.07809865166493293
8499,976.9,13,1,0.07807522206943346
8500,1025.1,10,1,0.07805179950281263
8501,1025.1,10,1,0.07802838396296179
8502,925.1,12,1,0.0780049754477729
8503,1025.1,10,1,0.07798157395513858
8504,1025.1,10,1,0.07795817948295204
8505,1025.1,10,1,0.07793479202910716
8506,1025.1,10,1,0.07791141159149843
8507,1025.1,10,1,0.07788803816802099
8508,1025.1,10,1,0.0778646717565706
8509,1026.9,12,1,0.07784131235504363
8510,1025.1,10,1,0.07781795996133711
8511,1025.1,10,1,0.07779461457334871
8512,975.1,11,1,0.07777127618897671
8513,1025.1,10,1,0.07774794480612002
8514,930.5,18,1,0.07772462042267818
8515,1025.1,10,1,0.07770130303655137
8516,1025.1,10,1,0.0776779926456404
8517,1025.1,10,1,0.07765468924784671
8518,1025.1,10,1,0.07763139284107236
8519,1025.1,10,1,0.07760810342322004
8520,1025.1,10,1,0.07758482099219308
8521,1025.1,10,1,0.07756154554589542
8522,1025.1,10,1,0.07753827708223165
8523,975.1,11,1,0.07751501559910699
8524,1026.9,12,1,0.07749176109442726
8525,1025.1,10,1,0.07746851356609893
8526,1025.1,10,1,0.07744527301202911
8527,1026.9,12,1,0.0774220394301255
8528,925.1,12,1,0.07739881281829647
8529,1025.1,10,1,0.07737559317445099
8530,1026.9,12,1,0.07735238049649866
8531,1025.1,10,1,0.07732917478234971
8532,1025.1,10,1,0.07730597602991501
8533,1025.1,10,1,0.07728278423710604
8534,1025.1,10,1,0.07725959940183491
8535,1025.1,10,1,0.07723642152201436
8536,1025.1,10,1,0.07721325059555777
8537,1025.1,10,1,0.0771900866203791
8538,1025.1,10,1,0.07716692959439299
8539,975.1,11,1,0.07714377951551467
8540,975.1,11,1,0.07712063638166002
8541,1025.1,10,1,0.07709750019074552
8542,1025.1,10,1,0.0770743709406883
8543,1026.9,12,1,0.07705124862940609
8544,1025.1,10,1,0.07702813325481726
8545,1025.1,10,1,0.07700502481484083
8546,976.9,13,1,0.07698192330739638
8547,1025.1,10,1,0.07695882873040416
8548,925.1,12,1,0.07693574108178504
8549,1026.9,12,1,0.07691266035946051
8550,978.7,15,1,0.07688958656135267
8551,1026.9,12,1,0.07686651968538427
8552,1025.1,10,1,0.07684345972947866
8553,976.9,13,1,0.07682040669155982
8554,975.1,11,1,0.07679736056955236
8555,975.1,11,1,0.0767743213613815
8556,1025.1,10,1,0.07675128906497308
8557,982.3,19,1,0.0767282636782536
8558,1023.3,8,1,0.07670524519915012
8559,973.3,9,1,0.07668223362559037
8560,1023.3,8,1,0.0766592289555027
8561,1023.3,8,1,0.07663623118681605
8562,1023.3,8,1,0.07661324031746
8563,1023.3,8,1,0.07659025634536476
8564,973.3,9,1,0.07656727926846116
8565,1023.3,8,1,0.07654430908468063
8566,923.3,10,1,0.07652134579195523
8567,1023.3,8,1,0.07649838938821764
8568,1005.1,10,1,0.07647543987140118
8569,1003.3,8,1,0.07645249723943977
8570,1023.3,8,1,0.07642956149026794
8571,1025.1,10,1,0.07640663262182086
8572,1023.3,8,1,0.07638371063203432
8573,1006.9,12,1,0.07636079551884471
8574,1003.3,8,1,0.07633788728018906
8575,905.1,12,1,0.076314985914005
8576,1003.3,8,1,0.0762920914182308
8577,1023.3,8,1,0.07626920379080533
8578,1023.3,8,1,0.07624632302966809
8579,1025.1,10,1,0.07622344913275919
8580,1025.1,10,1,0.07620058209801936
8581,1023.3,8,1,0.07617772192338995
8582,1023.3,8,1,0.07615486860681293
8583,1025.1,10,1,0.0761320221462309
8584,1023.3,8,1,0.07610918253958703
8585,985.1,10,1,0.07608634978482515
8586,1005.1,10,1,0.0760635238798897
8587,1025.1,10,1,0.07604070482272574
8588,1023.3,8,1,0.07601789261127892
8589,1023.3,8,1,0.07599508724349553
8590,985.1,10,1,0.07597228871732249
8591,983.3,8,1,0.0759494970307073
8592,1025.1,10,1,0.07592671218159809
8593,1023.3,8,1,0.07590393416794361
8594,1023.3,8,1,0.07588116298769323
8595,1026.9,12,1,0.07585839863879693
8596,973.3,9,1,0.0758356411192053
8597,986.9,12,1,0.07581289042686953
8598,1032.3,18,1,0.07579014655974148
8599,1025.1,10,1,0.07576740951577356
8600,1025.1,10,1,0.07574467929291882
8601,925.1,12,1,0.07572195588913096
8602,975.1,11,1,0.07569923930236422
8603,975.1,11,1,0.07567652953057351
8604,1028.7,14,1,0.07565382657171434
8605,975.1,11,1,0.07563113042374282
8606,976.9,13,1,0.0756084410846157
8607,1026.9,12,1,0.07558575855229031
8608,875.1,13,1,0.07556308282472463
8609,1028.7,14,1,0.07554041389987722
8610,973.3,9,1,0.07551775177570726
8611,1023.3,8,1,0.07549509645017455
8612,1023.3,8,1,0.0754724479212395
8613,1025.1,10,1,0.07544980618686313
8614,1023.3,8,1,0.07542717124500707
8615,973.3,9,1,0.07540454309363358
8616,1023.3,8,1,0.07538192173070549
8617,986.9,12,1,0.07535930715418628
8618,1003.3,8,1,0.07533669936204002
8619,1023.3,8,1,0.0753140983522314
8620,1023.3,8,1,0.07529150412272574
8621,1023.3,8,1,0.07526891667148893
8622,1023.3,8,1,0.07524633599648749
8623,1023.3,8,1,0.07522376209568854
8624,1023.3,8,1,0.07520119496705983
8625,973.3,9,1,0.07517863460856972
8626,1023.3,8,1,0.07515608101818715
8627,1023.3,8,1,0.07513353419388169
8628,1023.3,8,1,0.07511099413362353
8629,973.3,9,1,0.07508846083538344
8630,1023.3,8,1,0.07506593429713283
8631,1023.3,8,1,0.0750434145168437
8632,1023.3,8,1,0.07502090149248865
8633,1023.3,8,1,0.07499839522204091
8634,1023.3,8,1,0.0749758957034743
8635,1025.1,10,1,0.07495340293476326
8636,1023.3,8,1,0.07493091691388283
8637,1023.3,8,1,0.07490843763880867
8638,1023.3,8,1,0.07488596510751702
8639,985.1,10,1,0.07486349931798476
8640,1005.1,10,1,0.07484104026818937
8641,1023.3,8,1,0.07481858795610892
8642,1023.3,8,1,0.07479614237972208
8643,935.1,11,1,0.07477370353700817
8644,1008.7,14,1,0.07475127142594708
8645,973.3,9,1,0.07472884604451929
8646,1023.3,8,1,0.07470642739070595
8647,1023.3,8,1,0.07468401546248873
8648,1023.3,8,1,0.07466161025785
8649,935.1,11,1,0.07463921177477265
8650,983.3,8,1,0.07461682001124022
8651,1023.3,8,1,0.07459443496523685
8652,1023.3,8,1,0.07457205663474728
8653,1023.3,8,1,0.07454968501775686
8654,986.9,12,1,0.07452732011225154
8655,953.3,9,1,0.07450496191621786
8656,1023.3,8,1,0.074482610427643
8657,925.1,12,1,0.0744602656445147
8658,973.3,9,1,0.07443792756482136
8659,1005.1,10,1,0.07441559618655191
8660,965.1,10,1,0.07439327150769595
8661,1025.1,10,1,0.07437095352624365
8662,1025.1,10,1,0.07434864224018578
8663,1025.1,10,1,0.07432633764751373
8664,1025.1,10,1,0.07430403974621948
8665,1025.1,10,1,0.07428174853429562
8666,1026.9,12,1,0.07425946400973533
8667,1025.1,10,1,0.07423718617053242
8668,1025.1,10,1,0.07421491501468126
8669,975.1,11,1,0.07419265054017686
8670,975.1,11,1,0.07417039274501482
8671,1025.1,10,1,0.07414814162719131
8672,1025.1,10,1,0.07412589718470315
8673,1025.1,10,1,0.07410365941554774
8674,1026.9,12,1,0.07408142831772307
8675,1025.1,10,1,0.07405920388922776
8676,1025.1,10,1,0.074036986128061
8677,1025.1,10,1,0.07401477503222259
8678,1026.9,12,1,0.07399257059971293
8679,1025.1,10,1,0.07397037282853301
8680,1025.1,10,1,0.07394818171668445
8681,975.1,11,1,0.07392599726216945
8682,1025.1,10,1,0.0739038194629908
8683,1025.1,10,1,0.0738816483171519
8684,1023.3,8,1,0.07385948382265675
8685,1025.1,10,1,0.07383732597750996
8686,1025.1,10,1,0.0738151747797167
8687,975.1,11,1,0.0737930302272828
8688,1030.5,16,1,0.07377089231821461
8689,1025.1,10,1,0.07374876105051915
8690,1025.1,10,1,0.073726636422204
8691,1025.1,10,1,0.07370451843127734
8692,1026.9,12,1,0.07368240707574797
8693,1025.1,10,1,0.07366030235362525
8694,1025.1,10,1,0.07363820426291917
8695,1025.1,10,1,0.0736161128016403
8696,1025.1,10,1,0.0735940279677998
8697,1025.1,10,1,0.07357194975940946
8698,1028.7,14,1,0.07354987817448164
8699,1025.1,10,1,0.07352781321102929
8700,1025.1,10,1,0.07350575486706598
8701,1023.3,8,1,0.07348370314060586
8702,1025.1,10,1,0.07346165802966367
8703,1025.1,10,1,0.07343961953225478
8704,976.9,13,1,0.07341758764639511
8705,1026.9,12,1,0.0733955623701012
8706,1028.7,14,1,0.07337354370139017
8707,1025.1,10,1,0.07335153163827975
8708,1025.1,10,1,0.07332952617878827
8709,975.1,11,1,0.07330752732093464
8710,1025.1,10,1,0.07328553506273836
8711,1025.1,10,1,0.07326354940221953
8712,1025.1,10,1,0.07324157033739886
8713,1025.1,10,1,0.07321959786629764
8714,958.7,15,1,0.07319763198693775
8715,1025.1,10,1,0.07317567269734167
8716,1025.1,10,1,0.07315371999553247
8717,975.1,11,1,0.0731317738795338
8718,1028.7,14,1,0.07310983434736995
8719,1026.9,12,1,0.07308790139706574
8720,1025.1,10,1,0.07306597502664662
8721,1025.1,10,1,0.07304405523413864
8722,1025.1,10,1,0.0730221420175684
8723,1025.1,10,1,0.07300023537496314
8724,1025.1,10,1,0.07297833530435065
8725,1025.1,10,1,0.07295644180375935
8726,988.7,14,1,0.07293455487121822
8727,1025.1,10,1,0.07291267450475686
8728,1025.1,10,1,0.07289080070240543
8729,1026.9,12,1,0.07286893346219471
8730,1025.1,10,1,0.07284707278215605
8731,975.1,11,1,0.0728252186603214
8732,1025.1,10,1,0.07280337109472332
8733,1025.1,10,1,0.0727815300833949
8734,1025.1,10,1,0.07275969562436989
8735,1025.1,10,1,0.07273786771568258
8736,1025.1,10,1,0.07271604635536788
8737,975.1,11,1,0.07269423154146128
8738,1023.3,8,1,0.07267242327199884
8739,1025.1,10,1,0.07265062154501724
8740,1025.1,10,1,0.07262882635855374
8741,1025.1,10,1,0.07260703771064617
8742,1025.1,10,1,0.07258525559933297
8743,1025.1,10,1,0.07256348002265317
8744,975.1,11,1,0.07254171097864638
8745,1025.1,10,1,0.07251994846535278
8746,1025.1,10,1,0.07249819248081318
8747,1025.1,10,1,0.07247644302306894
8748,1025.1,10,1,0.07245470009016201
8749,1025.1,10,1,0.07243296368013497
8750,1025.1,10,1,0.07241123379103093
8751,1025.1,10,1,0.07238951042089362
8752,1025.1,10,1,0.07236779356776735
8753,1025.1,10,1,0.07234608322969702
8754,1025.1,10,1,0.0723243794047281
8755,976.9,13,1,0.07230268209090669
8756,1025.1,10,1,0.07228099128627942
8757,1025.1,10,1,0.07225930698889353
8758,1025.1,10,1,0.07223762919679687
8759,1025.1,10,1,0.07221595790803784
8760,975.1,11,1,0.07219429312066543
8761,1025.1,10,1,0.07217263483272923
8762,1025.1,10,1,0.07215098304227942
8763,1025.1,10,1,0.07212933774736674
8764,1025.1,10,1,0.07210769894604253
8765,1023.3,8,1,0.07208606663635872
8766,1025.1,10,1,0.07206444081636781
8767,1025.1,10,1,0.0720428214841229
8768,1028.7,14,1,0.07202120863767766
8769,976.9,13,1,0.07199960227508637
8770,1025.1,10,1,0.07197800239440384
8771,1023.3,8,1,0.07195640899368552
8772,1026.9,12,1,0.07193482207098742
8773,1025.1,10,1,0.07191324162436613
8774,1026.9,12,1,0.07189166765187882
8775,975.1,11,1,0.07187010015158327
8776,1025.1,10,1,0.0718485391215378
8777,975.1,11,1,0.07182698455980134
8778,1025.1,10,1,0.07180543646443341
8779,1025.1,10,1,0.07178389483349408
8780,1026.9,12,1,0.07176235966504403
8781,975.1,11,1,0.07174083095714452
8782,1025.1,10,1,0.07171930870785738
8783,1026.9,12,1,0.07169779291524503
8784,975.1,11,1,0.07167628357737046
8785,1025.1,10,1,0.07165478069229726
8786,1025.1,10,1,0.07163328425808957
8787,1025.1,10,1,0.07161179427281214
8788,980.5,17,1,0.0715903107345303
8789,975.1,11,1,0.07156883364130995
8790,1025.1,10,1,0.07154736299121756
8791,975.1,11,1,0.0715258987823202
8792,1025.1,10,1,0.07150444101268551
8793,1025.1,10,1,0.0714829896803817
8794,1025.1,10,1,0.07146154478347759
8795,1023.3,8,1,0.07144010632004255
8796,1025.1,10,1,0.07141867428814654
8797,1025.1,10,1,0.07139724868586009
8798,1025.1,10,1,0.07137582951125433
8799,1025.1,10,1,0.07135441676240095
8800,1025.1,10,1,0.07133301043737224
8801,1025.1,10,1,0.07131161053424102
8802,1025.1,10,1,0.07129021705108075
8803,1026.9,12,1,0.07126882998596543
8804,1025.1,10,1,0.07124744933696964
8805,975.1,11,1,0.07122607510216855
8806,1025.1,10,1,0.0712047072796379
8807,1025.1,10,1,0.071183345867454
8808,1026.9,12,1,0.07116199086369378
8809,1025.1,10,1,0.07114064226643467
8810,1025.1,10,1,0.07111930007375475
8811,1025.1,10,1,0.07109796428373262
8812,975.1,11,1,0.0710766348944475
8813,980.5,17,1,0.07105531190397917
8814,1025.1,10,1,0.07103399531040798
8815,1025.1,10,1,0.07101268511181485
8816,1025.1,10,1,0.07099138130628131
8817,1028.7,14,1,0.07097008389188943
8818,980.5,17,1,0.07094879286672186
8819,975.1,11,1,0.07092750822886185
8820,1025.1,10,1,0.07090622997639319
8821,976.9,13,1,0.07088495810740027
8822,1025.1,10,1,0.07086369261996806
8823,1025.1,10,1,0.07084243351218207
8824,1028.7,14,1,0.07082118078212842
8825,1025.1,10,1,0.07079993442789378
8826,1023.3,8,1,0.07077869444756542
8827,1025.1,10,1,0.07075746083923115
8828,1025.1,10,1,0.07073623360097939
8829,1025.1,10,1,0.0707150127308991
8830,1025.1,10,1,0.07069379822707983
8831,1025.1,10,1,0.0706725900876117
8832,1025.1,10,1,0.07065138831058543
8833,925.1,12,1,0.07063019289409225
8834,1025.1,10,1,0.07060900383622402
8835,1025.1,10,1,0.07058782113507316
8836,1025.1,10,1,0.07056664478873263
8837,1023.3,8,1,0.07054547479529602
8838,1025.1,10,1,0.07052431115285743
8839,1025.1,10,1,0.07050315385951157
8840,1025.1,10,1,0.07048200291335371
8841,975.1,11,1,0.07046085831247971
8842,1025.1,10,1,0.07043972005498597
8843,1025.1,10,1,0.07041858813896948
8844,1025.1,10,1,0.0703974625625278
8845,1026.9,12,1,0.07037634332375904
8846,1026.9,12,1,0.07035523042076192
8847,1025.1,10,1,0.07033412385163569
8848,1025.1,10,1,0.0703130236144802
8849,1025.1,10,1,0.07029192970739587
8850,1008.7,14,1,0.07027084212848365
8851,1025.1,10,1,0.07024976087584511
8852,975.1,11,1,0.07022868594758236
8853,975.1,11,1,0.07020761734179809
8854,975.1,11,1,0.07018655505659556
8855,1026.9,12,1,0.07016549909007859
8856,1025.1,10,1,0.07014444944035157
8857,1025.1,10,1,0.07012340610551947
8858,1025.1,10,1,0.07010236908368782
8859,1025.1,10,1,0.07008133837296271
8860,890.5,18,1,0.07006031397145082
8861,988.7,14,1,0.07003929587725939
8862,982.3,19,1,0.07001828408849621
8863,1025.1,10,1,0.06999727860326967
8864,1026.9,12,1,0.06997627941968869
8865,973.3,9,1,0.06995528653586279
8866,1025.1,10,1,0.06993429994990204
8867,1025.1,10,1,0.06991331965991707
8868,1025.1,10,1,0.0698923456640191
8869,1025.1,10,1,0.06987137796031989
8870,1025.1,10,1,0.0698504165469318
8871,1025.1,10,1,0.06982946142196772
8872,1026.9,12,1,0.06980851258354114
8873,1025.1,10,1,0.06978757002976607
8874,1025.1,10,1,0.06976663375875715
8875,1025.1,10,1,0.06974570376862953
8876,925.1,12,1,0.06972478005749894
8877,1026.9,12,1,0.06970386262348169
8878,1025.1,10,1,0.06968295146469465
8879,1026.9,12,1,0.06966204657925525
8880,1025.1,10,1,0.06964114796528147
8881,1025.1,10,1,0.06962025562089189
8882,1025.1,10,1,0.06959936954420562
8883,1025.1,10,1,0.06957848973334237
8884,1025.1,10,1,0.06955761618642237
8885,1023.3,8,1,0.06953674890156644
8886,980.5,17,1,0.06951588787689597
8887,1025.1,10,1,0.0694950331105329
8888,978.7,15,1,0.06947418460059974
8889,1025.1,10,1,0.06945334234521956
8890,1025.1,10,1,0.06943250634251599
8891,975.1,11,1,0.06941167659061324
8892,1025.1,10,1,0.06939085308763607
8893,1025.1,10,1,0.06937003583170978
8894,1025.1,10,1,0.06934922482096027
8895,1025.1,10,1,0.06932842005351399
8896,1025.1,10,1,0.06930762152749793
8897,1030.5,16,1,0.06928682924103968
8898,1025.1,10,1,0.06926604319226737
8899,1025.1,10,1,0.0692452633793097
8900,1025.1,10,1,0.0692244898002959
8901,1026.9,12,1,0.0692037224533558
8902,1025.1,10,1,0.0691829613366198
8903,1026.9,12,1,0.06916220644821881
8904,976.9,13,1,0.06914145778628435
8905,1025.1,10,1,0.06912071534894847
8906,1026.9,12,1,0.06909997913434378
8907,1025.1,10,1,0.06907924914060348
8908,1026.9,12,1,0.06905852536586131
8909,1025.1,10,1,0.06903780780825156
8910,1025.1,10,1,0.06901709646590909
8911,1025.1,10,1,0.06899639133696932
8912,975.1,11,1,0.06897569241956823
8913,1025.1,10,1,0.06895499971184237
8914,975.1,11,1,0.06893431321192882
8915,1025.1,10,1,0.06891363291796525
8916,1025.1,10,1,0.06889295882808986
8917,1025.1,10,1,0.06887229094044144
8918,1025.1,10,1,0.06885162925315931
8919,1025.1,10,1,0.06883097376438337
8920,1025.1,10,1,0.06881032447225405
8921,1026.9,12,1,0.06878968137491237
8922,1025.1,10,1,0.0687690444704999
8923,1025.1,10,1,0.06874841375715876
8924,1025.1,10,1,0.06872778923303162
8925,1026.9,12,1,0.06870717089626172
8926,1025.1,10,1,0.06868655874499284
8927,1025.1,10,1,0.06866595277736934
8928,1025.1,10,1,0.06864535299153612
8929,1025.1,10,1,0.06862475938563867
8930,1023.3,8,1,0.06860417195782298
8931,975.1,11,1,0.06858359070623564
8932,1025.1,10,1,0.06856301562902377
8933,1030.5,16,1,0.06854244672433506
8934,1026.9,12,1,0.06852188399031776
8935,1026.9,12,1,0.06850132742512068
8936,1023.3,8,1,0.06848077702689315
8937,975.1,11,1,0.06846023279378508
8938,1025.1,10,1,0.06843969472394694
8939,1025.1,10,1,0.06841916281552976
8940,1025.1,10,1,0.0683986370666851
8941,1025.1,10,1,0.0683781174755651
8942,1025.1,10,1,0.06835760404032244
8943,1025.1,10,1,0.06833709675911034
8944,1025.1,10,1,0.06831659563008262
8945,1025.1,10,1,0.06829610065139359
8946,1028.7,14,1,0.06827561182119818
8947,976.9,13,1,0.06825512913765182
8948,1025.1,10,1,0.06823465259891053
8949,975.1,11,1,0.06821418220313086
8950,1025.1,10,1,0.06819371794846991
8951,1025.1,10,1,0.06817325983308538
8952,1026.9,12,1,0.06815280785513546
8953,1025.1,10,1,0.06813236201277892
8954,926.9000000000001,14,1,0.0681119223041751
8955,1025.1,10,1,0.06809148872748384
8956,975.1,11,1,0.0680710612808656
8957,1025.1,10,1,0.06805063996248134
8958,1023.3,8,1,0.0680302247704926
8959,976.9,13,1,0.06800981570306146
8960,1025.1,10,1,0.06798941275835055
8961,1025.1,10,1,0.06796901593452305
8962,1025.1,10,1,0.0679486252297427
8963,1025.1,10,1,0.06792824064217377
8964,976.9,13,1,0.06790786216998113
8965,1023.3,8,1,0.06788748981133014
8966,1025.1,10,1,0.06786712356438675
8967,1025.1,10,1,0.06784676342731744
8968,975.1,11,1,0.06782640939828924
8969,975.1,11,1,0.06780606147546975
8970,992.3,18,1,0.06778571965702711
8971,975.1,11,1,0.06776538394113
8972,976.9,13,1,0.06774505432594767
8973,1025.1,10,1,0.06772473080964989
8974,1025.1,10,1,0.06770441339040699
8975,973.3,9,1,0.06768410206638988
8976,1025.1,10,1,0.06766379683576997
8977,1026.9,12,1,0.06764349769671923
8978,1028.7,14,1,0.06762320464741021
8979,1025.1,10,1,0.06760291768601599
8980,975.1,11,1,0.0675826368107102
8981,976.9,13,1,0.06756236201966698
8982,1030.5,16,1,0.06754209331106108
8983,1025.1,10,1,0.06752183068306776
8984,1026.9,12,1,0.06750157413386285
8985,1025.1,10,1,0.06748132366162268
8986,1025.1,10,1,0.0674610792645242
8987,1025.1,10,1,0.06744084094074485
8988,1026.9,12,1,0.06742060868846263
8989,975.1,11,1,0.06740038250585609
8990,1026.9,12,1,0.06738016239110434
8991,1026.9,12,1,0.06735994834238701
8992,1025.1,10,1,0.0673397403578843
8993,978.7,15,1,0.06731953843577694
8994,1025.1,10,1,0.0672993425742462
8995,975.1,11,1,0.06727915277147394
8996,1026.9,12,1,0.06725896902564249
8997,1025.1,10,1,0.0672387913349348
8998,1025.1,10,1,0.06721861969753432
8999,1025.1,10,1,0.06719845411162506
9000,1025.1,10,1,0.06717829457539158
9001,1023.3,8,1,0.06715814108701897
9002,1025.1,10,1,0.06713799364469286
9003,975.1,11,1,0.06711785224659945
9004,1026.9,12,1,0.06709771689092547
9005,1023.3,8,1,0.0670775875758582
9006,975.1,11,1,0.06705746429958545
9007,1025.1,10,1,0.06703734706029557
9008,1026.9,12,1,0.06701723585617748
9009,975.1,11,1,0.06699713068542064
9010,1025.1,10,1,0.06697703154621501
9011,1025.1,10,1,0.06695693843675114
9012,1025.1,10,1,0.06693685135522012
9013,1025.1,10,1,0.06691677029981356
9014,975.1,11,1,0.06689669526872362
9015,1025.1,10,1,0.066876626260143
9016,1026.9,12,1,0.06685656327226495
9017,1026.9,12,1,0.06683650630328328
9018,1026.9,12,1,0.0668164553513923
9019,1025.1,10,1,0.06679641041478689
9020,1025.1,10,1,0.06677637149166245
9021,1025.1,10,1,0.06675633858021496
9022,1025.1,10,1,0.0667363116786409
9023,1025.1,10,1,0.06671629078513731
9024,1023.3,8,1,0.06669627589790178
9025,1025.1,10,1,0.0666762670151324
9026,1025.1,10,1,0.06665626413502787
9027,1026.9,12,1,0.06663626725578736
9028,976.9,13,1,0.06661627637561063
9029,1025.1,10,1,0.06659629149269795
9030,1023.3,8,1,0.06657631260525014
9031,1006.9,12,1,0.06655633971146857
9032,1025.1,10,1,0.06653637280955513
9033,1025.1,10,1,0.06651641189771226
9034,1025.1,10,1,0.06649645697414296
9035,1026.9,12,1,0.06647650803705071
9036,975.1,11,1,0.0664565650846396
9037,1025.1,10,1,0.06643662811511421
9038,1025.1,10,1,0.06641669712667968
9039,1025.1,10,1,0.06639677211754168
9040,975.1,11,1,0.06637685308590642
9041,1025.1,10,1,0.06635694002998065
9042,975.1,11,1,0.06633703294797165
9043,1025.1,10,1,0.06631713183808725
9044,1025.1,10,1,0.06629723669853584
9045,1026.9,12,1,0.06627734752752627
9046,1025.1,10,1,0.06625746432326801
9047,1026.9,12,1,0.06623758708397104
9048,1006.9,12,1,0.06621771580784586
9049,1025.1,10,1,0.0661978504931035
9050,1025.1,10,1,0.06617799113795558
9051,1025.1,10,1,0.0661581377406142
9052,1008.7,14,1,0.06613829029929202
9053,1025.1,10,1,0.06611844881220223
9054,1023.3,8,1,0.06609861327755857
9055,975.1,11,1,0.06607878369357531
9056,1025.1,10,1,0.06605896005846724
9057,1023.3,8,1,0.06603914237044971
9058,1025.1,10,1,0.06601933062773857
9059,1025.1,10,1,0.06599952482855025
9060,1026.9,12,1,0.06597972497110169
9061,1025.1,10,1,0.06595993105361037
9062,1025.1,10,1,0.06594014307429429
9063,1026.9,12,1,0.065920361031372
9064,975.1,11,1,0.06590058492306258
9065,1025.1,10,1,0.06588081474758567
9066,1008.7,14,1,0.06586105050316139
9067,1025.1,10,1,0.06584129218801045
9068,1026.9,12,1,0.06582153980035405
9069,1025.1,10,1,0.06580179333841395
9070,1025.1,10,1,0.06578205280041242
9071,1025.1,10,1,0.0657623181845723
9072,975.1,11,1,0.06574258948911693
9073,1025.1,10,1,0.06572286671227019
9074,1025.1,10,1,0.06570314985225652
9075,1025.1,10,1,0.06568343890730084
9076,1025.1,10,1,0.06566373387562865
9077,976.9,13,1,0.06564403475546597
9078,1025.1,10,1,0.06562434154503934
9079,1025.1,10,1,0.06560465424257583
9080,925.1,12,1,0.06558497284630306
9081,1025.1,10,1,0.06556529735444917
9082,1025.1,10,1,0.06554562776524284
9083,973.3,9,1,0.06552596407691326
9084,1025.1,10,1,0.06550630628769019
9085,1025.1,10,1,0.06548665439580388
9086,1030.5,16,1,0.06546700839948515
9087,975.1,11,1,0.0654473682969653
9088,1026.9,12,1,0.06542773408647622
9089,1025.1,10,1,0.06540810576625028
9090,1025.1,10,1,0.06538848333452041
9091,1025.1,10,1,0.06536886678952006
9092,1025.1,10,1,0.06534925612948321
9093,1025.1,10,1,0.06532965135264436
9094,1023.3,8,1,0.06531005245723857
9095,975.1,11,1,0.0652904594415014
9096,1025.1,10,1,0.06527087230366896
9097,1025.1,10,1,0.06525129104197785
9098,1026.9,12,1,0.06523171565466526
9099,1026.9,12,1,0.06521214613996887
9100,1025.1,10,1,0.06519258249612687
9101,1025.1,10,1,0.06517302472137804
9102,988.7,14,1,0.06515347281396162
9103,1025.1,10,1,0.06513392677211743
9104,1023.3,8,1,0.0651143865940858
9105,975.1,11,1,0.06509485227810759
9106,1026.9,12,1,0.06507532382242416
9107,1025.1,10,1,0.06505580122527743
9108,1028.7,14,1,0.06503628448490985
9109,1025.1,10,1,0.06501677359956438
9110,1028.7,14,1,0.06499726856748451
9111,1025.1,10,1,0.06497776938691427
9112,1025.1,10,1,0.06495827605609819
9113,1025.1,10,1,0.06493878857328136
9114,1025.1,10,1,0.06491930693670939
9115,1025.1,10,1,0.06489983114462837
9116,1025.1,10,1,0.06488036119528498
9117,1025.1,10,1,0.0648608970869264
9118,1025.1,10,1,0.06484143881780031
9119,976.9,13,1,0.06482198638615498
9120,1025.1,10,1,0.06480253979023913
9121,1025.1,10,1,0.06478309902830207
9122,1025.1,10,1,0.06476366409859358
9123,1025.1,10,1,0.064744234999364
9124,1025.1,10,1,0.0647248117288642
9125,1025.1,10,1,0.06470539428534554
9126,1025.1,10,1,0.06468598266705994
9127,1025.1,10,1,0.06466657687225982
9128,1025.1,10,1,0.06464717689919815
9129,1025.1,10,1,0.06462778274612839
9130,1025.1,10,1,0.06460839441130456
9131,1025.1,10,1,0.06458901189298118
9132,975.1,11,1,0.06456963518941329
9133,1025.1,10,1,0.06455026429885646
9134,1025.1,10,1,0.06453089921956681
9135,1026.9,12,1,0.06451153994980094
9136,978.6999999999999,15,1,0.064492186487816
9137,1025.1,10,1,0.06447283883186966
9138,1026.9,12,1,0.0644534969802201
9139,925.1,12,1,0.06443416093112603
9140,1026.9,12,1,0.06441483068284669
9141,1025.1,10,1,0.06439550623364183
9142,1025.1,10,1,0.06437618758177174
9143,926.9,14,1,0.06435687472549721
9144,1028.7,14,1,0.06433756766307956
9145,1028.7,14,1,0.06431826639278064
9146,1025.1,10,1,0.06429897091286281
9147,1025.1,10,1,0.06427968122158895
9148,1025.1,10,1,0.06426039731722247
9149,1025.1,10,1,0.0642411191980273
9150,1025.1,10,1,0.0642218468622679
9151,1025.1,10,1,0.06420258030820922
9152,1026.9,12,1,0.06418331953411675
9153,1026.9,12,1,0.06416406453825652
9154,1025.1,10,1,0.06414481531889504
9155,1026.9,12,1,0.06412557187429938
9156,1026.9,12,1,0.06410633420273709
9157,1030.5,16,1,0.06408710230247627
9158,1026.9,12,1,0.06406787617178553
9159,975.1,11,1,0.064048655808934
9160,1025.1,10,1,0.06402944121219133
9161,1025.1,10,1,0.06401023237982767
9162,1028.7,14,1,0.06399102931011372
9163,1025.1,10,1,0.06397183200132069
9164,980.5,17,1,0.06395264045172029
9165,1023.3,8,1,0.06393345465958478
9166,1023.3,8,1,0.0639142746231869
9167,1023.3,8,1,0.06389510034079994
9168,1023.3,8,1,0.0638759318106977
9169,1023.3,8,1,0.06385676903115449
9170,1023.3,8,1,0.06383761200044515
9171,1023.3,8,1,0.06381846071684502
9172,1023.3,8,1,0.06379931517862997
9173,1023.3,8,1,0.06378017538407638
9174,1023.3,8,1,0.06376104133146115
9175,1023.3,8,1,0.06374191301906172
9176,1023.3,8,1,0.06372279044515601
9177,1023.3,8,1,0.06370367360802247
9178,1023.3,8,1,0.06368456250594007
9179,1023.3,8,1,0.06366545713718828
9180,1023.3,8,1,0.06364635750004713
9181,1023.3,8,1,0.06362726359279712
9182,1023.3,8,1,0.06360817541371928
9183,1023.3,8,1,0.06358909296109518
9184,985.1,10,1,0.06357001623320685
9185,983.3,8,1,0.06355094522833689
9186,973.3,9,1,0.06353187994476839
9187,1023.3,8,1,0.06351282038078496
9188,1023.3,8,1,0.06349376653467072
9189,1023.3,8,1,0.06347471840471032
9190,1023.3,8,1,0.06345567598918891
9191,1023.3,8,1,0.06343663928639216
9192,1026.9,12,1,0.06341760829460624
9193,1023.3,8,1,0.06339858301211786
9194,1025.1,10,1,0.06337956343721422
9195,973.3,9,1,0.06336054956818306
9196,1023.3,8,1,0.0633415414033126
9197,1023.3,8,1,0.06332253894089161
9198,1023.3,8,1,0.06330354217920935
9199,1023.3,8,1,0.06328455111655558
9200,1023.3,8,1,0.06326556575122061
9201,1023.3,8,1,0.06324658608149525
9202,985.1,10,1,0.06322761210567081
9203,1003.3,8,1,0.06320864382203911
9204,1023.3,8,1,0.0631896812288925
9205,1023.3,8,1,0.06317072432452384
9206,1023.3,8,1,0.06315177310722649
9207,1023.3,8,1,0.06313282757529431
9208,1023.3,8,1,0.06311388772702173
9209,1023.3,8,1,0.06309495356070362
9210,1023.3,8,1,0.0630760250746354
9211,1025.1,10,1,0.06305710226711302
9212,1023.3,8,1,0.06303818513643289
9213,1023.3,8,1,0.06301927368089197
9214,1023.3,8,1,0.0630003678987877
9215,1023.3,8,1,0.06298146778841807
9216,1023.3,8,1,0.06296257334808154
9217,1023.3,8,1,0.06294368457607712
9218,1023.3,8,1,0.0629248014707043
9219,1025.1,10,1,0.06290592403026309
9220,1025.1,10,1,0.06288705225305401
9221,1023.3,8,1,0.06286818613737809
9222,1005.1,10,1,0.06284932568153688
9223,1003.3,8,1,0.06283047088383242
9224,1025.1,10,1,0.06281162174256727
9225,973.3,9,1,0.0627927782560445
9226,1023.3,8,1,0.06277394042256769
9227,1005.1,10,1,0.06275510824044092
9228,953.3,9,1,0.06273628170796879
9229,1005.1,10,1,0.0627174608234564
9230,1003.3,8,1,0.06269864558520936
9231,1023.3,8,1,0.0626798359915338
9232,1025.1,10,1,0.06266103204073635
9233,1023.3,8,1,0.06264223373112413
9234,1023.3,8,1,0.06262344106100479
9235,1023.3,8,1,0.0626046540286865
9236,1023.3,8,1,0.06258587263247789
9237,1025.1,10,1,0.06256709687068815
9238,1023.3,8,1,0.06254832674162694
9239,1023.3,8,1,0.06252956224360445
9240,1023.3,8,1,0.06251080337493137
9241,1023.3,8,1,0.06249205013391889
9242,1023.3,8,1,0.06247330251887872
9243,985.1,10,1,0.06245456052812306
9244,983.3,8,1,0.062435824159964626
9245,1023.3,8,1,0.06241709341271664
9246,1023.3,8,1,0.06239836828469283
9247,1023.3,8,1,0.06237964877420742
9248,1005.1,10,1,0.06236093487957516
9249,985.1,10,1,0.06234222659911129
9250,1003.3,8,1,0.06232352393113156
9251,1025.1,10,1,0.062304826873952224
9252,1023.3,8,1,0.06228613542589004
9253,1023.3,8,1,0.06226744958526227
9254,956.9,13,1,0.062248769350386694
9255,973.3,9,1,0.06223009471958158
9256,1023.3,8,1,0.06221142569116571
9257,1025.1,10,1,0.06219276226345836
9258,1023.3,8,1,0.062174104434779325
9259,1023.3,8,1,0.06215545220344889
9260,1023.3,8,1,0.062136805567787855
9261,1023.3,8,1,0.06211816452611752
9262,1023.3,8,1,0.06209952907675969
9263,985.1,10,1,0.06208089921803667
9264,983.3,8,1,0.06206227494827126
9265,1025.1,10,1,0.062043656265786784
9266,1026.9,12,1,0.06202504316890705
9267,1023.3,8,1,0.06200643565595638
9268,1023.3,8,1,0.061987833725259595
9269,1023.3,8,1,0.06196923737514202
9270,1023.3,8,1,0.06195064660392948
9271,973.3,9,1,0.0619320614099483
9272,1023.3,8,1,0.06191348179152532
9273,1023.3,8,1,0.06189490774698786
9274,1025.1,10,1,0.061876339274663766
9275,1023.3,8,1,0.06185777637288137
9276,1023.3,8,1,0.06183921903996951
9277,1023.3,8,1,0.06182066727425752
9278,1005.1,10,1,0.06180212107407525
9279,1003.3,8,1,0.061783580437753026
9280,1023.3,8,1,0.0617650453636217
9281,985.1,10,1,0.06174651585001262
9282,933.3,9,1,0.061727991895257614
9283,1023.3,8,1,0.06170947349768904
9284,1023.3,8,1,0.06169096065563973
9285,1023.3,8,1,0.06167245336744304
9286,1023.3,8,1,0.061653951631432814
9287,1023.3,8,1,0.061635455445943385
9288,1023.3,8,1,0.0616169648093096
9289,1023.3,8,1,0.06159847971986681
9290,1023.3,8,1,0.061580000175950854
9291,973.3,9,1,0.06156152617589807
9292,985.1,10,1,0.0615430577180453
9293,895.1,11,1,0.06152459480072989
9294,1026.9,12,1,0.06150613742228967
9295,1025.1,10,1,0.06148768558106298
9296,1023.3,8,1,0.061469239275388665
9297,1023.3,8,1,0.061450798503606054
9298,973.3,9,1,0.061432363264054976
9299,1023.3,8,1,0.06141393355507576
9300,1023.3,8,1,0.06139550937500924
9301,935.1,11,1,0.06137709072219674
9302,1006.9,12,1,0.061358677594980086
9303,1025.1,10,1,0.06134026999170159
9304,1028.7,14,1,0.061321867910704084
9305,1023.3,8,1,0.061303471350330874
9306,1023.3,8,1,0.06128508030892578
9307,1023.3,8,1,0.061266694784833105
9308,1023.3,8,1,0.06124831477639766
9309,1005.1,10,1,0.06122994028196474
9310,953.3,9,1,0.061211571299880155
9311,1026.9,12,1,0.06119320782849019
9312,925.1,12,1,0.06117484986614165
9313,976.9,13,1,0.06115649741118181
9314,1023.3,8,1,0.06113815046195845
9315,1023.3,8,1,0.06111980901681987
9316,1023.3,8,1,0.06110147307411482
9317,973.3,9,1,0.06108314263219259
9318,985.1,10,1,0.06106481768940293
9319,1003.3,8,1,0.06104649824409611
9320,1026.9,12,1,0.06102818429462288
9321,983.3,8,1,0.061009875839334496
9322,1026.9,12,1,0.060991572876582696
9323,1028.7,14,1,0.06097327540471972
9324,1028.7,14,1,0.06095498342209831
9325,1025.1,10,1,0.06093669692707168
9326,1028.7,14,1,0.06091841591799356
9327,1025.1,10,1,0.060900140393218165
9328,1023.3,8,1,0.0608818703511002
9329,1026.9,12,1,0.060863605789994876
9330,1026.9,12,1,0.06084534670825788
9331,953.3,9,1,0.0608270931042454
9332,1025.1,10,1,0.060808844976314134
9333,925.1,12,1,0.06079060232282124
9334,983.3,8,1,0.0607723651421244
9335,1025.1,10,1,0.060754133432581764
9336,975.1,11,1,0.060735907192551994
9337,973.3,9,1,0.06071768642039423
9338,1023.3,8,1,0.06069947111446812
9339,1023.3,8,1,0.06068126127313378
9340,975.1,11,1,0.06066305689475184
9341,1025.1,10,1,0.06064485797768342
9342,1023.3,8,1,0.06062666452029011
9343,973.3,9,1,0.060608476520934026
9344,973.3,9,1,0.06059029397797775
9345,973.3,9,1,0.06057211688978436
9346,1023.3,8,1,0.060553945254717426
9347,1023.3,8,1,0.060535779071141015
9348,1023.3,8,1,0.06051761833741968
9349,1023.3,8,1,0.06049946305191845
9350,1023.3,8,1,0.06048131321300288
9351,1023.3,8,1,0.06046316881903898
9352,1023.3,8,1,0.06044502986839327
9353,973.3,9,1,0.060426896359432755
9354,935.1,11,1,0.060408768290524925
9355,1003.3,8,1,0.06039064566003777
9356,973.3,9,1,0.06037252846633976
9357,985.1,10,1,0.06035441670779986
9358,1003.3,8,1,0.06033631038278752
9359,1023.3,8,1,0.06031820948967269
9360,1023.3,8,1,0.060300114026825787
9361,1023.3,8,1,0.06028202399261774
9362,985.1,10,1,0.060263939385419955
9363,945.1,10,1,0.06024586020360433
9364,1023.3,8,1,0.060227786445543254
9365,1023.3,8,1,0.060209718109609595
9366,1023.3,8,1,0.06019165519417671
9367,1023.3,8,1,0.060173597697618465
9368,1023.3,8,1,0.06015554561830918
9369,1023.3,8,1,0.06013749895462369
9370,1023.3,8,1,0.060119457704937304
9371,1023.3,8,1,0.06010142186762583
9372,1023.3,8,1,0.060083391441065545
9373,1023.3,8,1,0.06006536642363323
9374,1023.3,8,1,0.06004734681370614
9375,1023.3,8,1,0.06002933260966203
9376,1023.3,8,1,0.06001132380987913
9377,1023.3,8,1,0.05999332041273617
9378,1023.3,8,1,0.059975322416612346
9379,1023.3,8,1,0.05995732981988736
9380,1023.3,8,1,0.0599393426209414
9381,1023.3,8,1,0.05992136081815512
9382,985.1,10,1,0.05990338440990967
9383,1005.1,10,1,0.0598854133945867
9384,1023.3,8,1,0.05986744777056833
9385,973.3,9,1,0.05984948753623716
9386,1023.3,8,1,0.05983153268997629
9387,1023.3,8,1,0.0598135832301693
9388,1023.3,8,1,0.059795639155200246
9389,985.1,10,1,0.05977770046345369
9390,983.3,8,1,0.05975976715331465
9391,1023.3,8,1,0.059741839223168655
9392,1023.3,8,1,0.05972391667140171
9393,1023.3,8,1,0.05970599949640029
9394,1023.3,8,1,0.05968808769655137
9395,1025.1,10,1,0.05967018127024241
9396,1023.3,8,1,0.05965228021586134
9397,973.3,9,1,0.059634384531796585
9398,975.1,11,1,0.05961649421643705
9399,1023.3,8,1,0.05959860926817212
9400,1023.3,8,1,0.05958072968539167
9401,1023.3,8,1,0.059562855466486056
9402,1005.1,10,1,0.05954498660984611
9403,1003.3,8,1,0.05952712311386316
9404,1023.3,8,1,0.05950926497692901
9405,1023.3,8,1,0.05949141219743593
9406,1026.9,12,1,0.0594735647737767
9407,1003.3,8,1,0.05945572270434457
9408,1023.3,8,1,0.05943788598753327
9409,1023.3,8,1,0.059420054621737016
9410,1023.3,8,1,0.0594022286053505
9411,1023.3,8,1,0.0593844079367689
9412,1030.5,16,1,0.05936659261438787
9413,1023.3,8,1,0.05934878263660356
9414,1023.3,8,1,0.05933097800181258
9415,1023.3,8,1,0.05931317870841204
9416,1023.3,8,1,0.059295384754799514
9417,1023.3,8,1,0.05927759613937308
9418,985.1,10,1,0.059259812860531266
9419,983.3,8,1,0.05924203491667311
9420,1023.3,8,1,0.05922426230619811
9421,985.1,10,1,0.05920649502750625
9422,1026.9,12,1,0.059188733078998
9423,1023.3,8,1,0.059170976459074306
9424,1023.3,8,1,0.05915322516613659
9425,1023.3,8,1,0.05913547919858675
9426,1023.3,8,1,0.05911773855482717
9427,1023.3,8,1,0.05910000323326073
9428,1005.1,10,1,0.059082273232290754
9429,1003.3,8,1,0.05906454855032107
9430,1023.3,8,1,0.059046829185755975
9431,973.3,9,1,0.05902911513700025
9432,1023.3,8,1,0.05901140640245915
9433,1023.3,8,1,0.058993702980538416
9434,1023.3,8,1,0.05897600486964426
9435,1023.3,8,1,0.05895831206818337
9436,1023.3,8,1,0.058940624574562915
9437,1023.3,8,1,0.05892294238719055
9438,973.3,9,1,0.05890526550447439
9439,1023.3,8,1,0.05888759392482305
9440,985.1,10,1,0.05886992764664561
9441,935.1,11,1,0.05885226666835162
9442,1023.3,8,1,0.05883461098835111
9443,1023.3,8,1,0.058816960605054605
9444,1023.3,8,1,0.05879931551687309
9445,985.1,10,1,0.058781675722218034
9446,983.3,8,1,0.05876404121950137
9447,1023.3,8,1,0.058746412007135526
9448,1025.1,10,1,0.058728788083533386
9449,1023.3,8,1,0.05871116944710833
9450,1023.3,8,1,0.0586935560962742
9451,1023.3,8,1,0.05867594802944532
9452,968.7,14,1,0.058658345245036485
9453,1023.3,8,1,0.058640747741462974
9454,1023.3,8,1,0.058623155517140535
9455,1025.1,10,1,0.05860556857048539
9456,1023.3,8,1,0.05858798689991425
9457,1023.3,8,1,0.058570410503844275
9458,1023.3,8,1,0.058552839380693125
9459,1023.3,8,1,0.05853527352887892
9460,1023.3,8,1,0.058517712946820254
9461,1023.3,8,1,0.05850015763293621
9462,1025.1,10,1,0.05848260758564633
9463,1023.3,8,1,0.05846506280337064
9464,1023.3,8,1,0.05844752328452963
9465,1023.3,8,1,0.058429989027544274
9466,1005.1,10,1,0.058412460030836014
9467,1003.3,8,1,0.058394936292826764
9468,1023.3,8,1,0.05837741781193892
9469,1023.3,8,1,0.05835990458659534
9470,1023.3,8,1,0.05834239661521936
9471,1023.3,8,1,0.0583248938962348
9472,955.1,11,1,0.05830739642806593
9473,953.3,9,1,0.05828990420913751
9474,1005.1,10,1,0.05827241723787477
9475,1025.1,10,1,0.05825493551270341
9476,1023.3,8,1,0.0582374590320496
9477,1025.1,10,1,0.058219987794339984
9478,1023.3,8,1,0.058202521798001686
9479,1023.3,8,1,0.05818506104146229
9480,985.1,10,1,0.058167605523149854
9481,983.3,8,1,0.05815015524149291
9482,985.1,10,1,0.058132710194920466
9483,933.3,9,1,0.05811527038186199
9484,1023.3,8,1,0.058097835800747434
9485,1005.1,10,1,0.05808040645000721
9486,1003.3,8,1,0.058062982328072214
9487,1023.3,8,1,0.0580455634333738
9488,1025.1,10,1,0.058028149764343784
9489,1023.3,8,1,0.058010741319414486
9490,1025.1,10,1,0.05799333809701866
9491,1023.3,8,1,0.05797594009558956
9492,1023.3,8,1,0.057958547313560885
9493,1023.3,8,1,0.05794115974936682
9494,1023.3,8,1,0.05792377740144201
9495,985.1,10,1,0.057906400268221574
9496,985.1,10,1,0.05788902834814111
9497,983.3,8,1,0.05787166163963667
9498,1023.3,8,1,0.05785430014114478
9499,1023.3,8,1,0.05783694385110244
9500,1023.3,8,1,0.05781959276794711
9501,1023.3,8,1,0.05780224689011673
9502,1023.3,8,1,0.057784906216049696
9503,1023.3,8,1,0.057767570744184885
9504,1023.3,8,1,0.05775024047296163
9505,1023.3,8,1,0.05773291540081974
9506,1023.3,8,1,0.057715595526199495
9507,1023.3,8,1,0.05769828084754164
9508,1025.1,10,1,0.05768097136328738
9509,1023.3,8,1,0.057663667071878394
9510,1023.3,8,1,0.05764636797175683
9511,1025.1,10,1,0.057629074061365304
9512,1023.3,8,1,0.0576117853391469
9513,973.3,9,1,0.05759450180354515
9514,1032.3,18,1,0.05757722345300409
9515,1023.3,8,1,0.05755995028596819
9516,1005.1,10,1,0.05754268230088241
9517,1003.3,8,1,0.057525419496192144
9518,1023.3,8,1,0.057508161870343286
9519,1023.3,8,1,0.057490909421782185
9520,835.1,13,1,0.057473662148955655
9521,983.3,8,1,0.05745642005031097
9522,1023.3,8,1,0.05743918312429588
9523,1023.3,8,1,0.05742195136935859
9524,1023.3,8,1,0.057404724783947786
9525,1023.3,8,1,0.057387503366512604
9526,1023.3,8,1,0.057370287115502655
9527,1023.3,8,1,0.057353076029368004
9528,1023.3,8,1,0.057335870106559196
9529,1023.3,8,1,0.05731866934552723
9530,1023.3,8,1,0.05730147374472357
9531,1023.3,8,1,0.05728428330260016
9532,1023.3,8,1,0.05726709801760938
9533,1023.3,8,1,0.0572499178882041
9534,985.1,10,1,0.05723274291283764
9535,983.3,8,1,0.05721557308996379
9536,1023.3,8,1,0.057198408418036806
9537,1023.3,8,1,0.0571812488955114
9538,1023.3,8,1,0.05716409452084275
9539,1023.3,8,1,0.0571469452924865
9540,1023.3,8,1,0.05712980120889875
9541,1023.3,8,1,0.057112662268536084
9542,1025.1,10,1,0.05709552846985552
9543,1023.3,8,1,0.057078399811314566
9544,1023.3,8,1,0.05706127629137117
9545,985.1,10,1,0.05704415790848376
9546,983.3,8,1,0.05702704466111121
9547,1023.3,8,1,0.05700993654771288
9548,1023.3,8,1,0.056992833566748564
9549,1006.9,12,1,0.05697573571667854
9550,1023.3,8,1,0.05695864299596354
9551,1023.3,8,1,0.05694155540306475
9552,1023.3,8,1,0.056924472936443836
9553,1023.3,8,1,0.056907395594562905
9554,1023.3,8,1,0.05689032337588454
9555,1023.3,8,1,0.05687325627887178
9556,1023.3,8,1,0.056856194301988114
9557,973.3,9,1,0.05683913744369752
9558,1023.3,8,1,0.056822085702464414
9559,935.1,11,1,0.056805039076753674
9560,985.1,10,1,0.05678799756503065
9561,1003.3,8,1,0.05677096116576114
9562,1023.3,8,1,0.056753929877411416
9563,973.3,9,1,0.05673690369844819
9564,973.3,9,1,0.05671988262733866
9565,1023.3,8,1,0.05670286666255046
9566,1005.1,10,1,0.05668585580255169
9567,1003.3,8,1,0.05666885004581093
9568,1023.3,8,1,0.05665184939079719
9569,1023.3,8,1,0.05663485383597995
9570,1023.3,8,1,0.05661786337982916
9571,973.3,9,1,0.05660087802081521
9572,1023.3,8,1,0.05658389775740897
9573,1023.3,8,1,0.05656692258808175
9574,1023.3,8,1,0.056549952511305325
9575,1023.3,8,1,0.056532987525551935
9576,985.1,10,1,0.05651602762929427
9577,1025.1,10,1,0.05649907282100548
9578,953.3,9,1,0.05648212309915918
9579,985.1,10,1,0.05646517846222944
9580,945.1,10,1,0.05644823890869077
9581,983.3,8,1,0.056431304437018166
9582,1023.3,8,1,0.05641437504568706
9583,1023.3,8,1,0.05639745073317336
9584,1023.3,8,1,0.056380531497953405
9585,1023.3,8,1,0.05636361733850402
9586,1006.9,12,1,0.05634670825330247
9587,1025.1,10,1,0.05632980424082648
9588,1023.3,8,1,0.05631290529955423
9589,1023.3,8,1,0.056296011427964365
9590,1023.3,8,1,0.05627912262453598
9591,1025.1,10,1,0.056262238887748624
9592,1023.3,8,1,0.0562453602160823
9593,1023.3,8,1,0.05622848660801748
9594,1023.3,8,1,0.056211618062035076
9595,1023.3,8,1,0.05619475457661647
9596,1023.3,8,1,0.05617789615024349
9597,1023.3,8,1,0.05616104278139842
9598,1023.3,8,1,0.056144194468564
9599,1023.3,8,1,0.056127351210223435
9600,1023.3,8,1,0.05611051300486037
9601,1005.1,10,1,0.056093679850958915
9602,1003.3,8,1,0.05607685174700363
9603,1023.3,8,1,0.05606002869147953
9604,973.3,9,1,0.05604321068287209
9605,1023.3,8,1,0.05602639771966723
9606,1023.3,8,1,0.05600958980035133
9607,1023.3,8,1,0.05599278692341123
9608,1023.3,8,1,0.05597598908733421
9609,1023.3,8,1,0.05595919629060801
9610,1023.3,8,1,0.05594240853172083
9611,985.1,10,1,0.05592562580916132
9612,1023.3,8,1,0.055908848121418574
9613,1023.3,8,1,0.05589207546698215
9614,985.1,10,1,0.055875307844342054
9615,1025.1,10,1,0.05585854525198875
9616,983.3,8,1,0.05584178768841316
9617,985.1,10,1,0.055825035152106635
9618,983.3,8,1,0.055808287641561004
9619,1025.1,10,1,0.05579154515526854
9620,1025.1,10,1,0.05577480769172196
9621,1023.3,8,1,0.055758075249414445
9622,1023.3,8,1,0.05574134782683962
9623,1023.3,8,1,0.05572462542249157
9624,1023.3,8,1,0.05570790803486483
9625,1023.3,8,1,0.05569119566245437
9626,1023.3,8,1,0.05567448830375563
9627,1023.3,8,1,0.055657785957264505
9628,1023.3,8,1,0.055641088621477326
9629,1023.3,8,1,0.05562439629489088
9630,1023.3,8,1,0.055607708976002417
9631,1023.3,8,1,0.05559102666330962
9632,1025.1,10,1,0.05557434935531062
9633,1023.3,8,1,0.05555767705050403
9634,1023.3,8,1,0.05554100974738888
9635,1023.3,8,1,0.05552434744446467
9636,1023.3,8,1,0.05550769014023133
9637,1023.3,8,1,0.05549103783318927
9638,1023.3,8,1,0.05547439052183931
9639,1023.3,8,1,0.055457748204682765
9640,1023.3,8,1,0.05544111088022136
9641,985.1,10,1,0.0554244785469573
9642,933.3,9,1,0.05540785120339321
9643,1023.3,8,1,0.055391228848032194
9644,973.3,9,1,0.055374611479377785
9645,985.1,10,1,0.055357999095933974
9646,983.3,8,1,0.055341391696205194
9647,1025.1,10,1,0.055324789278696336
9648,1023.3,8,1,0.05530819184191273
9649,1025.1,10,1,0.05529159938436015
9650,1023.3,8,1,0.05527501190454485
9651,1023.3,8,1,0.05525842940097349
9652,1023.3,8,1,0.0552418518721532
9653,1023.3,8,1,0.055225279316591554
9654,973.3,9,1,0.05520871173279658
9655,885.1,12,1,0.055192149119276744
9656,933.3,9,1,0.055175591474540965
9657,1005.1,10,1,0.0551590387970986
9658,1003.3,8,1,0.055142491085459475
9659,1023.3,8,1,0.05512594833813384
9660,1005.1,10,1,0.0551094105536324
9661,983.3,8,1,0.05509287773046631
9662,973.3,9,1,0.05507634986714717
9663,1023.3,8,1,0.05505982696218703
9664,973.3,9,1,0.055043309014098374
9665,1005.1,10,1,0.055026796021394146
9666,1003.3,8,1,0.05501028798258773
9667,1023.3,8,1,0.05499378489619296
9668,973.3,9,1,0.0549772867607241
9669,1023.3,8,1,0.05496079357469589
9670,1023.3,8,1,0.054944305336623485
9671,1023.3,8,1,0.0549278220450225
9672,1023.3,8,1,0.054911343698409
9673,1005.1,10,1,0.05489487029529948
9674,1003.3,8,1,0.05487840183421089
9675,1023.3,8,1,0.054861938313660624
9676,935.1,11,1,0.05484547973216653
9677,985.1,10,1,0.054829026088246885
9678,953.3,9,1,0.05481257738042041
9679,973.3,9,1,0.05479613360720629
9680,1023.3,8,1,0.05477969476712413
9681,1023.3,8,1,0.054763260858694
9682,1023.3,8,1,0.05474683188043639
9683,1023.3,8,1,0.05473040783087226
9684,1023.3,8,1,0.054713988708523
9685,1023.3,8,1,0.05469757451191045
9686,985.1,10,1,0.05468116523955688
9687,983.3,8,1,0.054664760889985016
9688,936.9,13,1,0.054648361461718024
9689,1003.3,8,1,0.05463196695327951
9690,1023.3,8,1,0.05461557736319353
9691,1023.3,8,1,0.054599192689984574
9692,973.3,9,1,0.05458281293217758
9693,1023.3,8,1,0.054566438088297926
9694,1023.3,8,1,0.05455006815687144
9695,1023.3,8,1,0.05453370313642438
9696,1023.3,8,1,0.05451734302548346
9697,985.1,10,1,0.054500987822575814
9698,983.3,8,1,0.05448463752622904
9699,1023.3,8,1,0.054468292134971175
9700,1023.3,8,1,0.05445195164733069
9701,1023.3,8,1,0.05443561606183649
9702,1023.3,8,1,0.05441928537701794
9703,1023.3,8,1,0.054402959591404836
9704,1023.3,8,1,0.05438663870352742
9705,973.3,9,1,0.054370322711916365
9706,1023.3,8,1,0.05435401161510279
9707,1023.3,8,1,0.05433770541161826
9708,1023.3,8,1,0.05432140409999478
9709,1023.3,8,1,0.054305107678764786
9710,1005.1,10,1,0.05428881614646116
9711,1003.3,8,1,0.05427252950161722
9712,1023.3,8,1,0.05425624774276674
9713,1023.3,8,1,0.05423997086844391
9714,1023.3,8,1,0.05422369887718338
9715,1023.3,8,1,0.05420743176752023
9716,1023.3,8,1,0.054191169537989976
9717,1023.3,8,1,0.05417491218712858
9718,935.1,11,1,0.054158659713472446
9719,983.3,8,1,0.054142412115558404
9720,1023.3,8,1,0.05412616939192374
9721,1023.3,8,1,0.05410993154110616
9722,1023.3,8,1,0.05409369856164383
9723,1023.3,8,1,0.05407747045207534
9724,1023.3,8,1,0.05406124721093972
9725,935.1,11,1,0.054045028836776435
9726,1003.3,8,1,0.0540288153281254
9727,1023.3,8,1,0.05401260668352697
9728,1023.3,8,1,0.05399640290152191
9729,1023.3,8,1,0.05398020398065146
9730,1023.3,8,1,0.05396400991945727
9731,1023.3,8,1,0.05394782071648143
9732,1023.3,8,1,0.05393163637026649
9733,1023.3,8,1,0.05391545687935541
9734,1023.3,8,1,0.0538992822422916
9735,1023.3,8,1,0.05388311245761892
9736,1005.1,10,1,0.05386694752388164
9737,1003.3,8,1,0.05385078743962447
9738,1023.3,8,1,0.05383463220339259
9739,1023.3,8,1,0.05381848181373157
9740,1023.3,8,1,0.05380233626918745
9741,1006.9,12,1,0.053786195568306695
9742,1003.3,8,1,0.053770059709636206
9743,1023.3,8,1,0.05375392869172332
9744,973.3,9,1,0.0537378025131158
9745,973.3,9,1,0.05372168117236187
9746,1023.3,8,1,0.05370556466801016
9747,1005.1,10,1,0.053689452998609756
9748,1003.3,8,1,0.053673346162710175
9749,1023.3,8,1,0.05365724415886136
9750,1023.3,8,1,0.0536411469856137
9751,1023.3,8,1,0.05362505464151802
9752,1023.3,8,1,0.05360896712512556
9753,935.1,11,1,0.053592884434988025
9754,983.3,8,1,0.05357680656965753
9755,1023.3,8,1,0.05356073352768663
9756,1023.3,8,1,0.053544665307628324
9757,936.9,13,1,0.05352860190803604
9758,933.3,9,1,0.05351254332746363
9759,1025.1,10,1,0.05349648956446539
9760,1025.1,10,1,0.053480440617596055
9761,1025.1,10,1,0.05346439648541078
9762,1023.3,8,1,0.053448357166465156
9763,1025.1,10,1,0.05343232265931522
9764,1025.1,10,1,0.053416292962517424
9765,1025.1,10,1,0.05340026807462867
9766,1025.1,10,1,0.05338424799420628
9767,1025.1,10,1,0.05336823271980802
9768,1025.1,10,1,0.05335222224999208
9769,1025.1,10,1,0.05333621658331709
9770,1025.1,10,1,0.05332021571834209
9771,1023.3,8,1,0.05330421965362659
9772,1025.1,10,1,0.05328822838773051
9773,1025.1,10,1,0.05327224191921419
9774,1025.1,10,1,0.053256260246638425
9775,975.1,11,1,0.053240283368564435
9776,1025.1,10,1,0.053224311283553864
9777,1025.1,10,1,0.0532083439901688
9778,1025.1,10,1,0.05319238148697175
9779,1025.1,10,1,0.05317642377252566
9780,975.1,11,1,0.05316047084539391
9781,1025.1,10,1,0.053144522704140294
9782,1025.1,10,1,0.05312857934732906
9783,1025.1,10,1,0.05311264077352486
9784,975.1,11,1,0.053096706981292804
9785,1025.1,10,1,0.05308077796919842
9786,1025.1,10,1,0.05306485373580766
9787,1026.9,12,1,0.05304893427968692
9788,975.1,11,1,0.053033019599403014
9789,1025.1,10,1,0.0530171096935232
9790,1025.1,10,1,0.05300120456061514
9791,1025.1,10,1,0.052985304199246956
9792,1025.1,10,1,0.052969408607987184
9793,960.5,16,1,0.05295351778540479
9794,1025.1,10,1,0.05293763173006917
9795,1025.1,10,1,0.05292175044055015
9796,1025.1,10,1,0.052905873915417984
9797,1025.1,10,1,0.05289000215324336
9798,1026.9,12,1,0.05287413515259739
9799,1025.1,10,1,0.05285827291205161
9800,1025.1,10,1,0.052842415430178
9801,1025.1,10,1,0.052826562705548946
9802,1026.9,12,1,0.052810714736737284
9803,1025.1,10,1,0.05279487152231627
9804,1025.1,10,1,0.05277903306085957
9805,1025.1,10,1,0.052763199350941314
9806,1025.1,10,1,0.052747370391136035
9807,982.3,19,1,0.0527315461800187
9808,1025.1,10,1,0.052715726716164694
9809,1025.1,10,1,0.05269991199814985
9810,1025.1,10,1,0.05268410202455041
9811,1025.1,10,1,0.05266829679394305
9812,1005.1,10,1,0.052652496304904865
9813,1025.1,10,1,0.0526367005560134
9814,1025.1,10,1,0.0526209095458466
9815,1025.1,10,1,0.05260512327298285
9816,1025.1,10,1,0.05258934173600095
9817,1023.3,8,1,0.05257356493348015
9818,1025.1,10,1,0.05255779286400011
9819,976.9,13,1,0.05254202552614091
9820,1026.9,12,1,0.052526262918483065
9821,1025.1,10,1,0.052510505039607525
9822,1025.1,10,1,0.052494751888095645
9823,1026.9,12,1,0.05247900346252922
9824,1025.1,10,1,0.05246325976149046
9825,1025.1,10,1,0.05244752078356201
9826,1025.1,10,1,0.05243178652732695
9827,1025.1,10,1,0.052416056991368754
9828,1025.1,10,1,0.05240033217427134
9829,1025.1,10,1,0.052384612074619065
9830,1026.9,12,1,0.05236889669099668
9831,1025.1,10,1,0.052353186021989385
9832,1025.1,10,1,0.05233748006618279
9833,1025.1,10,1,0.052321778822162934
9834,1025.1,10,1,0.052306082288516284
9835,1025.1,10,1,0.05229039046382973
9836,1025.1,10,1,0.052274703346690585
9837,1025.1,10,1,0.05225902093568658
9838,1025.1,10,1,0.052243343229405874
9839,1025.1,10,1,0.052227670226437053
9840,1025.1,10,1,0.05221200192536912
9841,1025.1,10,1,0.052196338324791515
9842,975.1,11,1,0.05218067942329408
9843,1025.1,10,1,0.052165025219467094
9844,1025.1,10,1,0.05214937571190126
9845,1025.1,10,1,0.05213373089918769
9846,1025.1,10,1,0.05211809077991794
9847,1025.1,10,1,0.05210245535268397
9848,1025.1,10,1,0.052086824616078164
9849,1023.3,8,1,0.05207119856869334
9850,1025.1,10,1,0.05205557720912274
9851,1025.1,10,1,0.05203996053596
9852,1025.1,10,1,0.052024348547799214
9853,1025.1,10,1,0.052008741243234874
9854,1026.9,12,1,0.051993138620861905
9855,1025.1,10,1,0.051977540679275645
9856,975.1,11,1,0.051961947417071865
9857,975.1,11,1,0.05194635883284675
9858,1023.3,8,1,0.0519307749251969
9859,1025.1,10,1,0.05191519569271934
9860,1025.1,10,1,0.051899621134011524
9861,1025.1,10,1,0.05188405124767132
9862,1025.1,10,1,0.051868486032297025
9863,1025.1,10,1,0.05185292548648734
9864,1023.3,8,1,0.051837369608841395
9865,1025.1,10,1,0.05182181839795874
9866,1025.1,10,1,0.051806271852439356
9867,1025.1,10,1,0.051790729970883624
9868,1025.1,10,1,0.05177519275189236
9869,1025.1,10,1,0.05175966019406679
9870,975.1,11,1,0.05174413229600857
9871,1026.9,12,1,0.05172860905631977
9872,1025.1,10,1,0.051713090473602875
9873,975.1,11,1,0.051697576546460795
9874,1025.1,10,1,0.05168206727349686
9875,975.1,11,1,0.05166656265331482
9876,1025.1,10,1,0.05165106268451883
9877,1025.1,10,1,0.051635567365713474
9878,1026.9,12,1,0.05162007669550376
9879,1025.1,10,1,0.05160459067249511
9880,876.9000000000001,15,1,0.05158910929529336
9881,1025.1,10,1,0.05157363256250477
9882,1025.1,10,1,0.05155816047273602
9883,1026.9,12,1,0.0515426930245942
9884,1025.1,10,1,0.05152723021668683
9885,1025.1,10,1,0.05151177204762183
9886,1025.1,10,1,0.05149631851600754
9887,1025.1,10,1,0.05148086962045274
9888,1025.1,10,1,0.05146542535956661
9889,1025.1,10,1,0.05144998573195874
9890,1025.1,10,1,0.051434550736239155
9891,1025.1,10,1,0.051419120371018284
9892,975.1,11,1,0.05140369463490698
9893,1025.1,10,1,0.05138827352651651
9894,1025.1,10,1,0.051372857044458556
9895,1025.1,10,1,0.05135744518734522
9896,1025.1,10,1,0.05134203795378901
9897,1025.1,10,1,0.05132663534240288
9898,1025.1,10,1,0.05131123735180016
9899,1025.1,10,1,0.05129584398059462
9900,975.1,11,1,0.05128045522740044
9901,976.9,13,1,0.051265071090832226
9902,1025.1,10,1,0.05124969156950498
9903,1025.1,10,1,0.05123431666203413
9904,1025.1,10,1,0.05121894636703552
9905,975.1,11,1,0.05120358068312541
9906,1025.1,10,1,0.05118821960892047
9907,1025.1,10,1,0.051172863143037796
9908,1030.5,16,1,0.05115751128409489
9909,975.1,11,1,0.05114216403070966
9910,1025.1,10,1,0.05112682138150045
9911,1025.1,10,1,0.05111148333508601
9912,1025.1,10,1,0.051096149890085485
9913,1026.9,12,1,0.05108082104511846
9914,1025.1,10,1,0.05106549679880493
9915,1025.1,10,1,0.051050177149765286
9916,975.1,11,1,0.05103486209662036
9917,1026.9,12,1,0.05101955163799137
9918,975.1,11,1,0.05100424577249998
9919,1023.3,8,1,0.05098894449876823
9920,1025.1,10,1,0.0509736478154186
9921,1025.1,10,1,0.050958355721073975
9922,1025.1,10,1,0.05094306821435766
9923,1023.3,8,1,0.05092778529389335
9924,1025.1,10,1,0.05091250695830518
9925,1026.9,12,1,0.05089723320621769
9926,1025.1,10,1,0.050881964036255826
9927,1025.1,10,1,0.05086669944704495
9928,1025.1,10,1,0.05085143943721084
9929,1028.7,14,1,0.05083618400537968
9930,1025.1,10,1,0.05082093315017807
9931,1025.1,10,1,0.05080568687023302
9932,1025.1,10,1,0.05079044516417195
9933,1026.9,12,1,0.0507752080306227
9934,1025.1,10,1,0.050759975468213515
9935,1025.1,10,1,0.05074474747557305
9936,1025.1,10,1,0.05072952405133038
9937,976.9,13,1,0.05071430519411498
9938,1026.9,12,1,0.05069909090255675
9939,1025.1,10,1,0.05068388117528598
9940,1026.9,12,1,0.050668676010933396
9941,975.1,11,1,0.050653475408130116
9942,1025.1,10,1,0.05063827936550768
9943,1025.1,10,1,0.05062308788169803
9944,1025.1,10,1,0.050607900955333525
9945,1025.1,10,1,0.05059271858504693
9946,1025.1,10,1,0.050577540769471414
9947,1025.1,10,1,0.05056236750724057
9948,975.1,11,1,0.0505471987969884
9949,1025.1,10,1,0.05053203463734931
9950,1025.1,10,1,0.050516875026958105
9951,1025.1,10,1,0.05050171996445002
9952,1026.9,12,1,0.05048656944846069
9953,1025.1,10,1,0.05047142347762615
9954,1026.9,12,1,0.05045628205058286
9955,1025.1,10,1,0.05044114516596769
9956,975.1,11,1,0.050426012822417904
9957,1023.3,8,1,0.05041088501857118
9958,1025.1,10,1,0.050395761753065614
9959,1025.1,10,1,0.0503806430245397
9960,1025.1,10,1,0.05036552883163234
9961,1025.1,10,1,0.05035041917298285
9962,1025.1,10,1,0.050335314047230954
9963,1028.7,14,1,0.050320213453016786
9964,1025.1,10,1,0.050305117388980886
9965,1025.1,10,1,0.05029002585376419
9966,1025.1,10,1,0.05027493884600807
9967,1025.1,10,1,0.05025985636435427
9968,1025.1,10,1,0.050244778407444964
9969,1025.1,10,1,0.050229704973922734
9970,1025.1,10,1,0.05021463606243056
9971,1026.9,12,1,0.050199571671611834
9972,1025.1,10,1,0.050184511800110354
9973,1026.9,12,1,0.050169456446570324
9974,1025.1,10,1,0.050154405609636354
9975,975.1,11,1,0.05013935928795347
9976,1025.1,10,1,0.05012431748016708
9977,1025.1,10,1,0.050109280184923034
9978,1025.1,10,1,0.050094247400867556
9979,1025.1,10,1,0.0500792191266473
9980,1025.1,10,1,0.05006419536090931
9981,975.1,11,1,0.050049176102301036
9982,1025.1,10,1,0.05003416134947035
9983,1025.1,10,1,0.05001915110106551
9984,1023.3,8,1,0.05000414535573519
9985,1025.1,10,1,0.05
9986,975.1,11,1,0.05
9987,1025.1,10,1,0.05
9988,1025.1,10,1,0.05
9989,1025.1,10,1,0.05
9990,1025.1,10,1,0.05
9991,1025.1,10,1,0.05
9992,1025.1,10,1,0.05
9993,1025.1,10,1,0.05
9994,1025.1,10,1,0.05
9995,1025.1,10,1,0.05
9996,975.1,11,1,0.05
9997,1025.1,10,1,0.05
9998,1025.1,10,1,0.05
9999,1025.1,10,1,0.05
10000,1025.1,10,1,0.05
10001,1025.1,10,1,0.05
10002,1025.1,10,1,0.05
10003,1026.9,12,1,0.05
10004,1028.7,14,1,0.05
10005,1025.1,10,1,0.05
10006,975.1,11,1,0.05
10007,1026.9,12,1,0.05
10008,1025.1,10,1,0.05
10009,1026.9,12,1,0.05
10010,1025.1,10,1,0.05
10011,1025.1,10,1,0.05
10012,925.1,12,1,0.05
10013,1025.1,10,1,0.05
10014,1025.1,10,1,0.05
10015,1026.9,12,1,0.05
10016,1025.1,10,1,0.05
10017,1025.1,10,1,0.05
10018,1025.1,10,1,0.05
10019,1025.1,10,1,0.05
10020,1023.3,8,1,0.05
10021,1025.1,10,1,0.05
10022,1025.1,10,1,0.05
10023,1025.1,10,1,0.05
10024,1025.1,10,1,0.05
10025,1025.1,10,1,0.05
10026,1028.7,14,1,0.05
10027,1025.1,10,1,0.05
10028,1026.9,12,1,0.05
10029,1025.1,10,1,0.05
10030,1026.9,12,1,0.05
10031,1025.1,10,1,0.05
10032,1025.1,10,1,0.05
10033,975.1,11,1,0.05
10034,1025.1,10,1,0.05
10035,1025.1,10,1,0.05
10036,1026.9,12,1,0.05
10037,1025.1,10,1,0.05
10038,1025.1,10,1,0.05
10039,1025.1,10,1,0.05
10040,1025.1,10,1,0.05
10041,1025.1,10,1,0.05
10042,1025.1,10,1,0.05
10043,975.1,11,1,0.05
10044,1026.9,12,1,0.05
10045,1025.1,10,1,0.05
10046,1025.1,10,1,0.05
10047,1025.1,10,1,0.05
10048,1025.1,10,1,0.05
10049,1028.7,14,1,0.05
10050,1025.1,10,1,0.05
10051,1025.1,10,1,0.05
10052,1025.1,10,1,0.05
10053,1026.9,12,1,0.05
10054,1025.1,10,1,0.05
10055,1025.1,10,1,0.05
10056,1025.1,10,1,0.05
10057,1026.9,12,1,0.05
10058,1023.3,8,1,0.05
10059,976.9,13,1,0.05
10060,1026.9,12,1,0.05
10061,1026.9,12,1,0.05
10062,1025.1,10,1,0.05
10063,1026.9,12,1,0.05
10064,1025.1,10,1,0.05
10065,1025.1,10,1,0.05
10066,1023.3,8,1,0.05
10067,1025.1,10,1,0.05
10068,975.1,11,1,0.05
10069,926.9,14,1,0.05
10070,1026.9,12,1,0.05
10071,1025.1,10,1,0.05
10072,1025.1,10,1,0.05
10073,1025.1,10,1,0.05
10074,1026.9,12,1,0.05
10075,1025.1,10,1,0.05
10076,1025.1,10,1,0.05
10077,1025.1,10,1,0.05
10078,1025.1,10,1,0.05
10079,1025.1,10,1,0.05
10080,1025.1,10,1,0.05
10081,1025.1,10,1,0.05
10082,1025.1,10,1,0.05
10083,1025.1,10,1,0.05
10084,1025.1,10,1,0.05
10085,1025.1,10,1,0.05
10086,1025.1,10,1,0.05
10087,1025.1,10,1,0.05
10088,1023.3,8,1,0.05
10089,975.1,11,1,0.05
10090,1023.3,8,1,0.05
10091,1025.1,10,1,0.05
10092,1025.1,10,1,0.05
10093,973.3,9,1,0.05
10094,958.7,15,1,0.05
10095,925.1,12,1,0.05
10096,1025.1,10,1,0.05
10097,1025.1,10,1,0.05
10098,1025.1,10,1,0.05
10099,1030.5,16,1,0.05
10100,1025.1,10,1,0.05
10101,1025.1,10,1,0.05
10102,1025.1,10,1,0.05
10103,1025.1,10,1,0.05
10104,1025.1,10,1,0.05
10105,1025.1,10,1,0.05
10106,1025.1,10,1,0.05
10107,1030.5,16,1,0.05
10108,1025.1,10,1,0.05
10109,1025.1,10,1,0.05
10110,1025.1,10,1,0.05
10111,925.1,12,1,0.05
10112,1025.1,10,1,0.05
10113,1025.1,10,1,0.05
10114,1025.1,10,1,0.05
10115,975.1,11,1,0.05
10116,1025.1,10,1,0.05
10117,975.1,11,1,0.05
10118,1025.1,10,1,0.05
10119,1025.1,10,1,0.05
10120,975.1,11,1,0.05
10121,1025.1,10,1,0.05
10122,1026.9,12,1,0.05
10123,1025.1,10,1,0.05
10124,975.1,11,1,0.05
10125,1026.9,12,1,0.05
10126,1025.1,10,1,0.05
10127,1028.7,14,1,0.05
10128,1025.1,10,1,0.05
10129,1028.7,14,1,0.05
10130,1026.9,12,1,0.05
10131,1025.1,10,1,0.05
10132,1025.1,10,1,0.05
10133,1025.1,10,1,0.05
10134,985.1,10,1,0.05
10135,1026.9,12,1,0.05
10136,1026.9,12,1,0.05
10137,1025.1,10,1,0.05
10138,1026.9,12,1,0.05
10139,1025.1,10,1,0.05
10140,1025.1,10,1,0.05
10141,975.1,11,1,0.05
10142,1025.1,10,1,0.05
10143,1025.1,10,1,0.05
10144,1025.1,10,1,0.05
10145,1030.5,16,1,0.05
10146,1025.1,10,1,0.05
10147,1025.1,10,1,0.05
10148,1025.1,10,1,0.05
10149,1028.7,14,1,0.05
10150,1025.1,10,1,0.05
10151,1025.1,10,1,0.05
10152,1026.9,12,1,0.05
10153,978.7,15,1,0.05
10154,1023.3,8,1,0.05
10155,1023.3,8,1,0.05
10156,985.1,10,1,0.05
10157,1005.1,10,1,0.05
10158,1025.1,10,1,0.05
10159,1025.1,10,1,0.05
10160,1025.1,10,1,0.05
10161,1025.1,10,1,0.05
10162,975.1,11,1,0.05
10163,1025.1,10,1,0.05
10164,1025.1,10,1,0.05
10165,1025.1,10,1,0.05
10166,1025.1,10,1,0.05
10167,1028.7,14,1,0.05
10168,1025.1,10,1,0.05
10169,1025.1,10,1,0.05
10170,1025.1,10,1,0.05
10171,1025.1,10,1,0.05
10172,1025.1,10,1,0.05
10173,1025.1,10,1,0.05
10174,1026.9,12,1,0.05
10175,1025.1,10,1,0.05
10176,1025.1,10,1,0.05
10177,1026.9,12,1,0.05
10178,975.1,11,1,0.05
10179,1025.1,10,1,0.05
10180,1025.1,10,1,0.05
10181,975.1,11,1,0.05
10182,1025.1,10,1,0.05
10183,1025.1,10,1,0.05
10184,1025.1,10,1,0.05
10185,990.5,16,1,0.05
10186,1025.1,10,1,0.05
10187,976.9,13,1,0.05
10188,925.1,12,1,0.05
10189,1025.1,10,1,0.05
10190,1025.1,10,1,0.05
10191,1025.1,10,1,0.05
10192,1025.1,10,1,0.05
10193,1026.9,12,1,0.05
10194,1025.1,10,1,0.05
10195,1025.1,10,1,0.05
10196,1025.1,10,1,0.05
10197,1025.1,10,1,0.05
10198,1025.1,10,1,0.05
10199,1025.1,10,1,0.05
10200,1025.1,10,1,0.05
10201,1025.1,10,1,0.05
10202,975.1,11,1,0.05
10203,1023.3,8,1,0.05
10204,1025.1,10,1,0.05
10205,1025.1,10,1,0.05
10206,1028.7,14,1,0.05
10207,1025.1,10,1,0.05
10208,1025.1,10,1,0.05
10209,980.5,17,1,0.05
10210,1025.1,10,1,0.05
10211,1025.1,10,1,0.05
10212,1025.1,10,1,0.05
10213,1025.1,10,1,0.05
10214,1025.1,10,1,0.05
10215,1026.9,12,1,0.05
10216,1025.1,10,1,0.05
10217,975.1,11,1,0.05
10218,1025.1,10,1,0.05
10219,1025.1,10,1,0.05
10220,1025.1,10,1,0.05
10221,1025.1,10,1,0.05
10222,1025.1,10,1,0.05
10223,1025.1,10,1,0.05
10224,1025.1,10,1,0.05
10225,1023.3,8,1,0.05
10226,1026.9,12,1,0.05
10227,1025.1,10,1,0.05
10228,1025.1,10,1,0.05
10229,1025.1,10,1,0.05
10230,1025.1,10,1,0.05
10231,1025.1,10,1,0.05
10232,1025.1,10,1,0.05
10233,1025.1,10,1,0.05
10234,1025.1,10,1,0.05
10235,1025.1,10,1,0.05
10236,1025.1,10,1,0.05
10237,1025.1,10,1,0.05
10238,1025.1,10,1,0.05
10239,975.1,11,1,0.05
10240,1025.1,10,1,0.05
10241,1026.9,12,1,0.05
10242,1023.3,8,1,0.05
10243,1025.1,10,1,0.05
10244,1025.1,10,1,0.05
10245,1025.1,10,1,0.05
10246,975.1,11,1,0.05
10247,1026.9,12,1,0.05
10248,1025.1,10,1,0.05
10249,1025.1,10,1,0.05
10250,1025.1,10,1,0.05
10251,1028.7,14,1,0.05
10252,1025.1,10,1,0.05
10253,1025.1,10,1,0.05
10254,1025.1,10,1,0.05
10255,1026.9,12,1,0.05
10256,1025.1,10,1,0.05
10257,1025.1,10,1,0.05
10258,1026.9,12,1,0.05
10259,1025.1,10,1,0.05
10260,1025.1,10,1,0.05
10261,1025.1,10,1,0.05
10262,978.6999999999999,15,1,0.05
10263,1025.1,10,1,0.05
10264,1026.9,12,1,0.05
10265,1025.1,10,1,0.05
10266,1025.1,10,1,0.05
10267,1023.3,8,1,0.05
10268,1025.1,10,1,0.05
10269,1025.1,10,1,0.05
10270,1025.1,10,1,0.05
10271,1025.1,10,1,0.05
10272,1025.1,10,1,0.05
10273,1008.7,14,1,0.05
10274,1025.1,10,1,0.05
10275,975.1,11,1,0.05
10276,1025.1,10,1,0.05
10277,1025.1,10,1,0.05
10278,1025.1,10,1,0.05
10279,975.1,11,1,0.05
10280,975.1,11,1,0.05
10281,1025.1,10,1,0.05
10282,1025.1,10,1,0.05
10283,1025.1,10,1,0.05
10284,1025.1,10,1,0.05
10285,1025.1,10,1,0.05
10286,975.1,11,1,0.05
10287,1026.9,12,1,0.05
10288,1025.1,10,1,0.05
10289,1025.1,10,1,0.05
10290,1025.1,10,1,0.05
10291,1025.1,10,1,0.05
10292,975.1,11,1,0.05
10293,1028.7,14,1,0.05
10294,1026.9,12,1,0.05
10295,1025.1,10,1,0.05
10296,1025.1,10,1,0.05
10297,1025.1,10,1,0.05
10298,1025.1,10,1,0.05
10299,1025.1,10,1,0.05
10300,1025.1,10,1,0.05
10301,1025.1,10,1,0.05
10302,1026.9,12,1,0.05
10303,1025.1,10,1,0.05
10304,1026.9,12,1,0.05
10305,1025.1,10,1,0.05
10306,1023.3,8,1,0.05
10307,1025.1,10,1,0.05
10308,1025.1,10,1,0.05
10309,1025.1,10,1,0.05
10310,1026.9,12,1,0.05
10311,1025.1,10,1,0.05
10312,975.1,11,1,0.05
10313,1025.1,10,1,0.05
10314,1025.1,10,1,0.05
10315,1025.1,10,1,0.05
10316,975.1,11,1,0.05
10317,1026.9,12,1,0.05
10318,1025.1,10,1,0.05
10319,1025.1,10,1,0.05
10320,1025.1,10,1,0.05
10321,1025.1,10,1,0.05
10322,1026.9,12,1,0.05
10323,1025.1,10,1,0.05
10324,1025.1,10,1,0.05
10325,1025.1,10,1,0.05
10326,976.9,13,1,0.05
10327,1025.1,10,1,0.05
10328,1025.1,10,1,0.05
10329,1025.1,10,1,0.05
10330,1025.1,10,1,0.05
10331,1025.1,10,1,0.05
10332,980.5,17,1,0.05
10333,1025.1,10,1,0.05
10334,1026.9,12,1,0.05
10335,1025.1,10,1,0.05
10336,1026.9,12,1,0.05
10337,1025.1,10,1,0.05
10338,1025.1,10,1,0.05
10339,975.1,11,1,0.05
10340,1028.7,14,1,0.05
10341,1025.1,10,1,0.05
10342,975.1,11,1,0.05
10343,1025.1,10,1,0.05
10344,1025.1,10,1,0.05
10345,1025.1,10,1,0.05
10346,975.1,11,1,0.05
10347,1026.9,12,1,0.05
10348,1025.1,10,1,0.05
10349,1025.1,10,1,0.05
10350,1028.7,14,1,0.05
10351,1025.1,10,1,0.05
10352,1025.1,10,1,0.05
10353,975.1,11,1,0.05
10354,1030.5,16,1,0.05
10355,1025.1,10,1,0.05
10356,1025.1,10,1,0.05
10357,1023.3,8,1,0.05
10358,1023.3,8,1,0.05
10359,975.1,11,1,0.05
10360,1025.1,10,1,0.05
10361,1026.9,12,1,0.05
10362,1025.1,10,1,0.05
10363,1026.9,12,1,0.05
10364,1025.1,10,1,0.05
10365,1025.1,10,1,0.05
10366,1025.1,10,1,0.05
10367,1025.1,10,1,0.05
10368,1025.1,10,1,0.05
10369,1025.1,10,1,0.05
10370,1025.1,10,1,0.05
10371,975.1,11,1,0.05
10372,1025.1,10,1,0.05
10373,1025.1,10,1,0.05
10374,1025.1,10,1,0.05
10375,1025.1,10,1,0.05
10376,1025.1,10,1,0.05
10377,1028.7,14,1,0.05
10378,1026.9,12,1,0.05
10379,1025.1,10,1,0.05
10380,1025.1,10,1,0.05
10381,1025.1,10,1,0.05
10382,1025.1,10,1,0.05
10383,1025.1,10,1,0.05
10384,1028.7,14,1,0.05
10385,1025.1,10,1,0.05
10386,1025.1,10,1,0.05
10387,1025.1,10,1,0.05
10388,975.1,11,1,0.05
10389,1025.1,10,1,0.05
10390,1025.1,10,1,0.05
10391,1025.1,10,1,0.05
10392,1025.1,10,1,0.05
10393,1025.1,10,1,0.05
10394,1025.1,10,1,0.05
10395,1025.1,10,1,0.05
10396,1025.1,10,1,0.05
10397,1025.1,10,1,0.05
10398,1025.1,10,1,0.05
10399,1026.9,12,1,0.05
10400,975.1,11,1,0.05
10401,1025.1,10,1,0.05
10402,1026.9,12,1,0.05
10403,1025.1,10,1,0.05
10404,1025.1,10,1,0.05
10405,1025.1,10,1,0.05
10406,1028.7,14,1,0.05
10407,1026.9,12,1,0.05
10408,975.1,11,1,0.05
10409,1025.1,10,1,0.05
10410,1025.1,10,1,0.05
10411,1025.1,10,1,0.05
10412,1025.1,10,1,0.05
10413,1025.1,10,1,0.05
10414,1025.1,10,1,0.05
10415,1026.9,12,1,0.05
10416,1025.1,10,1,0.05
10417,1025.1,10,1,0.05
10418,1025.1,10,1,0.05
10419,1025.1,10,1,0.05
10420,976.9,13,1,0.05
10421,925.1,12,1,0.05
10422,1026.9,12,1,0.05
10423,1025.1,10,1,0.05
10424,1025.1,10,1,0.05
10425,1025.1,10,1,0.05
10426,1025.1,10,1,0.05
10427,1025.1,10,1,0.05
10428,1025.1,10,1,0.05
10429,1025.1,10,1,0.05
10430,1028.7,14,1,0.05
10431,975.1,11,1,0.05
10432,1025.1,10,1,0.05
10433,1025.1,10,1,0.05
10434,1025.1,10,1,0.05
10435,1025.1,10,1,0.05
10436,1025.1,10,1,0.05
10437,1025.1,10,1,0.05
10438,1025.1,10,1,0.05
10439,1026.9,12,1,0.05
10440,1025.1,10,1,0.05
10441,1025.1,10,1,0.05
10442,1025.1,10,1,0.05
10443,1025.1,10,1,0.05
10444,1025.1,10,1,0.05
10445,1025.1,10,1,0.05
10446,1025.1,10,1,0.05
10447,1025.1,10,1,0.05
10448,1025.1,10,1,0.05
10449,1025.1,10,1,0.05
10450,1025.1,10,1,0.05
10451,1025.1,10,1,0.05
10452,1025.1,10,1,0.05
10453,975.1,11,1,0.05
10454,1025.1,10,1,0.05
10455,1025.1,10,1,0.05
10456,1025.1,10,1,0.05
10457,1025.1,10,1,0.05
10458,1026.9,12,1,0.05
10459,976.9,13,1,0.05
10460,976.9,13,1,0.05
10461,975.1,11,1,0.05
10462,1026.9,12,1,0.05
10463,1026.9,12,1,0.05
10464,1025.1,10,1,0.05
10465,1025.1,10,1,0.05
10466,1026.9,12,1,0.05
10467,1023.3,8,1,0.05
10468,1025.1,10,1,0.05
10469,1025.1,10,1,0.05
10470,1026.9,12,1,0.05
10471,1025.1,10,1,0.05
10472,1025.1,10,1,0.05
10473,1026.9,12,1,0.05
10474,1025.1,10,1,0.05
10475,1025.1,10,1,0.05
10476,1025.1,10,1,0.05
10477,1025.1,10,1,0.05
10478,1025.1,10,1,0.05
10479,1025.1,10,1,0.05
10480,1025.1,10,1,0.05
10481,1025.1,10,1,0.05
10482,975.1,11,1,0.05
10483,1026.9,12,1,0.05
10484,1025.1,10,1,0.05
10485,975.1,11,1,0.05
10486,925.1,12,1,0.05
10487,1025.1,10,1,0.05
10488,978.6999999999999,15,1,0.05
10489,1025.1,10,1,0.05
10490,976.9,13,1,0.05
10491,1025.1,10,1,0.05
10492,1025.1,10,1,0.05
10493,1025.1,10,1,0.05
10494,1026.9,12,1,0.05
10495,925.1,12,1,0.05
10496,1025.1,10,1,0.05
10497,975.1,11,1,0.05
10498,1025.1,10,1,0.05
10499,1025.1,10,1,0.05
10500,975.1,11,1,0.05
10501,1025.1,10,1,0.05
10502,1026.9,12,1,0.05
10503,1025.1,10,1,0.05
10504,958.7,15,1,0.05
10505,1025.1,10,1,0.05
10506,1025.1,10,1,0.05
10507,1025.1,10,1,0.05
10508,1008.7,14,1,0.05
10509,975.1,11,1,0.05
10510,1026.9,12,1,0.05
10511,1025.1,10,1,0.05
10512,1026.9,12,1,0.05
10513,1025.1,10,1,0.05
10514,1025.1,10,1,0.05
10515,1026.9,12,1,0.05
10516,1025.1,10,1,0.05
10517,1025.1,10,1,0.05
10518,1026.9,12,1,0.05
10519,1025.1,10,1,0.05
10520,1025.1,10,1,0.05
10521,975.1,11,1,0.05
10522,975.1,11,1,0.05
10523,975.1,11,1,0.05
10524,1025.1,10,1,0.05
10525,1025.1,10,1,0.05
10526,976.9,13,1,0.05
10527,1026.9,12,1,0.05
10528,1025.1,10,1,0.05
10529,1025.1,10,1,0.05
10530,1025.1,10,1,0.05
10531,1025.1,10,1,0.05
10532,1025.1,10,1,0.05
10533,1025.1,10,1,0.05
10534,1025.1,10,1,0.05
10535,1025.1,10,1,0.05
10536,1025.1,10,1,0.05
10537,1026.9,12,1,0.05
10538,1026.9,12,1,0.05
10539,1025.1,10,1,0.05
10540,1032.3,18,1,0.05
10541,1025.1,10,1,0.05
10542,1025.1,10,1,0.05
10543,975.1,11,1,0.05
10544,975.1,11,1,0.05
10545,1028.7,14,1,0.05
10546,1026.9,12,1,0.05
10547,1025.1,10,1,0.05
10548,958.7,15,1,0.05
10549,1025.1,10,1,0.05
10550,1025.1,10,1,0.05
10551,1025.1,10,1,0.05
10552,1025.1,10,1,0.05
10553,975.1,11,1,0.05
10554,1025.1,10,1,0.05
10555,1025.1,10,1,0.05
10556,1023.3,8,1,0.05
10557,1025.1,10,1,0.05
10558,1025.1,10,1,0.05
10559,1025.1,10,1,0.05
10560,1025.1,10,1,0.05
10561,1025.1,10,1,0.05
10562,1025.1,10,1,0.05
10563,1026.9,12,1,0.05
10564,1023.3,8,1,0.05
10565,1025.1,10,1,0.05
10566,1025.1,10,1,0.05
10567,1025.1,10,1,0.05
10568,1025.1,10,1,0.05
10569,1025.1,10,1,0.05
10570,1025.1,10,1,0.05
10571,1025.1,10,1,0.05
10572,1025.1,10,1,0.05
10573,1025.1,10,1,0.05
10574,1030.5,16,1,0.05
10575,1025.1,10,1,0.05
10576,1025.1,10,1,0.05
10577,975.1,11,1,0.05
10578,1025.1,10,1,0.05
10579,1025.1,10,1,0.05
10580,1025.1,10,1,0.05
10581,1025.1,10,1,0.05
10582,1028.7,14,1,0.05
10583,1028.7,14,1,0.05
10584,1025.1,10,1,0.05
10585,1025.1,10,1,0.05
10586,975.1,11,1,0.05
10587,975.1,11,1,0.05
10588,1025.1,10,1,0.05
10589,1025.1,10,1,0.05
10590,1025.1,10,1,0.05
10591,975.1,11,1,0.05
10592,1023.3,8,1,0.05
10593,980.5,17,1,0.05
10594,1025.1,10,1,0.05
10595,1025.1,10,1,0.05
10596,975.1,11,1,0.05
10597,1026.9,12,1,0.05
10598,976.9,13,1,0.05
10599,1025.1,10,1,0.05
10600,1025.1,10,1,0.05
10601,1025.1,10,1,0.05
10602,1025.1,10,1,0.05
10603,1008.7,14,1,0.05
10604,960.5,16,1,0.05
10605,1023.3,8,1,0.05
10606,1025.1,10,1,0.05
10607,985.1,10,1,0.05
10608,983.3,8,1,0.05
10609,1023.3,8,1,0.05
10610,1023.3,8,1,0.05
10611,985.1,10,1,0.05
10612,983.3,8,1,0.05
10613,1023.3,8,1,0.05
10614,1023.3,8,1,0.05
10615,1023.3,8,1,0.05
10616,1023.3,8,1,0.05
10617,1023.3,8,1,0.05
10618,1023.3,8,1,0.05
10619,985.1,10,1,0.05
10620,983.3,8,1,0.05
10621,1023.3,8,1,0.05
10622,973.3,9,1,0.05
10623,1023.3,8,1,0.05
10624,1023.3,8,1,0.05
10625,1023.3,8,1,0.05
10626,1023.3,8,1,0.05
10627,1023.3,8,1,0.05
10628,973.3,9,1,0.05
10629,1023.3,8,1,0.05
10630,1023.3,8,1,0.05
10631,985.1,10,1,0.05
10632,1005.1,10,1,0.05
10633,1023.3,8,1,0.05
10634,1005.1,10,1,0.05
10635,1003.3,8,1,0.05
10636,1023.3,8,1,0.05
10637,1023.3,8,1,0.05
10638,973.3,9,1,0.05
10639,1023.3,8,1,0.05
10640,1023.3,8,1,0.05
10641,1023.3,8,1,0.05
10642,1023.3,8,1,0.05
10643,1005.1,10,1,0.05
10644,1003.3,8,1,0.05
10645,985.1,10,1,0.05
10646,983.3,8,1,0.05
10647,1023.3,8,1,0.05
10648,1023.3,8,1,0.05
10649,1023.3,8,1,0.05
10650,973.3,9,1,0.05
10651,973.3,9,1,0.05
10652,985.1,10,1,0.05
10653,983.3,8,1,0.05
10654,1023.3,8,1,0.05
10655,1023.3,8,1,0.05
10656,923.3,10,1,0.05
10657,1023.3,8,1,0.05
10658,1023.3,8,1,0.05
10659,1023.3,8,1,0.05
10660,985.1,10,1,0.05
10661,983.3,8,1,0.05
10662,1023.3,8,1,0.05
10663,1023.3,8,1,0.05
10664,973.3,9,1,0.05
10665,1005.1,10,1,0.05
10666,1003.3,8,1,0.05
10667,1023.3,8,1,0.05
10668,1023.3,8,1,0.05
10669,1023.3,8,1,0.05
10670,935.1,11,1,0.05
10671,945.1,10,1,0.05
10672,1025.1,10,1,0.05
10673,1025.1,10,1,0.05
10674,1008.7,14,1,0.05
10675,1025.1,10,1,0.05
10676,1025.1,10,1,0.05
10677,975.1,11,1,0.05
10678,1028.7,14,1,0.05
10679,975.1,11,1,0.05
10680,1025.1,10,1,0.05
10681,1025.1,10,1,0.05
10682,1025.1,10,1,0.05
10683,1026.9,12,1,0.05
10684,1025.1,10,1,0.05
10685,1025.1,10,1,0.05
10686,1026.9,12,1,0.05
10687,1023.3,8,1,0.05
10688,1025.1,10,1,0.05
10689,1026.9,12,1,0.05
10690,1026.9,12,1,0.05
10691,975.1,11,1,0.05
10692,1025.1,10,1,0.05
10693,1023.3,8,1,0.05
10694,1025.1,10,1,0.05
10695,978.7,15,1,0.05
10696,1025.1,10,1,0.05
10697,1025.1,10,1,0.05
10698,1025.1,10,1,0.05
10699,1025.1,10,1,0.05
10700,1025.1,10,1,0.05
10701,1025.1,10,1,0.05
10702,1025.1,10,1,0.05
10703,1025.1,10,1,0.05
10704,975.1,11,1,0.05
10705,1025.1,10,1,0.05
10706,1025.1,10,1,0.05
10707,1025.1,10,1,0.05
10708,1025.1,10,1,0.05
10709,1025.1,10,1,0.05
10710,1026.9,12,1,0.05
10711,1025.1,10,1,0.05
10712,1023.3,8,1,0.05
10713,975.1,11,1,0.05
10714,1025.1,10,1,0.05
10715,924.1,20,1,0.05
10716,975.1,11,1,0.05
10717,975.1,11,1,0.05
10718,975.1,11,1,0.05
10719,1025.1,10,1,0.05
10720,1025.1,10,1,0.05
10721,1025.1,10,1,0.05
10722,975.1,11,1,0.05
10723,1025.1,10,1,0.05
10724,1025.1,10,1,0.05
10725,1025.1,10,1,0.05
10726,1026.9,12,1,0.05
10727,976.9,13,1,0.05
10728,1025.1,10,1,0.05
10729,1025.1,10,1,0.05
10730,1025.1,10,1,0.05
10731,1025.1,10,1,0.05
10732,1005.1,10,1,0.05
10733,1025.1,10,1,0.05
10734,1025.1,10,1,0.05
10735,1025.1,10,1,0.05
10736,1025.1,10,1,0.05
10737,1028.7,14,1,0.05
10738,1025.1,10,1,0.05
10739,1025.1,10,1,0.05
10740,1023.3,8,1,0.05
10741,1025.1,10,1,0.05
10742,975.1,11,1,0.05
10743,1026.9,12,1,0.05
10744,1025.1,10,1,0.05
10745,1025.1,10,1,0.05
10746,1025.1,10,1,0.05
10747,1025.1,10,1,0.05
10748,1025.1,10,1,0.05
10749,1026.9,12,1,0.05
10750,1025.1,10,1,0.05
10751,1025.1,10,1,0.05
10752,925.1,12,1,0.05
10753,1026.9,12,1,0.05
10754,1026.9,12,1,0.05
10755,1025.1,10,1,0.05
10756,1025.1,10,1,0.05
10757,1025.1,10,1,0.05
10758,1025.1,10,1,0.05
10759,1026.9,12,1,0.05
10760,976.9,13,1,0.05
10761,1025.1,10,1,0.05
10762,1025.1,10,1,0.05
10763,1025.1,10,1,0.05
10764,1025.1,10,1,0.05
10765,975.1,11,1,0.05
10766,1025.1,10,1,0.05
10767,1025.1,10,1,0.05
10768,1026.9,12,1,0.05
10769,1025.1,10,1,0.05
10770,1025.1,10,1,0.05
10771,1025.1,10,1,0.05
10772,1025.1,10,1,0.05
10773,1023.3,8,1,0.05
10774,1025.1,10,1,0.05
10775,1026.9,12,1,0.05
10776,1025.1,10,1,0.05
10777,975.1,11,1,0.05
10778,1025.1,10,1,0.05
10779,1023.3,8,1,0.05
10780,1025.1,10,1,0.05
10781,1025.1,10,1,0.05
10782,1025.1,10,1,0.05
10783,1010.5,16,1,0.05
10784,1025.1,10,1,0.05
10785,1025.1,10,1,0.05
10786,1025.1,10,1,0.05
10787,1025.1,10,1,0.05
10788,1025.1,10,1,0.05
10789,1025.1,10,1,0.05
10790,1025.1,10,1,0.05
10791,978.7,15,1,0.05
10792,1025.1,10,1,0.05
10793,1023.3,8,1,0.05
10794,1025.1,10,1,0.05
10795,1025.1,10,1,0.05
10796,1025.1,10,1,0.05
10797,1025.1,10,1,0.05
10798,976.9,13,1,0.05
10799,1028.7,14,1,0.05
10800,1025.1,10,1,0.05
10801,1025.1,10,1,0.05
10802,1028.7,14,1,0.05
10803,1023.3,8,1,0.05
10804,1025.1,10,1,0.05
10805,1025.1,10,1,0.05
10806,1025.1,10,1,0.05
10807,975.1,11,1,0.05
10808,1023.3,8,1,0.05
10809,1025.1,10,1,0.05
10810,1025.1,10,1,0.05
10811,1025.1,10,1,0.05
10812,1025.1,10,1,0.05
10813,1025.1,10,1,0.05
10814,1025.1,10,1,0.05
10815,1025.1,10,1,0.05
10816,1025.1,10,1,0.05
10817,975.1,11,1,0.05
10818,975.1,11,1,0.05
10819,1025.1,10,1,0.05
10820,1025.1,10,1,0.05
10821,1025.1,10,1,0.05
10822,1025.1,10,1,0.05
10823,1025.1,10,1,0.05
10824,1026.9,12,1,0.05
10825,1025.1,10,1,0.05
10826,1025.1,10,1,0.05
10827,1026.9,12,1,0.05
10828,1025.1,10,1,0.05
10829,1025.1,10,1,0.05
10830,1028.7,14,1,0.05
10831,1025.1,10,1,0.05
10832,1025.1,10,1,0.05
10833,1025.1,10,1,0.05
10834,1025.1,10,1,0.05
10835,1025.1,10,1,0.05
10836,1025.1,10,1,0.05
10837,1025.1,10,1,0.05
10838,1025.1,10,1,0.05
10839,975.1,11,1,0.05
10840,1025.1,10,1,0.05
10841,1025.1,10,1,0.05
10842,1023.3,8,1,0.05
10843,1025.1,10,1,0.05
10844,1025.1,10,1,0.05
10845,1026.9,12,1,0.05
10846,1025.1,10,1,0.05
10847,975.1,11,1,0.05
10848,975.1,11,1,0.05
10849,1025.1,10,1,0.05
10850,1025.1,10,1,0.05
10851,1023.3,8,1,0.05
10852,1025.1,10,1,0.05
10853,1025.1,10,1,0.05
10854,1026.9,12,1,0.05
10855,975.1,11,1,0.05
10856,1025.1,10,1,0.05
10857,1023.3,8,1,0.05
10858,975.1,11,1,0.05
10859,1025.1,10,1,0.05
10860,1025.1,10,1,0.05
10861,1025.1,10,1,0.05
10862,1025.1,10,1,0.05
10863,1026.9,12,1,0.05
10864,1025.1,10,1,0.05
10865,1025.1,10,1,0.05
10866,1025.1,10,1,0.05
10867,1025.1,10,1,0.05
10868,1030.5,16,1,0.05
10869,938.7,15,1,0.05
10870,1025.1,10,1,0.05
10871,1026.9,12,1,0.05
10872,1025.1,10,1,0.05
10873,1025.1,10,1,0.05
10874,1028.7,14,1,0.05
10875,1025.1,10,1,0.05
10876,975.1,11,1,0.05
10877,1025.1,10,1,0.05
10878,935.1,11,1,0.05
10879,1025.1,10,1,0.05
10880,1025.1,10,1,0.05
10881,1023.3,8,1,0.05
10882,975.1,11,1,0.05
10883,1025.1,10,1,0.05
10884,1025.1,10,1,0.05
10885,1025.1,10,1,0.05
10886,1025.1,10,1,0.05
10887,1025.1,10,1,0.05
10888,1025.1,10,1,0.05
10889,1025.1,10,1,0.05
10890,1025.1,10,1,0.05
10891,1026.9,12,1,0.05
10892,1025.1,10,1,0.05
10893,1025.1,10,1,0.05
10894,1025.1,10,1,0.05
10895,1025.1,10,1,0.05
10896,1026.9,12,1,0.05
10897,975.1,11,1,0.05
10898,1025.1,10,1,0.05
10899,1023.3,8,1,0.05
10900,1025.1,10,1,0.05
10901,975.1,11,1,0.05
10902,1025.1,10,1,0.05
10903,1025.1,10,1,0.05
10904,1025.1,10,1,0.05
10905,1025.1,10,1,0.05
10906,1025.1,10,1,0.05
10907,980.5,17,1,0.05
10908,1025.1,10,1,0.05
10909,1025.1,10,1,0.05
10910,1025.1,10,1,0.05
10911,1026.9,12,1,0.05
10912,1025.1,10,1,0.05
10913,1025.1,10,1,0.05
10914,1026.9,12,1,0.05
10915,1025.1,10,1,0.05
10916,1025.1,10,1,0.05
10917,1025.1,10,1,0.05
10918,973.3,9,1,0.05
10919,1025.1,10,1,0.05
10920,1026.9,12,1,0.05
10921,975.1,11,1,0.05
10922,976.9,13,1,0.05
10923,1025.1,10,1,0.05
10924,1025.1,10,1,0.05
10925,1025.1,10,1,0.05
10926,1025.1,10,1,0.05
10927,1025.1,10,1,0.05
10928,1025.1,10,1,0.05
10929,1025.1,10,1,0.05
10930,1025.1,10,1,0.05
10931,1028.7,14,1,0.05
10932,1025.1,10,1,0.05
10933,1025.1,10,1,0.05
10934,1025.1,10,1,0.05
10935,1025.1,10,1,0.05
10936,1025.1,10,1,0.05
10937,1023.3,8,1,0.05
10938,1025.1,10,1,0.05
10939,1028.7,14,1,0.05
10940,1025.1,10,1,0.05
10941,1025.1,10,1,0.05
10942,975.1,11,1,0.05
10943,1025.1,10,1,0.05
10944,1025.1,10,1,0.05
10945,1025.1,10,1,0.05
10946,1025.1,10,1,0.05
10947,1025.1,10,1,0.05
10948,1025.1,10,1,0.05
10949,975.1,11,1,0.05
10950,975.1,11,1,0.05
10951,1025.1,10,1,0.05
10952,1010.5,16,1,0.05
10953,1023.3,8,1,0.05
10954,1023.3,8,1,0.05
10955,1023.3,8,1,0.05
10956,1023.3,8,1,0.05
10957,1005.1,10,1,0.05
10958,1026.9,12,1,0.05
10959,1003.3,8,1,0.05
10960,1026.9,12,1,0.05
10961,1025.1,10,1,0.05
10962,1025.1,10,1,0.05
10963,1026.9,12,1,0.05
10964,1026.9,12,1,0.05
10965,1025.1,10,1,0.05
10966,1023.3,8,1,0.05
10967,1025.1,10,1,0.05
10968,1025.1,10,1,0.05
10969,1025.1,10,1,0.05
10970,925.1,12,1,0.05
10971,1023.3,8,1,0.05
10972,1025.1,10,1,0.05
10973,925.1,12,1,0.05
10974,1025.1,10,1,0.05
10975,1023.3,8,1,0.05
10976,1025.1,10,1,0.05
10977,1025.1,10,1,0.05
10978,1025.1,10,1,0.05
10979,1025.1,10,1,0.05
10980,975.1,11,1,0.05
10981,1025.1,10,1,0.05
10982,1026.9,12,1,0.05
10983,925.1,12,1,0.05
10984,1025.1,10,1,0.05
10985,1025.1,10,1,0.05
10986,1025.1,10,1,0.05
10987,1025.1,10,1,0.05
10988,1025.1,10,1,0.05
10989,1025.1,10,1,0.05
10990,1025.1,10,1,0.05
10991,1025.1,10,1,0.05
10992,1025.1,10,1,0.05
10993,1025.1,10,1,0.05
10994,1026.9,12,1,0.05
10995,975.1,11,1,0.05
10996,1025.1,10,1,0.05
10997,1028.7,14,1,0.05
10998,1026.9,12,1,0.05
10999,1026.9,12,1,0.05
11000,1025.1,10,1,0.05
11001,1025.1,10,1,0.05
11002,1025.1,10,1,0.05
11003,1026.9,12,1,0.05
11004,1025.1,10,1,0.05
11005,1025.1,10,1,0.05
11006,1025.1,10,1,0.05
11007,1025.1,10,1,0.05
11008,1025.1,10,1,0.05
11009,1025.1,10,1,0.05
11010,1025.1,10,1,0.05
11011,976.9,13,1,0.05
11012,1025.1,10,1,0.05
11013,975.1,11,1,0.05
11014,1025.1,10,1,0.05
11015,1023.3,8,1,0.05
11016,1025.1,10,1,0.05
11017,1025.1,10,1,0.05
11018,1025.1,10,1,0.05
11019,1025.1,10,1,0.05
11020,1025.1,10,1,0.05
11021,1025.1,10,1,0.05
11022,1026.9,12,1,0.05
11023,1025.1,10,1,0.05
11024,1025.1,10,1,0.05
11025,1025.1,10,1,0.05
11026,1025.1,10,1,0.05
11027,1025.1,10,1,0.05
11028,1025.1,10,1,0.05
11029,1025.1,10,1,0.05
11030,1025.1,10,1,0.05
11031,1025.1,10,1,0.05
11032,975.1,11,1,0.05
11033,1026.9,12,1,0.05
11034,1025.1,10,1,0.05
11035,1025.1,10,1,0.05
11036,1008.7,14,1,0.05
11037,1026.9,12,1,0.05
11038,978.7,15,1,0.05
11039,1025.1,10,1,0.05
11040,1025.1,10,1,0.05
11041,1025.1,10,1,0.05
11042,1025.1,10,1,0.05
11043,1026.9,12,1,0.05
11044,1026.9,12,1,0.05
11045,1025.1,10,1,0.05
11046,1025.1,10,1,0.05
11047,1026.9,12,1,0.05
11048,1025.1,10,1,0.05
11049,1025.1,10,1,0.05
11050,973.3,9,1,0.05
11051,1025.1,10,1,0.05
11052,1025.1,10,1,0.05
11053,1025.1,10,1,0.05
11054,1025.1,10,1,0.05
11055,1025.1,10,1,0.05
11056,1025.1,10,1,0.05
11057,1026.9,12,1,0.05
11058,1025.1,10,1,0.05
11059,975.1,11,1,0.05
11060,1025.1,10,1,0.05
11061,1025.1,10,1,0.05
11062,1025.1,10,1,0.05
11063,1026.9,12,1,0.05
11064,1025.1,10,1,0.05
11065,1028.7,14,1,0.05
11066,1025.1,10,1,0.05
11067,1023.3,8,1,0.05
11068,1025.1,10,1,0.05
11069,975.1,11,1,0.05
11070,1010.5,16,1,0.05
11071,1025.1,10,1,0.05
11072,1025.1,10,1,0.05
11073,1025.1,10,1,0.05
11074,975.1,11,1,0.05
11075,1026.9,12,1,0.05
11076,975.1,11,1,0.05
11077,1025.1,10,1,0.05
11078,1025.1,10,1,0.05
11079,1025.1,10,1,0.05
11080,1025.1,10,1,0.05
11081,1025.1,10,1,0.05
11082,1026.9,12,1,0.05
11083,1025.1,10,1,0.05
11084,1023.3,8,1,0.05
11085,975.1,11,1,0.05
11086,1025.1,10,1,0.05
11087,1025.1,10,1,0.05
11088,975.1,11,1,0.05
11089,1026.9,12,1,0.05
11090,1025.1,10,1,0.05
11091,1025.1,10,1,0.05
11092,975.1,11,1,0.05
11093,1025.1,10,1,0.05
11094,1025.1,10,1,0.05
11095,1025.1,10,1,0.05
11096,975.1,11,1,0.05
11097,1025.1,10,1,0.05
11098,1025.1,10,1,0.05
11099,1025.1,10,1,0.05
11100,1026.9,12,1,0.05
11101,1025.1,10,1,0.05
11102,976.9,13,1,0.05
11103,1025.1,10,1,0.05
11104,1025.1,10,1,0.05
11105,1025.1,10,1,0.05
11106,1025.1,10,1,0.05
11107,1025.1,10,1,0.05
11108,975.1,11,1,0.05
11109,975.1,11,1,0.05
11110,1025.1,10,1,0.05
11111,1025.1,10,1,0.05
11112,1025.1,10,1,0.05
11113,1025.1,10,1,0.05
11114,1025.1,10,1,0.05
11115,978.7,15,1,0.05
11116,1025.1,10,1,0.05
11117,1025.1,10,1,0.05
11118,975.1,11,1,0.05
11119,1028.7,14,1,0.05
11120,1025.1,10,1,0.05
11121,975.1,11,1,0.05
11122,1025.1,10,1,0.05
11123,975.1,11,1,0.05
11124,1025.1,10,1,0.05
11125,1025.1,10,1,0.05
11126,1025.1,10,1,0.05
11127,1025.1,10,1,0.05
11128,1026.9,12,1,0.05
11129,1025.1,10,1,0.05
11130,1026.9,12,1,0.05
11131,1025.1,10,1,0.05
11132,1026.9,12,1,0.05
11133,1025.1,10,1,0.05
11134,1025.1,10,1,0.05
11135,1025.1,10,1,0.05
11136,1025.1,10,1,0.05
11137,1026.9,12,1,0.05
11138,1025.1,10,1,0.05
11139,1025.1,10,1,0.05
11140,1028.7,14,1,0.05
11141,1025.1,10,1,0.05
11142,1025.1,10,1,0.05
11143,1025.1,10,1,0.05
11144,1025.1,10,1,0.05
11145,1025.1,10,1,0.05
11146,1023.3,8,1,0.05
11147,1025.1,10,1,0.05
11148,1010.5,16,1,0.05
11149,1025.1,10,1,0.05
11150,1025.1,10,1,0.05
11151,975.1,11,1,0.05
11152,1025.1,10,1,0.05
11153,1025.1,10,1,0.05
11154,1025.1,10,1,0.05
11155,1025.1,10,1,0.05
11156,1025.1,10,1,0.05
11157,1025.1,10,1,0.05
11158,1025.1,10,1,0.05
11159,1026.9,12,1,0.05
11160,1025.1,10,1,0.05
11161,1025.1,10,1,0.05
11162,1025.1,10,1,0.05
11163,1025.1,10,1,0.05
11164,1025.1,10,1,0.05
11165,1025.1,10,1,0.05
11166,1025.1,10,1,0.05
11167,1025.1,10,1,0.05
11168,975.1,11,1,0.05
11169,1026.9,12,1,0.05
11170,975.1,11,1,0.05
11171,1025.1,10,1,0.05
11172,1025.1,10,1,0.05
11173,1025.1,10,1,0.05
11174,1025.1,10,1,0.05
11175,1025.1,10,1,0.05
11176,1025.1,10,1,0.05
11177,1026.9,12,1,0.05
11178,1025.1,10,1,0.05
11179,975.1,11,1,0.05
11180,975.1,11,1,0.05
11181,1025.1,10,1,0.05
11182,978.6999999999999,15,1,0.05
11183,1025.1,10,1,0.05
11184,1025.1,10,1,0.05
11185,1025.1,10,1,0.05
11186,1026.9,12,1,0.05
11187,1025.1,10,1,0.05
11188,1026.9,12,1,0.05
11189,975.1,11,1,0.05
11190,1025.1,10,1,0.05
11191,1025.1,10,1,0.05
11192,1025.1,10,1,0.05
11193,975.1,11,1,0.05
11194,1025.1,10,1,0.05
11195,1025.1,10,1,0.05
11196,975.1,11,1,0.05
11197,975.1,11,1,0.05
11198,1025.1,10,1,0.05
11199,1026.9,12,1,0.05
11200,1025.1,10,1,0.05
11201,1025.1,10,1,0.05
11202,975.1,11,1,0.05
11203,1026.9,12,1,0.05
11204,975.1,11,1,0.05
11205,1026.9,12,1,0.05
11206,1025.1,10,1,0.05
11207,1025.1,10,1,0.05
11208,1025.1,10,1,0.05
11209,975.1,11,1,0.05
11210,975.1,11,1,0.05
11211,1025.1,10,1,0.05
11212,1025.1,10,1,0.05
11213,1025.1,10,1,0.05
11214,1025.1,10,1,0.05
11215,1025.1,10,1,0.05
11216,1025.1,10,1,0.05
11217,1025.1,10,1,0.05
11218,1026.9,12,1,0.05
11219,975.1,11,1,0.05
11220,975.1,11,1,0.05
11221,1025.1,10,1,0.05
11222,1025.1,10,1,0.05
11223,1023.3,8,1,0.05
11224,975.1,11,1,0.05
11225,1025.1,10,1,0.05
11226,1025.1,10,1,0.05
11227,1023.3,8,1,0.05
11228,1025.1,10,1,0.05
11229,1025.1,10,1,0.05
11230,976.9,13,1,0.05
11231,1025.1,10,1,0.05
11232,1026.9,12,1,0.05
11233,1026.9,12,1,0.05
11234,1025.1,10,1,0.05
11235,1025.1,10,1,0.05
11236,1023.3,8,1,0.05
11237,975.1,11,1,0.05
11238,1025.1,10,1,0.05
11239,1025.1,10,1,0.05
11240,1026.9,12,1,0.05
11241,1026.9,12,1,0.05
11242,1025.1,10,1,0.05
11243,1025.1,10,1,0.05
11244,1025.1,10,1,0.05
11245,1026.9,12,1,0.05
11246,1025.1,10,1,0.05
11247,1025.1,10,1,0.05
11248,1025.1,10,1,0.05
11249,1025.1,10,1,0.05
11250,1025.1,10,1,0.05
11251,1025.1,10,1,0.05
11252,1025.1,10,1,0.05
11253,1025.1,10,1,0.05
11254,1025.1,10,1,0.05
11255,1025.1,10,1,0.05
11256,1025.1,10,1,0.05
11257,1025.1,10,1,0.05
11258,1025.1,10,1,0.05
11259,1025.1,10,1,0.05
11260,1025.1,10,1,0.05
11261,1025.1,10,1,0.05
11262,1025.1,10,1,0.05
11263,1025.1,10,1,0.05
11264,1026.9,12,1,0.05
11265,1025.1,10,1,0.05
11266,1025.1,10,1,0.05
11267,1025.1,10,1,0.05
11268,975.1,11,1,0.05
11269,1026.9,12,1,0.05
11270,1025.1,10,1,0.05
11271,1025.1,10,1,0.05
11272,1025.1,10,1,0.05
11273,1028.7,14,1,0.05
11274,1026.9,12,1,0.05
11275,1026.9,12,1,0.05
11276,1025.1,10,1,0.05
11277,1025.1,10,1,0.05
11278,1025.1,10,1,0.05
11279,1025.1,10,1,0.05
11280,1025.1,10,1,0.05
11281,1025.1,10,1,0.05
11282,1025.1,10,1,0.05
11283,1025.1,10,1,0.05
11284,1025.1,10,1,0.05
11285,1025.1,10,1,0.05
11286,1025.1,10,1,0.05
11287,1023.3,8,1,0.05
11288,925.1,12,1,0.05
11289,1025.1,10,1,0.05
11290,1025.1,10,1,0.05
11291,1025.1,10,1,0.05
11292,1025.1,10,1,0.05
11293,1025.1,10,1,0.05
11294,1025.1,10,1,0.05
11295,975.1,11,1,0.05
11296,1025.1,10,1,0.05
11297,1025.1,10,1,0.05
11298,1025.1,10,1,0.05
11299,1025.1,10,1,0.05
11300,1025.1,10,1,0.05
11301,1023.3,8,1,0.05
11302,975.1,11,1,0.05
11303,1025.1,10,1,0.05
11304,1025.1,10,1,0.05
11305,1025.1,10,1,0.05
11306,1025.1,10,1,0.05
11307,1025.1,10,1,0.05
11308,1026.9,12,1,0.05
11309,1025.1,10,1,0.05
11310,1026.9,12,1,0.05
11311,1025.1,10,1,0.05
11312,1025.1,10,1,0.05
11313,1025.1,10,1,0.05
11314,1025.1,10,1,0.05
11315,1025.1,10,1,0.05
11316,1025.1,10,1,0.05
11317,1025.1,10,1,0.05
11318,1025.1,10,1,0.05
11319,1026.9,12,1,0.05
11320,1025.1,10,1,0.05
11321,1025.1,10,1,0.05
11322,1025.1,10,1,0.05
11323,1026.9,12,1,0.05
11324,1025.1,10,1,0.05
11325,1026.9,12,1,0.05
11326,925.1,12,1,0.05
11327,1025.1,10,1,0.05
11328,1028.7,14,1,0.05
11329,1025.1,10,1,0.05
11330,1025.1,10,1,0.05
11331,1025.1,10,1,0.05
11332,926.9000000000001,14,1,0.05
11333,975.1,11,1,0.05
11334,1025.1,10,1,0.05
11335,976.9,13,1,0.05
11336,1026.9,12,1,0.05
11337,1025.1,10,1,0.05
11338,1025.1,10,1,0.05
11339,975.1,11,1,0.05
11340,975.1,11,1,0.05
11341,978.7,15,1,0.05
11342,1025.1,10,1,0.05
11343,975.1,11,1,0.05
11344,1025.1,10,1,0.05
11345,1026.9,12,1,0.05
11346,1025.1,10,1,0.05
11347,975.1,11,1,0.05
11348,1026.9,12,1,0.05
11349,1025.1,10,1,0.05
11350,1025.1,10,1,0.05
11351,1025.1,10,1,0.05
11352,1026.9,12,1,0.05
11353,983.3,8,1,0.05
11354,975.1,11,1,0.05
11355,1026.9,12,1,0.05
11356,1025.1,10,1,0.05
11357,1028.7,14,1,0.05
11358,975.1,11,1,0.05
11359,1025.1,10,1,0.05
11360,1025.1,10,1,0.05
11361,1025.1,10,1,0.05
11362,1025.1,10,1,0.05
11363,1025.1,10,1,0.05
11364,1025.1,10,1,0.05
11365,1025.1,10,1,0.05
11366,1025.1,10,1,0.05
11367,1025.1,10,1,0.05
11368,1025.1,10,1,0.05
11369,1025.1,10,1,0.05
11370,1025.1,10,1,0.05
11371,1026.9,12,1,0.05
11372,975.1,11,1,0.05
11373,1025.1,10,1,0.05
11374,1025.1,10,1,0.05
11375,1025.1,10,1,0.05
11376,975.1,11,1,0.05
11377,1025.1,10,1,0.05
11378,1025.1,10,1,0.05
11379,1025.1,10,1,0.05
11380,1025.1,10,1,0.05
11381,1026.9,12,1,0.05
11382,1025.1,10,1,0.05
11383,1025.1,10,1,0.05
11384,1025.1,10,1,0.05
11385,1025.1,10,1,0.05
11386,1025.1,10,1,0.05
11387,1025.1,10,1,0.05
11388,1025.1,10,1,0.05
11389,1026.9,12,1,0.05
11390,1025.1,10,1,0.05
11391,1025.1,10,1,0.05
11392,1025.1,10,1,0.05
11393,1025.1,10,1,0.05
11394,978.7,15,1,0.05
11395,1025.1,10,1,0.05
11396,1025.1,10,1,0.05
11397,1023.3,8,1,0.05
11398,1025.1,10,1,0.05
11399,1023.3,8,1,0.05
11400,1025.1,10,1,0.05
11401,1025.1,10,1,0.05
11402,1026.9,12,1,0.05
11403,1025.1,10,1,0.05
11404,976.9,13,1,0.05
11405,1025.1,10,1,0.05
11406,1025.1,10,1,0.05
11407,1025.1,10,1,0.05
11408,1025.1,10,1,0.05
11409,1025.1,10,1,0.05
11410,1025.1,10,1,0.05
11411,1025.1,10,1,0.05
11412,1025.1,10,1,0.05
11413,1025.1,10,1,0.05
11414,988.7,14,1,0.05
11415,1025.1,10,1,0.05
11416,1025.1,10,1,0.05
11417,1025.1,10,1,0.05
11418,1025.1,10,1,0.05
11419,1026.9,12,1,0.05
11420,1025.1,10,1,0.05
11421,1026.9,12,1,0.05
11422,1026.9,12,1,0.05
11423,1025.1,10,1,0.05
11424,1028.7,14,1,0.05
11425,1025.1,10,1,0.05
11426,1025.1,10,1,0.05
11427,1026.9,12,1,0.05
11428,1025.1,10,1,0.05
11429,1025.1,10,1,0.05
11430,1025.1,10,1,0.05
11431,1025.1,10,1,0.05
11432,1025.1,10,1,0.05
11433,1025.1,10,1,0.05
11434,1025.1,10,1,0.05
11435,1025.1,10,1,0.05
11436,1025.1,10,1,0.05
11437,1026.9,12,1,0.05
11438,1023.3,8,1,0.05
11439,1026.9,12,1,0.05
11440,1025.1,10,1,0.05
11441,1026.9,12,1,0.05
11442,973.3,9,1,0.05
11443,1025.1,10,1,0.05
11444,1025.1,10,1,0.05
11445,1025.1,10,1,0.05
11446,1025.1,10,1,0.05
11447,1026.9,12,1,0.05
11448,1025.1,10,1,0.05
11449,1025.1,10,1,0.05
11450,1025.1,10,1,0.05
11451,1025.1,10,1,0.05
11452,1025.1,10,1,0.05
11453,1026.9,12,1,0.05
11454,1025.1,10,1,0.05
11455,1025.1,10,1,0.05
11456,1025.1,10,1,0.05
11457,1025.1,10,1,0.05
11458,1026.9,12,1,0.05
11459,1025.1,10,1,0.05
11460,1025.1,10,1,0.05
11461,1023.3,8,1,0.05
11462,1025.1,10,1,0.05
11463,1025.1,10,1,0.05
11464,1025.1,10,1,0.05
11465,1025.1,10,1,0.05
11466,976.9,13,1,0.05
11467,975.1,11,1,0.05
11468,1025.1,10,1,0.05
11469,1025.1,10,1,0.05
11470,1025.1,10,1,0.05
11471,1025.1,10,1,0.05
11472,1025.1,10,1,0.05
11473,1025.1,10,1,0.05
11474,1025.1,10,1,0.05
11475,976.9,13,1,0.05
11476,1025.1,10,1,0.05
11477,1026.9,12,1,0.05
11478,975.1,11,1,0.05
11479,1025.1,10,1,0.05
11480,975.1,11,1,0.05
11481,1026.9,12,1,0.05
11482,1025.1,10,1,0.05
11483,1025.1,10,1,0.05
11484,1026.9,12,1,0.05
11485,1025.1,10,1,0.05
11486,975.1,11,1,0.05
11487,1025.1,10,1,0.05
11488,924.1,20,1,0.05
11489,1025.1,10,1,0.05
11490,1025.1,10,1,0.05
11491,1025.1,10,1,0.05
11492,982.3,18,1,0.05
11493,1025.1,10,1,0.05
11494,975.1,11,1,0.05
11495,1025.1,10,1,0.05
11496,1025.1,10,1,0.05
11497,975.1,11,1,0.05
11498,1026.9,12,1,0.05
11499,1025.1,10,1,0.05
11500,1025.1,10,1,0.05
11501,1025.1,10,1,0.05
11502,1023.3,8,1,0.05
11503,1025.1,10,1,0.05
11504,1025.1,10,1,0.05
11505,975.1,11,1,0.05
11506,975.1,11,1,0.05
11507,976.9,13,1,0.05
11508,1025.1,10,1,0.05
11509,1025.1,10,1,0.05
11510,1025.1,10,1,0.05
11511,1025.1,10,1,0.05
11512,1025.1,10,1,0.05
11513,975.1,11,1,0.05
11514,1023.3,8,1,0.05
11515,1025.1,10,1,0.05
11516,1026.9,12,1,0.05
11517,1025.1,10,1,0.05
11518,1025.1,10,1,0.05
11519,1025.1,10,1,0.05
11520,1025.1,10,1,0.05
11521,1025.1,10,1,0.05
11522,1026.9,12,1,0.05
11523,1023.3,8,1,0.05
11524,1025.1,10,1,0.05
11525,1025.1,10,1,0.05
11526,1028.7,14,1,0.05
11527,1026.9,12,1,0.05
11528,1025.1,10,1,0.05
11529,1025.1,10,1,0.05
11530,1023.3,8,1,0.05
11531,1025.1,10,1,0.05
11532,1025.1,10,1,0.05
11533,1026.9,12,1,0.05
11534,1025.1,10,1,0.05
11535,1026.9,12,1,0.05
11536,1023.3,8,1,0.05
11537,1025.1,10,1,0.05
11538,1025.1,10,1,0.05
11539,1025.1,10,1,0.05
11540,1025.1,10,1,0.05
11541,1025.1,10,1,0.05
11542,1025.1,10,1,0.05
11543,1025.1,10,1,0.05
11544,1026.9,12,1,0.05
11545,975.1,11,1,0.05
11546,1025.1,10,1,0.05
11547,1025.1,10,1,0.05
11548,1023.3,8,1,0.05
11549,1028.7,14,1,0.05
11550,1025.1,10,1,0.05
11551,1025.1,10,1,0.05
11552,1025.1,10,1,0.05
11553,1025.1,10,1,0.05
11554,1025.1,10,1,0.05
11555,1023.3,8,1,0.05
11556,1025.1,10,1,0.05
11557,1025.1,10,1,0.05
11558,975.1,11,1,0.05
11559,1025.1,10,1,0.05
11560,1025.1,10,1,0.05
11561,1025.1,10,1,0.05
11562,1026.9,12,1,0.05
11563,1025.1,10,1,0.05
11564,975.1,11,1,0.05
11565,1025.1,10,1,0.05
11566,1026.9,12,1,0.05
11567,975.1,11,1,0.05
11568,1025.1,10,1,0.05
11569,976.9,13,1,0.05
11570,1025.1,10,1,0.05
11571,1025.1,10,1,0.05
11572,1025.1,10,1,0.05
11573,1025.1,10,1,0.05
11574,975.1,11,1,0.05
11575,1025.1,10,1,0.05
11576,1025.1,10,1,0.05
11577,1026.9,12,1,0.05
11578,1025.1,10,1,0.05
11579,1025.1,10,1,0.05
11580,1025.1,10,1,0.05
11581,1025.1,10,1,0.05
11582,1025.1,10,1,0.05
11583,1025.1,10,1,0.05
11584,1025.1,10,1,0.05
11585,975.1,11,1,0.05
11586,975.1,11,1,0.05
11587,923.3,10,1,0.05
11588,1025.1,10,1,0.05
11589,1025.1,10,1,0.05
11590,1025.1,10,1,0.05
11591,1025.1,10,1,0.05
11592,1026.9,12,1,0.05
11593,1025.1,10,1,0.05
11594,1025.1,10,1,0.05
11595,1025.1,10,1,0.05
11596,1025.1,10,1,0.05
11597,1025.1,10,1,0.05
11598,1026.9,12,1,0.05
11599,1023.3,8,1,0.05
11600,1025.1,10,1,0.05
11601,1025.1,10,1,0.05
11602,1008.7,14,1,0.05
11603,1025.1,10,1,0.05
11604,1023.3,8,1,0.05
11605,1025.1,10,1,0.05
11606,1025.1,10,1,0.05
11607,1025.1,10,1,0.05
11608,1025.1,10,1,0.05
11609,1025.1,10,1,0.05
11610,1025.1,10,1,0.05
11611,1025.1,10,1,0.05
11612,1026.9,12,1,0.05
11613,1025.1,10,1,0.05
11614,1025.1,10,1,0.05
11615,1028.7,14,1,0.05
11616,1028.7,14,1,0.05
11617,1026.9,12,1,0.05
11618,975.1,11,1,0.05
11619,976.9,13,1,0.05
11620,1025.1,10,1,0.05
11621,1026.9,12,1,0.05
11622,1025.1,10,1,0.05
11623,1025.1,10,1,0.05
11624,1023.3,8,1,0.05
11625,975.1,11,1,0.05
11626,1025.1,10,1,0.05
11627,1025.1,10,1,0.05
11628,1025.1,10,1,0.05
11629,1025.1,10,1,0.05
11630,973.3,9,1,0.05
11631,1025.1,10,1,0.05
11632,1025.1,10,1,0.05
11633,1025.1,10,1,0.05
11634,1025.1,10,1,0.05
11635,975.1,11,1,0.05
11636,1025.1,10,1,0.05
11637,1023.3,8,1,0.05
11638,976.9,13,1,0.05
11639,1025.1,10,1,0.05
11640,1025.1,10,1,0.05
11641,1026.9,12,1,0.05
11642,1025.1,10,1,0.05
11643,1032.3,18,1,0.05
11644,975.1,11,1,0.05
11645,1025.1,10,1,0.05
11646,975.1,11,1,0.05
11647,1025.1,10,1,0.05
11648,1025.1,10,1,0.05
11649,1025.1,10,1,0.05
11650,1025.1,10,1,0.05
11651,1026.9,12,1,0.05
11652,1025.1,10,1,0.05
11653,1025.1,10,1,0.05
11654,1025.1,10,1,0.05
11655,1025.1,10,1,0.05
11656,1025.1,10,1,0.05
11657,1025.1,10,1,0.05
11658,1025.1,10,1,0.05
11659,1025.1,10,1,0.05
11660,1025.1,10,1,0.05
11661,1025.1,10,1,0.05
11662,926.9,14,1,0.05
11663,1025.1,10,1,0.05
11664,1025.1,10,1,0.05
11665,1025.1,10,1,0.05
11666,1025.1,10,1,0.05
11667,1025.1,10,1,0.05
11668,1030.5,16,1,0.05
11669,1025.1,10,1,0.05
11670,1025.1,10,1,0.05
11671,975.1,11,1,0.05
11672,1025.1,10,1,0.05
11673,1025.1,10,1,0.05
11674,1025.1,10,1,0.05
11675,1025.1,10,1,0.05
11676,1025.1,10,1,0.05
11677,1025.1,10,1,0.05
11678,1025.1,10,1,0.05
11679,1025.1,10,1,0.05
11680,1025.1,10,1,0.05
11681,1025.1,10,1,0.05
11682,1023.3,8,1,0.05
11683,1026.9,12,1,0.05
11684,1025.1,10,1,0.05
11685,925.1,12,1,0.05
11686,1025.1,10,1,0.05
11687,1025.1,10,1,0.05
11688,1025.1,10,1,0.05
11689,1025.1,10,1,0.05
11690,975.1,11,1,0.05
11691,1030.5,16,1,0.05
11692,1025.1,10,1,0.05
11693,975.1,11,1,0.05
11694,1025.1,10,1,0.05
11695,1025.1,10,1,0.05
11696,1025.1,10,1,0.05
11697,1025.1,10,1,0.05
11698,1025.1,10,1,0.05
11699,1025.1,10,1,0.05
11700,1025.1,10,1,0.05
11701,1025.1,10,1,0.05
11702,1025.1,10,1,0.05
11703,1025.1,10,1,0.05
11704,1025.1,10,1,0.05
11705,1025.1,10,1,0.05
11706,1025.1,10,1,0.05
11707,1025.1,10,1,0.05
11708,1025.1,10,1,0.05
11709,1030.5,16,1,0.05
11710,1025.1,10,1,0.05
11711,1028.7,14,1,0.05
11712,1023.3,8,1,0.05
11713,1023.3,8,1,0.05
11714,1023.3,8,1,0.05
11715,1023.3,8,1,0.05
11716,1023.3,8,1,0.05
11717,1023.3,8,1,0.05
11718,1023.3,8,1,0.05
11719,1025.1,10,1,0.05
11720,1023.3,8,1,0.05
11721,1023.3,8,1,0.05
11722,985.1,10,1,0.05
11723,1003.3,8,1,0.05
11724,985.1,10,1,0.05
11725,983.3,8,1,0.05
11726,1023.3,8,1,0.05
11727,1023.3,8,1,0.05
11728,1025.1,10,1,0.05
11729,1023.3,8,1,0.05
11730,1023.3,8,1,0.05
11731,1023.3,8,1,0.05
11732,1005.1,10,1,0.05
11733,1003.3,8,1,0.05
11734,1023.3,8,1,0.05
11735,1023.3,8,1,0.05
11736,1023.3,8,1,0.05
11737,1023.3,8,1,0.05
11738,1023.3,8,1,0.05
11739,973.3,9,1,0.05
11740,1023.3,8,1,0.05
11741,1023.3,8,1,0.05
11742,985.1,10,1,0.05
11743,945.1,10,1,0.05
11744,1023.3,8,1,0.05
11745,1023.3,8,1,0.05
11746,1023.3,8,1,0.05
11747,1023.3,8,1,0.05
11748,1005.1,10,1,0.05
11749,1003.3,8,1,0.05
11750,1023.3,8,1,0.05
11751,1025.1,10,1,0.05
11752,1025.1,10,1,0.05
11753,983.3,8,1,0.05
11754,978.6999999999999,15,1,0.05
11755,1025.1,10,1,0.05
11756,1025.1,10,1,0.05
11757,1030.5,16,1,0.05
11758,1025.1,10,1,0.05
11759,975.1,11,1,0.05
11760,1025.1,10,1,0.05
11761,1025.1,10,1,0.05
11762,1025.1,10,1,0.05
11763,975.1,11,1,0.05
11764,1025.1,10,1,0.05
11765,1030.5,16,1,0.05
11766,1025.1,10,1,0.05
11767,1025.1,10,1,0.05
11768,1025.1,10,1,0.05
11769,1025.1,10,1,0.05
11770,1025.1,10,1,0.05
11771,1025.1,10,1,0.05
11772,1025.1,10,1,0.05
11773,1025.1,10,1,0.05
11774,1025.1,10,1,0.05
11775,1025.1,10,1,0.05
11776,1025.1,10,1,0.05
11777,1025.1,10,1,0.05
11778,1025.1,10,1,0.05
11779,1025.1,10,1,0.05
11780,1023.3,8,1,0.05
11781,1025.1,10,1,0.05
11782,1025.1,10,1,0.05
11783,1025.1,10,1,0.05
11784,975.1,11,1,0.05
11785,1026.9,12,1,0.05
11786,973.3,9,1,0.05
11787,1028.7,14,1,0.05
11788,1025.1,10,1,0.05
11789,1025.1,10,1,0.05
11790,1025.1,10,1,0.05
11791,1025.1,10,1,0.05
11792,1025.1,10,1,0.05
11793,975.1,11,1,0.05
11794,1025.1,10,1,0.05
11795,1026.9,12,1,0.05
11796,1025.1,10,1,0.05
11797,1025.1,10,1,0.05
11798,1025.1,10,1,0.05
11799,1026.9,12,1,0.05
11800,1025.1,10,1,0.05
11801,1025.1,10,1,0.05
11802,1025.1,10,1,0.05
11803,1025.1,10,1,0.05
11804,1025.1,10,1,0.05
11805,1025.1,10,1,0.05
11806,1025.1,10,1,0.05
11807,1025.1,10,1,0.05
11808,1025.1,10,1,0.05
11809,1025.1,10,1,0.05
11810,1025.1,10,1,0.05
11811,1025.1,10,1,0.05
11812,1025.1,10,1,0.05
11813,975.1,11,1,0.05
11814,1025.1,10,1,0.05
11815,1025.1,10,1,0.05
11816,1032.3,18,1,0.05
11817,1025.1,10,1,0.05
11818,975.1,11,1,0.05
11819,1025.1,10,1,0.05
11820,1025.1,10,1,0.05
11821,976.9,13,1,0.05
11822,1025.1,10,1,0.05
11823,1026.9,12,1,0.05
11824,975.1,11,1,0.05
11825,925.1,12,1,0.05
11826,1026.9,12,1,0.05
11827,1025.1,10,1,0.05
11828,1025.1,10,1,0.05
11829,1023.3,8,1,0.05
11830,1025.1,10,1,0.05
11831,1028.7,14,1,0.05
11832,1023.3,8,1,0.05
11833,973.3,9,1,0.05
11834,973.3,9,1,0.05
11835,985.1,10,1,0.05
11836,965.1,10,1,0.05
11837,1025.1,10,1,0.05
11838,1025.1,10,1,0.05
11839,976.9,13,1,0.05
11840,975.1,11,1,0.05
11841,1025.1,10,1,0.05
11842,1026.9,12,1,0.05
11843,1025.1,10,1,0.05
11844,975.1,11,1,0.05
11845,1025.1,10,1,0.05
11846,1025.1,10,1,0.05
11847,1025.1,10,1,0.05
11848,1026.9,12,1,0.05
11849,975.1,11,1,0.05
11850,1025.1,10,1,0.05
11851,975.1,11,1,0.05
11852,1025.1,10,1,0.05
11853,975.1,11,1,0.05
11854,1025.1,10,1,0.05
11855,975.1,11,1,0.05
11856,1025.1,10,1,0.05
11857,1026.9,12,1,0.05
11858,1025.1,10,1,0.05
11859,976.9,13,1,0.05
11860,1025.1,10,1,0.05
11861,1025.1,10,1,0.05
11862,1025.1,10,1,0.05
11863,1025.1,10,1,0.05
11864,1026.9,12,1,0.05
11865,1025.1,10,1,0.05
11866,1025.1,10,1,0.05
11867,1025.1,10,1,0.05
11868,976.9,13,1,0.05
11869,1026.9,12,1,0.05
11870,1025.1,10,1,0.05
11871,1025.1,10,1,0.05
11872,1026.9,12,1,0.05
11873,1025.1,10,1,0.05
11874,1025.1,10,1,0.05
11875,1025.1,10,1,0.05
11876,1025.1,10,1,0.05
11877,1025.1,10,1,0.05
11878,1025.1,10,1,0.05
11879,1025.1,10,1,0.05
11880,1025.1,10,1,0.05
11881,1028.7,14,1,0.05
11882,1025.1,10,1,0.05
11883,1025.1,10,1,0.05
11884,1025.1,10,1,0.05
11885,1026.9,12,1,0.05
11886,1025.1,10,1,0.05
11887,1025.1,10,1,0.05
11888,1025.1,10,1,0.05
11889,1025.1,10,1,0.05
11890,1025.1,10,1,0.05
11891,1025.1,10,1,0.05
11892,1025.1,10,1,0.05
11893,1023.3,8,1,0.05
11894,975.1,11,1,0.05
11895,1025.1,10,1,0.05
11896,1025.1,10,1,0.05
11897,1025.1,10,1,0.05
11898,1025.1,10,1,0.05
11899,975.1,11,1,0.05
11900,1030.5,16,1,0.05
11901,1025.1,10,1,0.05
11902,1025.1,10,1,0.05
11903,1025.1,10,1,0.05
11904,1025.1,10,1,0.05
11905,1025.1,10,1,0.05
11906,1025.1,10,1,0.05
11907,938.7,15,1,0.05
11908,990.5,16,1,0.05
11909,1026.9,12,1,0.05
11910,1023.3,8,1,0.05
11911,1025.1,10,1,0.05
11912,901.3000000000001,28,1,0.05
11913,1025.1,10,1,0.05
11914,1025.1,10,1,0.05
11915,1025.1,10,1,0.05
11916,1025.1,10,1,0.05
11917,975.1,11,1,0.05
11918,1025.1,10,1,0.05
11919,1025.1,10,1,0.05
11920,1025.1,10,1,0.05
11921,1025.1,10,1,0.05
11922,1025.1,10,1,0.05
11923,975.1,11,1,0.05
11924,1026.9,12,1,0.05
11925,1023.3,8,1,0.05
11926,1025.1,10,1,0.05
11927,1025.1,10,1,0.05
11928,1025.1,10,1,0.05
11929,1025.1,10,1,0.05
11930,1026.9,12,1,0.05
11931,1025.1,10,1,0.05
11932,1025.1,10,1,0.05
11933,1026.9,12,1,0.05
11934,1025.1,10,1,0.05
11935,1025.1,10,1,0.05
11936,1025.1,10,1,0.05
11937,1025.1,10,1,0.05
11938,1025.1,10,1,0.05
11939,1028.7,14,1,0.05
11940,1025.1,10,1,0.05
11941,1025.1,10,1,0.05
11942,1025.1,10,1,0.05
11943,1025.1,10,1,0.05
11944,1025.1,10,1,0.05
11945,1025.1,10,1,0.05
11946,1026.9,12,1,0.05
11947,1025.1,10,1,0.05
11948,1025.1,10,1,0.05
11949,1025.1,10,1,0.05
11950,1025.1,10,1,0.05
11951,1025.1,10,1,0.05
11952,1026.9,12,1,0.05
11953,1025.1,10,1,0.05
11954,975.1,11,1,0.05
11955,1025.1,10,1,0.05
11956,1025.1,10,1,0.05
11957,1025.1,10,1,0.05
11958,1025.1,10,1,0.05
11959,1025.1,10,1,0.05
11960,1025.1,10,1,0.05
11961,1026.9,12,1,0.05
11962,975.1,11,1,0.05
11963,1025.1,10,1,0.05
11964,975.1,11,1,0.05
11965,1025.1,10,1,0.05
11966,1025.1,10,1,0.05
11967,1025.1,10,1,0.05
11968,1025.1,10,1,0.05
11969,1025.1,10,1,0.05
11970,1025.1,10,1,0.05
11971,1025.1,10,1,0.05
11972,1025.1,10,1,0.05
11973,1025.1,10,1,0.05
11974,1025.1,10,1,0.05
11975,1025.1,10,1,0.05
11976,1028.7,14,1,0.05
11977,1025.1,10,1,0.05
11978,1025.1,10,1,0.05
11979,1025.1,10,1,0.05
11980,1025.1,10,1,0.05
11981,1025.1,10,1,0.05
11982,1025.1,10,1,0.05
11983,985.1,10,1,0.05
11984,1026.9,12,1,0.05
11985,1025.1,10,1,0.05
11986,1025.1,10,1,0.05
11987,1025.1,10,1,0.05
11988,1025.1,10,1,0.05
11989,1025.1,10,1,0.05
11990,1025.1,10,1,0.05
11991,1026.9,12,1,0.05
11992,1025.1,10,1,0.05
11993,1023.3,8,1,0.05
11994,1025.1,10,1,0.05
11995,1025.1,10,1,0.05
11996,975.1,11,1,0.05
11997,1025.1,10,1,0.05
11998,1025.1,10,1,0.05
11999,1028.7,14,1,0.05
12000,1026.9,12,1,0.05
12001,975.1,11,1,0.05
12002,975.1,11,1,0.05
12003,1025.1,10,1,0.05
12004,1026.9,12,1,0.05
12005,1025.1,10,1,0.05
12006,1025.1,10,1,0.05
12007,1026.9,12,1,0.05
12008,975.1,11,1,0.05
12009,976.9,13,1,0.05
12010,1025.1,10,1,0.05
12011,1025.1,10,1,0.05
12012,1026.9,12,1,0.05
12013,975.1,11,1,0.05
12014,1023.3,8,1,0.05
12015,1025.1,10,1,0.05
12016,1026.9,12,1,0.05
12017,1025.1,10,1,0.05
12018,1025.1,10,1,0.05
12019,1026.9,12,1,0.05
12020,1025.1,10,1,0.05
12021,1025.1,10,1,0.05
12022,1026.9,12,1,0.05
12023,1025.1,10,1,0.05
12024,1025.1,10,1,0.05
12025,1025.1,10,1,0.05
12026,1025.1,10,1,0.05
12027,1025.1,10,1,0.05
12028,1025.1,10,1,0.05
12029,1025.1,10,1,0.05
12030,975.1,11,1,0.05
12031,1025.1,10,1,0.05
12032,1025.1,10,1,0.05
12033,1025.1,10,1,0.05
12034,1025.1,10,1,0.05
12035,1026.9,12,1,0.05
12036,1026.9,12,1,0.05
12037,975.1,11,1,0.05
12038,1025.1,10,1,0.05
12039,975.1,11,1,0.05
12040,1025.1,10,1,0.05
12041,1025.1,10,1,0.05
12042,1025.1,10,1,0.05
12043,1025.1,10,1,0.05
12044,1025.1,10,1,0.05
12045,1026.9,12,1,0.05
12046,1025.1,10,1,0.05
12047,1025.1,10,1,0.05
12048,1025.1,10,1,0.05
12049,1025.1,10,1,0.05
12050,1025.1,10,1,0.05
12051,1025.1,10,1,0.05
12052,1025.1,10,1,0.05
12053,1025.1,10,1,0.05
12054,1023.3,8,1,0.05
12055,1025.1,10,1,0.05
12056,1025.1,10,1,0.05
12057,1025.1,10,1,0.05
12058,1028.7,14,1,0.05
12059,1025.1,10,1,0.05
12060,1025.1,10,1,0.05
12061,1026.9,12,1,0.05
12062,1025.1,10,1,0.05
12063,1025.1,10,1,0.05
12064,1025.1,10,1,0.05
12065,1025.1,10,1,0.05
12066,1025.1,10,1,0.05
12067,1025.1,10,1,0.05
12068,1025.1,10,1,0.05
12069,1026.9,12,1,0.05
12070,1028.7,14,1,0.05
12071,1025.1,10,1,0.05
12072,1025.1,10,1,0.05
12073,1025.1,10,1,0.05
12074,1025.1,10,1,0.05
12075,1025.1,10,1,0.05
12076,1025.1,10,1,0.05
12077,1028.7,14,1,0.05
12078,1025.1,10,1,0.05
12079,1025.1,10,1,0.05
12080,1025.1,10,1,0.05
12081,1025.1,10,1,0.05
12082,1025.1,10,1,0.05
12083,1025.1,10,1,0.05
12084,1005.1,10,1,0.05
12085,1025.1,10,1,0.05
12086,1025.1,10,1,0.05
12087,1025.1,10,1,0.05
12088,975.1,11,1,0.05
12089,1026.9,12,1,0.05
12090,1025.1,10,1,0.05
12091,988.7,14,1,0.05
12092,923.3000000000001,10,1,0.05
12093,1025.1,10,1,0.05
12094,1023.3,8,1,0.05
12095,1023.3,8,1,0.05
12096,1023.3,8,1,0.05
12097,973.3,9,1,0.05
12098,1023.3,8,1,0.05
12099,1023.3,8,1,0.05
12100,1023.3,8,1,0.05
12101,978.6999999999999,15,1,0.05
12102,1023.3,8,1,0.05
12103,1023.3,8,1,0.05
12104,1023.3,8,1,0.05
12105,1023.3,8,1,0.05
12106,1023.3,8,1,0.05
12107,1023.3,8,1,0.05
12108,985.1,10,1,0.05
12109,983.3,8,1,0.05
12110,1023.3,8,1,0.05
12111,1023.3,8,1,0.05
12112,985.1,10,1,0.05
12113,1005.1,10,1,0.05
12114,1025.1,10,1,0.05
12115,1025.1,10,1,0.05
12116,1023.3,8,1,0.05
12117,1025.1,10,1,0.05
12118,1026.9,12,1,0.05
12119,1025.1,10,1,0.05
12120,1025.1,10,1,0.05
12121,1025.1,10,1,0.05
12122,975.1,11,1,0.05
12123,1025.1,10,1,0.05
12124,978.6999999999999,15,1,0.05
12125,1025.1,10,1,0.05
12126,1025.1,10,1,0.05
12127,1025.1,10,1,0.05
12128,1025.1,10,1,0.05
12129,1025.1,10,1,0.05
12130,1025.1,10,1,0.05
12131,1025.1,10,1,0.05
12132,1025.1,10,1,0.05
12133,1026.9,12,1,0.05
12134,975.1,11,1,0.05
12135,1025.1,10,1,0.05
12136,1026.9,12,1,0.05
12137,1025.1,10,1,0.05
12138,1025.1,10,1,0.05
12139,1026.9,12,1,0.05
12140,1025.1,10,1,0.05
12141,1025.1,10,1,0.05
12142,1025.1,10,1,0.05
12143,1025.1,10,1,0.05
12144,1025.1,10,1,0.05
12145,1025.1,10,1,0.05
12146,1025.1,10,1,0.05
12147,1025.1,10,1,0.05
12148,1026.9,12,1,0.05
12149,1025.1,10,1,0.05
12150,1025.1,10,1,0.05
12151,1025.1,10,1,0.05
12152,1025.1,10,1,0.05
12153,1025.1,10,1,0.05
12154,1026.9,12,1,0.05
12155,1025.1,10,1,0.05
12156,973.3,9,1,0.05
12157,1025.1,10,1,0.05
12158,1025.1,10,1,0.05
12159,1025.1,10,1,0.05
12160,1025.1,10,1,0.05
12161,1025.1,10,1,0.05
12162,975.1,11,1,0.05
12163,1025.1,10,1,0.05
12164,1025.1,10,1,0.05
12165,1025.1,10,1,0.05
12166,1026.9,12,1,0.05
12167,1025.1,10,1,0.05
12168,1025.1,10,1,0.05
12169,1025.1,10,1,0.05
12170,1025.1,10,1,0.05
12171,1026.9,12,1,0.05
12172,990.5,16,1,0.05
12173,1025.1,10,1,0.05
12174,1025.1,10,1,0.05
12175,1025.1,10,1,0.05
12176,1026.9,12,1,0.05
12177,1025.1,10,1,0.05
12178,975.1,11,1,0.05
12179,1025.1,10,1,0.05
12180,975.1,11,1,0.05
12181,1025.1,10,1,0.05
12182,1026.9,12,1,0.05
12183,1023.3,8,1,0.05
12184,1006.9,12,1,0.05
12185,975.1,11,1,0.05
12186,1025.1,10,1,0.05
12187,1025.1,10,1,0.05
12188,1025.1,10,1,0.05
12189,1025.1,10,1,0.05
12190,975.1,11,1,0.05
12191,1025.1,10,1,0.05
12192,975.1,11,1,0.05
12193,1025.1,10,1,0.05
12194,1026.9,12,1,0.05
12195,1025.1,10,1,0.05
12196,975.1,11,1,0.05
12197,1025.1,10,1,0.05
12198,1025.1,10,1,0.05
12199,1025.1,10,1,0.05
12200,1025.1,10,1,0.05
12201,1025.1,10,1,0.05
12202,1026.9,12,1,0.05
12203,1025.1,10,1,0.05
12204,1008.7,14,1,0.05
12205,1025.1,10,1,0.05
12206,1025.1,10,1,0.05
12207,975.1,11,1,0.05
12208,1025.1,10,1,0.05
12209,1025.1,10,1,0.05
12210,975.1,11,1,0.05
12211,1025.1,10,1,0.05
12212,1025.1,10,1,0.05
12213,1025.1,10,1,0.05
12214,1025.1,10,1,0.05
12215,1025.1,10,1,0.05
12216,1025.1,10,1,0.05
12217,1025.1,10,1,0.05
12218,1025.1,10,1,0.05
12219,1028.7,14,1,0.05
12220,1025.1,10,1,0.05
12221,1025.1,10,1,0.05
12222,1025.1,10,1,0.05
12223,1025.1,10,1,0.05
12224,1026.9,12,1,0.05
12225,1026.9,12,1,0.05
12226,1025.1,10,1,0.05
12227,975.1,11,1,0.05
12228,1026.9,12,1,0.05
12229,1025.1,10,1,0.05
12230,1025.1,10,1,0.05
12231,1026.9,12,1,0.05
12232,1028.7,14,1,0.05
12233,1025.1,10,1,0.05
12234,925.1,12,1,0.05
12235,1025.1,10,1,0.05
12236,1026.9,12,1,0.05
12237,1025.1,10,1,0.05
12238,1025.1,10,1,0.05
12239,1025.1,10,1,0.05
12240,1025.1,10,1,0.05
12241,1025.1,10,1,0.05
12242,1025.1,10,1,0.05
12243,1025.1,10,1,0.05
12244,1025.1,10,1,0.05
12245,1025.1,10,1,0.05
12246,975.1,11,1,0.05
12247,1025.1,10,1,0.05
12248,1025.1,10,1,0.05
12249,1025.1,10,1,0.05
12250,1026.9,12,1,0.05
12251,1025.1,10,1,0.05
12252,1025.1,10,1,0.05
12253,975.1,11,1,0.05
12254,1025.1,10,1,0.05
12255,975.1,11,1,0.05
12256,1025.1,10,1,0.05
12257,1025.1,10,1,0.05
12258,1025.1,10,1,0.05
12259,1025.1,10,1,0.05
12260,1023.3,8,1,0.05
12261,1025.1,10,1,0.05
12262,1025.1,10,1,0.05
12263,1025.1,10,1,0.05
12264,1028.7,14,1,0.05
12265,1023.3,8,1,0.05
12266,975.1,11,1,0.05
12267,1025.1,10,1,0.05
12268,1025.1,10,1,0.05
12269,1025.1,10,1,0.05
12270,1025.1,10,1,0.05
12271,975.1,11,1,0.05
12272,1025.1,10,1,0.05
12273,1025.1,10,1,0.05
12274,1025.1,10,1,0.05
12275,1025.1,10,1,0.05
12276,1025.1,10,1,0.05
12277,1025.1,10,1,0.05
12278,1025.1,10,1,0.05
12279,1025.1,10,1,0.05
12280,1025.1,10,1,0.05
12281,1025.1,10,1,0.05
12282,1025.1,10,1,0.05
12283,1025.1,10,1,0.05
12284,1025.1,10,1,0.05
12285,1025.1,10,1,0.05
12286,1025.1,10,1,0.05
12287,1026.9,12,1,0.05
12288,1025.1,10,1,0.05
12289,1025.1,10,1,0.05
12290,1025.1,10,1,0.05
12291,1025.1,10,1,0.05
12292,1026.9,12,1,0.05
12293,1025.1,10,1,0.05
12294,975.1,11,1,0.05
12295,1025.1,10,1,0.05
12296,1025.1,10,1,0.05
12297,1026.9,12,1,0.05
12298,975.1,11,1,0.05
12299,1023.3,8,1,0.05
12300,1025.1,10,1,0.05
12301,1025.1,10,1,0.05
12302,1025.1,10,1,0.05
12303,1026.9,12,1,0.05
12304,1025.1,10,1,0.05
12305,1025.1,10,1,0.05
12306,975.1,11,1,0.05
12307,1025.1,10,1,0.05
12308,1025.1,10,1,0.05
12309,1025.1,10,1,0.05
12310,1025.1,10,1,0.05
12311,1025.1,10,1,0.05
12312,1025.1,10,1,0.05
12313,975.1,11,1,0.05
12314,1025.1,10,1,0.05
12315,1025.1,10,1,0.05
12316,1025.1,10,1,0.05
12317,1025.1,10,1,0.05
12318,1025.1,10,1,0.05
12319,975.1,11,1,0.05
12320,975.1,11,1,0.05
12321,1026.9,12,1,0.05
12322,975.1,11,1,0.05
12323,1025.1,10,1,0.05
12324,1025.1,10,1,0.05
12325,1025.1,10,1,0.05
12326,1025.1,10,1,0.05
12327,975.1,11,1,0.05
12328,1010.5,16,1,0.05
12329,1023.3,8,1,0.05
12330,976.9,13,1,0.05
12331,1025.1,10,1,0.05
12332,1025.1,10,1,0.05
12333,1026.9,12,1,0.05
12334,1025.1,10,1,0.05
12335,1026.9,12,1,0.05
12336,973.3,9,1,0.05
12337,1026.9,12,1,0.05
12338,1025.1,10,1,0.05
12339,975.1,11,1,0.05
12340,1025.1,10,1,0.05
12341,1030.5,16,1,0.05
12342,1025.1,10,1,0.05
12343,1025.1,10,1,0.05
12344,1025.1,10,1,0.05
12345,1025.1,10,1,0.05
12346,1023.3,8,1,0.05
12347,1026.9,12,1,0.05
12348,975.1,11,1,0.05
12349,1025.1,10,1,0.05
12350,1025.1,10,1,0.05
12351,1026.9,12,1,0.05
12352,975.1,11,1,0.05
12353,1025.1,10,1,0.05
12354,1025.1,10,1,0.05
12355,1025.1,10,1,0.05
12356,1025.1,10,1,0.05
12357,1025.1,10,1,0.05
12358,1023.3,8,1,0.05
12359,1025.1,10,1,0.05
12360,1025.1,10,1,0.05
12361,1025.1,10,1,0.05
12362,1025.1,10,1,0.05
12363,1025.1,10,1,0.05
12364,1025.1,10,1,0.05
12365,1025.1,10,1,0.05
12366,1025.1,10,1,0.05
12367,975.1,11,1,0.05
12368,1025.1,10,1,0.05
12369,1025.1,10,1,0.05
12370,1025.1,10,1,0.05
12371,1026.9,12,1,0.05
12372,1025.1,10,1,0.05
12373,1025.1,10,1,0.05
12374,1025.1,10,1,0.05
12375,1023.3,8,1,0.05
12376,1025.1,10,1,0.05
12377,982.3,19,1,0.05
12378,1025.1,10,1,0.05
12379,1025.1,10,1,0.05
12380,811.3000000000001,29,1,0.05
12381,1025.1,10,1,0.05
12382,1025.1,10,1,0.05
12383,1025.1,10,1,0.05
12384,1025.1,10,1,0.05
12385,1025.1,10,1,0.05
12386,1025.1,10,1,0.05
12387,1025.1,10,1,0.05
12388,1025.1,10,1,0.05
12389,1025.1,10,1,0.05
12390,1025.1,10,1,0.05
12391,1025.1,10,1,0.05
12392,988.7,14,1,0.05
12393,1025.1,10,1,0.05
12394,983.3,8,1,0.05
12395,1023.3,8,1,0.05
12396,1023.3,8,1,0.05
12397,1023.3,8,1,0.05
12398,1023.3,8,1,0.05
12399,1025.1,10,1,0.05
12400,1023.3,8,1,0.05
12401,1023.3,8,1,0.05
12402,1023.3,8,1,0.05
12403,985.1,10,1,0.05
12404,1005.1,10,1,0.05
12405,1025.1,10,1,0.05
12406,1025.1,10,1,0.05
12407,973.3,9,1,0.05
12408,1025.1,10,1,0.05
12409,1025.1,10,1,0.05
12410,1025.1,10,1,0.05
12411,1025.1,10,1,0.05
12412,1025.1,10,1,0.05
12413,1026.9,12,1,0.05
12414,1025.1,10,1,0.05
12415,1025.1,10,1,0.05
12416,978.7,15,1,0.05
12417,1023.3,8,1,0.05
12418,1023.3,8,1,0.05
12419,1023.3,8,1,0.05
12420,1023.3,8,1,0.05
12421,1023.3,8,1,0.05
12422,985.1,10,1,0.05
12423,983.3,8,1,0.05
12424,973.3,9,1,0.05
12425,1023.3,8,1,0.05
12426,1023.3,8,1,0.05
12427,1023.3,8,1,0.05
12428,1023.3,8,1,0.05
12429,1023.3,8,1,0.05
12430,973.3,9,1,0.05
12431,1023.3,8,1,0.05
12432,1023.3,8,1,0.05
12433,973.3,9,1,0.05
12434,1023.3,8,1,0.05
12435,1023.3,8,1,0.05
12436,1023.3,8,1,0.05
12437,1006.9,12,1,0.05
12438,953.3,9,1,0.05
12439,975.1,11,1,0.05
12440,1026.9,12,1,0.05
12441,1025.1,10,1,0.05
12442,1026.9,12,1,0.05
12443,975.1,11,1,0.05
12444,1025.1,10,1,0.05
12445,975.1,11,1,0.05
12446,1025.1,10,1,0.05
12447,1025.1,10,1,0.05
12448,1025.1,10,1,0.05
12449,1023.3,8,1,0.05
12450,1026.9,12,1,0.05
12451,1025.1,10,1,0.05
12452,1025.1,10,1,0.05
12453,1025.1,10,1,0.05
12454,1025.1,10,1,0.05
12455,975.1,11,1,0.05
12456,1025.1,10,1,0.05
12457,1025.1,10,1,0.05
12458,1025.1,10,1,0.05
12459,1025.1,10,1,0.05
12460,1025.1,10,1,0.05
12461,1026.9,12,1,0.05
12462,1025.1,10,1,0.05
12463,1025.1,10,1,0.05
12464,1025.1,10,1,0.05
12465,1025.1,10,1,0.05
12466,975.1,11,1,0.05
12467,1025.1,10,1,0.05
12468,1025.1,10,1,0.05
12469,1025.1,10,1,0.05
12470,1026.9,12,1,0.05
12471,1025.1,10,1,0.05
12472,1026.9,12,1,0.05
12473,1025.1,10,1,0.05
12474,976.9,13,1,0.05
12475,1026.9,12,1,0.05
12476,1025.1,10,1,0.05
12477,1025.1,10,1,0.05
12478,1025.1,10,1,0.05
12479,1025.1,10,1,0.05
12480,1025.1,10,1,0.05
12481,1025.1,10,1,0.05
12482,975.1,11,1,0.05
12483,1023.3,8,1,0.05
12484,1026.9,12,1,0.05
12485,1025.1,10,1,0.05
12486,1025.1,10,1,0.05
12487,975.1,11,1,0.05
12488,1025.1,10,1,0.05
12489,1026.9,12,1,0.05
12490,1025.1,10,1,0.05
12491,1025.1,10,1,0.05
12492,1025.1,10,1,0.05
12493,1025.1,10,1,0.05
12494,1025.1,10,1,0.05
12495,1025.1,10,1,0.05
12496,1025.1,10,1,0.05
12497,1025.1,10,1,0.05
12498,975.1,11,1,0.05
12499,1025.1,10,1,0.05
12500,1026.9,12,1,0.05
12501,1025.1,10,1,0.05
12502,1025.1,10,1,0.05
12503,1025.1,10,1,0.05
12504,975.1,11,1,0.05
12505,1025.1,10,1,0.05
12506,1025.1,10,1,0.05
12507,975.1,11,1,0.05
12508,925.1,12,1,0.05
12509,1028.7,14,1,0.05
12510,1025.1,10,1,0.05
12511,1025.1,10,1,0.05
12512,1026.9,12,1,0.05
12513,1023.3,8,1,0.05
12514,1025.1,10,1,0.05
12515,1025.1,10,1,0.05
12516,1025.1,10,1,0.05
12517,1025.1,10,1,0.05
12518,1025.1,10,1,0.05
12519,1025.1,10,1,0.05
12520,1023.3,8,1,0.05
12521,1025.1,10,1,0.05
12522,1023.3,8,1,0.05
12523,1025.1,10,1,0.05
12524,975.1,11,1,0.05
12525,1025.1,10,1,0.05
12526,975.1,11,1,0.05
12527,1025.1,10,1,0.05
12528,1025.1,10,1,0.05
12529,1026.9,12,1,0.05
12530,1025.1,10,1,0.05
12531,1025.1,10,1,0.05
12532,975.1,11,1,0.05
12533,1028.7,14,1,0.05
12534,1025.1,10,1,0.05
12535,1025.1,10,1,0.05
12536,976.9,13,1,0.05
12537,1025.1,10,1,0.05
12538,1025.1,10,1,0.05
12539,1025.1,10,1,0.05
12540,975.1,11,1,0.05
12541,1025.1,10,1,0.05
12542,1025.1,10,1,0.05
12543,1025.1,10,1,0.05
12544,1025.1,10,1,0.05
12545,1025.1,10,1,0.05
12546,1026.9,12,1,0.05
12547,1025.1,10,1,0.05
12548,1025.1,10,1,0.05
12549,1028.7,14,1,0.05
12550,976.9,13,1,0.05
12551,1025.1,10,1,0.05
12552,1025.1,10,1,0.05
12553,1025.1,10,1,0.05
12554,1025.1,10,1,0.05
12555,1025.1,10,1,0.05
12556,975.1,11,1,0.05
12557,1025.1,10,1,0.05
12558,1025.1,10,1,0.05
12559,1025.1,10,1,0.05
12560,1025.1,10,1,0.05
12561,1025.1,10,1,0.05
12562,1025.1,10,1,0.05
12563,1026.9,12,1,0.05
12564,1025.1,10,1,0.05
12565,1025.1,10,1,0.05
12566,1026.9,12,1,0.05
12567,1025.1,10,1,0.05
12568,1025.1,10,1,0.05
12569,1026.9,12,1,0.05
12570,976.9,13,1,0.05
12571,1025.1,10,1,0.05
12572,1025.1,10,1,0.05
12573,975.1,11,1,0.05
12574,1025.1,10,1,0.05
12575,1030.5,16,1,0.05
12576,1023.3,8,1,0.05
12577,1025.1,10,1,0.05
12578,1026.9,12,1,0.05
12579,1023.3,8,1,0.05
12580,1025.1,10,1,0.05
12581,1025.1,10,1,0.05
12582,1025.1,10,1,0.05
12583,1025.1,10,1,0.05
12584,1025.1,10,1,0.05
12585,975.1,11,1,0.05
12586,1028.7,14,1,0.05
12587,1026.9,12,1,0.05
12588,1025.1,10,1,0.05
12589,1025.1,10,1,0.05
12590,1025.1,10,1,0.05
12591,975.1,11,1,0.05
12592,1025.1,10,1,0.05
12593,1028.7,14,1,0.05
12594,975.1,11,1,0.05
12595,1025.1,10,1,0.05
12596,975.1,11,1,0.05
12597,1026.9,12,1,0.05
12598,975.1,11,1,0.05
12599,975.1,11,1,0.05
12600,1025.1,10,1,0.05
12601,1023.3,8,1,0.05
12602,975.1,11,1,0.05
12603,1023.3,8,1,0.05
12604,1025.1,10,1,0.05
12605,1026.9,12,1,0.05
12606,1025.1,10,1,0.05
12607,1025.1,10,1,0.05
12608,1025.1,10,1,0.05
12609,1026.9,12,1,0.05
12610,1025.1,10,1,0.05
12611,975.1,11,1,0.05
12612,1025.1,10,1,0.05
12613,1025.1,10,1,0.05
12614,1025.1,10,1,0.05
12615,1025.1,10,1,0.05
12616,1025.1,10,1,0.05
12617,1026.9,12,1,0.05
12618,1025.1,10,1,0.05
12619,1025.1,10,1,0.05
12620,1025.1,10,1,0.05
12621,1025.1,10,1,0.05
12622,1025.1,10,1,0.05
12623,975.1,11,1,0.05
12624,1025.1,10,1,0.05
12625,1025.1,10,1,0.05
12626,1023.3,8,1,0.05
12627,1026.9,12,1,0.05
12628,1025.1,10,1,0.05
12629,1025.1,10,1,0.05
12630,1025.1,10,1,0.05
12631,1025.1,10,1,0.05
12632,925.1,12,1,0.05
12633,1026.9,12,1,0.05
12634,1025.1,10,1,0.05
12635,1025.1,10,1,0.05
12636,1023.3,8,1,0.05
12637,1025.1,10,1,0.05
12638,1025.1,10,1,0.05
12639,1025.1,10,1,0.05
12640,1026.9,12,1,0.05
12641,1025.1,10,1,0.05
12642,1025.1,10,1,0.05
12643,1025.1,10,1,0.05
12644,1025.1,10,1,0.05
12645,975.1,11,1,0.05
12646,1025.1,10,1,0.05
12647,1026.9,12,1,0.05
12648,1025.1,10,1,0.05
12649,975.1,11,1,0.05
12650,1026.9,12,1,0.05
12651,1025.1,10,1,0.05
12652,1026.9,12,1,0.05
12653,1026.9,12,1,0.05
12654,1025.1,10,1,0.05
12655,975.1,11,1,0.05
12656,1025.1,10,1,0.05
12657,1026.9,12,1,0.05
12658,1025.1,10,1,0.05
12659,1023.3,8,1,0.05
12660,1025.1,10,1,0.05
12661,975.1,11,1,0.05
12662,1026.9,12,1,0.05
12663,975.1,11,1,0.05
12664,1025.1,10,1,0.05
12665,1032.3,18,1,0.05
12666,1026.9,12,1,0.05
12667,1025.1,10,1,0.05
12668,1025.1,10,1,0.05
12669,975.1,11,1,0.05
12670,1030.5,16,1,0.05
12671,1023.3,8,1,0.05
12672,1025.1,10,1,0.05
12673,938.7,15,1,0.05
12674,988.7,14,1,0.05
12675,1025.1,10,1,0.05
12676,1025.1,10,1,0.05
12677,1025.1,10,1,0.05
12678,1025.1,10,1,0.05
12679,975.1,11,1,0.05
12680,1026.9,12,1,0.05
12681,1025.1,10,1,0.05
12682,1025.1,10,1,0.05
12683,1026.9,12,1,0.05
12684,1028.7,14,1,0.05
12685,1025.1,10,1,0.05
12686,1025.1,10,1,0.05
12687,1025.1,10,1,0.05
12688,1025.1,10,1,0.05
12689,1025.1,10,1,0.05
12690,975.1,11,1,0.05
12691,1025.1,10,1,0.05
12692,1026.9,12,1,0.05
12693,975.1,11,1,0.05
12694,1025.1,10,1,0.05
12695,1025.1,10,1,0.05
12696,1025.1,10,1,0.05
12697,973.3,9,1,0.05
12698,1025.1,10,1,0.05
12699,975.1,11,1,0.05
12700,1025.1,10,1,0.05
12701,1025.1,10,1,0.05
12702,1025.1,10,1,0.05
12703,1025.1,10,1,0.05
12704,1028.7,14,1,0.05
12705,1025.1,10,1,0.05
12706,1025.1,10,1,0.05
12707,1025.1,10,1,0.05
12708,1025.1,10,1,0.05
12709,1025.1,10,1,0.05
12710,1025.1,10,1,0.05
12711,1025.1,10,1,0.05
12712,978.6999999999999,15,1,0.05
12713,1025.1,10,1,0.05
12714,925.1,12,1,0.05
12715,1025.1,10,1,0.05
12716,1012.3,18,1,0.05
12717,1025.1,10,1,0.05
12718,975.1,11,1,0.05
12719,1025.1,10,1,0.05
12720,1026.9,12,1,0.05
12721,1025.1,10,1,0.05
12722,1026.9,12,1,0.05
12723,1025.1,10,1,0.05
12724,1025.1,10,1,0.05
12725,1025.1,10,1,0.05
12726,975.1,11,1,0.05
12727,1025.1,10,1,0.05
12728,1025.1,10,1,0.05
12729,1025.1,10,1,0.05
12730,1025.1,10,1,0.05
12731,1025.1,10,1,0.05
12732,975.1,11,1,0.05
12733,1025.1,10,1,0.05
12734,1025.1,10,1,0.05
12735,1025.1,10,1,0.05
12736,1025.1,10,1,0.05
12737,1025.1,10,1,0.05
12738,1025.1,10,1,0.05
12739,1026.9,12,1,0.05
12740,1025.1,10,1,0.05
12741,1025.1,10,1,0.05
12742,1025.1,10,1,0.05
12743,976.9,13,1,0.05
12744,1025.1,10,1,0.05
12745,975.1,11,1,0.05
12746,1025.1,10,1,0.05
12747,1025.1,10,1,0.05
12748,1025.1,10,1,0.05
12749,925.1,12,1,0.05
12750,1026.9,12,1,0.05
12751,1025.1,10,1,0.05
12752,1025.1,10,1,0.05
12753,1025.1,10,1,0.05
12754,1025.1,10,1,0.05
12755,1025.1,10,1,0.05
12756,1026.9,12,1,0.05
12757,1025.1,10,1,0.05
12758,1025.1,10,1,0.05
12759,1025.1,10,1,0.05
12760,1025.1,10,1,0.05
12761,1025.1,10,1,0.05
12762,1025.1,10,1,0.05
12763,1023.3,8,1,0.05
12764,1025.1,10,1,0.05
12765,1026.9,12,1,0.05
12766,1026.9,12,1,0.05
12767,1025.1,10,1,0.05
12768,925.1,12,1,0.05
12769,1025.1,10,1,0.05
12770,1025.1,10,1,0.05
12771,1023.3,8,1,0.05
12772,1025.1,10,1,0.05
12773,1026.9,12,1,0.05
12774,1025.1,10,1,0.05
12775,1026.9,12,1,0.05
12776,1025.1,10,1,0.05
12777,975.1,11,1,0.05
12778,1026.9,12,1,0.05
12779,1025.1,10,1,0.05
12780,1023.3,8,1,0.05
12781,1025.1,10,1,0.05
12782,1025.1,10,1,0.05
12783,1025.1,10,1,0.05
12784,1025.1,10,1,0.05
12785,1025.1,10,1,0.05
12786,1026.9,12,1,0.05
12787,1025.1,10,1,0.05
12788,1026.9,12,1,0.05
12789,1025.1,10,1,0.05
12790,1025.1,10,1,0.05
12791,1025.1,10,1,0.05
12792,1025.1,10,1,0.05
12793,1025.1,10,1,0.05
12794,1023.3,8,1,0.05
12795,1008.7,14,1,0.05
12796,1026.9,12,1,0.05
12797,1026.9,12,1,0.05
12798,1025.1,10,1,0.05
12799,1025.1,10,1,0.05
12800,1026.9,12,1,0.05
12801,1026.9,12,1,0.05
12802,1025.1,10,1,0.05
12803,1025.1,10,1,0.05
12804,1025.1,10,1,0.05
12805,1025.1,10,1,0.05
12806,1026.9,12,1,0.05
12807,1025.1,10,1,0.05
12808,1025.1,10,1,0.05
12809,1025.1,10,1,0.05
12810,1025.1,10,1,0.05
12811,978.7,15,1,0.05
12812,1025.1,10,1,0.05
12813,1028.7,14,1,0.05
12814,1025.1,10,1,0.05
12815,975.1,11,1,0.05
12816,1025.1,10,1,0.05
12817,1025.1,10,1,0.05
12818,1025.1,10,1,0.05
12819,975.1,11,1,0.05
12820,975.1,11,1,0.05
12821,1025.1,10,1,0.05
12822,1025.1,10,1,0.05
12823,1025.1,10,1,0.05
12824,1025.1,10,1,0.05
12825,1025.1,10,1,0.05
12826,1025.1,10,1,0.05
12827,1025.1,10,1,0.05
12828,1025.1,10,1,0.05
12829,1025.1,10,1,0.05
12830,1025.1,10,1,0.05
12831,1026.9,12,1,0.05
12832,1025.1,10,1,0.05
12833,1025.1,10,1,0.05
12834,1026.9,12,1,0.05
12835,1025.1,10,1,0.05
12836,1025.1,10,1,0.05
12837,1025.1,10,1,0.05
12838,1025.1,10,1,0.05
12839,975.1,11,1,0.05
12840,1028.7,14,1,0.05
12841,1025.1,10,1,0.05
12842,975.1,11,1,0.05
12843,1025.1,10,1,0.05
12844,1025.1,10,1,0.05
12845,1025.1,10,1,0.05
12846,1023.3,8,1,0.05
12847,1025.1,10,1,0.05
12848,1025.1,10,1,0.05
12849,1025.1,10,1,0.05
12850,1025.1,10,1,0.05
12851,1025.1,10,1,0.05
12852,1025.1,10,1,0.05
12853,1025.1,10,1,0.05
12854,958.6999999999999,15,1,0.05
12855,1025.1,10,1,0.05
12856,1025.1,10,1,0.05
12857,1025.1,10,1,0.05
12858,1025.1,10,1,0.05
12859,1025.1,10,1,0.05
12860,1025.1,10,1,0.05
12861,1025.1,10,1,0.05
12862,1026.9,12,1,0.05
12863,1026.9,12,1,0.05
12864,1025.1,10,1,0.05
12865,1025.1,10,1,0.05
12866,975.1,11,1,0.05
12867,1025.1,10,1,0.05
12868,1025.1,10,1,0.05
12869,1025.1,10,1,0.05
12870,1025.1,10,1,0.05
12871,1025.1,10,1,0.05
12872,1025.1,10,1,0.05
12873,1025.1,10,1,0.05
12874,1025.1,10,1,0.05
12875,1025.1,10,1,0.05
12876,1025.1,10,1,0.05
12877,1025.1,10,1,0.05
12878,975.1,11,1,0.05
12879,1023.3,8,1,0.05
12880,1025.1,10,1,0.05
12881,1025.1,10,1,0.05
12882,1025.1,10,1,0.05
12883,1025.1,10,1,0.05
12884,1025.1,10,1,0.05
12885,975.1,11,1,0.05
12886,1025.1,10,1,0.05
12887,1025.1,10,1,0.05
12888,1026.9,12,1,0.05
12889,1025.1,10,1,0.05
12890,1025.1,10,1,0.05
12891,1025.1,10,1,0.05
12892,1025.1,10,1,0.05
12893,1025.1,10,1,0.05
12894,1028.7,14,1,0.05
12895,975.1,11,1,0.05
12896,1025.1,10,1,0.05
12897,1028.7,14,1,0.05
12898,978.6999999999999,15,1,0.05
12899,1025.1,10,1,0.05
12900,1025.1,10,1,0.05
12901,1025.1,10,1,0.05
12902,1026.9,12,1,0.05
12903,1025.1,10,1,0.05
12904,1025.1,10,1,0.05
12905,1025.1,10,1,0.05
12906,1028.7,14,1,0.05
12907,1025.1,10,1,0.05
12908,1025.1,10,1,0.05
12909,1025.1,10,1,0.05
12910,1025.1,10,1,0.05
12911,1026.9,12,1,0.05
12912,1025.1,10,1,0.05
12913,1025.1,10,1,0.05
12914,1025.1,10,1,0.05
12915,1025.1,10,1,0.05
12916,975.1,11,1,0.05
12917,1028.7,14,1,0.05
12918,1025.1,10,1,0.05
12919,1025.1,10,1,0.05
12920,1025.1,10,1,0.05
12921,1025.1,10,1,0.05
12922,1025.1,10,1,0.05
12923,1026.9,12,1,0.05
12924,1025.1,10,1,0.05
12925,1025.1,10,1,0.05
12926,1025.1,10,1,0.05
12927,1025.1,10,1,0.05
12928,1025.1,10,1,0.05
12929,1025.1,10,1,0.05
12930,975.1,11,1,0.05
12931,1025.1,10,1,0.05
12932,1026.9,12,1,0.05
12933,1003.3,8,1,0.05
12934,1025.1,10,1,0.05
12935,1025.1,10,1,0.05
12936,1025.1,10,1,0.05
12937,1025.1,10,1,0.05
12938,1026.9,12,1,0.05
12939,1025.1,10,1,0.05
12940,1025.1,10,1,0.05
12941,1025.1,10,1,0.05
12942,1025.1,10,1,0.05
12943,1025.1,10,1,0.05
12944,1025.1,10,1,0.05
12945,1026.9,12,1,0.05
12946,1023.3,8,1,0.05
12947,1025.1,10,1,0.05
12948,1008.7,14,1,0.05
12949,1023.3,8,1,0.05
12950,973.3,9,1,0.05
12951,1023.3,8,1,0.05
12952,985.1,10,1,0.05
12953,983.3,8,1,0.05
12954,973.3,9,1,0.05
12955,1023.3,8,1,0.05
12956,1005.1,10,1,0.05
12957,1003.3,8,1,0.05
12958,1023.3,8,1,0.05
12959,1023.3,8,1,0.05
12960,1023.3,8,1,0.05
12961,973.3,9,1,0.05
12962,1023.3,8,1,0.05
12963,1023.3,8,1,0.05
12964,1023.3,8,1,0.05
12965,1025.1,10,1,0.05
12966,1023.3,8,1,0.05
12967,1023.3,8,1,0.05
12968,1023.3,8,1,0.05
12969,1023.3,8,1,0.05
12970,985.1,10,1,0.05
12971,983.3,8,1,0.05
12972,1023.3,8,1,0.05
12973,1023.3,8,1,0.05
12974,1023.3,8,1,0.05
12975,1023.3,8,1,0.05
12976,1023.3,8,1,0.05
12977,1023.3,8,1,0.05
12978,1023.3,8,1,0.05
12979,1023.3,8,1,0.05
12980,1023.3,8,1,0.05
12981,1023.3,8,1,0.05
12982,1023.3,8,1,0.05
12983,1023.3,8,1,0.05
12984,973.3,9,1,0.05
12985,1023.3,8,1,0.05
12986,1023.3,8,1,0.05
12987,1023.3,8,1,0.05
12988,1023.3,8,1,0.05
12989,985.1,10,1,0.05
12990,983.3,8,1,0.05
12991,1023.3,8,1,0.05
12992,955.1,11,1,0.05
12993,1003.3,8,1,0.05
12994,1023.3,8,1,0.05
12995,1023.3,8,1,0.05
12996,1023.3,8,1,0.05
12997,1023.3,8,1,0.05
12998,1023.3,8,1,0.05
12999,1023.3,8,1,0.05
13000,1023.3,8,1,0.05
13001,1005.1,10,1,0.05
13002,1003.3,8,1,0.05
13003,1026.9,12,1,0.05
13004,1023.3,8,1,0.05
13005,1023.3,8,1,0.05
13006,1023.3,8,1,0.05
13007,1023.3,8,1,0.05
13008,985.1,10,1,0.05
13009,1003.3,8,1,0.05
13010,985.1,10,1,0.05
13011,1005.1,10,1,0.05
13012,1025.1,10,1,0.05
13013,1025.1,10,1,0.05
13014,1025.1,10,1,0.05
13015,1025.1,10,1,0.05
13016,1025.1,10,1,0.05
13017,1026.9,12,1,0.05
13018,1026.9,12,1,0.05
13019,1025.1,10,1,0.05
13020,975.1,11,1,0.05
13021,1025.1,10,1,0.05
13022,1025.1,10,1,0.05
13023,1025.1,10,1,0.05
13024,1025.1,10,1,0.05
13025,1025.1,10,1,0.05
13026,1025.1,10,1,0.05
13027,1025.1,10,1,0.05
13028,1025.1,10,1,0.05
13029,1025.1,10,1,0.05
13030,1025.1,10,1,0.05
13031,975.1,11,1,0.05
13032,1025.1,10,1,0.05
13033,1025.1,10,1,0.05
13034,1025.1,10,1,0.05
13035,1025.1,10,1,0.05
13036,1025.1,10,1,0.05
13037,1025.1,10,1,0.05
13038,1025.1,10,1,0.05
13039,1025.1,10,1,0.05
13040,1026.9,12,1,0.05
13041,978.7,15,1,0.05
13042,1025.1,10,1,0.05
13043,1026.9,12,1,0.05
13044,1025.1,10,1,0.05
13045,1023.3,8,1,0.05
13046,1025.1,10,1,0.05
13047,1025.1,10,1,0.05
13048,1025.1,10,1,0.05
13049,1025.1,10,1,0.05
13050,1025.1,10,1,0.05
13051,1025.1,10,1,0.05
13052,1025.1,10,1,0.05
13053,1025.1,10,1,0.05
13054,1025.1,10,1,0.05
13055,1025.1,10,1,0.05
13056,1025.1,10,1,0.05
13057,1025.1,10,1,0.05
13058,925.1,12,1,0.05
13059,1026.9,12,1,0.05
13060,1025.1,10,1,0.05
13061,1025.1,10,1,0.05
13062,975.1,11,1,0.05
13063,1025.1,10,1,0.05
13064,1025.1,10,1,0.05
13065,1025.1,10,1,0.05
13066,1025.1,10,1,0.05
13067,1025.1,10,1,0.05
13068,1025.1,10,1,0.05
13069,1025.1,10,1,0.05
13070,1023.3,8,1,0.05
13071,1025.1,10,1,0.05
13072,1025.1,10,1,0.05
13073,1026.9,12,1,0.05
13074,1025.1,10,1,0.05
13075,976.9,13,1,0.05
13076,1026.9,12,1,0.05
13077,1025.1,10,1,0.05
13078,1025.1,10,1,0.05
13079,1025.1,10,1,0.05
13080,1025.1,10,1,0.05
13081,1025.1,10,1,0.05
13082,1026.9,12,1,0.05
13083,1025.1,10,1,0.05
13084,1026.9,12,1,0.05
13085,1025.1,10,1,0.05
13086,1025.1,10,1,0.05
13087,1025.1,10,1,0.05
13088,1025.1,10,1,0.05
13089,1025.1,10,1,0.05
13090,1025.1,10,1,0.05
13091,1025.1,10,1,0.05
13092,975.1,11,1,0.05
13093,1025.1,10,1,0.05
13094,975.1,11,1,0.05
13095,1025.1,10,1,0.05
13096,1025.1,10,1,0.05
13097,978.7,15,1,0.05
13098,1025.1,10,1,0.05
13099,1028.7,14,1,0.05
13100,1025.1,10,1,0.05
13101,1025.1,10,1,0.05
13102,1025.1,10,1,0.05
13103,1025.1,10,1,0.05
13104,925.1,12,1,0.05
13105,1025.1,10,1,0.05
13106,1025.1,10,1,0.05
13107,1025.1,10,1,0.05
13108,1025.1,10,1,0.05
13109,1025.1,10,1,0.05
13110,1025.1,10,1,0.05
13111,1025.1,10,1,0.05
13112,1025.1,10,1,0.05
13113,1028.7,14,1,0.05
13114,1025.1,10,1,0.05
13115,1026.9,12,1,0.05
13116,1025.1,10,1,0.05
13117,1025.1,10,1,0.05
13118,975.1,11,1,0.05
13119,1026.9,12,1,0.05
13120,1025.1,10,1,0.05
13121,1025.1,10,1,0.05
13122,1025.1,10,1,0.05
13123,1026.9,12,1,0.05
13124,1025.1,10,1,0.05
13125,1025.1,10,1,0.05
13126,1025.1,10,1,0.05
13127,975.1,11,1,0.05
13128,1025.1,10,1,0.05
13129,975.1,11,1,0.05
13130,1025.1,10,1,0.05
13131,1025.1,10,1,0.05
13132,1025.1,10,1,0.05
13133,1023.3,8,1,0.05
13134,975.1,11,1,0.05
13135,1025.1,10,1,0.05
13136,1025.1,10,1,0.05
13137,1025.1,10,1,0.05
13138,1025.1,10,1,0.05
13139,1025.1,10,1,0.05
13140,1025.1,10,1,0.05
13141,1026.9,12,1,0.05
13142,1025.1,10,1,0.05
13143,1025.1,10,1,0.05
13144,1025.1,10,1,0.05
13145,975.1,11,1,0.05
13146,1025.1,10,1,0.05
13147,1025.1,10,1,0.05
13148,1025.1,10,1,0.05
13149,1025.1,10,1,0.05
13150,1026.9,12,1,0.05
13151,1025.1,10,1,0.05
13152,975.1,11,1,0.05
13153,975.1,11,1,0.05
13154,1025.1,10,1,0.05
13155,1025.1,10,1,0.05
13156,1026.9,12,1,0.05
13157,1025.1,10,1,0.05
13158,1025.1,10,1,0.05
13159,1025.1,10,1,0.05
13160,1025.1,10,1,0.05
13161,1025.1,10,1,0.05
13162,1025.1,10,1,0.05
13163,1028.7,14,1,0.05
13164,1025.1,10,1,0.05
13165,1025.1,10,1,0.05
13166,1025.1,10,1,0.05
13167,1025.1,10,1,0.05
13168,1025.1,10,1,0.05
13169,1025.1,10,1,0.05
13170,1025.1,10,1,0.05
13171,1025.1,10,1,0.05
13172,1025.1,10,1,0.05
13173,1025.1,10,1,0.05
13174,1025.1,10,1,0.05
13175,1025.1,10,1,0.05
13176,1025.1,10,1,0.05
13177,1025.1,10,1,0.05
13178,1025.1,10,1,0.05
13179,975.1,11,1,0.05
13180,1025.1,10,1,0.05
13181,976.9,13,1,0.05
13182,1025.1,10,1,0.05
13183,1026.9,12,1,0.05
13184,975.1,11,1,0.05
13185,975.1,11,1,0.05
13186,975.1,11,1,0.05
13187,1025.1,10,1,0.05
13188,1025.1,10,1,0.05
13189,975.1,11,1,0.05
13190,1025.1,10,1,0.05
13191,1023.3,8,1,0.05
13192,1026.9,12,1,0.05
13193,1025.1,10,1,0.05
13194,1025.1,10,1,0.05
13195,1026.9,12,1,0.05
13196,1026.9,12,1,0.05
13197,1025.1,10,1,0.05
13198,1026.9,12,1,0.05
13199,1026.9,12,1,0.05
13200,1025.1,10,1,0.05
13201,1026.9,12,1,0.05
13202,1025.1,10,1,0.05
13203,1025.1,10,1,0.05
13204,1025.1,10,1,0.05
13205,1025.1,10,1,0.05
13206,1025.1,10,1,0.05
13207,975.1,11,1,0.05
13208,1025.1,10,1,0.05
13209,1023.3,8,1,0.05
13210,1025.1,10,1,0.05
13211,1026.9,12,1,0.05
13212,973.3,9,1,0.05
13213,1025.1,10,1,0.05
13214,1025.1,10,1,0.05
13215,1025.1,10,1,0.05
13216,1025.1,10,1,0.05
13217,1025.1,10,1,0.05
13218,1026.9,12,1,0.05
13219,1030.5,16,1,0.05
13220,1025.1,10,1,0.05
13221,925.1,12,1,0.05
13222,1026.9,12,1,0.05
13223,1025.1,10,1,0.05
13224,976.9,13,1,0.05
13225,1025.1,10,1,0.05
13226,1025.1,10,1,0.05
13227,975.1,11,1,0.05
13228,1025.1,10,1,0.05
13229,1025.1,10,1,0.05
13230,1005.1,10,1,0.05
13231,1030.5,16,1,0.05
13232,1025.1,10,1,0.05
13233,1025.1,10,1,0.05
13234,1025.1,10,1,0.05
13235,1025.1,10,1,0.05
13236,1025.1,10,1,0.05
13237,975.1,11,1,0.05
13238,1025.1,10,1,0.05
13239,1025.1,10,1,0.05
13240,1025.1,10,1,0.05
13241,1025.1,10,1,0.05
13242,1025.1,10,1,0.05
13243,925.1,12,1,0.05
13244,1025.1,10,1,0.05
13245,1025.1,10,1,0.05
13246,1025.1,10,1,0.05
13247,992.3,18,1,0.05
13248,1025.1,10,1,0.05
13249,1025.1,10,1,0.05
13250,1025.1,10,1,0.05
13251,1025.1,10,1,0.05
13252,1025.1,10,1,0.05
13253,1023.3,8,1,0.05
13254,1026.9,12,1,0.05
13255,1026.9,12,1,0.05
13256,1025.1,10,1,0.05
13257,928.7,16,1,0.05
13258,1026.9,12,1,0.05
13259,1025.1,10,1,0.05
13260,1025.1,10,1,0.05
13261,975.1,11,1,0.05
13262,1025.1,10,1,0.05
13263,975.1,11,1,0.05
13264,1025.1,10,1,0.05
13265,1025.1,10,1,0.05
13266,1025.1,10,1,0.05
13267,1025.1,10,1,0.05
13268,1025.1,10,1,0.05
13269,1025.1,10,1,0.05
13270,1026.9,12,1,0.05
13271,1025.1,10,1,0.05
13272,1025.1,10,1,0.05
13273,1026.9,12,1,0.05
13274,1025.1,10,1,0.05
13275,1025.1,10,1,0.05
13276,1025.1,10,1,0.05
13277,960.5,16,1,0.05
13278,1025.1,10,1,0.05
13279,1025.1,10,1,0.05
13280,1025.1,10,1,0.05
13281,1026.9,12,1,0.05
13282,1030.5,16,1,0.05
13283,978.7,15,1,0.05
13284,1025.1,10,1,0.05
13285,1025.1,10,1,0.05
13286,1028.7,14,1,0.05
13287,973.3,9,1,0.05
13288,973.3,9,1,0.05
13289,1023.3,8,1,0.05
13290,1005.1,10,1,0.05
13291,1003.3,8,1,0.05
13292,1023.3,8,1,0.05
13293,1023.3,8,1,0.05
13294,1023.3,8,1,0.05
13295,1023.3,8,1,0.05
13296,1023.3,8,1,0.05
13297,1023.3,8,1,0.05
13298,1023.3,8,1,0.05
13299,1023.3,8,1,0.05
13300,1025.1,10,1,0.05
13301,973.3,9,1,0.05
13302,1023.3,8,1,0.05
13303,908.7,16,1,0.05
13304,1023.3,8,1,0.05
13305,1023.3,8,1,0.05
13306,985.1,10,1,0.05
13307,1003.3,8,1,0.05
13308,1023.3,8,1,0.05
13309,1023.3,8,1,0.05
13310,1023.3,8,1,0.05
13311,1023.3,8,1,0.05
13312,1023.3,8,1,0.05
13313,1023.3,8,1,0.05
13314,1023.3,8,1,0.05
13315,985.1,10,1,0.05
13316,1025.1,10,1,0.05
13317,916.9,13,1,0.05
13318,898.7,15,1,0.05
13319,1026.9,12,1,0.05
13320,1023.3,8,1,0.05
13321,1023.3,8,1,0.05
13322,1023.3,8,1,0.05
13323,1023.3,8,1,0.05
13324,1023.3,8,1,0.05
13325,1023.3,8,1,0.05
13326,1023.3,8,1,0.05
13327,1023.3,8,1,0.05
13328,1023.3,8,1,0.05
13329,1023.3,8,1,0.05
13330,973.3,9,1,0.05
13331,1023.3,8,1,0.05
13332,1006.9,12,1,0.05
13333,1023.3,8,1,0.05
13334,1023.3,8,1,0.05
13335,1023.3,8,1,0.05
13336,1023.3,8,1,0.05
13337,938.7,15,1,0.05
13338,1023.3,8,1,0.05
13339,1023.3,8,1,0.05
13340,1023.3,8,1,0.05
13341,973.3,9,1,0.05
13342,1023.3,8,1,0.05
13343,973.3,9,1,0.05
13344,985.1,10,1,0.05
13345,933.3,9,1,0.05
13346,1023.3,8,1,0.05
13347,973.3,9,1,0.05
13348,1023.3,8,1,0.05
13349,1023.3,8,1,0.05
13350,1023.3,8,1,0.05
13351,1023.3,8,1,0.05
13352,1023.3,8,1,0.05
13353,1023.3,8,1,0.05
13354,1023.3,8,1,0.05
13355,1023.3,8,1,0.05
13356,1023.3,8,1,0.05
13357,1006.9,12,1,0.05
13358,1023.3,8,1,0.05
13359,1023.3,8,1,0.05
13360,1023.3,8,1,0.05
13361,1023.3,8,1,0.05
13362,935.1,11,1,0.05
13363,1025.1,10,1,0.05
13364,983.3,8,1,0.05
13365,992.3,18,1,0.05
13366,1032.3,18,1,0.05
13367,1026.9,12,1,0.05
13368,1025.1,10,1,0.05
13369,1023.3,8,1,0.05
13370,1025.1,10,1,0.05
13371,1025.1,10,1,0.05
13372,1025.1,10,1,0.05
13373,1025.1,10,1,0.05
13374,1025.1,10,1,0.05
13375,1025.1,10,1,0.05
13376,1025.1,10,1,0.05
13377,1025.1,10,1,0.05
13378,1025.1,10,1,0.05
13379,1025.1,10,1,0.05
13380,1025.1,10,1,0.05
13381,1025.1,10,1,0.05
13382,1025.1,10,1,0.05
13383,976.9,13,1,0.05
13384,1025.1,10,1,0.05
13385,1025.1,10,1,0.05
13386,975.1,11,1,0.05
13387,1025.1,10,1,0.05
13388,1025.1,10,1,0.05
13389,1025.1,10,1,0.05
13390,1025.1,10,1,0.05
13391,1025.1,10,1,0.05
13392,975.1,11,1,0.05
13393,1023.3,8,1,0.05
13394,1025.1,10,1,0.05
13395,975.1,11,1,0.05
13396,1025.1,10,1,0.05
13397,1025.1,10,1,0.05
13398,1025.1,10,1,0.05
13399,1025.1,10,1,0.05
13400,1025.1,10,1,0.05
13401,1025.1,10,1,0.05
13402,1025.1,10,1,0.05
13403,1025.1,10,1,0.05
13404,1028.7,14,1,0.05
13405,1026.9,12,1,0.05
13406,1028.7,14,1,0.05
13407,1025.1,10,1,0.05
13408,1025.1,10,1,0.05
13409,1025.1,10,1,0.05
13410,975.1,11,1,0.05
13411,1025.1,10,1,0.05
13412,1025.1,10,1,0.05
13413,1025.1,10,1,0.05
13414,1025.1,10,1,0.05
13415,1026.9,12,1,0.05
13416,1025.1,10,1,0.05
13417,1025.1,10,1,0.05
13418,975.1,11,1,0.05
13419,1025.1,10,1,0.05
13420,1025.1,10,1,0.05
13421,1025.1,10,1,0.05
13422,1025.1,10,1,0.05
13423,1025.1,10,1,0.05
13424,1025.1,10,1,0.05
13425,1025.1,10,1,0.05
13426,1025.1,10,1,0.05
13427,1025.1,10,1,0.05
13428,1026.9,12,1,0.05
13429,975.1,11,1,0.05
13430,1025.1,10,1,0.05
13431,1025.1,10,1,0.05
13432,1025.1,10,1,0.05
13433,1025.1,10,1,0.05
13434,975.1,11,1,0.05
13435,1025.1,10,1,0.05
13436,1025.1,10,1,0.05
13437,902.3,19,1,0.05
13438,1023.3,8,1,0.05
13439,1023.3,8,1,0.05
13440,1023.3,8,1,0.05
13441,1023.3,8,1,0.05
13442,1023.3,8,1,0.05
13443,985.1,10,1,0.05
13444,1003.3,8,1,0.05
13445,1023.3,8,1,0.05
13446,1023.3,8,1,0.05
13447,1023.3,8,1,0.05
13448,1023.3,8,1,0.05
13449,985.1,10,1,0.05
13450,1003.3,8,1,0.05
13451,1023.3,8,1,0.05
13452,1023.3,8,1,0.05
13453,1023.3,8,1,0.05
13454,1023.3,8,1,0.05
13455,1023.3,8,1,0.05
13456,973.3,9,1,0.05
13457,973.3,9,1,0.05
13458,1023.3,8,1,0.05
13459,1023.3,8,1,0.05
13460,985.1,10,1,0.05
13461,986.9,12,1,0.05
13462,1023.3,8,1,0.05
13463,1023.3,8,1,0.05
13464,1023.3,8,1,0.05
13465,985.1,10,1,0.05
13466,983.3,8,1,0.05
13467,1023.3,8,1,0.05
13468,1023.3,8,1,0.05
13469,1023.3,8,1,0.05
13470,973.3,9,1,0.05
13471,1023.3,8,1,0.05
13472,1023.3,8,1,0.05
13473,1023.3,8,1,0.05
13474,1023.3,8,1,0.05
13475,1023.3,8,1,0.05
13476,1023.3,8,1,0.05
13477,1023.3,8,1,0.05
13478,1023.3,8,1,0.05
13479,1023.3,8,1,0.05
13480,1023.3,8,1,0.05
13481,1023.3,8,1,0.05
13482,1005.1,10,1,0.05
13483,1003.3,8,1,0.05
13484,1023.3,8,1,0.05
13485,1023.3,8,1,0.05
13486,985.1,10,1,0.05
13487,1003.3,8,1,0.05
13488,1023.3,8,1,0.05
13489,1023.3,8,1,0.05
13490,1023.3,8,1,0.05
13491,1023.3,8,1,0.05
13492,1023.3,8,1,0.05
13493,1023.3,8,1,0.05
13494,1023.3,8,1,0.05
13495,1023.3,8,1,0.05
13496,1023.3,8,1,0.05
13497,1023.3,8,1,0.05
13498,1023.3,8,1,0.05
13499,1023.3,8,1,0.05
13500,1023.3,8,1,0.05
13501,1023.3,8,1,0.05
13502,973.3,9,1,0.05
13503,973.3,9,1,0.05
13504,1023.3,8,1,0.05
13505,1023.3,8,1,0.05
13506,1023.3,8,1,0.05
13507,1023.3,8,1,0.05
13508,1023.3,8,1,0.05
13509,1023.3,8,1,0.05
13510,1023.3,8,1,0.05
13511,1023.3,8,1,0.05
13512,1023.3,8,1,0.05
13513,1023.3,8,1,0.05
13514,1023.3,8,1,0.05
13515,1023.3,8,1,0.05
13516,985.1,10,1,0.05
13517,983.3,8,1,0.05
13518,938.7,14,1,0.05
13519,1003.3,8,1,0.05
13520,1023.3,8,1,0.05
13521,1023.3,8,1,0.05
13522,1005.1,10,1,0.05
13523,1005.1,10,1,0.05
13524,1003.3,8,1,0.05
13525,1023.3,8,1,0.05
13526,1023.3,8,1,0.05
13527,973.3,9,1,0.05
13528,985.1,10,1,0.05
13529,945.1,10,1,0.05
13530,983.3,8,1,0.05
13531,1023.3,8,1,0.05
13532,1023.3,8,1,0.05
13533,1023.3,8,1,0.05
13534,945.9,23,1,0.05
13535,973.3,9,1,0.05
13536,1023.3,8,1,0.05
13537,1023.3,8,1,0.05
13538,1023.3,8,1,0.05
13539,935.1,11,1,0.05
13540,983.3,8,1,0.05
13541,988.7,14,1,0.05
13542,1003.3,8,1,0.05
13543,1023.3,8,1,0.05
13544,1023.3,8,1,0.05
13545,1023.3,8,1,0.05
13546,973.3,9,1,0.05
13547,985.1,10,1,0.05
13548,1003.3,8,1,0.05
13549,973.3,9,1,0.05
13550,985.1,10,1,0.05
13551,1003.3,8,1,0.05
13552,1023.3,8,1,0.05
13553,973.3,9,1,0.05
13554,985.1,10,1,0.05
13555,983.3,8,1,0.05
13556,1028.7,14,1,0.05
13557,947.6999999999999,24,1,0.05
13558,1026.9,12,1,0.05
13559,978.7,15,1,0.05
13560,1025.1,10,1,0.05
13561,1028.7,14,1,0.05
13562,1025.1,10,1,0.05
13563,1023.3,8,1,0.05
13564,1023.3,8,1,0.05
13565,1023.3,8,1,0.05
13566,1023.3,8,1,0.05
13567,1025.1,10,1,0.05
13568,1023.3,8,1,0.05
13569,973.3,9,1,0.05
13570,973.3,9,1,0.05
13571,1023.3,8,1,0.05
13572,1023.3,8,1,0.05
13573,1023.3,8,1,0.05
13574,1023.3,8,1,0.05
13575,1023.3,8,1,0.05
13576,1005.1,10,1,0.05
13577,1003.3,8,1,0.05
13578,1026.9,12,1,0.05
13579,973.3,9,1,0.05
13580,1023.3,8,1,0.05
13581,1023.3,8,1,0.05
13582,1023.3,8,1,0.05
13583,1023.3,8,1,0.05
13584,1023.3,8,1,0.05
13585,973.3,9,1,0.05
13586,1023.3,8,1,0.05
13587,973.3,9,1,0.05
13588,1023.3,8,1,0.05
13589,1023.3,8,1,0.05
13590,1023.3,8,1,0.05
13591,1023.3,8,1,0.05
13592,1023.3,8,1,0.05
13593,1023.3,8,1,0.05
13594,1023.3,8,1,0.05
13595,986.9,12,1,0.05
13596,1023.3,8,1,0.05
13597,1023.3,8,1,0.05
13598,1025.1,10,1,0.05
13599,973.3,9,1,0.05
13600,973.3,9,1,0.05
13601,973.3,9,1,0.05
13602,1023.3,8,1,0.05
13603,1023.3,8,1,0.05
13604,1023.3,8,1,0.05
13605,968.3,9,1,0.05
13606,1023.3,8,1,0.05
13607,1023.3,8,1,0.05
13608,1023.3,8,1,0.05
13609,1023.3,8,1,0.05
13610,1023.3,8,1,0.05
13611,1025.1,10,1,0.05
13612,1023.3,8,1,0.05
13613,1005.1,10,1,0.05
13614,1005.1,10,1,0.05
13615,1023.3,8,1,0.05
13616,1023.3,8,1,0.05
13617,1023.3,8,1,0.05
13618,1023.3,8,1,0.05
13619,1023.3,8,1,0.05
13620,1023.3,8,1,0.05
13621,1023.3,8,1,0.05
13622,1023.3,8,1,0.05
13623,985.1,10,1,0.05
13624,983.3,8,1,0.05
13625,1023.3,8,1,0.05
13626,1023.3,8,1,0.05
13627,973.3,9,1,0.05
13628,1023.3,8,1,0.05
13629,1023.3,8,1,0.05
13630,1023.3,8,1,0.05
13631,1023.3,8,1,0.05
13632,1023.3,8,1,0.05
13633,1023.3,8,1,0.05
13634,1023.3,8,1,0.05
13635,1023.3,8,1,0.05
13636,1023.3,8,1,0.05
13637,1023.3,8,1,0.05
13638,1023.3,8,1,0.05
13639,973.3,9,1,0.05
13640,1023.3,8,1,0.05
13641,955.1,11,1,0.05
13642,1003.3,8,1,0.05
13643,1023.3,8,1,0.05
13644,1023.3,8,1,0.05
13645,1023.3,8,1,0.05
13646,1023.3,8,1,0.05
13647,985.1,10,1,0.05
13648,983.3,8,1,0.05
13649,1023.3,8,1,0.05
13650,973.3,9,1,0.05
13651,1023.3,8,1,0.05
13652,1023.3,8,1,0.05
13653,1023.3,8,1,0.05
13654,1023.3,8,1,0.05
13655,1023.3,8,1,0.05
13656,1023.3,8,1,0.05
13657,1023.3,8,1,0.05
13658,1023.3,8,1,0.05
13659,1023.3,8,1,0.05
13660,1023.3,8,1,0.05
13661,1023.3,8,1,0.05
13662,1023.3,8,1,0.05
13663,1023.3,8,1,0.05
13664,1023.3,8,1,0.05
13665,1023.3,8,1,0.05
13666,1023.3,8,1,0.05
13667,1023.3,8,1,0.05
13668,975.1,11,1,0.05
13669,1023.3,8,1,0.05
13670,1023.3,8,1,0.05
13671,1023.3,8,1,0.05
13672,1023.3,8,1,0.05
13673,1023.3,8,1,0.05
13674,1023.3,8,1,0.05
13675,985.1,10,1,0.05
13676,983.3,8,1,0.05
13677,1023.3,8,1,0.05
13678,1023.3,8,1,0.05
13679,1023.3,8,1,0.05
13680,985.1,10,1,0.05
13681,983.3,8,1,0.05
13682,1023.3,8,1,0.05
13683,935.1,11,1,0.05
13684,983.3,8,1,0.05
13685,985.1,10,1,0.05
13686,983.3,8,1,0.05
13687,1023.3,8,1,0.05
13688,1023.3,8,1,0.05
13689,1023.3,8,1,0.05
13690,1023.3,8,1,0.05
13691,1023.3,8,1,0.05
13692,985.1,10,1,0.05
13693,1003.3,8,1,0.05
13694,923.3,10,1,0.05
13695,1023.3,8,1,0.05
13696,1023.3,8,1,0.05
13697,1023.3,8,1,0.05
13698,1023.3,8,1,0.05
13699,1023.3,8,1,0.05
13700,973.3,9,1,0.05
13701,1023.3,8,1,0.05
13702,1023.3,8,1,0.05
13703,1023.3,8,1,0.05
13704,1023.3,8,1,0.05
13705,1023.3,8,1,0.05
13706,1023.3,8,1,0.05
13707,1023.3,8,1,0.05
13708,1023.3,8,1,0.05
13709,1023.3,8,1,0.05
13710,1023.3,8,1,0.05
13711,1023.3,8,1,0.05
13712,1023.3,8,1,0.05
13713,973.3,9,1,0.05
13714,1023.3,8,1,0.05
13715,1023.3,8,1,0.05
13716,985.1,10,1,0.05
13717,983.3,8,1,0.05
13718,1023.3,8,1,0.05
13719,1023.3,8,1,0.05
13720,1023.3,8,1,0.05
13721,1023.3,8,1,0.05
13722,1023.3,8,1,0.05
13723,985.1,10,1,0.05
13724,983.3,8,1,0.05
13725,1023.3,8,1,0.05
13726,1023.3,8,1,0.05
13727,1023.3,8,1,0.05
13728,1023.3,8,1,0.05
13729,1023.3,8,1,0.05
13730,1023.3,8,1,0.05
13731,1023.3,8,1,0.05
13732,1023.3,8,1,0.05
13733,1023.3,8,1,0.05
13734,1023.3,8,1,0.05
13735,1005.1,10,1,0.05
13736,1003.3,8,1,0.05
13737,1023.3,8,1,0.05
13738,1023.3,8,1,0.05
13739,1023.3,8,1,0.05
13740,1023.3,8,1,0.05
13741,1023.3,8,1,0.05
13742,1023.3,8,1,0.05
13743,1023.3,8,1,0.05
13744,1023.3,8,1,0.05
13745,1023.3,8,1,0.05
13746,1023.3,8,1,0.05
13747,973.3,9,1,0.05
13748,1023.3,8,1,0.05
13749,1023.3,8,1,0.05
13750,1023.3,8,1,0.05
13751,1025.1,10,1,0.05
13752,1023.3,8,1,0.05
13753,1023.3,8,1,0.05
13754,1023.3,8,1,0.05
13755,1023.3,8,1,0.05
13756,1023.3,8,1,0.05
13757,1023.3,8,1,0.05
13758,1023.3,8,1,0.05
13759,1023.3,8,1,0.05
13760,973.3,9,1,0.05
13761,1023.3,8,1,0.05
13762,1023.3,8,1,0.05
13763,1023.3,8,1,0.05
13764,1023.3,8,1,0.05
13765,1023.3,8,1,0.05
13766,1023.3,8,1,0.05
13767,973.3,9,1,0.05
13768,1023.3,8,1,0.05
13769,1023.3,8,1,0.05
13770,985.1,10,1,0.05
13771,983.3,8,1,0.05
13772,1023.3,8,1,0.05
13773,1025.1,10,1,0.05
13774,1023.3,8,1,0.05
13775,1023.3,8,1,0.05
13776,1023.3,8,1,0.05
13777,1023.3,8,1,0.05
13778,1023.3,8,1,0.05
13779,1023.3,8,1,0.05
13780,1023.3,8,1,0.05
13781,1023.3,8,1,0.05
13782,1023.3,8,1,0.05
13783,1025.1,10,1,0.05
13784,1023.3,8,1,0.05
13785,1023.3,8,1,0.05
13786,955.1,11,1,0.05
13787,1003.3,8,1,0.05
13788,1023.3,8,1,0.05
13789,1023.3,8,1,0.05
13790,1023.3,8,1,0.05
13791,1023.3,8,1,0.05
13792,1023.3,8,1,0.05
13793,1023.3,8,1,0.05
13794,1023.3,8,1,0.05
13795,1023.3,8,1,0.05
13796,1023.3,8,1,0.05
13797,1023.3,8,1,0.05
13798,973.3,9,1,0.05
13799,1023.3,8,1,0.05
13800,1023.3,8,1,0.05
13801,1023.3,8,1,0.05
13802,973.3,9,1,0.05
13803,1023.3,8,1,0.05
13804,1023.3,8,1,0.05
13805,1023.3,8,1,0.05
13806,985.1,10,1,0.05
13807,965.1,10,1,0.05
13808,1003.3,8,1,0.05
13809,1025.1,10,1,0.05
13810,1023.3,8,1,0.05
13811,1023.3,8,1,0.05
13812,1023.3,8,1,0.05
13813,1023.3,8,1,0.05
13814,1023.3,8,1,0.05
13815,896.9,13,1,0.05
13816,985.1,10,1,0.05
13817,1023.3,8,1,0.05
13818,1023.3,8,1,0.05
13819,1023.3,8,1,0.05
13820,973.3,9,1,0.05
13821,1023.3,8,1,0.05
13822,950.5,16,1,0.05
13823,1025.1,10,1,0.05
13824,1003.3,8,1,0.05
13825,973.3,9,1,0.05
13826,1023.3,8,1,0.05
13827,1023.3,8,1,0.05
13828,973.3,9,1,0.05
13829,973.3,9,1,0.05
13830,1023.3,8,1,0.05
13831,873.3000000000001,11,1,0.05
13832,1023.3,8,1,0.05
13833,1025.1,10,1,0.05
13834,1025.1,10,1,0.05
13835,1003.3,8,1,0.05
13836,1005.1,10,1,0.05
13837,1003.3,8,1,0.05
13838,1023.3,8,1,0.05
13839,985.1,10,1,0.05
13840,983.3,8,1,0.05
13841,1030.5,16,1,0.05
13842,1030.5,16,1,0.05
13843,973.3,9,1,0.05
13844,1023.3,8,1,0.05
13845,1023.3,8,1,0.05
13846,1023.3,8,1,0.05
13847,1023.3,8,1,0.05
13848,1025.1,10,1,0.05
13849,1023.3,8,1,0.05
13850,975.1,11,1,0.05
13851,1023.3,8,1,0.05
13852,1025.1,10,1,0.05
13853,1023.3,8,1,0.05
13854,1025.1,10,1,0.05
13855,1025.1,10,1,0.05
13856,983.3,8,1,0.05
13857,1023.3,8,1,0.05
13858,1023.3,8,1,0.05
13859,1023.3,8,1,0.05
13860,1023.3,8,1,0.05
13861,1023.3,8,1,0.05
13862,973.3,9,1,0.05
13863,1023.3,8,1,0.05
13864,1023.3,8,1,0.05
13865,1023.3,8,1,0.05
13866,1025.1,10,1,0.05
13867,983.3,8,1,0.05
13868,1023.3,8,1,0.05
13869,1025.1,10,1,0.05
13870,1023.3,8,1,0.05
13871,985.1,10,1,0.05
13872,983.3,8,1,0.05
13873,1023.3,8,1,0.05
13874,1023.3,8,1,0.05
13875,1023.3,8,1,0.05
13876,1023.3,8,1,0.05
13877,1023.3,8,1,0.05
13878,1023.3,8,1,0.05
13879,1023.3,8,1,0.05
13880,1025.1,10,1,0.05
13881,973.3,9,1,0.05
13882,1023.3,8,1,0.05
13883,1023.3,8,1,0.05
13884,1023.3,8,1,0.05
13885,1023.3,8,1,0.05
13886,1023.3,8,1,0.05
13887,1023.3,8,1,0.05
13888,1023.3,8,1,0.05
13889,1023.3,8,1,0.05
13890,1023.3,8,1,0.05
13891,1023.3,8,1,0.05
13892,1023.3,8,1,0.05
13893,1023.3,8,1,0.05
13894,985.1,10,1,0.05
13895,983.3,8,1,0.05
13896,1023.3,8,1,0.05
13897,1023.3,8,1,0.05
13898,1023.3,8,1,0.05
13899,1023.3,8,1,0.05
13900,1023.3,8,1,0.05
13901,1023.3,8,1,0.05
13902,1023.3,8,1,0.05
13903,985.1,10,1,0.05
13904,983.3,8,1,0.05
13905,1023.3,8,1,0.05
13906,1023.3,8,1,0.05
13907,1023.3,8,1,0.05
13908,1023.3,8,1,0.05
13909,1023.3,8,1,0.05
13910,973.3,9,1,0.05
13911,1023.3,8,1,0.05
13912,1005.1,10,1,0.05
13913,1003.3,8,1,0.05
13914,1023.3,8,1,0.05
13915,986.9,12,1,0.05
13916,983.3,8,1,0.05
13917,1023.3,8,1,0.05
13918,1023.3,8,1,0.05
13919,1023.3,8,1,0.05
13920,1023.3,8,1,0.05
13921,1023.3,8,1,0.05
13922,1023.3,8,1,0.05
13923,1025.1,10,1,0.05
13924,1023.3,8,1,0.05
13925,1023.3,8,1,0.05
13926,1023.3,8,1,0.05
13927,1023.3,8,1,0.05
13928,1023.3,8,1,0.05
13929,973.3,9,1,0.05
13930,1023.3,8,1,0.05
13931,1023.3,8,1,0.05
13932,1023.3,8,1,0.05
13933,985.1,10,1,0.05
13934,983.3,8,1,0.05
13935,1005.1,10,1,0.05
13936,1003.3,8,1,0.05
13937,973.3,9,1,0.05
13938,1023.3,8,1,0.05
13939,1023.3,8,1,0.05
13940,1023.3,8,1,0.05
13941,1025.1,10,1,0.05
13942,1026.9,12,1,0.05
13943,1023.3,8,1,0.05
13944,985.1,10,1,0.05
13945,1003.3,8,1,0.05
13946,1023.3,8,1,0.05
13947,1023.3,8,1,0.05
13948,1023.3,8,1,0.05
13949,1023.3,8,1,0.05
13950,1023.3,8,1,0.05
13951,973.3,9,1,0.05
13952,1023.3,8,1,0.05
13953,1023.3,8,1,0.05
13954,955.1,11,1,0.05
13955,1003.3,8,1,0.05
13956,1023.3,8,1,0.05
13957,1023.3,8,1,0.05
13958,973.3,9,1,0.05
13959,1005.1,10,1,0.05
13960,1003.3,8,1,0.05
13961,1023.3,8,1,0.05
13962,1023.3,8,1,0.05
13963,973.3,9,1,0.05
13964,1023.3,8,1,0.05
13965,1006.9,12,1,0.05
13966,1003.3,8,1,0.05
13967,973.3,9,1,0.05
13968,1023.3,8,1,0.05
13969,1023.3,8,1,0.05
13970,1023.3,8,1,0.05
13971,975.1,11,1,0.05
13972,1023.3,8,1,0.05
13973,1023.3,8,1,0.05
13974,1023.3,8,1,0.05
13975,1023.3,8,1,0.05
13976,1023.3,8,1,0.05
13977,1025.1,10,1,0.05
13978,973.3,9,1,0.05
13979,1005.1,10,1,0.05
13980,1003.3,8,1,0.05
13981,1023.3,8,1,0.05
13982,1023.3,8,1,0.05
13983,1023.3,8,1,0.05
13984,1023.3,8,1,0.05
13985,1023.3,8,1,0.05
13986,1025.1,10,1,0.05
13987,1023.3,8,1,0.05
13988,1023.3,8,1,0.05
13989,1025.1,10,1,0.05
13990,1023.3,8,1,0.05
13991,1023.3,8,1,0.05
13992,986.9,12,1,0.05
13993,1023.3,8,1,0.05
13994,1023.3,8,1,0.05
13995,1025.1,10,1,0.05
13996,1023.3,8,1,0.05
13997,1023.3,8,1,0.05
13998,1023.3,8,1,0.05
13999,1023.3,8,1,0.05
14000,1023.3,8,1,0.05
14001,1023.3,8,1,0.05
14002,1025.1,10,1,0.05
14003,1023.3,8,1,0.05
14004,1023.3,8,1,0.05
14005,1023.3,8,1,0.05
14006,1023.3,8,1,0.05
14007,1023.3,8,1,0.05
14008,1023.3,8,1,0.05
14009,1023.3,8,1,0.05
14010,1025.1,10,1,0.05
14011,1023.3,8,1,0.05
14012,985.1,10,1,0.05
14013,983.3,8,1,0.05
14014,1023.3,8,1,0.05
14015,1023.3,8,1,0.05
14016,1023.3,8,1,0.05
14017,985.1,10,1,0.05
14018,985.1,10,1,0.05
14019,985.1,10,1,0.05
14020,975.1,11,1,0.05
14021,1025.1,10,1,0.05
14022,1026.9,12,1,0.05
14023,1025.1,10,1,0.05
14024,1025.1,10,1,0.05
14025,975.1,11,1,0.05
14026,1025.1,10,1,0.05
14027,1025.1,10,1,0.05
14028,973.3,9,1,0.05
14029,1025.1,10,1,0.05
14030,1026.9,12,1,0.05
14031,1025.1,10,1,0.05
14032,1025.1,10,1,0.05
14033,1028.7,14,1,0.05
14034,1023.3,8,1,0.05
14035,1023.3,8,1,0.05
14036,1023.3,8,1,0.05
14037,1025.1,10,1,0.05
14038,1023.3,8,1,0.05
14039,973.3,9,1,0.05
14040,973.3,9,1,0.05
14041,973.3,9,1,0.05
14042,1006.9,12,1,0.05
14043,1023.3,8,1,0.05
14044,985.1,10,1,0.05
14045,945.1,10,1,0.05
14046,1023.3,8,1,0.05
14047,1023.3,8,1,0.05
14048,1023.3,8,1,0.05
14049,1005.1,10,1,0.05
14050,1003.3,8,1,0.05
14051,973.3,9,1,0.05
14052,1023.3,8,1,0.05
14053,1023.3,8,1,0.05
14054,1023.3,8,1,0.05
14055,1025.1,10,1,0.05
14056,973.3,9,1,0.05
14057,1023.3,8,1,0.05
14058,985.1,10,1,0.05
14059,983.3,8,1,0.05
14060,1023.3,8,1,0.05
14061,1025.1,10,1,0.05
14062,1023.3,8,1,0.05
14063,1023.3,8,1,0.05
14064,1023.3,8,1,0.05
14065,1023.3,8,1,0.05
14066,1023.3,8,1,0.05
14067,1023.3,8,1,0.05
14068,1023.3,8,1,0.05
14069,1023.3,8,1,0.05
14070,1023.3,8,1,0.05
14071,985.1,10,1,0.05
14072,985.1,10,1,0.05
14073,1023.3,8,1,0.05
14074,1023.3,8,1,0.05
14075,1023.3,8,1,0.05
14076,973.3,9,1,0.05
14077,1023.3,8,1,0.05
14078,1025.1,10,1,0.05
14079,1023.3,8,1,0.05
14080,1023.3,8,1,0.05
14081,985.1,10,1,0.05
14082,983.3,8,1,0.05
14083,1023.3,8,1,0.05
14084,1023.3,8,1,0.05
14085,1023.3,8,1,0.05
14086,1023.3,8,1,0.05
14087,1023.3,8,1,0.05
14088,1023.3,8,1,0.05
14089,973.3,9,1,0.05
14090,1023.3,8,1,0.05
14091,1023.3,8,1,0.05
14092,1023.3,8,1,0.05
14093,1023.3,8,1,0.05
14094,985.1,10,1,0.05
14095,983.3,8,1,0.05
14096,1005.1,10,1,0.05
14097,1003.3,8,1,0.05
14098,1023.3,8,1,0.05
14099,1023.3,8,1,0.05
14100,1023.3,8,1,0.05
14101,1023.3,8,1,0.05
14102,1023.3,8,1,0.05
14103,1023.3,8,1,0.05
14104,1023.3,8,1,0.05
14105,1023.3,8,1,0.05
14106,1023.3,8,1,0.05
14107,1023.3,8,1,0.05
14108,1023.3,8,1,0.05
14109,1023.3,8,1,0.05
14110,1023.3,8,1,0.05
14111,1023.3,8,1,0.05
14112,1023.3,8,1,0.05
14113,1023.3,8,1,0.05
14114,1023.3,8,1,0.05
14115,985.1,10,1,0.05
14116,983.3,8,1,0.05
14117,1023.3,8,1,0.05
14118,973.3,9,1,0.05
14119,1023.3,8,1,0.05
14120,1023.3,8,1,0.05
14121,985.1,10,1,0.05
14122,983.3,8,1,0.05
14123,1023.3,8,1,0.05
14124,973.3,9,1,0.05
14125,1023.3,8,1,0.05
14126,1023.3,8,1,0.05
14127,936.9,13,1,0.05
14128,1023.3,8,1,0.05
14129,1023.3,8,1,0.05
14130,1023.3,8,1,0.05
14131,1005.1,10,1,0.05
14132,1003.3,8,1,0.05
14133,1023.3,8,1,0.05
14134,1023.3,8,1,0.05
14135,1023.3,8,1,0.05
14136,1023.3,8,1,0.05
14137,1023.3,8,1,0.05
14138,1023.3,8,1,0.05
14139,980.5,17,1,0.05
14140,1023.3,8,1,0.05
14141,1023.3,8,1,0.05
14142,1023.3,8,1,0.05
14143,1023.3,8,1,0.05
14144,1023.3,8,1,0.05
14145,1023.3,8,1,0.05
14146,973.3,9,1,0.05
14147,1023.3,8,1,0.05
14148,1023.3,8,1,0.05
14149,1023.3,8,1,0.05
14150,1023.3,8,1,0.05
14151,1023.3,8,1,0.05
14152,1023.3,8,1,0.05
14153,1023.3,8,1,0.05
14154,1023.3,8,1,0.05
14155,1030.5,16,1,0.05
14156,1025.1,10,1,0.05
14157,940.5,17,1,0.05
14158,1025.1,10,1,0.05
14159,983.3,8,1,0.05
14160,1023.3,8,1,0.05
14161,1023.3,8,1,0.05
14162,1025.1,10,1,0.05
14163,1023.3,8,1,0.05
14164,1023.3,8,1,0.05
14165,1023.3,8,1,0.05
14166,973.3,9,1,0.05
14167,1023.3,8,1,0.05
14168,1023.3,8,1,0.05
14169,1023.3,8,1,0.05
14170,1023.3,8,1,0.05
14171,1023.3,8,1,0.05
14172,1023.3,8,1,0.05
14173,1025.1,10,1,0.05
14174,1023.3,8,1,0.05
14175,1023.3,8,1,0.05
14176,1023.3,8,1,0.05
14177,1023.3,8,1,0.05
14178,1023.3,8,1,0.05
14179,1023.3,8,1,0.05
14180,1023.3,8,1,0.05
14181,1023.3,8,1,0.05
14182,1023.3,8,1,0.05
14183,1023.3,8,1,0.05
14184,1023.3,8,1,0.05
14185,1025.1,10,1,0.05
14186,1023.3,8,1,0.05
14187,1023.3,8,1,0.05
14188,985.1,10,1,0.05
14189,933.3000000000001,9,1,0.05
14190,1023.3,8,1,0.05
14191,1005.1,10,1,0.05
14192,1003.3,8,1,0.05
14193,985.1,10,1,0.05
14194,933.3,9,1,0.05
14195,1023.3,8,1,0.05
14196,1023.3,8,1,0.05
14197,1023.3,8,1,0.05
14198,973.3,9,1,0.05
14199,1023.3,8,1,0.05
14200,1023.3,8,1,0.05
14201,1023.3,8,1,0.05
14202,1023.3,8,1,0.05
14203,1023.3,8,1,0.05
14204,973.3,9,1,0.05
14205,1023.3,8,1,0.05
14206,1023.3,8,1,0.05
14207,973.3,9,1,0.05
14208,1023.3,8,1,0.05
14209,1023.3,8,1,0.05
14210,1023.3,8,1,0.05
14211,1023.3,8,1,0.05
14212,1023.3,8,1,0.05
14213,973.3,9,1,0.05
14214,1023.3,8,1,0.05
14215,1023.3,8,1,0.05
14216,1025.1,10,1,0.05
14217,1025.1,10,1,0.05
14218,953.3,9,1,0.05
14219,1023.3,8,1,0.05
14220,1023.3,8,1,0.05
14221,1023.3,8,1,0.05
14222,1023.3,8,1,0.05
14223,1023.3,8,1,0.05
14224,936.9,13,1,0.05
14225,1023.3,8,1,0.05
14226,1023.3,8,1,0.05
14227,1023.3,8,1,0.05
14228,1023.3,8,1,0.05
14229,1023.3,8,1,0.05
14230,1023.3,8,1,0.05
14231,985.1,10,1,0.05
14232,983.3,8,1,0.05
14233,985.1,10,1,0.05
14234,983.3,8,1,0.05
14235,1023.3,8,1,0.05
14236,1025.1,10,1,0.05
14237,1023.3,8,1,0.05
14238,1023.3,8,1,0.05
14239,1023.3,8,1,0.05
14240,1023.3,8,1,0.05
14241,1023.3,8,1,0.05
14242,1023.3,8,1,0.05
14243,1023.3,8,1,0.05
14244,946.9,12,1,0.05
14245,1003.3,8,1,0.05
14246,973.3,9,1,0.05
14247,985.1,10,1,0.05
14248,983.3,8,1,0.05
14249,1023.3,8,1,0.05
14250,1005.1,10,1,0.05
14251,1003.3,8,1,0.05
14252,1023.3,8,1,0.05
14253,1023.3,8,1,0.05
14254,1023.3,8,1,0.05
14255,1023.3,8,1,0.05
14256,1023.3,8,1,0.05
14257,1023.3,8,1,0.05
14258,1023.3,8,1,0.05
14259,1023.3,8,1,0.05
14260,1023.3,8,1,0.05
14261,973.3,9,1,0.05
14262,1023.3,8,1,0.05
14263,1023.3,8,1,0.05
14264,1023.3,8,1,0.05
14265,1023.3,8,1,0.05
14266,1025.1,10,1,0.05
14267,1025.1,10,1,0.05
14268,1023.3,8,1,0.05
14269,973.3,9,1,0.05
14270,1023.3,8,1,0.05
14271,1023.3,8,1,0.05
14272,1023.3,8,1,0.05
14273,1023.3,8,1,0.05
14274,1023.3,8,1,0.05
14275,1023.3,8,1,0.05
14276,1023.3,8,1,0.05
14277,1023.3,8,1,0.05
14278,1025.1,10,1,0.05
14279,1023.3,8,1,0.05
14280,1023.3,8,1,0.05
14281,935.1,11,1,0.05
14282,983.3,8,1,0.05
14283,1023.3,8,1,0.05
14284,894.1,20,1,0.05
14285,1023.3,8,1,0.05
14286,1023.3,8,1,0.05
14287,1023.3,8,1,0.05
14288,985.1,10,1,0.05
14289,983.3,8,1,0.05
14290,986.9,12,1,0.05
14291,1003.3,8,1,0.05
14292,1023.3,8,1,0.05
14293,1023.3,8,1,0.05
14294,1023.3,8,1,0.05
14295,1023.3,8,1,0.05
14296,1023.3,8,1,0.05
14297,935.1,11,1,0.05
14298,945.1,10,1,0.05
14299,965.1,10,1,0.05
14300,1003.3,8,1,0.05
14301,1023.3,8,1,0.05
14302,1023.3,8,1,0.05
14303,1023.3,8,1,0.05
14304,1023.3,8,1,0.05
14305,1030.5,16,1,0.05
14306,1023.3,8,1,0.05
14307,1023.3,8,1,0.05
14308,1023.3,8,1,0.05
14309,1023.3,8,1,0.05
14310,1023.3,8,1,0.05
14311,1023.3,8,1,0.05
14312,1023.3,8,1,0.05
14313,1023.3,8,1,0.05
14314,1023.3,8,1,0.05
14315,1030.5,16,1,0.05
14316,1023.3,8,1,0.05
14317,1023.3,8,1,0.05
14318,1005.1,10,1,0.05
14319,1003.3,8,1,0.05
14320,1023.3,8,1,0.05
14321,1023.3,8,1,0.05
14322,985.1,10,1,0.05
14323,965.1,10,1,0.05
14324,1003.3,8,1,0.05
14325,1023.3,8,1,0.05
14326,1023.3,8,1,0.05
14327,1025.1,10,1,0.05
14328,1023.3,8,1,0.05
14329,1023.3,8,1,0.05
14330,1023.3,8,1,0.05
14331,1023.3,8,1,0.05
14332,1023.3,8,1,0.05
14333,1023.3,8,1,0.05
14334,1023.3,8,1,0.05
14335,1023.3,8,1,0.05
14336,962.3,19,1,0.05
14337,975.1,11,1,0.05
14338,983.3,8,1,0.05
14339,1023.3,8,1,0.05
14340,1023.3,8,1,0.05
14341,1023.3,8,1,0.05
14342,1023.3,8,1,0.05
14343,973.3,9,1,0.05
14344,923.3000000000001,10,1,0.05
14345,1023.3,8,1,0.05
14346,973.3,9,1,0.05
14347,1023.3,8,1,0.05
14348,1023.3,8,1,0.05
14349,1023.3,8,1,0.05
14350,1023.3,8,1,0.05
14351,1023.3,8,1,0.05
14352,1005.1,10,1,0.05
14353,1003.3,8,1,0.05
14354,1023.3,8,1,0.05
14355,1023.3,8,1,0.05
14356,1023.3,8,1,0.05
14357,1025.1,10,1,0.05
14358,1023.3,8,1,0.05
14359,1023.3,8,1,0.05
14360,1023.3,8,1,0.05
14361,1023.3,8,1,0.05
14362,973.3,9,1,0.05
14363,1023.3,8,1,0.05
14364,1023.3,8,1,0.05
14365,1023.3,8,1,0.05
14366,1023.3,8,1,0.05
14367,1023.3,8,1,0.05
14368,1023.3,8,1,0.05
14369,1023.3,8,1,0.05
14370,1025.1,10,1,0.05
14371,1023.3,8,1,0.05
14372,1023.3,8,1,0.05
14373,1023.3,8,1,0.05
14374,1023.3,8,1,0.05
14375,1023.3,8,1,0.05
14376,1023.3,8,1,0.05
14377,1023.3,8,1,0.05
14378,1023.3,8,1,0.05
14379,1023.3,8,1,0.05
14380,1023.3,8,1,0.05
14381,1023.3,8,1,0.05
14382,1023.3,8,1,0.05
14383,1023.3,8,1,0.05
14384,1030.5,16,1,0.05
14385,1023.3,8,1,0.05
14386,1023.3,8,1,0.05
14387,1023.3,8,1,0.05
14388,985.1,10,1,0.05
14389,1030.5,16,1,0.05
14390,973.3,9,1,0.05
14391,1023.3,8,1,0.05
14392,1023.3,8,1,0.05
14393,1023.3,8,1,0.05
14394,1023.3,8,1,0.05
14395,1023.3,8,1,0.05
14396,985.1,10,1,0.05
14397,983.3,8,1,0.05
14398,1023.3,8,1,0.05
14399,1023.3,8,1,0.05
14400,1023.3,8,1,0.05
14401,1023.3,8,1,0.05
14402,1030.5,16,1,0.05
14403,1023.3,8,1,0.05
14404,1023.3,8,1,0.05
14405,1023.3,8,1,0.05
14406,1025.1,10,1,0.05
14407,1023.3,8,1,0.05
14408,1023.3,8,1,0.05
14409,1023.3,8,1,0.05
14410,1023.3,8,1,0.05
14411,1023.3,8,1,0.05
14412,1023.3,8,1,0.05
14413,985.1,10,1,0.05
14414,933.3000000000001,9,1,0.05
14415,1023.3,8,1,0.05
14416,1023.3,8,1,0.05
14417,1023.3,8,1,0.05
14418,1023.3,8,1,0.05
14419,1023.3,8,1,0.05
14420,1023.3,8,1,0.05
14421,1023.3,8,1,0.05
14422,1023.3,8,1,0.05
14423,1023.3,8,1,0.05
14424,1023.3,8,1,0.05
14425,1023.3,8,1,0.05
14426,1023.3,8,1,0.05
14427,1023.3,8,1,0.05
14428,1023.3,8,1,0.05
14429,985.1,10,1,0.05
14430,983.3,8,1,0.05
14431,1025.1,10,1,0.05
14432,983.3,8,1,0.05
14433,1023.3,8,1,0.05
14434,1023.3,8,1,0.05
14435,985.1,10,1,0.05
14436,983.3,8,1,0.05
14437,1025.1,10,1,0.05
14438,1023.3,8,1,0.05
14439,1023.3,8,1,0.05
14440,1023.3,8,1,0.05
14441,1023.3,8,1,0.05
14442,1023.3,8,1,0.05
14443,1023.3,8,1,0.05
14444,1023.3,8,1,0.05
14445,1023.3,8,1,0.05
14446,1023.3,8,1,0.05
14447,1023.3,8,1,0.05
14448,1023.3,8,1,0.05
14449,1023.3,8,1,0.05
14450,986.9,12,1,0.05
14451,1003.3,8,1,0.05
14452,1026.9,12,1,0.05
14453,973.3,9,1,0.05
14454,1023.3,8,1,0.05
14455,1023.3,8,1,0.05
14456,1023.3,8,1,0.05
14457,1023.3,8,1,0.05
14458,1023.3,8,1,0.05
14459,1026.9,12,1,0.05
14460,1023.3,8,1,0.05
14461,1023.3,8,1,0.05
14462,1023.3,8,1,0.05
14463,1025.1,10,1,0.05
14464,1023.3,8,1,0.05
14465,1023.3,8,1,0.05
14466,1023.3,8,1,0.05
14467,1023.3,8,1,0.05
14468,985.1,10,1,0.05
14469,983.3,8,1,0.05
14470,1023.3,8,1,0.05
14471,1023.3,8,1,0.05
14472,986.9,12,1,0.05
14473,982.3,18,1,0.05
14474,1023.3,8,1,0.05
14475,1023.3,8,1,0.05
14476,1023.3,8,1,0.05
14477,1023.3,8,1,0.05
14478,1023.3,8,1,0.05
14479,1023.3,8,1,0.05
14480,1023.3,8,1,0.05
14481,1023.3,8,1,0.05
14482,1023.3,8,1,0.05
14483,1023.3,8,1,0.05
14484,1023.3,8,1,0.05
14485,985.1,10,1,0.05
14486,983.3,8,1,0.05
14487,935.1,11,1,0.05
14488,983.3,8,1,0.05
14489,1023.3,8,1,0.05
14490,1025.1,10,1,0.05
14491,1023.3,8,1,0.05
14492,1023.3,8,1,0.05
14493,1023.3,8,1,0.05
14494,1023.3,8,1,0.05
14495,1023.3,8,1,0.05
14496,973.3,9,1,0.05
14497,1005.1,10,1,0.05
14498,965.1,10,1,0.05
14499,1005.1,10,1,0.05
14500,1025.1,10,1,0.05
14501,973.3,9,1,0.05
14502,1025.1,10,1,0.05
14503,1025.1,10,1,0.05
14504,1025.1,10,1,0.05
14505,1026.9,12,1,0.05
14506,1025.1,10,1,0.05
14507,975.1,11,1,0.05
14508,1025.1,10,1,0.05
14509,976.9,13,1,0.05
14510,1025.1,10,1,0.05
14511,956.9,13,1,0.05
14512,1025.1,10,1,0.05
14513,1026.9,12,1,0.05
14514,1025.1,10,1,0.05
14515,1025.1,10,1,0.05
14516,975.1,11,1,0.05
14517,1026.9,12,1,0.05
14518,1025.1,10,1,0.05
14519,1025.1,10,1,0.05
14520,1025.1,10,1,0.05
14521,1025.1,10,1,0.05
14522,1025.1,10,1,0.05
14523,1025.1,10,1,0.05
14524,1025.1,10,1,0.05
14525,1025.1,10,1,0.05
14526,975.1,11,1,0.05
14527,1025.1,10,1,0.05
14528,1025.1,10,1,0.05
14529,1010.5,16,1,0.05
14530,1025.1,10,1,0.05
14531,1026.9,12,1,0.05
14532,1025.1,10,1,0.05
14533,1025.1,10,1,0.05
14534,1025.1,10,1,0.05
14535,1025.1,10,1,0.05
14536,1025.1,10,1,0.05
14537,1025.1,10,1,0.05
14538,1025.1,10,1,0.05
14539,1025.1,10,1,0.05
14540,1025.1,10,1,0.05
14541,1025.1,10,1,0.05
14542,1025.1,10,1,0.05
14543,1025.1,10,1,0.05
14544,1025.1,10,1,0.05
14545,1025.1,10,1,0.05
14546,1025.1,10,1,0.05
14547,1025.1,10,1,0.05
14548,1025.1,10,1,0.05
14549,1025.1,10,1,0.05
14550,1025.1,10,1,0.05
14551,1025.1,10,1,0.05
14552,1025.1,10,1,0.05
14553,1025.1,10,1,0.05
14554,1025.1,10,1,0.05
14555,1025.1,10,1,0.05
14556,925.1,12,1,0.05
14557,1026.9,12,1,0.05
14558,1026.9,12,1,0.05
14559,1025.1,10,1,0.05
14560,1025.1,10,1,0.05
14561,1025.1,10,1,0.05
14562,1025.1,10,1,0.05
14563,975.1,11,1,0.05
14564,1026.9,12,1,0.05
14565,1025.1,10,1,0.05
14566,1026.9,12,1,0.05
14567,1025.1,10,1,0.05
14568,1025.1,10,1,0.05
14569,975.1,11,1,0.05
14570,1025.1,10,1,0.05
14571,1025.1,10,1,0.05
14572,1025.1,10,1,0.05
14573,1025.1,10,1,0.05
14574,1025.1,10,1,0.05
14575,1026.9,12,1,0.05
14576,1025.1,10,1,0.05
14577,1025.1,10,1,0.05
14578,1026.9,12,1,0.05
14579,1025.1,10,1,0.05
14580,1025.1,10,1,0.05
14581,925.1,12,1,0.05
14582,1025.1,10,1,0.05
14583,975.1,11,1,0.05
14584,1026.9,12,1,0.05
14585,1026.9,12,1,0.05
14586,857.7,24,1,0.05
14587,1025.1,10,1,0.05
14588,1025.1,10,1,0.05
14589,1025.1,10,1,0.05
14590,1030.5,16,1,0.05
14591,1032.3,18,1,0.05
14592,1025.1,10,1,0.05
14593,1025.1,10,1,0.05
14594,1026.9,12,1,0.05
14595,1025.1,10,1,0.05
14596,1025.1,10,1,0.05
14597,1025.1,10,1,0.05
14598,1025.1,10,1,0.05
14599,1025.1,10,1,0.05
14600,1025.1,10,1,0.05
14601,975.1,11,1,0.05
14602,1025.1,10,1,0.05
14603,1025.1,10,1,0.05
14604,1026.9,12,1,0.05
14605,1025.1,10,1,0.05
14606,1025.1,10,1,0.05
14607,1025.1,10,1,0.05
14608,1028.7,14,1,0.05
14609,1025.1,10,1,0.05
14610,1025.1,10,1,0.05
14611,1025.1,10,1,0.05
14612,1025.1,10,1,0.05
14613,1025.1,10,1,0.05
14614,1025.1,10,1,0.05
14615,1025.1,10,1,0.05
14616,1025.1,10,1,0.05
14617,1026.9,12,1,0.05
14618,1025.1,10,1,0.05
14619,976.9,13,1,0.05
14620,1026.9,12,1,0.05
14621,1025.1,10,1,0.05
14622,1025.1,10,1,0.05
14623,1025.1,10,1,0.05
14624,1025.1,10,1,0.05
14625,1025.1,10,1,0.05
14626,1025.1,10,1,0.05
14627,975.1,11,1,0.05
14628,1025.1,10,1,0.05
14629,1028.7,14,1,0.05
14630,1025.1,10,1,0.05
14631,1026.9,12,1,0.05
14632,1025.1,10,1,0.05
14633,1025.1,10,1,0.05
14634,1025.1,10,1,0.05
14635,1025.1,10,1,0.05
14636,1026.9,12,1,0.05
14637,1025.1,10,1,0.05
14638,1025.1,10,1,0.05
14639,1025.1,10,1,0.05
14640,976.9,13,1,0.05
14641,1025.1,10,1,0.05
14642,1025.1,10,1,0.05
14643,1025.1,10,1,0.05
14644,1025.1,10,1,0.05
14645,1025.1,10,1,0.05
14646,1025.1,10,1,0.05
14647,975.1,11,1,0.05
14648,1025.1,10,1,0.05
14649,1025.1,10,1,0.05
14650,1025.1,10,1,0.05
14651,975.1,11,1,0.05
14652,1025.1,10,1,0.05
14653,1028.7,14,1,0.05
14654,1025.1,10,1,0.05
14655,1025.1,10,1,0.05
14656,1025.1,10,1,0.05
14657,1025.1,10,1,0.05
14658,1025.1,10,1,0.05
14659,1025.1,10,1,0.05
14660,1025.1,10,1,0.05
14661,1025.1,10,1,0.05
14662,1026.9,12,1,0.05
14663,1026.9,12,1,0.05
14664,1025.1,10,1,0.05
14665,1025.1,10,1,0.05
14666,1026.9,12,1,0.05
14667,1025.1,10,1,0.05
14668,1025.1,10,1,0.05
14669,1025.1,10,1,0.05
14670,1023.3,8,1,0.05
14671,1025.1,10,1,0.05
14672,1025.1,10,1,0.05
14673,1025.1,10,1,0.05
14674,1026.9,12,1,0.05
14675,1025.1,10,1,0.05
14676,1025.1,10,1,0.05
14677,1025.1,10,1,0.05
14678,1025.1,10,1,0.05
14679,1026.9,12,1,0.05
14680,1026.9,12,1,0.05
14681,1025.1,10,1,0.05
14682,1026.9,12,1,0.05
14683,1025.1,10,1,0.05
14684,1025.1,10,1,0.05
14685,1025.1,10,1,0.05
14686,1025.1,10,1,0.05
14687,1025.1,10,1,0.05
14688,1026.9,12,1,0.05
14689,1025.1,10,1,0.05
14690,1025.1,10,1,0.05
14691,1026.9,12,1,0.05
14692,1025.1,10,1,0.05
14693,1025.1,10,1,0.05
14694,1025.1,10,1,0.05
14695,1025.1,10,1,0.05
14696,1025.1,10,1,0.05
14697,1025.1,10,1,0.05
14698,975.1,11,1,0.05
14699,1025.1,10,1,0.05
14700,1025.1,10,1,0.05
14701,978.7,15,1,0.05
14702,1025.1,10,1,0.05
14703,1025.1,10,1,0.05
14704,1026.9,12,1,0.05
14705,1025.1,10,1,0.05
14706,975.1,11,1,0.05
14707,1025.1,10,1,0.05
14708,1025.1,10,1,0.05
14709,1025.1,10,1,0.05
14710,1026.9,12,1,0.05
14711,1026.9,12,1,0.05
14712,1025.1,10,1,0.05
14713,1025.1,10,1,0.05
14714,1025.1,10,1,0.05
14715,975.1,11,1,0.05
14716,1025.1,10,1,0.05
14717,1026.9,12,1,0.05
14718,978.7,15,1,0.05
14719,975.1,11,1,0.05
14720,1028.7,14,1,0.05
14721,1025.1,10,1,0.05
14722,975.1,11,1,0.05
14723,1028.7,14,1,0.05
14724,1025.1,10,1,0.05
14725,1026.9,12,1,0.05
14726,1025.1,10,1,0.05
14727,1025.1,10,1,0.05
14728,1026.9,12,1,0.05
14729,1026.9,12,1,0.05
14730,1025.1,10,1,0.05
14731,976.9,13,1,0.05
14732,1025.1,10,1,0.05
14733,1026.9,12,1,0.05
14734,975.1,11,1,0.05
14735,1025.1,10,1,0.05
14736,1025.1,10,1,0.05
14737,1025.1,10,1,0.05
14738,1025.1,10,1,0.05
14739,1026.9,12,1,0.05
14740,1025.1,10,1,0.05
14741,1025.1,10,1,0.05
14742,1025.1,10,1,0.05
14743,1025.1,10,1,0.05
14744,1025.1,10,1,0.05
14745,1026.9,12,1,0.05
14746,1025.1,10,1,0.05
14747,1025.1,10,1,0.05
14748,1025.1,10,1,0.05
14749,1025.1,10,1,0.05
14750,1025.1,10,1,0.05
14751,1025.1,10,1,0.05
14752,1026.9,12,1,0.05
14753,1025.1,10,1,0.05
14754,1025.1,10,1,0.05
14755,1025.1,10,1,0.05
14756,1008.7,14,1,0.05
14757,1026.9,12,1,0.05
14758,975.1,11,1,0.05
14759,1025.1,10,1,0.05
14760,1025.1,10,1,0.05
14761,1025.1,10,1,0.05
14762,1026.9,12,1,0.05
14763,1025.1,10,1,0.05
14764,1025.1,10,1,0.05
14765,1025.1,10,1,0.05
14766,1025.1,10,1,0.05
14767,975.1,11,1,0.05
14768,1025.1,10,1,0.05
14769,1025.1,10,1,0.05
14770,1006.9,12,1,0.05
14771,976.9,13,1,0.05
14772,975.1,11,1,0.05
14773,1025.1,10,1,0.05
14774,1025.1,10,1,0.05
14775,1025.1,10,1,0.05
14776,1026.9,12,1,0.05
14777,1023.3,8,1,0.05
14778,1025.1,10,1,0.05
14779,1025.1,10,1,0.05
14780,1025.1,10,1,0.05
14781,1025.1,10,1,0.05
14782,1025.1,10,1,0.05
14783,1025.1,10,1,0.05
14784,1025.1,10,1,0.05
14785,1025.1,10,1,0.05
14786,1023.3,8,1,0.05
14787,1025.1,10,1,0.05
14788,1025.1,10,1,0.05
14789,976.9,13,1,0.05
14790,1025.1,10,1,0.05
14791,1025.1,10,1,0.05
14792,1025.1,10,1,0.05
14793,975.1,11,1,0.05
14794,975.1,11,1,0.05
14795,1025.1,10,1,0.05
14796,1025.1,10,1,0.05
14797,976.9,13,1,0.05
14798,1025.1,10,1,0.05
14799,1026.9,12,1,0.05
14800,975.1,11,1,0.05
14801,1025.1,10,1,0.05
14802,1025.1,10,1,0.05
14803,1025.1,10,1,0.05
14804,1025.1,10,1,0.05
14805,1025.1,10,1,0.05
14806,1025.1,10,1,0.05
14807,975.1,11,1,0.05
14808,1025.1,10,1,0.05
14809,1025.1,10,1,0.05
14810,1026.9,12,1,0.05
14811,1025.1,10,1,0.05
14812,1025.1,10,1,0.05
14813,1025.1,10,1,0.05
14814,1025.1,10,1,0.05
14815,1025.1,10,1,0.05
14816,1025.1,10,1,0.05
14817,1025.1,10,1,0.05
14818,1025.1,10,1,0.05
14819,1025.1,10,1,0.05
14820,1026.9,12,1,0.05
14821,1026.9,12,1,0.05
14822,1026.9,12,1,0.05
14823,1025.1,10,1,0.05
14824,1025.1,10,1,0.05
14825,1025.1,10,1,0.05
14826,975.1,11,1,0.05
14827,925.1,12,1,0.05
14828,1023.3,8,1,0.05
14829,1025.1,10,1,0.05
14830,1025.1,10,1,0.05
14831,975.1,11,1,0.05
14832,1026.9,12,1,0.05
14833,1026.9,12,1,0.05
14834,1025.1,10,1,0.05
14835,1025.1,10,1,0.05
14836,1025.1,10,1,0.05
14837,1025.1,10,1,0.05
14838,1025.1,10,1,0.05
14839,1025.1,10,1,0.05
14840,1025.1,10,1,0.05
14841,1025.1,10,1,0.05
14842,1025.1,10,1,0.05
14843,1008.7,14,1,0.05
14844,1025.1,10,1,0.05
14845,976.9,13,1,0.05
14846,975.1,11,1,0.05
14847,976.9,13,1,0.05
14848,1025.1,10,1,0.05
14849,976.9,13,1,0.05
14850,1025.1,10,1,0.05
14851,1025.1,10,1,0.05
14852,1026.9,12,1,0.05
14853,1025.1,10,1,0.05
14854,1025.1,10,1,0.05
14855,1025.1,10,1,0.05
14856,1025.1,10,1,0.05
14857,1025.1,10,1,0.05
14858,1025.1,10,1,0.05
14859,1025.1,10,1,0.05
14860,1025.1,10,1,0.05
14861,1025.1,10,1,0.05
14862,1028.7,14,1,0.05
14863,1025.1,10,1,0.05
14864,1025.1,10,1,0.05
14865,1025.1,10,1,0.05
14866,976.9,13,1,0.05
14867,1025.1,10,1,0.05
14868,1026.9,12,1,0.05
14869,1025.1,10,1,0.05
14870,1023.3,8,1,0.05
14871,1026.9,12,1,0.05
14872,1025.1,10,1,0.05
14873,975.1,11,1,0.05
14874,1025.1,10,1,0.05
14875,1025.1,10,1,0.05
14876,975.1,11,1,0.05
14877,1025.1,10,1,0.05
14878,1025.1,10,1,0.05
14879,1025.1,10,1,0.05
14880,1025.1,10,1,0.05
14881,1025.1,10,1,0.05
14882,1025.1,10,1,0.05
14883,1026.9,12,1,0.05
14884,1025.1,10,1,0.05
14885,1025.1,10,1,0.05
14886,1026.9,12,1,0.05
14887,1025.1,10,1,0.05
14888,1026.9,12,1,0.05
14889,1025.1,10,1,0.05
14890,1025.1,10,1,0.05
14891,1025.1,10,1,0.05
14892,1023.3,8,1,0.05
14893,1025.1,10,1,0.05
14894,1025.1,10,1,0.05
14895,1025.1,10,1,0.05
14896,975.1,11,1,0.05
14897,975.1,11,1,0.05
14898,1025.1,10,1,0.05
14899,1025.1,10,1,0.05
14900,1025.1,10,1,0.05
14901,1025.1,10,1,0.05
14902,1025.1,10,1,0.05
14903,1025.1,10,1,0.05
14904,1023.3,8,1,0.05
14905,975.1,11,1,0.05
14906,1025.1,10,1,0.05
14907,975.1,11,1,0.05
14908,1025.1,10,1,0.05
14909,1025.1,10,1,0.05
14910,1025.1,10,1,0.05
14911,1025.1,10,1,0.05
14912,1025.1,10,1,0.05
14913,1025.1,10,1,0.05
14914,975.1,11,1,0.05
14915,1023.3,8,1,0.05
14916,1025.1,10,1,0.05
14917,1030.5,16,1,0.05
14918,1026.9,12,1,0.05
14919,1025.1,10,1,0.05
14920,1026.9,12,1,0.05
14921,1026.9,12,1,0.05
14922,1025.1,10,1,0.05
14923,1025.1,10,1,0.05
14924,1025.1,10,1,0.05
14925,1025.1,10,1,0.05
14926,1025.1,10,1,0.05
14927,1026.9,12,1,0.05
14928,1025.1,10,1,0.05
14929,1025.1,10,1,0.05
14930,1025.1,10,1,0.05
14931,1025.1,10,1,0.05
14932,1025.1,10,1,0.05
14933,1026.9,12,1,0.05
14934,1025.1,10,1,0.05
14935,1025.1,10,1,0.05
14936,1026.9,12,1,0.05
14937,1025.1,10,1,0.05
14938,1025.1,10,1,0.05
14939,1025.1,10,1,0.05
14940,1025.1,10,1,0.05
14941,1025.1,10,1,0.05
14942,1025.1,10,1,0.05
14943,1025.1,10,1,0.05
14944,1025.1,10,1,0.05
14945,975.1,11,1,0.05
14946,975.1,11,1,0.05
14947,1026.9,12,1,0.05
14948,1023.3,8,1,0.05
14949,1025.1,10,1,0.05
14950,1026.9,12,1,0.05
14951,1025.1,10,1,0.05
14952,1025.1,10,1,0.05
14953,1025.1,10,1,0.05
14954,1025.1,10,1,0.05
14955,1025.1,10,1,0.05
14956,1025.1,10,1,0.05
14957,1025.1,10,1,0.05
14958,1025.1,10,1,0.05
14959,1025.1,10,1,0.05
14960,1025.1,10,1,0.05
14961,1025.1,10,1,0.05
14962,1026.9,12,1,0.05
14963,1025.1,10,1,0.05
14964,1025.1,10,1,0.05
14965,1030.5,16,1,0.05
14966,1025.1,10,1,0.05
14967,1025.1,10,1,0.05
14968,1025.1,10,1,0.05
14969,1025.1,10,1,0.05
14970,925.1,12,1,0.05
14971,1028.7,14,1,0.05
14972,1025.1,10,1,0.05
14973,1025.1,10,1,0.05
14974,976.9,13,1,0.05
14975,1025.1,10,1,0.05
14976,1025.1,10,1,0.05
14977,1025.1,10,1,0.05
14978,1026.9,12,1,0.05
14979,1025.1,10,1,0.05
14980,1025.1,10,1,0.05
14981,1025.1,10,1,0.05
14982,1025.1,10,1,0.05
14983,1026.9,12,1,0.05
14984,1025.1,10,1,0.05
14985,1025.1,10,1,0.05
14986,975.1,11,1,0.05
14987,975.1,11,1,0.05
14988,1025.1,10,1,0.05
14989,1025.1,10,1,0.05
14990,1025.1,10,1,0.05
14991,1028.7,14,1,0.05
14992,1025.1,10,1,0.05
14993,1025.1,10,1,0.05
14994,1025.1,10,1,0.05
14995,975.1,11,1,0.05
14996,1025.1,10,1,0.05
14997,1025.1,10,1,0.05
14998,1025.1,10,1,0.05
14999,1025.1,10,1,0.05
15000,975.1,11,1,0.05
15001,1025.1,10,1,0.05
15002,1025.1,10,1,0.05
15003,1025.1,10,1,0.05
15004,1025.1,10,1,0.05
15005,1025.1,10,1,0.05
15006,1025.1,10,1,0.05
15007,1025.1,10,1,0.05
15008,1025.1,10,1,0.05
15009,1025.1,10,1,0.05
15010,975.1,11,1,0.05
15011,1025.1,10,1,0.05
15012,1025.1,10,1,0.05
15013,1026.9,12,1,0.05
15014,1028.7,14,1,0.05
15015,1025.1,10,1,0.05
15016,1025.1,10,1,0.05
15017,1025.1,10,1,0.05
15018,1026.9,12,1,0.05
15019,1025.1,10,1,0.05
15020,1025.1,10,1,0.05
15021,975.1,11,1,0.05
15022,1026.9,12,1,0.05
15023,1026.9,12,1,0.05
15024,1025.1,10,1,0.05
15025,1025.1,10,1,0.05
15026,1025.1,10,1,0.05
15027,1025.1,10,1,0.05
15028,975.1,11,1,0.05
15029,1025.1,10,1,0.05
15030,1025.1,10,1,0.05
15031,1025.1,10,1,0.05
15032,1025.1,10,1,0.05
15033,1025.1,10,1,0.05
15034,1025.1,10,1,0.05
15035,1025.1,10,1,0.05
15036,1026.9,12,1,0.05
15037,1025.1,10,1,0.05
15038,1026.9,12,1,0.05
15039,1025.1,10,1,0.05
15040,1025.1,10,1,0.05
15041,1025.1,10,1,0.05
15042,1025.1,10,1,0.05
15043,1032.3,18,1,0.05
15044,1025.1,10,1,0.05
15045,1025.1,10,1,0.05
15046,1025.1,10,1,0.05
15047,1025.1,10,1,0.05
15048,1025.1,10,1,0.05
15049,1025.1,10,1,0.05
15050,1025.1,10,1,0.05
15051,926.9000000000001,14,1,0.05
15052,1023.3,8,1,0.05
15053,1025.1,10,1,0.05
15054,1025.1,10,1,0.05
15055,976.9,13,1,0.05
15056,1025.1,10,1,0.05
15057,1025.1,10,1,0.05
15058,975.1,11,1,0.05
15059,1026.9,12,1,0.05
15060,1025.1,10,1,0.05
15061,1026.9,12,1,0.05
15062,1025.1,10,1,0.05
15063,1025.1,10,1,0.05
15064,975.1,11,1,0.05
15065,1026.9,12,1,0.05
15066,1025.1,10,1,0.05
15067,1025.1,10,1,0.05
15068,1025.1,10,1,0.05
15069,1025.1,10,1,0.05
15070,1025.1,10,1,0.05
15071,1025.1,10,1,0.05
15072,975.1,11,1,0.05
15073,1025.1,10,1,0.05
15074,1023.3,8,1,0.05
15075,1025.1,10,1,0.05
15076,1025.1,10,1,0.05
15077,1028.7,14,1,0.05
15078,1025.1,10,1,0.05
15079,1025.1,10,1,0.05
15080,1025.1,10,1,0.05
15081,1025.1,10,1,0.05
15082,1025.1,10,1,0.05
15083,1025.1,10,1,0.05
15084,1025.1,10,1,0.05
15085,1025.1,10,1,0.05
15086,1023.3,8,1,0.05
15087,1023.3,8,1,0.05
15088,1006.9,12,1,0.05
15089,975.1,11,1,0.05
15090,1025.1,10,1,0.05
15091,1030.5,16,1,0.05
15092,1025.1,10,1,0.05
15093,975.1,11,1,0.05
15094,1025.1,10,1,0.05
15095,1026.9,12,1,0.05
15096,1025.1,10,1,0.05
15097,1025.1,10,1,0.05
15098,1025.1,10,1,0.05
15099,975.1,11,1,0.05
15100,978.7,15,1,0.05
15101,1025.1,10,1,0.05
15102,1025.1,10,1,0.05
15103,1025.1,10,1,0.05
15104,1025.1,10,1,0.05
15105,1025.1,10,1,0.05
15106,1026.9,12,1,0.05
15107,1025.1,10,1,0.05
15108,1025.1,10,1,0.05
15109,976.9,13,1,0.05
15110,1026.9,12,1,0.05
15111,1025.1,10,1,0.05
15112,1025.1,10,1,0.05
15113,1028.7,14,1,0.05
15114,1025.1,10,1,0.05
15115,1025.1,10,1,0.05
15116,1025.1,10,1,0.05
15117,1025.1,10,1,0.05
15118,975.1,11,1,0.05
15119,975.1,11,1,0.05
15120,975.1,11,1,0.05
15121,1025.1,10,1,0.05
15122,1025.1,10,1,0.05
15123,1026.9,12,1,0.05
15124,1025.1,10,1,0.05
15125,1025.1,10,1,0.05
15126,1025.1,10,1,0.05
15127,1025.1,10,1,0.05
15128,1025.1,10,1,0.05
15129,1025.1,10,1,0.05
15130,1025.1,10,1,0.05
15131,1025.1,10,1,0.05
15132,1025.1,10,1,0.05
15133,1028.7,14,1,0.05
15134,1026.9,12,1,0.05
15135,1026.9,12,1,0.05
15136,1025.1,10,1,0.05
15137,1026.9,12,1,0.05
15138,1025.1,10,1,0.05
15139,1026.9,12,1,0.05
15140,1025.1,10,1,0.05
15141,1025.1,10,1,0.05
15142,1025.1,10,1,0.05
15143,1025.1,10,1,0.05
15144,1025.1,10,1,0.05
15145,1025.1,10,1,0.05
15146,1025.1,10,1,0.05
15147,1025.1,10,1,0.05
15148,975.1,11,1,0.05
15149,1025.1,10,1,0.05
15150,1026.9,12,1,0.05
15151,1025.1,10,1,0.05
15152,1025.1,10,1,0.05
15153,1025.1,10,1,0.05
15154,1025.1,10,1,0.05
15155,1025.1,10,1,0.05
15156,1025.1,10,1,0.05
15157,1025.1,10,1,0.05
15158,1025.1,10,1,0.05
15159,1025.1,10,1,0.05
15160,1026.9,12,1,0.05
15161,1025.1,10,1,0.05
15162,1023.3,8,1,0.05
15163,1025.1,10,1,0.05
15164,1025.1,10,1,0.05
15165,1025.1,10,1,0.05
15166,975.1,11,1,0.05
15167,1026.9,12,1,0.05
15168,1025.1,10,1,0.05
15169,1025.1,10,1,0.05
15170,1025.1,10,1,0.05
15171,1026.9,12,1,0.05
15172,1025.1,10,1,0.05
15173,1028.7,14,1,0.05
15174,1025.1,10,1,0.05
15175,1026.9,12,1,0.05
15176,1025.1,10,1,0.05
15177,1025.1,10,1,0.05
15178,1025.1,10,1,0.05
15179,1025.1,10,1,0.05
15180,1025.1,10,1,0.05
15181,1025.1,10,1,0.05
15182,1025.1,10,1,0.05
15183,1025.1,10,1,0.05
15184,925.1,12,1,0.05
15185,1025.1,10,1,0.05
15186,1026.9,12,1,0.05
15187,978.6999999999999,15,1,0.05
15188,1025.1,10,1,0.05
15189,1025.1,10,1,0.05
15190,1025.1,10,1,0.05
15191,1025.1,10,1,0.05
15192,975.1,11,1,0.05
15193,1025.1,10,1,0.05
15194,1025.1,10,1,0.05
15195,1025.1,10,1,0.05
15196,1025.1,10,1,0.05
15197,1025.1,10,1,0.05
15198,1026.9,12,1,0.05
15199,1025.1,10,1,0.05
15200,1025.1,10,1,0.05
15201,875.1,13,1,0.05
15202,1025.1,10,1,0.05
15203,1025.1,10,1,0.05
15204,1025.1,10,1,0.05
15205,1025.1,10,1,0.05
15206,1023.3,8,1,0.05
15207,1023.3,8,1,0.05
15208,1025.1,10,1,0.05
15209,975.1,11,1,0.05
15210,1025.1,10,1,0.05
15211,1025.1,10,1,0.05
15212,1025.1,10,1,0.05
15213,1026.9,12,1,0.05
15214,1025.1,10,1,0.05
15215,975.1,11,1,0.05
15216,1025.1,10,1,0.05
15217,1025.1,10,1,0.05
15218,1023.3,8,1,0.05
15219,1026.9,12,1,0.05
15220,1025.1,10,1,0.05
15221,976.9,13,1,0.05
15222,1026.9,12,1,0.05
15223,975.1,11,1,0.05
15224,1025.1,10,1,0.05
15225,1025.1,10,1,0.05
15226,975.1,11,1,0.05
15227,1028.7,14,1,0.05
15228,1025.1,10,1,0.05
15229,1026.9,12,1,0.05
15230,1026.9,12,1,0.05
15231,1025.1,10,1,0.05
15232,1025.1,10,1,0.05
15233,1026.9,12,1,0.05
15234,1025.1,10,1,0.05
15235,1025.1,10,1,0.05
15236,1025.1,10,1,0.05
15237,1025.1,10,1,0.05
15238,1025.1,10,1,0.05
15239,1025.1,10,1,0.05
15240,925.1,12,1,0.05
15241,1025.1,10,1,0.05
15242,1025.1,10,1,0.05
15243,1025.1,10,1,0.05
15244,975.1,11,1,0.05
15245,1026.9,12,1,0.05
15246,1025.1,10,1,0.05
15247,1026.9,12,1,0.05
15248,1025.1,10,1,0.05
15249,1025.1,10,1,0.05
15250,1025.1,10,1,0.05
15251,1025.1,10,1,0.05
15252,1025.1,10,1,0.05
15253,1025.1,10,1,0.05
15254,1028.7,14,1,0.05
15255,1025.1,10,1,0.05
15256,975.1,11,1,0.05
15257,1025.1,10,1,0.05
15258,1025.1,10,1,0.05
15259,1025.1,10,1,0.05
15260,1025.1,10,1,0.05
15261,1028.7,14,1,0.05
15262,1025.1,10,1,0.05
15263,1025.1,10,1,0.05
15264,1026.9,12,1,0.05
15265,1026.9,12,1,0.05
15266,1025.1,10,1,0.05
15267,1005.1,10,1,0.05
15268,1026.9,12,1,0.05
15269,1025.1,10,1,0.05
15270,1025.1,10,1,0.05
15271,1025.1,10,1,0.05
15272,1025.1,10,1,0.05
15273,1025.1,10,1,0.05
15274,1025.1,10,1,0.05
15275,1026.9,12,1,0.05
15276,1025.1,10,1,0.05
15277,1026.9,12,1,0.05
15278,1023.3,8,1,0.05
15279,1025.1,10,1,0.05
15280,1023.3,8,1,0.05
15281,975.1,11,1,0.05
15282,1025.1,10,1,0.05
15283,1025.1,10,1,0.05
15284,1030.5,16,1,0.05
15285,1023.3,8,1,0.05
15286,1026.9,12,1,0.05
15287,1025.1,10,1,0.05
15288,1025.1,10,1,0.05
15289,1023.3,8,1,0.05
15290,1025.1,10,1,0.05
15291,1025.1,10,1,0.05
15292,1025.1,10,1,0.05
15293,1030.5,16,1,0.05
15294,1025.1,10,1,0.05
15295,1025.1,10,1,0.05
15296,1026.9,12,1,0.05
15297,1030.5,16,1,0.05
15298,1026.9,12,1,0.05
15299,1025.1,10,1,0.05
15300,975.1,11,1,0.05
15301,1025.1,10,1,0.05
15302,1025.1,10,1,0.05
15303,1025.1,10,1,0.05
15304,1025.1,10,1,0.05
15305,1025.1,10,1,0.05
15306,1025.1,10,1,0.05
15307,1025.1,10,1,0.05
15308,1025.1,10,1,0.05
15309,1025.1,10,1,0.05
15310,1026.9,12,1,0.05
15311,1025.1,10,1,0.05
15312,1025.1,10,1,0.05
15313,1025.1,10,1,0.05
15314,1025.1,10,1,0.05
15315,1028.7,14,1,0.05
15316,1025.1,10,1,0.05
15317,1025.1,10,1,0.05
15318,1025.1,10,1,0.05
15319,1025.1,10,1,0.05
15320,1026.9,12,1,0.05
15321,975.1,11,1,0.05
15322,1025.1,10,1,0.05
15323,1025.1,10,1,0.05
15324,1025.1,10,1,0.05
15325,1025.1,10,1,0.05
15326,976.9,13,1,0.05
15327,1025.1,10,1,0.05
15328,1025.1,10,1,0.05
15329,1028.7,14,1,0.05
15330,1025.1,10,1,0.05
15331,1025.1,10,1,0.05
15332,1025.1,10,1,0.05
15333,1025.1,10,1,0.05
15334,1023.3,8,1,0.05
15335,1025.1,10,1,0.05
15336,1025.1,10,1,0.05
15337,1025.1,10,1,0.05
15338,1025.1,10,1,0.05
15339,975.1,11,1,0.05
15340,1025.1,10,1,0.05
15341,1025.1,10,1,0.05
15342,1023.3,8,1,0.05
15343,1025.1,10,1,0.05
15344,1025.1,10,1,0.05
15345,1023.3,8,1,0.05
15346,1025.1,10,1,0.05
15347,1026.9,12,1,0.05
15348,1025.1,10,1,0.05
15349,1025.1,10,1,0.05
15350,975.1,11,1,0.05
15351,975.1,11,1,0.05
15352,1026.9,12,1,0.05
15353,1025.1,10,1,0.05
15354,1025.1,10,1,0.05
15355,1028.7,14,1,0.05
15356,1025.1,10,1,0.05
15357,1025.1,10,1,0.05
15358,1025.1,10,1,0.05
15359,1026.9,12,1,0.05
15360,1025.1,10,1,0.05
15361,1025.1,10,1,0.05
15362,1025.1,10,1,0.05
15363,1025.1,10,1,0.05
15364,1025.1,10,1,0.05
15365,1025.1,10,1,0.05
15366,1025.1,10,1,0.05
15367,976.9,13,1,0.05
15368,1025.1,10,1,0.05
15369,1025.1,10,1,0.05
15370,975.1,11,1,0.05
15371,1025.1,10,1,0.05
15372,1025.1,10,1,0.05
15373,1026.9,12,1,0.05
15374,975.1,11,1,0.05
15375,973.3,9,1,0.05
15376,1025.1,10,1,0.05
15377,1025.1,10,1,0.05
15378,1025.1,10,1,0.05
15379,1026.9,12,1,0.05
15380,1025.1,10,1,0.05
15381,1025.1,10,1,0.05
15382,1025.1,10,1,0.05
15383,975.1,11,1,0.05
15384,1026.9,12,1,0.05
15385,1025.1,10,1,0.05
15386,1025.1,10,1,0.05
15387,1032.3,18,1,0.05
15388,975.1,11,1,0.05
15389,1025.1,10,1,0.05
15390,1025.1,10,1,0.05
15391,1026.9,12,1,0.05
15392,1025.1,10,1,0.05
15393,1025.1,10,1,0.05
15394,1025.1,10,1,0.05
15395,1026.9,12,1,0.05
15396,975.1,11,1,0.05
15397,1025.1,10,1,0.05
15398,976.9,13,1,0.05
15399,1025.1,10,1,0.05
15400,1023.3,8,1,0.05
15401,1025.1,10,1,0.05
15402,1025.1,10,1,0.05
15403,1025.1,10,1,0.05
15404,1025.1,10,1,0.05
15405,1025.1,10,1,0.05
15406,1025.1,10,1,0.05
15407,1025.1,10,1,0.05
15408,1025.1,10,1,0.05
15409,975.1,11,1,0.05
15410,1025.1,10,1,0.05
15411,1025.1,10,1,0.05
15412,1025.1,10,1,0.05
15413,1025.1,10,1,0.05
15414,1025.1,10,1,0.05
15415,975.1,11,1,0.05
15416,975.1,11,1,0.05
15417,1026.9,12,1,0.05
15418,1025.1,10,1,0.05
15419,1025.1,10,1,0.05
15420,958.7,15,1,0.05
15421,1025.1,10,1,0.05
15422,1025.1,10,1,0.05
15423,1025.1,10,1,0.05
15424,1025.1,10,1,0.05
15425,1025.1,10,1,0.05
15426,1025.1,10,1,0.05
15427,1026.9,12,1,0.05
15428,1023.3,8,1,0.05
15429,1025.1,10,1,0.05
15430,1025.1,10,1,0.05
15431,1025.1,10,1,0.05
15432,1025.1,10,1,0.05
15433,1025.1,10,1,0.05
15434,1025.1,10,1,0.05
15435,1026.9,12,1,0.05
15436,1025.1,10,1,0.05
15437,1025.1,10,1,0.05
15438,1026.9,12,1,0.05
15439,1025.1,10,1,0.05
15440,975.1,11,1,0.05
15441,1026.9,12,1,0.05
15442,1023.3,8,1,0.05
15443,975.1,11,1,0.05
15444,975.1,11,1,0.05
15445,1025.1,10,1,0.05
15446,935.1,11,1,0.05
15447,1025.1,10,1,0.05
15448,1025.1,10,1,0.05
15449,1025.1,10,1,0.05
15450,1025.1,10,1,0.05
15451,1025.1,10,1,0.05
15452,1025.1,10,1,0.05
15453,975.1,11,1,0.05
15454,1025.1,10,1,0.05
15455,975.1,11,1,0.05
15456,1025.1,10,1,0.05
15457,1025.1,10,1,0.05
15458,1025.1,10,1,0.05
15459,1026.9,12,1,0.05
15460,1025.1,10,1,0.05
15461,975.1,11,1,0.05
15462,975.1,11,1,0.05
15463,975.1,11,1,0.05
15464,1025.1,10,1,0.05
15465,1025.1,10,1,0.05
15466,1025.1,10,1,0.05
15467,1025.1,10,1,0.05
15468,1025.1,10,1,0.05
15469,1025.1,10,1,0.05
15470,1025.1,10,1,0.05
15471,1025.1,10,1,0.05
15472,1025.1,10,1,0.05
15473,1025.1,10,1,0.05
15474,1023.3,8,1,0.05
15475,1025.1,10,1,0.05
15476,976.9,13,1,0.05
15477,1025.1,10,1,0.05
15478,1026.9,12,1,0.05
15479,1025.1,10,1,0.05
15480,1025.1,10,1,0.05
15481,1026.9,12,1,0.05
15482,1025.1,10,1,0.05
15483,1025.1,10,1,0.05
15484,925.1,12,1,0.05
15485,1025.1,10,1,0.05
15486,1025.1,10,1,0.05
15487,1025.1,10,1,0.05
15488,975.1,11,1,0.05
15489,1025.1,10,1,0.05
15490,1025.1,10,1,0.05
15491,1026.9,12,1,0.05
15492,1025.1,10,1,0.05
15493,1025.1,10,1,0.05
15494,1025.1,10,1,0.05
15495,1026.9,12,1,0.05
15496,1025.1,10,1,0.05
15497,975.1,11,1,0.05
15498,1025.1,10,1,0.05
15499,1025.1,10,1,0.05
15500,1025.1,10,1,0.05
15501,975.1,11,1,0.05
15502,1025.1,10,1,0.05
15503,1025.1,10,1,0.05
15504,1025.1,10,1,0.05
15505,1026.9,12,1,0.05
15506,1025.1,10,1,0.05
15507,1025.1,10,1,0.05
15508,975.1,11,1,0.05
15509,1023.3,8,1,0.05
15510,1025.1,10,1,0.05
15511,975.1,11,1,0.05
15512,1025.1,10,1,0.05
15513,1025.1,10,1,0.05
15514,1025.1,10,1,0.05
15515,1025.1,10,1,0.05
15516,1025.1,10,1,0.05
15517,1025.1,10,1,0.05
15518,975.1,11,1,0.05
15519,1025.1,10,1,0.05
15520,1025.1,10,1,0.05
15521,1025.1,10,1,0.05
15522,1023.3,8,1,0.05
15523,1025.1,10,1,0.05
15524,1025.1,10,1,0.05
15525,1025.1,10,1,0.05
15526,1025.1,10,1,0.05
15527,1025.1,10,1,0.05
15528,1025.1,10,1,0.05
15529,1025.1,10,1,0.05
15530,975.1,11,1,0.05
15531,1023.3,8,1,0.05
15532,1025.1,10,1,0.05
15533,1025.1,10,1,0.05
15534,1026.9,12,1,0.05
15535,1025.1,10,1,0.05
15536,1025.1,10,1,0.05
15537,1026.9,12,1,0.05
15538,1026.9,12,1,0.05
15539,975.1,11,1,0.05
15540,970.1,11,1,0.05
15541,1008.7,14,1,0.05
15542,1023.3,8,1,0.05
15543,1025.1,10,1,0.05
15544,1030.5,16,1,0.05
15545,1026.9,12,1,0.05
15546,1025.1,10,1,0.05
15547,1025.1,10,1,0.05
15548,1025.1,10,1,0.05
15549,1025.1,10,1,0.05
15550,1025.1,10,1,0.05
15551,1025.1,10,1,0.05
15552,1025.1,10,1,0.05
15553,1026.9,12,1,0.05
15554,1025.1,10,1,0.05
15555,1025.1,10,1,0.05
15556,976.9,13,1,0.05
15557,1025.1,10,1,0.05
15558,1025.1,10,1,0.05
15559,1025.1,10,1,0.05
15560,1025.1,10,1,0.05
15561,1025.1,10,1,0.05
15562,1025.1,10,1,0.05
15563,1023.3,8,1,0.05
15564,1025.1,10,1,0.05
15565,1025.1,10,1,0.05
15566,1025.1,10,1,0.05
15567,928.7,16,1,0.05
15568,1025.1,10,1,0.05
15569,1025.1,10,1,0.05
15570,1025.1,10,1,0.05
15571,1025.1,10,1,0.05
15572,1025.1,10,1,0.05
15573,1026.9,12,1,0.05
15574,1025.1,10,1,0.05
15575,1025.1,10,1,0.05
15576,1025.1,10,1,0.05
15577,1025.1,10,1,0.05
15578,1025.1,10,1,0.05
15579,1025.1,10,1,0.05
15580,1025.1,10,1,0.05
15581,1025.1,10,1,0.05
15582,1028.7,14,1,0.05
15583,975.1,11,1,0.05
15584,1025.1,10,1,0.05
15585,1025.1,10,1,0.05
15586,1025.1,10,1,0.05
15587,1026.9,12,1,0.05
15588,1025.1,10,1,0.05
15589,976.9,13,1,0.05
15590,1025.1,10,1,0.05
15591,1025.1,10,1,0.05
15592,1025.1,10,1,0.05
15593,975.1,11,1,0.05
15594,1025.1,10,1,0.05
15595,1025.1,10,1,0.05
15596,1025.1,10,1,0.05
15597,1026.9,12,1,0.05
15598,1025.1,10,1,0.05
15599,1025.1,10,1,0.05
15600,1025.1,10,1,0.05
15601,1025.1,10,1,0.05
15602,1025.1,10,1,0.05
15603,1025.1,10,1,0.05
15604,1025.1,10,1,0.05
15605,1025.1,10,1,0.05
15606,1026.9,12,1,0.05
15607,975.1,11,1,0.05
15608,1025.1,10,1,0.05
15609,1025.1,10,1,0.05
15610,1025.1,10,1,0.05
15611,1026.9,12,1,0.05
15612,1025.1,10,1,0.05
15613,1025.1,10,1,0.05
15614,1025.1,10,1,0.05
15615,1025.1,10,1,0.05
15616,1025.1,10,1,0.05
15617,1025.1,10,1,0.05
15618,1025.1,10,1,0.05
15619,1025.1,10,1,0.05
15620,1025.1,10,1,0.05
15621,1025.1,10,1,0.05
15622,1025.1,10,1,0.05
15623,1025.1,10,1,0.05
15624,1026.9,12,1,0.05
15625,1025.1,10,1,0.05
15626,1025.1,10,1,0.05
15627,1025.1,10,1,0.05
15628,1025.1,10,1,0.05
15629,1028.7,14,1,0.05
15630,1025.1,10,1,0.05
15631,1025.1,10,1,0.05
15632,1025.1,10,1,0.05
15633,1025.1,10,1,0.05
15634,1025.1,10,1,0.05
15635,1025.1,10,1,0.05
15636,1025.1,10,1,0.05
15637,1026.9,12,1,0.05
15638,1025.1,10,1,0.05
15639,1025.1,10,1,0.05
15640,1026.9,12,1,0.05
15641,1025.1,10,1,0.05
15642,1025.1,10,1,0.05
15643,1025.1,10,1,0.05
15644,1025.1,10,1,0.05
15645,1025.1,10,1,0.05
15646,1025.1,10,1,0.05
15647,1025.1,10,1,0.05
15648,1025.1,10,1,0.05
15649,1025.1,10,1,0.05
15650,1025.1,10,1,0.05
15651,1025.1,10,1,0.05
15652,1025.1,10,1,0.05
15653,1025.1,10,1,0.05
15654,1025.1,10,1,0.05
15655,1025.1,10,1,0.05
15656,1025.1,10,1,0.05
15657,1025.1,10,1,0.05
15658,1023.3,8,1,0.05
15659,1026.9,12,1,0.05
15660,1025.1,10,1,0.05
15661,1025.1,10,1,0.05
15662,975.1,11,1,0.05
15663,1025.1,10,1,0.05
15664,1025.1,10,1,0.05
15665,1025.1,10,1,0.05
15666,1025.1,10,1,0.05
15667,1025.1,10,1,0.05
15668,875.1,13,1,0.05
15669,1025.1,10,1,0.05
15670,1025.1,10,1,0.05
15671,1025.1,10,1,0.05
15672,1025.1,10,1,0.05
15673,1025.1,10,1,0.05
15674,1026.9,12,1,0.05
15675,1026.9,12,1,0.05
15676,1025.1,10,1,0.05
15677,975.1,11,1,0.05
15678,1025.1,10,1,0.05
15679,1025.1,10,1,0.05
15680,1026.9,12,1,0.05
15681,1025.1,10,1,0.05
15682,1025.1,10,1,0.05
15683,1026.9,12,1,0.05
15684,1026.9,12,1,0.05
15685,1025.1,10,1,0.05
15686,1025.1,10,1,0.05
15687,1025.1,10,1,0.05
15688,1023.3,8,1,0.05
15689,1025.1,10,1,0.05
15690,980.5,17,1,0.05
15691,1025.1,10,1,0.05
15692,975.1,11,1,0.05
15693,975.1,11,1,0.05
15694,1025.1,10,1,0.05
15695,925.1,12,1,0.05
15696,1025.1,10,1,0.05
15697,976.9,13,1,0.05
15698,1025.1,10,1,0.05
15699,1026.9,12,1,0.05
15700,975.1,11,1,0.05
15701,1028.7,14,1,0.05
15702,1025.1,10,1,0.05
15703,1025.1,10,1,0.05
15704,1025.1,10,1,0.05
15705,1025.1,10,1,0.05
15706,1025.1,10,1,0.05
15707,1025.1,10,1,0.05
15708,1025.1,10,1,0.05
15709,1025.1,10,1,0.05
15710,1025.1,10,1,0.05
15711,1025.1,10,1,0.05
15712,1025.1,10,1,0.05
15713,1025.1,10,1,0.05
15714,975.1,11,1,0.05
15715,1025.1,10,1,0.05
15716,1025.1,10,1,0.05
15717,1023.3,8,1,0.05
15718,1025.1,10,1,0.05
15719,975.1,11,1,0.05
15720,975.1,11,1,0.05
15721,1025.1,10,1,0.05
15722,1023.3,8,1,0.05
15723,1025.1,10,1,0.05
15724,1025.1,10,1,0.05
15725,1025.1,10,1,0.05
15726,988.7,14,1,0.05
15727,1025.1,10,1,0.05
15728,1025.1,10,1,0.05
15729,1025.1,10,1,0.05
15730,1025.1,10,1,0.05
15731,1025.1,10,1,0.05
15732,1025.1,10,1,0.05
15733,1025.1,10,1,0.05
15734,1025.1,10,1,0.05
15735,1025.1,10,1,0.05
15736,1025.1,10,1,0.05
15737,1025.1,10,1,0.05
15738,1025.1,10,1,0.05
15739,975.1,11,1,0.05
15740,1025.1,10,1,0.05
15741,1026.9,12,1,0.05
15742,1025.1,10,1,0.05
15743,1025.1,10,1,0.05
15744,1025.1,10,1,0.05
15745,1025.1,10,1,0.05
15746,1025.1,10,1,0.05
15747,1028.7,14,1,0.05
15748,1025.1,10,1,0.05
15749,1025.1,10,1,0.05
15750,976.9,13,1,0.05
15751,1025.1,10,1,0.05
15752,1026.9,12,1,0.05
15753,1025.1,10,1,0.05
15754,1025.1,10,1,0.05
15755,1025.1,10,1,0.05
15756,1025.1,10,1,0.05
15757,1028.7,14,1,0.05
15758,1025.1,10,1,0.05
15759,1026.9,12,1,0.05
15760,1025.1,10,1,0.05
15761,1025.1,10,1,0.05
15762,1025.1,10,1,0.05
15763,1025.1,10,1,0.05
15764,975.1,11,1,0.05
15765,1026.9,12,1,0.05
15766,1026.9,12,1,0.05
15767,1025.1,10,1,0.05
15768,1026.9,12,1,0.05
15769,1025.1,10,1,0.05
15770,1026.9,12,1,0.05
15771,1026.9,12,1,0.05
15772,1025.1,10,1,0.05
15773,1025.1,10,1,0.05
15774,1025.1,10,1,0.05
15775,1025.1,10,1,0.05
15776,1025.1,10,1,0.05
15777,975.1,11,1,0.05
15778,1025.1,10,1,0.05
15779,1025.1,10,1,0.05
15780,1025.1,10,1,0.05
15781,1025.1,10,1,0.05
15782,1025.1,10,1,0.05
15783,1025.1,10,1,0.05
15784,1025.1,10,1,0.05
15785,1025.1,10,1,0.05
15786,1025.1,10,1,0.05
15787,1025.1,10,1,0.05
15788,1025.1,10,1,0.05
15789,975.1,11,1,0.05
15790,1026.9,12,1,0.05
15791,1025.1,10,1,0.05
15792,975.1,11,1,0.05
15793,1025.1,10,1,0.05
15794,1025.1,10,1,0.05
15795,1025.1,10,1,0.05
15796,1025.1,10,1,0.05
15797,1025.1,10,1,0.05
15798,1026.9,12,1,0.05
15799,1026.9,12,1,0.05
15800,1026.9,12,1,0.05
15801,1025.1,10,1,0.05
15802,885.1,12,1,0.05
15803,1023.3,8,1,0.05
15804,1023.3,8,1,0.05
15805,873.3000000000001,11,1,0.05
15806,1023.3,8,1,0.05
15807,1023.3,8,1,0.05
15808,1023.3,8,1,0.05
15809,1023.3,8,1,0.05
15810,1023.3,8,1,0.05
15811,1023.3,8,1,0.05
15812,1023.3,8,1,0.05
15813,1023.3,8,1,0.05
15814,1023.3,8,1,0.05
15815,1023.3,8,1,0.05
15816,1023.3,8,1,0.05
15817,1023.3,8,1,0.05
15818,1023.3,8,1,0.05
15819,1023.3,8,1,0.05
15820,973.3,9,1,0.05
15821,1023.3,8,1,0.05
15822,1023.3,8,1,0.05
15823,985.1,10,1,0.05
15824,933.3,9,1,0.05
15825,1023.3,8,1,0.05
15826,1023.3,8,1,0.05
15827,1023.3,8,1,0.05
15828,1023.3,8,1,0.05
15829,1023.3,8,1,0.05
15830,973.3,9,1,0.05
15831,1023.3,8,1,0.05
15832,1023.3,8,1,0.05
15833,973.3,9,1,0.05
15834,1023.3,8,1,0.05
15835,973.3,9,1,0.05
15836,1023.3,8,1,0.05
15837,1023.3,8,1,0.05
15838,1023.3,8,1,0.05
15839,923.3,10,1,0.05
15840,1023.3,8,1,0.05
15841,1023.3,8,1,0.05
15842,1023.3,8,1,0.05
15843,1023.3,8,1,0.05
15844,1023.3,8,1,0.05
15845,1023.3,8,1,0.05
15846,1023.3,8,1,0.05
15847,1023.3,8,1,0.05
15848,1023.3,8,1,0.05
15849,1023.3,8,1,0.05
15850,1023.3,8,1,0.05
15851,1023.3,8,1,0.05
15852,1023.3,8,1,0.05
15853,1023.3,8,1,0.05
15854,1023.3,8,1,0.05
15855,1023.3,8,1,0.05
15856,973.3,9,1,0.05
15857,923.3,10,1,0.05
15858,1023.3,8,1,0.05
15859,1023.3,8,1,0.05
15860,1023.3,8,1,0.05
15861,1023.3,8,1,0.05
15862,1023.3,8,1,0.05
15863,1023.3,8,1,0.05
15864,1023.3,8,1,0.05
15865,1023.3,8,1,0.05
15866,1023.3,8,1,0.05
15867,1023.3,8,1,0.05
15868,973.3,9,1,0.05
15869,1005.1,10,1,0.05
15870,1003.3,8,1,0.05
15871,1023.3,8,1,0.05
15872,1023.3,8,1,0.05
15873,975.1,11,1,0.05
15874,973.3,9,1,0.05
15875,973.3,9,1,0.05
15876,1023.3,8,1,0.05
15877,1023.3,8,1,0.05
15878,973.3,9,1,0.05
15879,1023.3,8,1,0.05
15880,1023.3,8,1,0.05
15881,1023.3,8,1,0.05
15882,1023.3,8,1,0.05
15883,1023.3,8,1,0.05
15884,973.3,9,1,0.05
15885,1023.3,8,1,0.05
15886,1023.3,8,1,0.05
15887,1023.3,8,1,0.05
15888,1023.3,8,1,0.05
15889,1023.3,8,1,0.05
15890,1023.3,8,1,0.05
15891,1005.1,10,1,0.05
15892,1003.3,8,1,0.05
15893,985.1,10,1,0.05
15894,983.3,8,1,0.05
15895,1025.1,10,1,0.05
15896,1025.1,10,1,0.05
15897,1025.1,10,1,0.05
15898,1025.1,10,1,0.05
15899,1026.9,12,1,0.05
15900,1025.1,10,1,0.05
15901,1025.1,10,1,0.05
15902,1025.1,10,1,0.05
15903,1025.1,10,1,0.05
15904,1025.1,10,1,0.05
15905,975.1,11,1,0.05
15906,1025.1,10,1,0.05
15907,1025.1,10,1,0.05
15908,1026.9,12,1,0.05
15909,1025.1,10,1,0.05
15910,975.1,11,1,0.05
15911,1025.1,10,1,0.05
15912,1025.1,10,1,0.05
15913,1025.1,10,1,0.05
15914,975.1,11,1,0.05
15915,1026.9,12,1,0.05
15916,1025.1,10,1,0.05
15917,1025.1,10,1,0.05
15918,1025.1,10,1,0.05
15919,1025.1,10,1,0.05
15920,1025.1,10,1,0.05
15921,1025.1,10,1,0.05
15922,1025.1,10,1,0.05
15923,1025.1,10,1,0.05
15924,1025.1,10,1,0.05
15925,1025.1,10,1,0.05
15926,1025.1,10,1,0.05
15927,1028.7,14,1,0.05
15928,1025.1,10,1,0.05
15929,1025.1,10,1,0.05
15930,1025.1,10,1,0.05
15931,1025.1,10,1,0.05
15932,1026.9,12,1,0.05
15933,1025.1,10,1,0.05
15934,1025.1,10,1,0.05
15935,1025.1,10,1,0.05
15936,1025.1,10,1,0.05
15937,1025.1,10,1,0.05
15938,1025.1,10,1,0.05
15939,1025.1,10,1,0.05
15940,1025.1,10,1,0.05
15941,1026.9,12,1,0.05
15942,1025.1,10,1,0.05
15943,975.1,11,1,0.05
15944,975.1,11,1,0.05
15945,1025.1,10,1,0.05
15946,1025.1,10,1,0.05
15947,1025.1,10,1,0.05
15948,975.1,11,1,0.05
15949,1025.1,10,1,0.05
15950,1026.9,12,1,0.05
15951,1025.1,10,1,0.05
15952,1025.1,10,1,0.05
15953,1025.1,10,1,0.05
15954,1025.1,10,1,0.05
15955,1025.1,10,1,0.05
15956,1025.1,10,1,0.05
15957,1025.1,10,1,0.05
15958,1025.1,10,1,0.05
15959,1025.1,10,1,0.05
15960,975.1,11,1,0.05
15961,1023.3,8,1,0.05
15962,1025.1,10,1,0.05
15963,1025.1,10,1,0.05
15964,1025.1,10,1,0.05
15965,1025.1,10,1,0.05
15966,1026.9,12,1,0.05
15967,1025.1,10,1,0.05
15968,1025.1,10,1,0.05
15969,1025.1,10,1,0.05
15970,1025.1,10,1,0.05
15971,1025.1,10,1,0.05
15972,980.5,17,1,0.05
15973,1026.9,12,1,0.05
15974,1025.1,10,1,0.05
15975,1025.1,10,1,0.05
15976,1026.9,12,1,0.05
15977,1025.1,10,1,0.05
15978,1025.1,10,1,0.05
15979,1025.1,10,1,0.05
15980,975.1,11,1,0.05
15981,1025.1,10,1,0.05
15982,976.9,13,1,0.05
15983,1025.1,10,1,0.05
15984,1025.1,10,1,0.05
15985,1025.1,10,1,0.05
15986,1025.1,10,1,0.05
15987,1025.1,10,1,0.05
15988,1025.1,10,1,0.05
15989,1025.1,10,1,0.05
15990,1026.9,12,1,0.05
15991,1025.1,10,1,0.05
15992,1025.1,10,1,0.05
15993,1025.1,10,1,0.05
15994,1025.1,10,1,0.05
15995,1025.1,10,1,0.05
15996,1026.9,12,1,0.05
15997,1025.1,10,1,0.05
15998,1025.1,10,1,0.05
15999,1025.1,10,1,0.05
16000,1026.9,12,1,0.05
16001,1025.1,10,1,0.05
16002,1025.1,10,1,0.05
16003,1028.7,14,1,0.05
16004,1032.3,18,1,0.05
16005,975.1,11,1,0.05
16006,976.9,13,1,0.05
16007,975.1,11,1,0.05
16008,1026.9,12,1,0.05
16009,1025.1,10,1,0.05
16010,1025.1,10,1,0.05
16011,1025.1,10,1,0.05
16012,1025.1,10,1,0.05
16013,1025.1,10,1,0.05
16014,1025.1,10,1,0.05
16015,1026.9,12,1,0.05
16016,1025.1,10,1,0.05
16017,1025.1,10,1,0.05
16018,1028.7,14,1,0.05
16019,1023.3,8,1,0.05
16020,1023.3,8,1,0.05
16021,985.1,10,1,0.05
16022,1003.3,8,1,0.05
16023,1023.3,8,1,0.05
16024,1023.3,8,1,0.05
16025,973.3,9,1,0.05
16026,966.9,12,1,0.05
16027,1003.3,8,1,0.05
16028,1023.3,8,1,0.05
16029,1023.3,8,1,0.05
16030,1023.3,8,1,0.05
16031,1023.3,8,1,0.05
16032,1023.3,8,1,0.05
16033,1023.3,8,1,0.05
16034,1023.3,8,1,0.05
16035,1023.3,8,1,0.05
16036,1023.3,8,1,0.05
16037,1023.3,8,1,0.05
16038,1023.3,8,1,0.05
16039,1023.3,8,1,0.05
16040,1023.3,8,1,0.05
16041,1023.3,8,1,0.05
16042,1023.3,8,1,0.05
16043,1025.1,10,1,0.05
16044,1023.3,8,1,0.05
16045,1023.3,8,1,0.05
16046,1023.3,8,1,0.05
16047,1023.3,8,1,0.05
16048,1023.3,8,1,0.05
16049,1023.3,8,1,0.05
16050,1025.1,10,1,0.05
16051,1023.3,8,1,0.05
16052,1023.3,8,1,0.05
16053,1025.1,10,1,0.05
16054,983.3,8,1,0.05
16055,1023.3,8,1,0.05
16056,986.9,12,1,0.05
16057,1023.3,8,1,0.05
16058,1023.3,8,1,0.05
16059,1023.3,8,1,0.05
16060,1023.3,8,1,0.05
16061,985.1,10,1,0.05
16062,933.3,9,1,0.05
16063,1023.3,8,1,0.05
16064,955.1,11,1,0.05
16065,953.3,9,1,0.05
16066,986.9,12,1,0.05
16067,1023.3,8,1,0.05
16068,1023.3,8,1,0.05
16069,985.1,10,1,0.05
16070,983.3,8,1,0.05
16071,1023.3,8,1,0.05
16072,1023.3,8,1,0.05
16073,1023.3,8,1,0.05
16074,1025.1,10,1,0.05
16075,1023.3,8,1,0.05
16076,1023.3,8,1,0.05
16077,1023.3,8,1,0.05
16078,1023.3,8,1,0.05
16079,1023.3,8,1,0.05
16080,1023.3,8,1,0.05
16081,1023.3,8,1,0.05
16082,1023.3,8,1,0.05
16083,1023.3,8,1,0.05
16084,1023.3,8,1,0.05
16085,1023.3,8,1,0.05
16086,1025.1,10,1,0.05
16087,1023.3,8,1,0.05
16088,1023.3,8,1,0.05
16089,1023.3,8,1,0.05
16090,935.1,11,1,0.05
16091,1003.3,8,1,0.05
16092,985.1,10,1,0.05
16093,1023.3,8,1,0.05
16094,1006.9,12,1,0.05
16095,1003.3,8,1,0.05
16096,1023.3,8,1,0.05
16097,973.3,9,1,0.05
16098,1023.3,8,1,0.05
16099,1023.3,8,1,0.05
16100,1023.3,8,1,0.05
16101,973.3,9,1,0.05
16102,1023.3,8,1,0.05
16103,935.1,11,1,0.05
16104,1003.3,8,1,0.05
16105,1026.9,12,1,0.05
16106,1025.1,10,1,0.05
16107,1023.3,8,1,0.05
16108,1023.3,8,1,0.05
16109,973.3,9,1,0.05
16110,973.3,9,1,0.05
16111,1023.3,8,1,0.05
16112,1023.3,8,1,0.05
16113,923.3,10,1,0.05
16114,1023.3,8,1,0.05
16115,1023.3,8,1,0.05
16116,1023.3,8,1,0.05
16117,1023.3,8,1,0.05
16118,1023.3,8,1,0.05
16119,1023.3,8,1,0.05
16120,1023.3,8,1,0.05
16121,1023.3,8,1,0.05
16122,1023.3,8,1,0.05
16123,1025.1,10,1,0.05
16124,1023.3,8,1,0.05
16125,1023.3,8,1,0.05
16126,955.1,11,1,0.05
16127,1006.9,12,1,0.05
16128,1023.3,8,1,0.05
16129,1023.3,8,1,0.05
16130,1023.3,8,1,0.05
16131,1023.3,8,1,0.05
16132,1005.1,10,1,0.05
16133,1003.3,8,1,0.05
16134,973.3,9,1,0.05
16135,1023.3,8,1,0.05
16136,973.3,9,1,0.05
16137,1023.3,8,1,0.05
16138,1006.9,12,1,0.05
16139,983.3,8,1,0.05
16140,1023.3,8,1,0.05
16141,1023.3,8,1,0.05
16142,1005.1,10,1,0.05
16143,1003.3,8,1,0.05
16144,1023.3,8,1,0.05
16145,1023.3,8,1,0.05
16146,1023.3,8,1,0.05
16147,1023.3,8,1,0.05
16148,1025.1,10,1,0.05
16149,1023.3,8,1,0.05
16150,973.3,9,1,0.05
16151,1023.3,8,1,0.05
16152,1023.3,8,1,0.05
16153,1023.3,8,1,0.05
16154,985.1,10,1,0.05
16155,983.3,8,1,0.05
16156,985.1,10,1,0.05
16157,983.3,8,1,0.05
16158,1023.3,8,1,0.05
16159,1023.3,8,1,0.05
16160,1023.3,8,1,0.05
16161,1023.3,8,1,0.05
16162,1023.3,8,1,0.05
16163,1023.3,8,1,0.05
16164,1023.3,8,1,0.05
16165,1025.1,10,1,0.05
16166,1023.3,8,1,0.05
16167,973.3,9,1,0.05
16168,1023.3,8,1,0.05
16169,1023.3,8,1,0.05
16170,1023.3,8,1,0.05
16171,1023.3,8,1,0.05
16172,1023.3,8,1,0.05
16173,1023.3,8,1,0.05
16174,973.3,9,1,0.05
16175,955.1,11,1,0.05
16176,1003.3,8,1,0.05
16177,1005.1,10,1,0.05
16178,1003.3,8,1,0.05
16179,985.1,10,1,0.05
16180,983.3,8,1,0.05
16181,1023.3,8,1,0.05
16182,1023.3,8,1,0.05
16183,1023.3,8,1,0.05
16184,1023.3,8,1,0.05
16185,1023.3,8,1,0.05
16186,1023.3,8,1,0.05
16187,1023.3,8,1,0.05
16188,1023.3,8,1,0.05
16189,1023.3,8,1,0.05
16190,1023.3,8,1,0.05
16191,1023.3,8,1,0.05
16192,1023.3,8,1,0.05
16193,973.3,9,1,0.05
16194,1023.3,8,1,0.05
16195,1023.3,8,1,0.05
16196,1023.3,8,1,0.05
16197,1023.3,8,1,0.05
16198,1023.3,8,1,0.05
16199,1023.3,8,1,0.05
16200,1023.3,8,1,0.05
16201,973.3,9,1,0.05
16202,1023.3,8,1,0.05
16203,973.3,9,1,0.05
16204,975.1,11,1,0.05
16205,1025.1,10,1,0.05
16206,983.3,8,1,0.05
16207,1023.3,8,1,0.05
16208,923.3,10,1,0.05
16209,1023.3,8,1,0.05
16210,1023.3,8,1,0.05
16211,1023.3,8,1,0.05
16212,1023.3,8,1,0.05
16213,1023.3,8,1,0.05
16214,1023.3,8,1,0.05
16215,985.1,10,1,0.05
16216,983.3,8,1,0.05
16217,985.1,10,1,0.05
16218,983.3,8,1,0.05
16219,1023.3,8,1,0.05
16220,1023.3,8,1,0.05
16221,1023.3,8,1,0.05
16222,985.1,10,1,0.05
16223,1005.1,10,1,0.05
16224,1025.1,10,1,0.05
16225,1023.3,8,1,0.05
16226,1023.3,8,1,0.05
16227,985.1,10,1,0.05
16228,955.1,11,1,0.05
16229,973.3,9,1,0.05
16230,973.3,9,1,0.05
16231,1023.3,8,1,0.05
16232,1023.3,8,1,0.05
16233,1023.3,8,1,0.05
16234,1023.3,8,1,0.05
16235,985.1,10,1,0.05
16236,983.3,8,1,0.05
16237,973.3,9,1,0.05
16238,1005.1,10,1,0.05
16239,1003.3,8,1,0.05
16240,1023.3,8,1,0.05
16241,1023.3,8,1,0.05
16242,1023.3,8,1,0.05
16243,1023.3,8,1,0.05
16244,1023.3,8,1,0.05
16245,985.1,10,1,0.05
16246,983.3,8,1,0.05
16247,1023.3,8,1,0.05
16248,1023.3,8,1,0.05
16249,1023.3,8,1,0.05
16250,1023.3,8,1,0.05
16251,1023.3,8,1,0.05
16252,1023.3,8,1,0.05
16253,1023.3,8,1,0.05
16254,985.1,10,1,0.05
16255,983.3,8,1,0.05
16256,1025.1,10,1,0.05
16257,983.3,8,1,0.05
16258,1023.3,8,1,0.05
16259,1023.3,8,1,0.05
16260,1023.3,8,1,0.05
16261,1023.3,8,1,0.05
16262,973.3,9,1,0.05
16263,1023.3,8,1,0.05
16264,1023.3,8,1,0.05
16265,1023.3,8,1,0.05
16266,973.3,9,1,0.05
16267,1023.3,8,1,0.05
16268,1023.3,8,1,0.05
16269,1023.3,8,1,0.05
16270,1023.3,8,1,0.05
16271,1023.3,8,1,0.05
16272,1023.3,8,1,0.05
16273,1023.3,8,1,0.05
16274,1023.3,8,1,0.05
16275,985.1,10,1,0.05
16276,955.1,11,1,0.05
16277,975.1,11,1,0.05
16278,1025.1,10,1,0.05
16279,1025.1,10,1,0.05
16280,1025.1,10,1,0.05
16281,1025.1,10,1,0.05
16282,1025.1,10,1,0.05
16283,1025.1,10,1,0.05
16284,975.1,11,1,0.05
16285,1025.1,10,1,0.05
16286,1025.1,10,1,0.05
16287,1025.1,10,1,0.05
16288,925.1,12,1,0.05
16289,1025.1,10,1,0.05
16290,1025.1,10,1,0.05
16291,1025.1,10,1,0.05
16292,1025.1,10,1,0.05
16293,1025.1,10,1,0.05
16294,1025.1,10,1,0.05
16295,1026.9,12,1,0.05
16296,1025.1,10,1,0.05
16297,1025.1,10,1,0.05
16298,1025.1,10,1,0.05
16299,1025.1,10,1,0.05
16300,1026.9,12,1,0.05
16301,1025.1,10,1,0.05
16302,1025.1,10,1,0.05
16303,1025.1,10,1,0.05
16304,975.1,11,1,0.05
16305,1026.9,12,1,0.05
16306,1025.1,10,1,0.05
16307,1025.1,10,1,0.05
16308,975.1,11,1,0.05
16309,1025.1,10,1,0.05
16310,1025.1,10,1,0.05
16311,975.1,11,1,0.05
16312,975.1,11,1,0.05
16313,1025.1,10,1,0.05
16314,1025.1,10,1,0.05
16315,1025.1,10,1,0.05
16316,1025.1,10,1,0.05
16317,1025.1,10,1,0.05
16318,978.7,15,1,0.05
16319,1025.1,10,1,0.05
16320,1025.1,10,1,0.05
16321,1025.1,10,1,0.05
16322,975.1,11,1,0.05
16323,1025.1,10,1,0.05
16324,1025.1,10,1,0.05
16325,975.1,11,1,0.05
16326,976.9,13,1,0.05
16327,1025.1,10,1,0.05
16328,1025.1,10,1,0.05
16329,1025.1,10,1,0.05
16330,1025.1,10,1,0.05
16331,1025.1,10,1,0.05
16332,1026.9,12,1,0.05
16333,1025.1,10,1,0.05
16334,1025.1,10,1,0.05
16335,1025.1,10,1,0.05
16336,1025.1,10,1,0.05
16337,975.1,11,1,0.05
16338,1025.1,10,1,0.05
16339,1025.1,10,1,0.05
16340,1025.1,10,1,0.05
16341,1025.1,10,1,0.05
16342,1025.1,10,1,0.05
16343,1025.1,10,1,0.05
16344,1025.1,10,1,0.05
16345,1025.1,10,1,0.05
16346,1025.1,10,1,0.05
16347,1025.1,10,1,0.05
16348,1025.1,10,1,0.05
16349,976.9,13,1,0.05
16350,1025.1,10,1,0.05
16351,1025.1,10,1,0.05
16352,1025.1,10,1,0.05
16353,1025.1,10,1,0.05
16354,1025.1,10,1,0.05
16355,1025.1,10,1,0.05
16356,1025.1,10,1,0.05
16357,1025.1,10,1,0.05
16358,975.5,17,1,0.05
16359,1025.1,10,1,0.05
16360,975.1,11,1,0.05
16361,1025.1,10,1,0.05
16362,1025.1,10,1,0.05
16363,1025.1,10,1,0.05
16364,1025.1,10,1,0.05
16365,1025.1,10,1,0.05
16366,1025.1,10,1,0.05
16367,1026.9,12,1,0.05
16368,1025.1,10,1,0.05
16369,1025.1,10,1,0.05
16370,1025.1,10,1,0.05
16371,1025.1,10,1,0.05
16372,1026.9,12,1,0.05
16373,1025.1,10,1,0.05
16374,1026.9,12,1,0.05
16375,1026.9,12,1,0.05
16376,1025.1,10,1,0.05
16377,1025.1,10,1,0.05
16378,982.3,19,1,0.05
16379,1025.1,10,1,0.05
16380,1026.9,12,1,0.05
16381,1025.1,10,1,0.05
16382,1025.1,10,1,0.05
16383,1025.1,10,1,0.05
16384,1025.1,10,1,0.05
16385,1025.1,10,1,0.05
16386,1025.1,10,1,0.05
16387,1026.9,12,1,0.05
16388,1025.1,10,1,0.05
16389,1025.1,10,1,0.05
16390,976.9,13,1,0.05
16391,1025.1,10,1,0.05
16392,1025.1,10,1,0.05
16393,1025.1,10,1,0.05
16394,1025.1,10,1,0.05
16395,1025.1,10,1,0.05
16396,1025.1,10,1,0.05
16397,1026.9,12,1,0.05
16398,1025.1,10,1,0.05
16399,1025.1,10,1,0.05
16400,975.1,11,1,0.05
16401,1028.7,14,1,0.05
16402,1025.1,10,1,0.05
16403,1025.1,10,1,0.05
16404,1025.1,10,1,0.05
16405,1025.1,10,1,0.05
16406,1025.1,10,1,0.05
16407,1025.1,10,1,0.05
16408,1025.1,10,1,0.05
16409,1025.1,10,1,0.05
16410,1025.1,10,1,0.05
16411,975.1,11,1,0.05
16412,1025.1,10,1,0.05
16413,1030.5,16,1,0.05
16414,1025.1,10,1,0.05
16415,1025.1,10,1,0.05
16416,1025.1,10,1,0.05
16417,1023.3,8,1,0.05
16418,1028.7,14,1,0.05
16419,1025.1,10,1,0.05
16420,1025.1,10,1,0.05
16421,975.1,11,1,0.05
16422,976.9,13,1,0.05
16423,1025.1,10,1,0.05
16424,1034.1,20,1,0.05
16425,1026.9,12,1,0.05
16426,975.1,11,1,0.05
16427,1023.3,8,1,0.05
16428,1025.1,10,1,0.05
16429,1025.1,10,1,0.05
16430,1025.1,10,1,0.05
16431,1025.1,10,1,0.05
16432,1025.1,10,1,0.05
16433,1025.1,10,1,0.05
16434,976.9,13,1,0.05
16435,1025.1,10,1,0.05
16436,1025.1,10,1,0.05
16437,980.5,17,1,0.05
16438,1026.9,12,1,0.05
16439,1025.1,10,1,0.05
16440,1025.1,10,1,0.05
16441,1025.1,10,1,0.05
16442,1025.1,10,1,0.05
16443,1025.1,10,1,0.05
16444,1025.1,10,1,0.05
16445,1025.1,10,1,0.05
16446,1025.1,10,1,0.05
16447,1023.3,8,1,0.05
16448,1025.1,10,1,0.05
16449,1026.9,12,1,0.05
16450,975.1,11,1,0.05
16451,1025.1,10,1,0.05
16452,1025.1,10,1,0.05
16453,1025.1,10,1,0.05
16454,1025.1,10,1,0.05
16455,1026.9,12,1,0.05
16456,1025.1,10,1,0.05
16457,1025.1,10,1,0.05
16458,1023.3,8,1,0.05
16459,1025.1,10,1,0.05
16460,1025.1,10,1,0.05
16461,1025.1,10,1,0.05
16462,1025.1,10,1,0.05
16463,1025.1,10,1,0.05
16464,1025.1,10,1,0.05
16465,976.9,13,1,0.05
16466,1026.9,12,1,0.05
16467,1025.1,10,1,0.05
16468,1025.1,10,1,0.05
16469,1023.3,8,1,0.05
16470,1025.1,10,1,0.05
16471,975.1,11,1,0.05
16472,1025.1,10,1,0.05
16473,1025.1,10,1,0.05
16474,1026.9,12,1,0.05
16475,1025.1,10,1,0.05
16476,1025.1,10,1,0.05
16477,1025.1,10,1,0.05
16478,1025.1,10,1,0.05
16479,1023.3,8,1,0.05
16480,975.1,11,1,0.05
16481,1026.9,12,1,0.05
16482,1026.9,12,1,0.05
16483,1026.9,12,1,0.05
16484,1025.1,10,1,0.05
16485,1025.1,10,1,0.05
16486,1025.1,10,1,0.05
16487,1025.1,10,1,0.05
16488,975.1,11,1,0.05
16489,975.1,11,1,0.05
16490,1025.1,10,1,0.05
16491,1025.1,10,1,0.05
16492,1025.1,10,1,0.05
16493,1023.3,8,1,0.05
16494,1025.1,10,1,0.05
16495,1025.1,10,1,0.05
16496,1025.1,10,1,0.05
16497,1023.3,8,1,0.05
16498,1025.1,10,1,0.05
16499,1025.1,10,1,0.05
16500,1025.1,10,1,0.05
16501,1025.1,10,1,0.05
16502,1025.1,10,1,0.05
16503,1025.1,10,1,0.05
16504,1025.1,10,1,0.05
16505,1025.1,10,1,0.05
16506,1025.1,10,1,0.05
16507,1025.1,10,1,0.05
16508,975.1,11,1,0.05
16509,1025.1,10,1,0.05
16510,1025.1,10,1,0.05
16511,1025.1,10,1,0.05
16512,1025.1,10,1,0.05
16513,1025.1,10,1,0.05
16514,1030.5,16,1,0.05
16515,1026.9,12,1,0.05
16516,1025.1,10,1,0.05
16517,1025.1,10,1,0.05
16518,1025.1,10,1,0.05
16519,1025.1,10,1,0.05
16520,1025.1,10,1,0.05
16521,1025.1,10,1,0.05
16522,1025.1,10,1,0.05
16523,1025.1,10,1,0.05
16524,1025.1,10,1,0.05
16525,1023.3,8,1,0.05
16526,1025.1,10,1,0.05
16527,1025.1,10,1,0.05
16528,925.1,12,1,0.05
16529,1025.1,10,1,0.05
16530,1025.1,10,1,0.05
16531,1025.1,10,1,0.05
16532,1025.1,10,1,0.05
16533,1025.1,10,1,0.05
16534,1025.1,10,1,0.05
16535,975.1,11,1,0.05
16536,1025.1,10,1,0.05
16537,975.1,11,1,0.05
16538,1025.1,10,1,0.05
16539,1025.1,10,1,0.05
16540,1025.1,10,1,0.05
16541,1025.1,10,1,0.05
16542,1025.1,10,1,0.05
16543,975.1,11,1,0.05
16544,1025.1,10,1,0.05
16545,1025.1,10,1,0.05
16546,1025.1,10,1,0.05
16547,976.9,13,1,0.05
16548,1025.1,10,1,0.05
16549,1025.1,10,1,0.05
16550,1026.9,12,1,0.05
16551,1025.1,10,1,0.05
16552,1025.1,10,1,0.05
16553,1025.1,10,1,0.05
16554,1025.1,10,1,0.05
16555,1026.9,12,1,0.05
16556,1025.1,10,1,0.05
16557,1028.7,14,1,0.05
16558,1026.9,12,1,0.05
16559,1025.1,10,1,0.05
16560,1025.1,10,1,0.05
16561,1025.1,10,1,0.05
16562,1025.1,10,1,0.05
16563,1025.1,10,1,0.05
16564,1025.1,10,1,0.05
16565,1025.1,10,1,0.05
16566,1025.1,10,1,0.05
16567,1025.1,10,1,0.05
16568,973.3,9,1,0.05
16569,1025.1,10,1,0.05
16570,1025.1,10,1,0.05
16571,1025.1,10,1,0.05
16572,1025.1,10,1,0.05
16573,1025.1,10,1,0.05
16574,1025.1,10,1,0.05
16575,1025.1,10,1,0.05
16576,1025.1,10,1,0.05
16577,1025.1,10,1,0.05
16578,1025.1,10,1,0.05
16579,1026.9,12,1,0.05
16580,1025.1,10,1,0.05
16581,1025.1,10,1,0.05
16582,1025.1,10,1,0.05
16583,1026.9,12,1,0.05
16584,1025.1,10,1,0.05
16585,1025.1,10,1,0.05
16586,1025.1,10,1,0.05
16587,975.1,11,1,0.05
16588,1025.1,10,1,0.05
16589,1025.1,10,1,0.05
16590,1025.1,10,1,0.05
16591,1025.1,10,1,0.05
16592,1025.1,10,1,0.05
16593,1023.3,8,1,0.05
16594,1025.1,10,1,0.05
16595,975.1,11,1,0.05
16596,1025.1,10,1,0.05
16597,1025.1,10,1,0.05
16598,1026.9,12,1,0.05
16599,1008.7,14,1,0.05
16600,1025.1,10,1,0.05
16601,1025.1,10,1,0.05
16602,1025.1,10,1,0.05
16603,1023.3,8,1,0.05
16604,1025.1,10,1,0.05
16605,1025.1,10,1,0.05
16606,1025.1,10,1,0.05
16607,1025.1,10,1,0.05
16608,1026.9,12,1,0.05
16609,1025.1,10,1,0.05
16610,1025.1,10,1,0.05
16611,1026.9,12,1,0.05
16612,958.7,15,1,0.05
16613,1025.1,10,1,0.05
16614,1025.1,10,1,0.05
16615,978.7,15,1,0.05
16616,1026.9,12,1,0.05
16617,1025.1,10,1,0.05
16618,1025.1,10,1,0.05
16619,975.1,11,1,0.05
16620,1025.1,10,1,0.05
16621,1025.1,10,1,0.05
16622,976.9,13,1,0.05
16623,1026.9,12,1,0.05
16624,1025.1,10,1,0.05
16625,1026.9,12,1,0.05
16626,1025.1,10,1,0.05
16627,1025.1,10,1,0.05
16628,1026.9,12,1,0.05
16629,1025.1,10,1,0.05
16630,1025.1,10,1,0.05
16631,1025.1,10,1,0.05
16632,1025.1,10,1,0.05
16633,1025.1,10,1,0.05
16634,1025.1,10,1,0.05
16635,1025.1,10,1,0.05
16636,1025.1,10,1,0.05
16637,1026.9,12,1,0.05
16638,975.1,11,1,0.05
16639,975.1,11,1,0.05
16640,1025.1,10,1,0.05
16641,1025.1,10,1,0.05
16642,1025.1,10,1,0.05
16643,975.1,11,1,0.05
16644,1028.7,14,1,0.05
16645,1025.1,10,1,0.05
16646,1025.1,10,1,0.05
16647,1025.1,10,1,0.05
16648,1025.1,10,1,0.05
16649,1025.1,10,1,0.05
16650,1025.1,10,1,0.05
16651,1025.1,10,1,0.05
16652,1025.1,10,1,0.05
16653,1025.1,10,1,0.05
16654,1026.9,12,1,0.05
16655,1025.1,10,1,0.05
16656,1025.1,10,1,0.05
16657,975.1,11,1,0.05
16658,1025.1,10,1,0.05
16659,980.5,17,1,0.05
16660,1026.9,12,1,0.05
16661,1025.1,10,1,0.05
16662,1025.1,10,1,0.05
16663,1025.1,10,1,0.05
16664,1026.9,12,1,0.05
16665,1025.1,10,1,0.05
16666,1025.1,10,1,0.05
16667,1025.1,10,1,0.05
16668,1025.1,10,1,0.05
16669,1025.1,10,1,0.05
16670,1025.1,10,1,0.05
16671,1025.1,10,1,0.05
16672,1025.1,10,1,0.05
16673,1025.1,10,1,0.05
16674,1025.1,10,1,0.05
16675,976.9,13,1,0.05
16676,1025.1,10,1,0.05
16677,975.1,11,1,0.05
16678,1025.1,10,1,0.05
16679,1025.1,10,1,0.05
16680,1025.1,10,1,0.05
16681,1025.1,10,1,0.05
16682,1025.1,10,1,0.05
16683,1025.1,10,1,0.05
16684,1025.1,10,1,0.05
16685,1025.1,10,1,0.05
16686,1025.1,10,1,0.05
16687,1025.1,10,1,0.05
16688,1025.1,10,1,0.05
16689,1025.1,10,1,0.05
16690,1025.1,10,1,0.05
16691,1025.1,10,1,0.05
16692,1025.1,10,1,0.05
16693,1025.1,10,1,0.05
16694,1025.1,10,1,0.05
16695,1025.1,10,1,0.05
16696,1025.1,10,1,0.05
16697,1025.1,10,1,0.05
16698,975.1,11,1,0.05
16699,976.9,13,1,0.05
16700,1025.1,10,1,0.05
16701,1025.1,10,1,0.05
16702,1025.1,10,1,0.05
16703,1023.3,8,1,0.05
16704,1025.1,10,1,0.05
16705,1025.1,10,1,0.05
16706,1025.1,10,1,0.05
16707,1025.1,10,1,0.05
16708,1025.1,10,1,0.05
16709,1025.1,10,1,0.05
16710,1025.1,10,1,0.05
16711,1025.1,10,1,0.05
16712,1025.1,10,1,0.05
16713,1025.1,10,1,0.05
16714,1025.1,10,1,0.05
16715,1025.1,10,1,0.05
16716,1026.9,12,1,0.05
16717,1025.1,10,1,0.05
16718,1025.1,10,1,0.05
16719,1026.9,12,1,0.05
16720,925.1,12,1,0.05
16721,1025.1,10,1,0.05
16722,1025.1,10,1,0.05
16723,1023.3,8,1,0.05
16724,1025.1,10,1,0.05
16725,1025.1,10,1,0.05
16726,1025.1,10,1,0.05
16727,1025.1,10,1,0.05
16728,1025.1,10,1,0.05
16729,1025.1,10,1,0.05
16730,1025.1,10,1,0.05
16731,1025.1,10,1,0.05
16732,1025.1,10,1,0.05
16733,1025.1,10,1,0.05
16734,1025.1,10,1,0.05
16735,1025.1,10,1,0.05
16736,975.1,11,1,0.05
16737,978.6999999999999,15,1,0.05
16738,1025.1,10,1,0.05
16739,1025.1,10,1,0.05
16740,1025.1,10,1,0.05
16741,1025.1,10,1,0.05
16742,1026.9,12,1,0.05
16743,1025.1,10,1,0.05
16744,1025.1,10,1,0.05
16745,976.9,13,1,0.05
16746,1025.1,10,1,0.05
16747,1025.1,10,1,0.05
16748,1025.1,10,1,0.05
16749,1025.1,10,1,0.05
16750,1026.9,12,1,0.05
16751,975.1,11,1,0.05
16752,1025.1,10,1,0.05
16753,1025.1,10,1,0.05
16754,1026.9,12,1,0.05
16755,975.1,11,1,0.05
16756,1026.9,12,1,0.05
16757,1026.9,12,1,0.05
16758,1025.1,10,1,0.05
16759,1028.7,14,1,0.05
16760,1025.1,10,1,0.05
16761,1025.1,10,1,0.05
16762,1025.1,10,1,0.05
16763,1025.1,10,1,0.05
16764,976.9,13,1,0.05
16765,975.1,11,1,0.05
16766,1026.9,12,1,0.05
16767,1025.1,10,1,0.05
16768,1025.1,10,1,0.05
16769,975.1,11,1,0.05
16770,1025.1,10,1,0.05
16771,1025.1,10,1,0.05
16772,1025.1,10,1,0.05
16773,1028.7,14,1,0.05
16774,1025.1,10,1,0.05
16775,1025.1,10,1,0.05
16776,1025.1,10,1,0.05
16777,1025.1,10,1,0.05
16778,975.1,11,1,0.05
16779,925.1,12,1,0.05
16780,1025.1,10,1,0.05
16781,1025.1,10,1,0.05
16782,1026.9,12,1,0.05
16783,1025.1,10,1,0.05
16784,1025.1,10,1,0.05
16785,1025.1,10,1,0.05
16786,1026.9,12,1,0.05
16787,975.1,11,1,0.05
16788,1025.1,10,1,0.05
16789,1025.1,10,1,0.05
16790,1025.1,10,1,0.05
16791,1025.1,10,1,0.05
16792,1025.1,10,1,0.05
16793,1025.1,10,1,0.05
16794,1026.9,12,1,0.05
16795,1025.1,10,1,0.05
16796,1025.1,10,1,0.05
16797,1025.1,10,1,0.05
16798,1025.1,10,1,0.05
16799,975.1,11,1,0.05
16800,1025.1,10,1,0.05
16801,1026.9,12,1,0.05
16802,1025.1,10,1,0.05
16803,1025.1,10,1,0.05
16804,1025.1,10,1,0.05
16805,1025.1,10,1,0.05
16806,1028.7,14,1,0.05
16807,1025.1,10,1,0.05
16808,1026.9,12,1,0.05
16809,1025.1,10,1,0.05
16810,978.6999999999999,15,1,0.05
16811,975.1,11,1,0.05
16812,975.1,11,1,0.05
16813,1025.1,10,1,0.05
16814,1025.1,10,1,0.05
16815,975.1,11,1,0.05
16816,1025.1,10,1,0.05
16817,1025.1,10,1,0.05
16818,1025.1,10,1,0.05
16819,1025.1,10,1,0.05
16820,1025.1,10,1,0.05
16821,1025.1,10,1,0.05
16822,1025.1,10,1,0.05
16823,1025.1,10,1,0.05
16824,1026.9,12,1,0.05
16825,1025.1,10,1,0.05
16826,1025.1,10,1,0.05
16827,1025.1,10,1,0.05
16828,1025.1,10,1,0.05
16829,1026.9,12,1,0.05
16830,1025.1,10,1,0.05
16831,1025.1,10,1,0.05
16832,1025.1,10,1,0.05
16833,1025.1,10,1,0.05
16834,1025.1,10,1,0.05
16835,1025.1,10,1,0.05
16836,1025.1,10,1,0.05
16837,1025.1,10,1,0.05
16838,1025.1,10,1,0.05
16839,1025.1,10,1,0.05
16840,1023.3,8,1,0.05
16841,1025.1,10,1,0.05
16842,1025.1,10,1,0.05
16843,1025.1,10,1,0.05
16844,1025.1,10,1,0.05
16845,976.9,13,1,0.05
16846,975.1,11,1,0.05
16847,1025.1,10,1,0.05
16848,1025.1,10,1,0.05
16849,1025.1,10,1,0.05
16850,1025.1,10,1,0.05
16851,975.1,11,1,0.05
16852,975.1,11,1,0.05
16853,1025.1,10,1,0.05
16854,1025.1,10,1,0.05
16855,1025.1,10,1,0.05
16856,1025.1,10,1,0.05
16857,1025.1,10,1,0.05
16858,1025.1,10,1,0.05
16859,1025.1,10,1,0.05
16860,1026.9,12,1,0.05
16861,1025.1,10,1,0.05
16862,1030.5,16,1,0.05
16863,1026.9,12,1,0.05
16864,1025.1,10,1,0.05
16865,975.1,11,1,0.05
16866,975.1,11,1,0.05
16867,1025.1,10,1,0.05
16868,975.1,11,1,0.05
16869,1025.1,10,1,0.05
16870,1025.1,10,1,0.05
16871,1026.9,12,1,0.05
16872,1025.1,10,1,0.05
16873,975.1,11,1,0.05
16874,975.1,11,1,0.05
16875,1030.5,16,1,0.05
16876,975.1,11,1,0.05
16877,1026.9,12,1,0.05
16878,1025.1,10,1,0.05
16879,1025.1,10,1,0.05
16880,1025.1,10,1,0.05
16881,1026.9,12,1,0.05
16882,1025.1,10,1,0.05
16883,1025.1,10,1,0.05
16884,1025.1,10,1,0.05
16885,1025.1,10,1,0.05
16886,1025.1,10,1,0.05
16887,1025.1,10,1,0.05
16888,1025.1,10,1,0.05
16889,1025.1,10,1,0.05
16890,1025.1,10,1,0.05
16891,1026.9,12,1,0.05
16892,1025.1,10,1,0.05
16893,1025.1,10,1,0.05
16894,975.1,11,1,0.05
16895,1025.1,10,1,0.05
16896,976.9,13,1,0.05
16897,1025.1,10,1,0.05
16898,1025.1,10,1,0.05
16899,1026.9,12,1,0.05
16900,1025.1,10,1,0.05
16901,1025.1,10,1,0.05
16902,1025.1,10,1,0.05
16903,1025.1,10,1,0.05
16904,1008.7,14,1,0.05
16905,1025.1,10,1,0.05
16906,1025.1,10,1,0.05
16907,975.1,11,1,0.05
16908,1026.9,12,1,0.05
16909,1026.9,12,1,0.05
16910,1023.3,8,1,0.05
16911,1025.1,10,1,0.05
16912,975.1,11,1,0.05
16913,1025.1,10,1,0.05
16914,1026.9,12,1,0.05
16915,1025.1,10,1,0.05
16916,1025.1,10,1,0.05
16917,1025.1,10,1,0.05
16918,1025.1,10,1,0.05
16919,1025.1,10,1,0.05
16920,1026.9,12,1,0.05
16921,1025.1,10,1,0.05
16922,1025.1,10,1,0.05
16923,975.1,11,1,0.05
16924,1025.1,10,1,0.05
16925,1026.9,12,1,0.05
16926,1025.1,10,1,0.05
16927,975.1,11,1,0.05
16928,1025.1,10,1,0.05
16929,1025.1,10,1,0.05
16930,1025.1,10,1,0.05
16931,1025.1,10,1,0.05
16932,1025.1,10,1,0.05
16933,1025.1,10,1,0.05
16934,1025.1,10,1,0.05
16935,1025.1,10,1,0.05
16936,1025.1,10,1,0.05
16937,1026.9,12,1,0.05
16938,1023.3,8,1,0.05
16939,1025.1,10,1,0.05
16940,1026.9,12,1,0.05
16941,1025.1,10,1,0.05
16942,1026.9,12,1,0.05
16943,1025.1,10,1,0.05
16944,1025.1,10,1,0.05
16945,1025.1,10,1,0.05
16946,1025.1,10,1,0.05
16947,1025.1,10,1,0.05
16948,1030.5,16,1,0.05
16949,1034.1,20,1,0.05
16950,1025.1,10,1,0.05
16951,1025.1,10,1,0.05
16952,1023.3,8,1,0.05
16953,1025.1,10,1,0.05
16954,1026.9,12,1,0.05
16955,1025.1,10,1,0.05
16956,1025.1,10,1,0.05
16957,1025.1,10,1,0.05
16958,1025.1,10,1,0.05
16959,1025.1,10,1,0.05
16960,1025.1,10,1,0.05
16961,1026.9,12,1,0.05
16962,1025.1,10,1,0.05
16963,1025.1,10,1,0.05
16964,976.9,13,1,0.05
16965,1025.1,10,1,0.05
16966,1025.1,10,1,0.05
16967,1025.1,10,1,0.05
16968,1025.1,10,1,0.05
16969,1025.1,10,1,0.05
16970,1025.1,10,1,0.05
16971,1025.1,10,1,0.05
16972,1025.1,10,1,0.05
16973,1025.1,10,1,0.05
16974,1025.1,10,1,0.05
16975,1026.9,12,1,0.05
16976,1025.1,10,1,0.05
16977,1025.1,10,1,0.05
16978,1026.9,12,1,0.05
16979,1026.9,12,1,0.05
16980,1025.1,10,1,0.05
16981,1025.1,10,1,0.05
16982,1025.1,10,1,0.05
16983,1026.9,12,1,0.05
16984,1025.1,10,1,0.05
16985,1025.1,10,1,0.05
16986,1026.9,12,1,0.05
16987,1025.1,10,1,0.05
16988,1025.1,10,1,0.05
16989,1025.1,10,1,0.05
16990,1025.1,10,1,0.05
16991,1025.1,10,1,0.05
16992,1025.1,10,1,0.05
16993,1025.1,10,1,0.05
16994,1025.1,10,1,0.05
16995,1026.9,12,1,0.05
16996,975.1,11,1,0.05
16997,975.1,11,1,0.05
16998,1028.7,14,1,0.05
16999,1025.1,10,1,0.05
17000,1026.9,12,1,0.05
17001,1025.1,10,1,0.05
17002,1025.1,10,1,0.05
17003,975.1,11,1,0.05
17004,1025.1,10,1,0.05
17005,975.1,11,1,0.05
17006,1025.1,10,1,0.05
17007,1025.1,10,1,0.05
17008,980.5,17,1,0.05
17009,1025.1,10,1,0.05
17010,975.1,11,1,0.05
17011,1025.1,10,1,0.05
17012,1028.7,14,1,0.05
17013,1023.3,8,1,0.05
17014,1023.3,8,1,0.05
17015,1023.3,8,1,0.05
17016,1023.3,8,1,0.05
17017,1023.3,8,1,0.05
17018,1023.3,8,1,0.05
17019,1023.3,8,1,0.05
17020,1023.3,8,1,0.05
17021,973.3,9,1,0.05
17022,1023.3,8,1,0.05
17023,1023.3,8,1,0.05
17024,1023.3,8,1,0.05
17025,1023.3,8,1,0.05
17026,1023.3,8,1,0.05
17027,1023.3,8,1,0.05
17028,985.1,10,1,0.05
17029,983.3,8,1,0.05
17030,988.7,14,1,0.05
17031,1025.1,10,1,0.05
17032,1026.9,12,1,0.05
17033,1025.1,10,1,0.05
17034,1025.1,10,1,0.05
17035,1028.7,14,1,0.05
17036,1025.1,10,1,0.05
17037,1025.1,10,1,0.05
17038,1025.1,10,1,0.05
17039,1025.1,10,1,0.05
17040,1025.1,10,1,0.05
17041,1025.1,10,1,0.05
17042,1025.1,10,1,0.05
17043,1025.1,10,1,0.05
17044,1025.1,10,1,0.05
17045,1025.1,10,1,0.05
17046,1025.1,10,1,0.05
17047,973.3,9,1,0.05
17048,1025.1,10,1,0.05
17049,1025.1,10,1,0.05
17050,1025.1,10,1,0.05
17051,1025.1,10,1,0.05
17052,1026.9,12,1,0.05
17053,1025.1,10,1,0.05
17054,1025.1,10,1,0.05
17055,1028.7,14,1,0.05
17056,1025.1,10,1,0.05
17057,1025.1,10,1,0.05
17058,1025.1,10,1,0.05
17059,975.1,11,1,0.05
17060,1026.9,12,1,0.05
17061,1025.1,10,1,0.05
17062,1025.1,10,1,0.05
17063,1025.1,10,1,0.05
17064,1025.1,10,1,0.05
17065,1025.1,10,1,0.05
17066,1025.1,10,1,0.05
17067,1025.1,10,1,0.05
17068,1025.1,10,1,0.05
17069,1025.1,10,1,0.05
17070,1025.1,10,1,0.05
17071,1025.1,10,1,0.05
17072,1026.9,12,1,0.05
17073,1028.7,14,1,0.05
17074,1025.1,10,1,0.05
17075,1025.1,10,1,0.05
17076,1025.1,10,1,0.05
17077,1025.1,10,1,0.05
17078,1025.1,10,1,0.05
17079,1025.1,10,1,0.05
17080,1025.1,10,1,0.05
17081,1025.1,10,1,0.05
17082,975.1,11,1,0.05
17083,1025.1,10,1,0.05
17084,1025.1,10,1,0.05
17085,975.1,11,1,0.05
17086,1025.1,10,1,0.05
17087,1025.1,10,1,0.05
17088,1025.1,10,1,0.05
17089,1025.1,10,1,0.05
17090,1025.1,10,1,0.05
17091,1026.9,12,1,0.05
17092,1025.1,10,1,0.05
17093,1025.1,10,1,0.05
17094,1025.1,10,1,0.05
17095,1026.9,12,1,0.05
17096,1025.1,10,1,0.05
17097,1025.1,10,1,0.05
17098,1025.1,10,1,0.05
17099,1025.1,10,1,0.05
17100,1025.1,10,1,0.05
17101,975.1,11,1,0.05
17102,1028.7,14,1,0.05
17103,1025.1,10,1,0.05
17104,975.1,11,1,0.05
17105,1028.7,14,1,0.05
17106,1025.1,10,1,0.05
17107,1025.1,10,1,0.05
17108,1025.1,10,1,0.05
17109,1028.7,14,1,0.05
17110,975.1,11,1,0.05
17111,1025.1,10,1,0.05
17112,1025.1,10,1,0.05
17113,1025.1,10,1,0.05
17114,1025.1,10,1,0.05
17115,1026.9,12,1,0.05
17116,1025.1,10,1,0.05
17117,1025.1,10,1,0.05
17118,976.9,13,1,0.05
17119,1025.1,10,1,0.05
17120,1025.1,10,1,0.05
17121,975.1,11,1,0.05
17122,1026.9,12,1,0.05
17123,1025.1,10,1,0.05
17124,1025.1,10,1,0.05
17125,1025.1,10,1,0.05
17126,976.9,13,1,0.05
17127,1025.1,10,1,0.05
17128,1025.1,10,1,0.05
17129,1025.1,10,1,0.05
17130,1026.9,12,1,0.05
17131,975.1,11,1,0.05
17132,1025.1,10,1,0.05
17133,1025.1,10,1,0.05
17134,1025.1,10,1,0.05
17135,1026.9,12,1,0.05
17136,1025.1,10,1,0.05
17137,1025.1,10,1,0.05
17138,1026.9,12,1,0.05
17139,975.1,11,1,0.05
17140,1026.9,12,1,0.05
17141,1025.1,10,1,0.05
17142,1025.1,10,1,0.05
17143,1025.1,10,1,0.05
17144,925.1,12,1,0.05
17145,1025.1,10,1,0.05
17146,980.5,17,1,0.05
17147,1025.1,10,1,0.05
17148,1026.9,12,1,0.05
17149,1025.1,10,1,0.05
17150,1025.1,10,1,0.05
17151,1025.1,10,1,0.05
17152,975.1,11,1,0.05
17153,1025.1,10,1,0.05
17154,1023.3,8,1,0.05
17155,1025.1,10,1,0.05
17156,1025.1,10,1,0.05
17157,1025.1,10,1,0.05
17158,975.1,11,1,0.05
17159,1025.1,10,1,0.05
17160,1025.1,10,1,0.05
17161,975.1,11,1,0.05
17162,1025.1,10,1,0.05
17163,1025.1,10,1,0.05
17164,1025.1,10,1,0.05
17165,1025.1,10,1,0.05
17166,1025.1,10,1,0.05
17167,1025.1,10,1,0.05
17168,975.1,11,1,0.05
17169,1025.1,10,1,0.05
17170,1025.1,10,1,0.05
17171,1025.1,10,1,0.05
17172,1025.1,10,1,0.05
17173,1026.9,12,1,0.05
17174,975.1,11,1,0.05
17175,1025.1,10,1,0.05
17176,1025.1,10,1,0.05
17177,1023.3,8,1,0.05
17178,1025.1,10,1,0.05
17179,992.3,18,1,0.05
17180,1025.1,10,1,0.05
17181,1025.1,10,1,0.05
17182,976.9,13,1,0.05
17183,1025.1,10,1,0.05
17184,1026.9,12,1,0.05
17185,1025.1,10,1,0.05
17186,975.1,11,1,0.05
17187,1023.3,8,1,0.05
17188,1025.1,10,1,0.05
17189,1023.3,8,1,0.05
17190,1025.1,10,1,0.05
17191,1025.1,10,1,0.05
17192,1026.9,12,1,0.05
17193,1025.1,10,1,0.05
17194,1025.1,10,1,0.05
17195,1025.1,10,1,0.05
17196,1025.1,10,1,0.05
17197,1025.1,10,1,0.05
17198,925.1,12,1,0.05
17199,1026.9,12,1,0.05
17200,928.7,16,1,0.05
17201,1025.1,10,1,0.05
17202,1025.1,10,1,0.05
17203,1025.1,10,1,0.05
17204,1025.1,10,1,0.05
17205,978.7,15,1,0.05
17206,1023.3,8,1,0.05
17207,1025.1,10,1,0.05
17208,975.1,11,1,0.05
17209,1025.1,10,1,0.05
17210,1025.1,10,1,0.05
17211,1025.1,10,1,0.05
17212,1025.1,10,1,0.05
17213,1026.9,12,1,0.05
17214,1025.1,10,1,0.05
17215,1028.7,14,1,0.05
17216,1025.1,10,1,0.05
17217,1025.1,10,1,0.05
17218,1026.9,12,1,0.05
17219,1025.1,10,1,0.05
17220,1025.1,10,1,0.05
17221,1025.1,10,1,0.05
17222,975.1,11,1,0.05
17223,1025.1,10,1,0.05
17224,1025.1,10,1,0.05
17225,1025.1,10,1,0.05
17226,1025.1,10,1,0.05
17227,1025.1,10,1,0.05
17228,1025.1,10,1,0.05
17229,1025.1,10,1,0.05
17230,1025.1,10,1,0.05
17231,1025.1,10,1,0.05
17232,1025.1,10,1,0.05
17233,1025.1,10,1,0.05
17234,1025.1,10,1,0.05
17235,1025.1,10,1,0.05
17236,1025.1,10,1,0.05
17237,1025.1,10,1,0.05
17238,975.1,11,1,0.05
17239,1025.1,10,1,0.05
17240,1028.7,14,1,0.05
17241,1026.9,12,1,0.05
17242,1025.1,10,1,0.05
17243,1025.1,10,1,0.05
17244,1025.1,10,1,0.05
17245,976.9,13,1,0.05
17246,975.1,11,1,0.05
17247,1025.1,10,1,0.05
17248,1025.1,10,1,0.05
17249,1025.1,10,1,0.05
17250,1025.1,10,1,0.05
17251,1025.1,10,1,0.05
17252,1025.1,10,1,0.05
17253,1025.1,10,1,0.05
17254,1025.1,10,1,0.05
17255,1025.1,10,1,0.05
17256,1025.1,10,1,0.05
17257,1025.1,10,1,0.05
17258,1025.1,10,1,0.05
17259,975.1,11,1,0.05
17260,1025.1,10,1,0.05
17261,975.1,11,1,0.05
17262,1025.1,10,1,0.05
17263,1025.1,10,1,0.05
17264,1026.9,12,1,0.05
17265,1025.1,10,1,0.05
17266,1025.1,10,1,0.05
17267,1025.1,10,1,0.05
17268,1025.1,10,1,0.05
17269,928.7,16,1,0.05
17270,1025.1,10,1,0.05
17271,1025.1,10,1,0.05
17272,1028.7,14,1,0.05
17273,1025.1,10,1,0.05
17274,975.1,11,1,0.05
17275,1025.1,10,1,0.05
17276,1025.1,10,1,0.05
17277,1025.1,10,1,0.05
17278,975.1,11,1,0.05
17279,1028.7,14,1,0.05
17280,1025.1,10,1,0.05
17281,1025.1,10,1,0.05
17282,1025.1,10,1,0.05
17283,1026.9,12,1,0.05
17284,1025.1,10,1,0.05
17285,976.9,13,1,0.05
17286,1025.1,10,1,0.05
17287,1026.9,12,1,0.05
17288,1025.1,10,1,0.05
17289,1025.1,10,1,0.05
17290,1025.1,10,1,0.05
17291,975.1,11,1,0.05
17292,1025.1,10,1,0.05
17293,1025.1,10,1,0.05
17294,1025.1,10,1,0.05
17295,1025.1,10,1,0.05
17296,1025.1,10,1,0.05
17297,1025.1,10,1,0.05
17298,1025.1,10,1,0.05
17299,975.1,11,1,0.05
17300,1025.1,10,1,0.05
17301,1026.9,12,1,0.05
17302,1025.1,10,1,0.05
17303,1025.1,10,1,0.05
17304,1025.1,10,1,0.05
17305,1025.1,10,1,0.05
17306,1025.1,10,1,0.05
17307,1026.9,12,1,0.05
17308,1026.9,12,1,0.05
17309,1025.1,10,1,0.05
17310,1025.1,10,1,0.05
17311,1025.1,10,1,0.05
17312,1025.1,10,1,0.05
17313,1025.1,10,1,0.05
17314,1028.7,14,1,0.05
17315,1025.1,10,1,0.05
17316,1025.1,10,1,0.05
17317,1025.1,10,1,0.05
17318,1025.1,10,1,0.05
17319,1025.1,10,1,0.05
17320,1026.9,12,1,0.05
17321,1025.1,10,1,0.05
17322,925.1,12,1,0.05
17323,973.3,9,1,0.05
17324,1023.3,8,1,0.05
17325,1025.1,10,1,0.05
17326,970.1,11,1,0.05
17327,1026.9,12,1,0.05
17328,1026.9,12,1,0.05
17329,1025.1,10,1,0.05
17330,1025.1,10,1,0.05
17331,1025.1,10,1,0.05
17332,1025.1,10,1,0.05
17333,1025.1,10,1,0.05
17334,1025.1,10,1,0.05
17335,1025.1,10,1,0.05
17336,1025.1,10,1,0.05
17337,965.1,11,1,0.05
17338,1025.1,10,1,0.05
17339,1028.7,14,1,0.05
17340,975.1,11,1,0.05
17341,1025.1,10,1,0.05
17342,1025.1,10,1,0.05
17343,975.1,11,1,0.05
17344,976.9,13,1,0.05
17345,1025.1,10,1,0.05
17346,1025.1,10,1,0.05
17347,1026.9,12,1,0.05
17348,1025.1,10,1,0.05
17349,1025.1,10,1,0.05
17350,1025.1,10,1,0.05
17351,1025.1,10,1,0.05
17352,1025.1,10,1,0.05
17353,1026.9,12,1,0.05
17354,1023.3,8,1,0.05
17355,1025.1,10,1,0.05
17356,1025.1,10,1,0.05
17357,1026.9,12,1,0.05
17358,1025.1,10,1,0.05
17359,925.1,12,1,0.05
17360,925.1,12,1,0.05
17361,1026.9,12,1,0.05
17362,1025.1,10,1,0.05
17363,1025.1,10,1,0.05
17364,973.3,9,1,0.05
17365,1025.1,10,1,0.05
17366,1025.1,10,1,0.05
17367,1025.1,10,1,0.05
17368,1025.1,10,1,0.05
17369,1026.9,12,1,0.05
17370,1025.1,10,1,0.05
17371,1025.1,10,1,0.05
17372,1005.1,10,1,0.05
17373,1025.1,10,1,0.05
17374,1025.1,10,1,0.05
17375,1025.1,10,1,0.05
17376,1025.1,10,1,0.05
17377,1023.3,8,1,0.05
17378,1026.9,12,1,0.05
17379,975.1,11,1,0.05
17380,1026.9,12,1,0.05
17381,1025.1,10,1,0.05
17382,1025.1,10,1,0.05
17383,978.6999999999999,15,1,0.05
17384,1025.1,10,1,0.05
17385,1025.1,10,1,0.05
17386,1025.1,10,1,0.05
17387,1026.9,12,1,0.05
17388,1026.9,12,1,0.05
17389,1025.1,10,1,0.05
17390,976.9,13,1,0.05
17391,1025.1,10,1,0.05
17392,975.1,11,1,0.05
17393,1025.1,10,1,0.05
17394,1025.1,10,1,0.05
17395,976.9,13,1,0.05
17396,1026.9,12,1,0.05
17397,1025.1,10,1,0.05
17398,980.5,17,1,0.05
17399,1025.1,10,1,0.05
17400,975.1,11,1,0.05
17401,1025.1,10,1,0.05
17402,1025.1,10,1,0.05
17403,1025.1,10,1,0.05
17404,1025.1,10,1,0.05
17405,976.9,13,1,0.05
17406,1026.9,12,1,0.05
17407,1025.1,10,1,0.05
17408,1025.1,10,1,0.05
17409,1025.1,10,1,0.05
17410,1028.7,14,1,0.05
17411,1026.9,12,1,0.05
17412,1025.1,10,1,0.05
17413,973.3,9,1,0.05
17414,1025.1,10,1,0.05
17415,1025.1,10,1,0.05
17416,1025.1,10,1,0.05
17417,1026.9,12,1,0.05
17418,976.9,13,1,0.05
17419,1025.1,10,1,0.05
17420,1025.1,10,1,0.05
17421,1025.1,10,1,0.05
17422,1025.1,10,1,0.05
17423,1025.1,10,1,0.05
17424,1026.9,12,1,0.05
17425,1025.1,10,1,0.05
17426,1025.1,10,1,0.05
17427,1025.1,10,1,0.05
17428,1025.1,10,1,0.05
17429,1025.1,10,1,0.05
17430,975.1,11,1,0.05
17431,1025.1,10,1,0.05
17432,1025.1,10,1,0.05
17433,1026.9,12,1,0.05
17434,1025.1,10,1,0.05
17435,1025.1,10,1,0.05
17436,1025.1,10,1,0.05
17437,1025.1,10,1,0.05
17438,1025.1,10,1,0.05
17439,1025.1,10,1,0.05
17440,1025.1,10,1,0.05
17441,1025.1,10,1,0.05
17442,1025.1,10,1,0.05
17443,1026.9,12,1,0.05
17444,1025.1,10,1,0.05
17445,925.1,12,1,0.05
17446,1034.1,20,1,0.05
17447,975.1,11,1,0.05
17448,1025.1,10,1,0.05
17449,1026.9,12,1,0.05
17450,1025.1,10,1,0.05
17451,1025.1,10,1,0.05
17452,1025.1,10,1,0.05
17453,975.1,11,1,0.05
17454,1025.1,10,1,0.05
17455,925.1,12,1,0.05
17456,1025.1,10,1,0.05
17457,1025.1,10,1,0.05
17458,1025.1,10,1,0.05
17459,1026.9,12,1,0.05
17460,1025.1,10,1,0.05
17461,1025.1,10,1,0.05
17462,1025.1,10,1,0.05
17463,1025.1,10,1,0.05
17464,1025.1,10,1,0.05
17465,1025.1,10,1,0.05
17466,1026.9,12,1,0.05
17467,1026.9,12,1,0.05
17468,1025.1,10,1,0.05
17469,1025.1,10,1,0.05
17470,1023.3,8,1,0.05
17471,1025.1,10,1,0.05
17472,1025.1,10,1,0.05
17473,1025.1,10,1,0.05
17474,1025.1,10,1,0.05
17475,1026.9,12,1,0.05
17476,1025.1,10,1,0.05
17477,1025.1,10,1,0.05
17478,1025.1,10,1,0.05
17479,975.1,11,1,0.05
17480,1025.1,10,1,0.05
17481,1025.1,10,1,0.05
17482,1025.1,10,1,0.05
17483,1025.1,10,1,0.05
17484,1025.1,10,1,0.05
17485,1025.1,10,1,0.05
17486,978.7,15,1,0.05
17487,1025.1,10,1,0.05
17488,1025.1,10,1,0.05
17489,1026.9,12,1,0.05
17490,1025.1,10,1,0.05
17491,1025.1,10,1,0.05
17492,1026.9,12,1,0.05
17493,1025.1,10,1,0.05
17494,1026.9,12,1,0.05
17495,1025.1,10,1,0.05
17496,1025.1,10,1,0.05
17497,1025.1,10,1,0.05
17498,1025.1,10,1,0.05
17499,1026.9,12,1,0.05
17500,1025.1,10,1,0.05
17501,1026.9,12,1,0.05
17502,1025.1,10,1,0.05
17503,1026.9,12,1,0.05
17504,1025.1,10,1,0.05
17505,1025.1,10,1,0.05
17506,1025.1,10,1,0.05
17507,1025.1,10,1,0.05
17508,1025.1,10,1,0.05
17509,1026.9,12,1,0.05
17510,1025.1,10,1,0.05
17511,1025.1,10,1,0.05
17512,1025.1,10,1,0.05
17513,975.1,11,1,0.05
17514,1025.1,10,1,0.05
17515,1025.1,10,1,0.05
17516,1026.9,12,1,0.05
17517,1025.1,10,1,0.05
17518,976.9,13,1,0.05
17519,975.1,11,1,0.05
17520,1025.1,10,1,0.05
17521,1025.1,10,1,0.05
17522,1025.1,10,1,0.05
17523,1025.1,10,1,0.05
17524,1025.1,10,1,0.05
17525,1025.1,10,1,0.05
17526,1025.1,10,1,0.05
17527,1025.1,10,1,0.05
17528,1025.1,10,1,0.05
17529,975.1,11,1,0.05
17530,975.1,11,1,0.05
17531,976.9,13,1,0.05
17532,1025.1,10,1,0.05
17533,1025.1,10,1,0.05
17534,1025.1,10,1,0.05
17535,1026.9,12,1,0.05
17536,1025.1,10,1,0.05
17537,1025.1,10,1,0.05
17538,1025.1,10,1,0.05
17539,1025.1,10,1,0.05
17540,1025.1,10,1,0.05
17541,1025.1,10,1,0.05
17542,1025.1,10,1,0.05
17543,1025.1,10,1,0.05
17544,1025.1,10,1,0.05
17545,1025.1,10,1,0.05
17546,1023.3,8,1,0.05
17547,1025.1,10,1,0.05
17548,975.1,11,1,0.05
17549,1025.1,10,1,0.05
17550,1026.9,12,1,0.05
17551,1025.1,10,1,0.05
17552,1025.1,10,1,0.05
17553,1025.1,10,1,0.05
17554,1025.1,10,1,0.05
17555,975.1,11,1,0.05
17556,1025.1,10,1,0.05
17557,1025.1,10,1,0.05
17558,1025.1,10,1,0.05
17559,1026.9,12,1,0.05
17560,975.1,11,1,0.05
17561,1026.9,12,1,0.05
17562,1026.9,12,1,0.05
17563,1025.1,10,1,0.05
17564,1025.1,10,1,0.05
17565,1025.1,10,1,0.05
17566,1025.1,10,1,0.05
17567,1025.1,10,1,0.05
17568,1025.1,10,1,0.05
17569,976.9,13,1,0.05
17570,1025.1,10,1,0.05
17571,1025.1,10,1,0.05
17572,1025.1,10,1,0.05
17573,1025.1,10,1,0.05
17574,1025.1,10,1,0.05
17575,975.1,11,1,0.05
17576,1025.1,10,1,0.05
17577,1025.1,10,1,0.05
17578,1025.1,10,1,0.05
17579,1025.1,10,1,0.05
17580,1025.1,10,1,0.05
17581,1025.1,10,1,0.05
17582,1025.1,10,1,0.05
17583,1025.1,10,1,0.05
17584,1025.1,10,1,0.05
17585,1025.1,10,1,0.05
17586,1025.1,10,1,0.05
17587,1025.1,10,1,0.05
17588,1025.1,10,1,0.05
17589,1025.1,10,1,0.05
17590,1026.9,12,1,0.05
17591,1025.1,10,1,0.05
17592,1025.1,10,1,0.05
17593,1025.1,10,1,0.05
17594,1026.9,12,1,0.05
17595,1025.1,10,1,0.05
17596,1025.1,10,1,0.05
17597,1025.1,10,1,0.05
17598,975.1,11,1,0.05
17599,1023.3,8,1,0.05
17600,1025.1,10,1,0.05
17601,1026.9,12,1,0.05
17602,1025.1,10,1,0.05
17603,1026.9,12,1,0.05
17604,1025.1,10,1,0.05
17605,1025.1,10,1,0.05
17606,1025.1,10,1,0.05
17607,1025.1,10,1,0.05
17608,1025.1,10,1,0.05
17609,1025.1,10,1,0.05
17610,976.9,13,1,0.05
17611,1026.9,12,1,0.05
17612,1025.1,10,1,0.05
17613,1025.1,10,1,0.05
17614,1025.1,10,1,0.05
17615,1026.9,12,1,0.05
17616,1025.1,10,1,0.05
17617,1025.1,10,1,0.05
17618,1025.1,10,1,0.05
17619,1026.9,12,1,0.05
17620,1025.1,10,1,0.05
17621,1026.9,12,1,0.05
17622,1025.1,10,1,0.05
17623,1025.1,10,1,0.05
17624,1025.1,10,1,0.05
17625,975.1,11,1,0.05
17626,1025.1,10,1,0.05
17627,1026.9,12,1,0.05
17628,1026.9,12,1,0.05
17629,1025.1,10,1,0.05
17630,1025.1,10,1,0.05
17631,1025.1,10,1,0.05
17632,975.1,11,1,0.05
17633,1025.1,10,1,0.05
17634,1025.1,10,1,0.05
17635,1025.1,10,1,0.05
17636,1025.1,10,1,0.05
17637,1025.1,10,1,0.05
17638,1026.9,12,1,0.05
17639,1025.1,10,1,0.05
17640,1025.1,10,1,0.05
17641,1025.1,10,1,0.05
17642,1025.1,10,1,0.05
17643,1026.9,12,1,0.05
17644,1026.9,12,1,0.05
17645,1025.1,10,1,0.05
17646,975.1,11,1,0.05
17647,1025.1,10,1,0.05
17648,1025.1,10,1,0.05
17649,1025.1,10,1,0.05
17650,975.1,11,1,0.05
17651,1025.1,10,1,0.05
17652,1025.1,10,1,0.05
17653,1025.1,10,1,0.05
17654,975.1,11,1,0.05
17655,1025.1,10,1,0.05
17656,1025.1,10,1,0.05
17657,1025.1,10,1,0.05
17658,1028.7,14,1,0.05
17659,1025.1,10,1,0.05
17660,1025.1,10,1,0.05
17661,975.1,11,1,0.05
17662,1025.1,10,1,0.05
17663,1025.1,10,1,0.05
17664,1025.1,10,1,0.05
17665,975.1,11,1,0.05
17666,1023.3,8,1,0.05
17667,1025.1,10,1,0.05
17668,976.9,13,1,0.05
17669,1026.9,12,1,0.05
17670,1025.1,10,1,0.05
17671,1025.1,10,1,0.05
17672,1025.1,10,1,0.05
17673,1025.1,10,1,0.05
17674,976.9,13,1,0.05
17675,1025.1,10,1,0.05
17676,1025.1,10,1,0.05
17677,1023.3,8,1,0.05
17678,1025.1,10,1,0.05
17679,1026.9,12,1,0.05
17680,1026.9,12,1,0.05
17681,1026.9,12,1,0.05
17682,975.1,11,1,0.05
17683,1025.1,10,1,0.05
17684,1025.1,10,1,0.05
17685,1025.1,10,1,0.05
17686,975.1,11,1,0.05
17687,1025.1,10,1,0.05
17688,1025.1,10,1,0.05
17689,1025.1,10,1,0.05
17690,1026.9,12,1,0.05
17691,1025.1,10,1,0.05
17692,1028.7,14,1,0.05
17693,975.1,11,1,0.05
17694,1025.1,10,1,0.05
17695,1025.1,10,1,0.05
17696,1025.1,10,1,0.05
17697,1025.1,10,1,0.05
17698,1026.9,12,1,0.05
17699,1025.1,10,1,0.05
17700,1025.1,10,1,0.05
17701,1025.1,10,1,0.05
17702,1028.7,14,1,0.05
17703,1025.1,10,1,0.05
17704,1026.9,12,1,0.05
17705,1025.1,10,1,0.05
17706,1025.1,10,1,0.05
17707,1008.7,14,1,0.05
17708,1028.7,14,1,0.05
17709,1025.1,10,1,0.05
17710,1025.1,10,1,0.05
17711,1025.1,10,1,0.05
17712,1025.1,10,1,0.05
17713,1025.1,10,1,0.05
17714,1025.1,10,1,0.05
17715,1025.1,10,1,0.05
17716,1025.1,10,1,0.05
17717,1025.1,10,1,0.05
17718,1030.5,16,1,0.05
17719,1025.1,10,1,0.05
17720,1025.1,10,1,0.05
17721,1025.1,10,1,0.05
17722,1026.9,12,1,0.05
17723,1025.1,10,1,0.05
17724,1030.5,16,1,0.05
17725,1023.3,8,1,0.05
17726,1025.1,10,1,0.05
17727,1025.1,10,1,0.05
17728,1025.1,10,1,0.05
17729,1025.1,10,1,0.05
17730,1025.1,10,1,0.05
17731,1025.1,10,1,0.05
17732,1025.1,10,1,0.05
17733,1026.9,12,1,0.05
17734,1025.1,10,1,0.05
17735,1026.9,12,1,0.05
17736,1025.1,10,1,0.05
17737,1025.1,10,1,0.05
17738,975.1,11,1,0.05
17739,1025.1,10,1,0.05
17740,1025.1,10,1,0.05
17741,1025.1,10,1,0.05
17742,1025.1,10,1,0.05
17743,1025.1,10,1,0.05
17744,1025.1,10,1,0.05
17745,1025.1,10,1,0.05
17746,1025.1,10,1,0.05
17747,1023.3,8,1,0.05
17748,988.7,14,1,0.05
17749,1025.1,10,1,0.05
17750,1025.1,10,1,0.05
17751,1025.1,10,1,0.05
17752,1025.1,10,1,0.05
17753,1025.1,10,1,0.05
17754,1025.1,10,1,0.05
17755,1025.1,10,1,0.05
17756,1025.1,10,1,0.05
17757,1025.1,10,1,0.05
17758,1025.1,10,1,0.05
17759,1025.1,10,1,0.05
17760,1025.1,10,1,0.05
17761,1025.1,10,1,0.05
17762,1026.9,12,1,0.05
17763,975.1,11,1,0.05
17764,1025.1,10,1,0.05
17765,1025.1,10,1,0.05
17766,1026.9,12,1,0.05
17767,1025.1,10,1,0.05
17768,1025.1,10,1,0.05
17769,1025.1,10,1,0.05
17770,1025.1,10,1,0.05
17771,1025.1,10,1,0.05
17772,1025.1,10,1,0.05
17773,1025.1,10,1,0.05
17774,1025.1,10,1,0.05
17775,1025.1,10,1,0.05
17776,1025.1,10,1,0.05
17777,1025.1,10,1,0.05
17778,1025.1,10,1,0.05
17779,1025.1,10,1,0.05
17780,1025.1,10,1,0.05
17781,1025.1,10,1,0.05
17782,1025.1,10,1,0.05
17783,1025.1,10,1,0.05
17784,1026.9,12,1,0.05
17785,1025.1,10,1,0.05
17786,1025.1,10,1,0.05
17787,1025.1,10,1,0.05
17788,1025.1,10,1,0.05
17789,1025.1,10,1,0.05
17790,1025.1,10,1,0.05
17791,1025.1,10,1,0.05
17792,1025.1,10,1,0.05
17793,975.1,11,1,0.05
17794,1025.1,10,1,0.05
17795,1025.1,10,1,0.05
17796,1025.1,10,1,0.05
17797,1032.3,18,1,0.05
17798,1025.1,10,1,0.05
17799,1026.9,12,1,0.05
17800,1025.1,10,1,0.05
17801,1025.1,10,1,0.05
17802,1025.1,10,1,0.05
17803,1025.1,10,1,0.05
17804,1025.1,10,1,0.05
17805,1025.1,10,1,0.05
17806,1026.9,12,1,0.05
17807,1025.1,10,1,0.05
17808,1025.1,10,1,0.05
17809,1025.1,10,1,0.05
17810,1025.1,10,1,0.05
17811,1025.1,10,1,0.05
17812,1026.9,12,1,0.05
17813,1025.1,10,1,0.05
17814,1023.3,8,1,0.05
17815,1025.1,10,1,0.05
17816,1025.1,10,1,0.05
17817,1025.1,10,1,0.05
17818,1025.1,10,1,0.05
17819,1025.1,10,1,0.05
17820,1025.1,10,1,0.05
17821,975.1,11,1,0.05
17822,1025.1,10,1,0.05
17823,1025.1,10,1,0.05
17824,1026.9,12,1,0.05
17825,1026.9,12,1,0.05
17826,1025.1,10,1,0.05
17827,1026.9,12,1,0.05
17828,1025.1,10,1,0.05
17829,1025.1,10,1,0.05
17830,1025.1,10,1,0.05
17831,1025.1,10,1,0.05
17832,1025.1,10,1,0.05
17833,1025.1,10,1,0.05
17834,1025.1,10,1,0.05
17835,1026.9,12,1,0.05
17836,1008.7,14,1,0.05
17837,1028.7,14,1,0.05
17838,1025.1,10,1,0.05
17839,1025.1,10,1,0.05
17840,1026.9,12,1,0.05
17841,1025.1,10,1,0.05
17842,975.1,11,1,0.05
17843,980.5,17,1,0.05
17844,1025.1,10,1,0.05
17845,975.1,11,1,0.05
17846,1025.1,10,1,0.05
17847,1025.1,10,1,0.05
17848,1026.9,12,1,0.05
17849,1025.1,10,1,0.05
17850,1025.1,10,1,0.05
17851,1025.1,10,1,0.05
17852,1030.5,16,1,0.05
17853,1030.5,16,1,0.05
17854,1023.3,8,1,0.05
17855,985.1,10,1,0.05
17856,983.3,8,1,0.05
17857,1023.3,8,1,0.05
17858,1025.1,10,1,0.05
17859,1025.1,10,1,0.05
17860,1025.1,10,1,0.05
17861,1026.9,12,1,0.05
17862,1025.1,10,1,0.05
17863,1025.1,10,1,0.05
17864,1025.1,10,1,0.05
17865,1025.1,10,1,0.05
17866,1025.1,10,1,0.05
17867,1025.1,10,1,0.05
17868,1028.7,14,1,0.05
17869,1023.3,8,1,0.05
17870,1023.3,8,1,0.05
17871,1023.3,8,1,0.05
17872,1023.3,8,1,0.05
17873,985.1,10,1,0.05
17874,1003.3,8,1,0.05
17875,1023.3,8,1,0.05
17876,1023.3,8,1,0.05
17877,1023.3,8,1,0.05
17878,1023.3,8,1,0.05
17879,1023.3,8,1,0.05
17880,1023.3,8,1,0.05
17881,1023.3,8,1,0.05
17882,985.1,10,1,0.05
17883,1003.3,8,1,0.05
17884,1023.3,8,1,0.05
17885,1023.3,8,1,0.05
17886,1023.3,8,1,0.05
17887,1023.3,8,1,0.05
17888,1023.3,8,1,0.05
17889,1023.3,8,1,0.05
17890,1023.3,8,1,0.05
17891,1023.3,8,1,0.05
17892,985.1,10,1,0.05
17893,983.3,8,1,0.05
17894,1023.3,8,1,0.05
17895,1023.3,8,1,0.05
17896,985.1,10,1,0.05
17897,953.3,9,1,0.05
17898,1023.3,8,1,0.05
17899,1023.3,8,1,0.05
17900,1023.3,8,1,0.05
17901,1023.3,8,1,0.05
17902,1023.3,8,1,0.05
17903,1005.1,10,1,0.05
17904,1003.3,8,1,0.05
17905,1023.3,8,1,0.05
17906,985.1,10,1,0.05
17907,983.3,8,1,0.05
17908,1023.3,8,1,0.05
17909,1023.3,8,1,0.05
17910,986.9,12,1,0.05
17911,1023.3,8,1,0.05
17912,1023.3,8,1,0.05
17913,1023.3,8,1,0.05
17914,973.3,9,1,0.05
17915,1023.3,8,1,0.05
17916,985.1,10,1,0.05
17917,1003.3,8,1,0.05
17918,1023.3,8,1,0.05
17919,1023.3,8,1,0.05
17920,973.3,9,1,0.05
17921,935.1,11,1,0.05
17922,1003.3,8,1,0.05
17923,1023.3,8,1,0.05
17924,1023.3,8,1,0.05
17925,1023.3,8,1,0.05
17926,1023.3,8,1,0.05
17927,1023.3,8,1,0.05
17928,1023.3,8,1,0.05
17929,1025.1,10,1,0.05
17930,1023.3,8,1,0.05
17931,1023.3,8,1,0.05
17932,1023.3,8,1,0.05
17933,1026.9,12,1,0.05
17934,1023.3,8,1,0.05
17935,1023.3,8,1,0.05
17936,1023.3,8,1,0.05
17937,1023.3,8,1,0.05
17938,973.3,9,1,0.05
17939,973.3,9,1,0.05
17940,1023.3,8,1,0.05
17941,1023.3,8,1,0.05
17942,1023.3,8,1,0.05
17943,955.1,11,1,0.05
17944,1003.3,8,1,0.05
17945,1005.1,10,1,0.05
17946,1003.3,8,1,0.05
17947,1023.3,8,1,0.05
17948,923.3000000000001,10,1,0.05
17949,1023.3,8,1,0.05
17950,1023.3,8,1,0.05
17951,1023.3,8,1,0.05
17952,1023.3,8,1,0.05
17953,973.3,9,1,0.05
17954,1023.3,8,1,0.05
17955,973.3,9,1,0.05
17956,1023.3,8,1,0.05
17957,1023.3,8,1,0.05
17958,1023.3,8,1,0.05
17959,1023.3,8,1,0.05
17960,1023.3,8,1,0.05
17961,1023.3,8,1,0.05
17962,1023.3,8,1,0.05
17963,985.1,10,1,0.05
17964,958.7,15,1,0.05
17965,1023.3,8,1,0.05
17966,973.3,9,1,0.05
17967,935.1,11,1,0.05
17968,953.3,9,1,0.05
17969,1023.3,8,1,0.05
17970,1023.3,8,1,0.05
17971,1023.3,8,1,0.05
17972,1023.3,8,1,0.05
17973,1023.3,8,1,0.05
17974,1023.3,8,1,0.05
17975,973.3,9,1,0.05
17976,1023.3,8,1,0.05
17977,1023.3,8,1,0.05
17978,1023.3,8,1,0.05
17979,1023.3,8,1,0.05
17980,985.1,10,1,0.05
17981,983.3,8,1,0.05
17982,1023.3,8,1,0.05
17983,1023.3,8,1,0.05
17984,1023.3,8,1,0.05
17985,1023.3,8,1,0.05
17986,1023.3,8,1,0.05
17987,1023.3,8,1,0.05
17988,1023.3,8,1,0.05
17989,1023.3,8,1,0.05
17990,1023.3,8,1,0.05
17991,1023.3,8,1,0.05
17992,923.3,10,1,0.05
17993,973.3,9,1,0.05
17994,973.3,9,1,0.05
17995,1023.3,8,1,0.05
17996,1023.3,8,1,0.05
17997,1023.3,8,1,0.05
17998,1023.3,8,1,0.05
17999,1005.1,10,1,0.05
18000,953.3,9,1,0.05
18001,1023.3,8,1,0.05
18002,1023.3,8,1,0.05
18003,1023.3,8,1,0.05
18004,1023.3,8,1,0.05
18005,1023.3,8,1,0.05
18006,1023.3,8,1,0.05
18007,1023.3,8,1,0.05
18008,1023.3,8,1,0.05
18009,1023.3,8,1,0.05
18010,1023.3,8,1,0.05
18011,1023.3,8,1,0.05
18012,1023.3,8,1,0.05
18013,1025.1,10,1,0.05
18014,1023.3,8,1,0.05
18015,1023.3,8,1,0.05
18016,1023.3,8,1,0.05
18017,1023.3,8,1,0.05
18018,1023.3,8,1,0.05
18019,1023.3,8,1,0.05
18020,1023.3,8,1,0.05
18021,973.3,9,1,0.05
18022,1023.3,8,1,0.05
18023,1023.3,8,1,0.05
18024,1023.3,8,1,0.05
18025,985.1,10,1,0.05
18026,1003.3,8,1,0.05
18027,1023.3,8,1,0.05
18028,1023.3,8,1,0.05
18029,1023.3,8,1,0.05
18030,1023.3,8,1,0.05
18031,1023.3,8,1,0.05
18032,1023.3,8,1,0.05
18033,1023.3,8,1,0.05
18034,1023.3,8,1,0.05
18035,1023.3,8,1,0.05
18036,1023.3,8,1,0.05
18037,923.3,10,1,0.05
18038,1023.3,8,1,0.05
18039,1023.3,8,1,0.05
18040,1023.3,8,1,0.05
18041,1023.3,8,1,0.05
18042,1023.3,8,1,0.05
18043,973.3,9,1,0.05
18044,1023.3,8,1,0.05
18045,985.1,10,1,0.05
18046,933.3,9,1,0.05
18047,1028.7,14,1,0.05
18048,1023.3,8,1,0.05
18049,1023.3,8,1,0.05
18050,1023.3,8,1,0.05
18051,1023.3,8,1,0.05
18052,1023.3,8,1,0.05
18053,973.3,9,1,0.05
18054,1025.1,10,1,0.05
18055,1023.3,8,1,0.05
18056,1023.3,8,1,0.05
18057,1025.1,10,1,0.05
18058,1023.3,8,1,0.05
18059,1023.3,8,1,0.05
18060,1023.3,8,1,0.05
18061,973.3,9,1,0.05
18062,1023.3,8,1,0.05
18063,973.3,9,1,0.05
18064,1023.3,8,1,0.05
18065,1025.1,10,1,0.05
18066,1023.3,8,1,0.05
18067,1023.3,8,1,0.05
18068,1023.3,8,1,0.05
18069,1025.1,10,1,0.05
18070,1023.3,8,1,0.05
18071,973.3,9,1,0.05
18072,1023.3,8,1,0.05
18073,1023.3,8,1,0.05
18074,1023.3,8,1,0.05
18075,1023.3,8,1,0.05
18076,1023.3,8,1,0.05
18077,973.3,9,1,0.05
18078,968.3,9,1,0.05
18079,1023.3,8,1,0.05
18080,1023.3,8,1,0.05
18081,913.3000000000001,10,1,0.05
18082,1023.3,8,1,0.05
18083,1023.3,8,1,0.05
18084,985.1,10,1,0.05
18085,1006.9,12,1,0.05
18086,1026.9,12,1,0.05
18087,1025.1,10,1,0.05
18088,1025.1,10,1,0.05
18089,1025.1,10,1,0.05
18090,1025.1,10,1,0.05
18091,1025.1,10,1,0.05
18092,1025.1,10,1,0.05
18093,1026.9,12,1,0.05
18094,1025.1,10,1,0.05
18095,1025.1,10,1,0.05
18096,1025.1,10,1,0.05
18097,1025.1,10,1,0.05
18098,1025.1,10,1,0.05
18099,1025.1,10,1,0.05
18100,1025.1,10,1,0.05
18101,1025.1,10,1,0.05
18102,1025.1,10,1,0.05
18103,1025.1,10,1,0.05
18104,1025.1,10,1,0.05
18105,1025.1,10,1,0.05
18106,1025.1,10,1,0.05
18107,1025.1,10,1,0.05
18108,1026.9,12,1,0.05
18109,1025.1,10,1,0.05
18110,1026.9,12,1,0.05
18111,1030.5,16,1,0.05
18112,1025.1,10,1,0.05
18113,1026.9,12,1,0.05
18114,975.1,11,1,0.05
18115,975.1,11,1,0.05
18116,1026.9,12,1,0.05
18117,1026.9,12,1,0.05
18118,1025.1,10,1,0.05
18119,1025.1,10,1,0.05
18120,1025.1,10,1,0.05
18121,1026.9,12,1,0.05
18122,1025.1,10,1,0.05
18123,1025.1,10,1,0.05
18124,1025.1,10,1,0.05
18125,1025.1,10,1,0.05
18126,1025.1,10,1,0.05
18127,1025.1,10,1,0.05
18128,975.1,11,1,0.05
18129,1025.1,10,1,0.05
18130,1025.1,10,1,0.05
18131,1025.1,10,1,0.05
18132,1025.1,10,1,0.05
18133,1025.1,10,1,0.05
18134,1025.1,10,1,0.05
18135,1025.1,10,1,0.05
18136,1030.5,16,1,0.05
18137,1025.1,10,1,0.05
18138,1025.1,10,1,0.05
18139,1028.7,14,1,0.05
18140,1023.3,8,1,0.05
18141,1023.3,8,1,0.05
18142,985.1,10,1,0.05
18143,983.3,8,1,0.05
18144,1023.3,8,1,0.05
18145,1023.3,8,1,0.05
18146,1023.3,8,1,0.05
18147,1023.3,8,1,0.05
18148,973.3,9,1,0.05
18149,973.3,9,1,0.05
18150,985.1,10,1,0.05
18151,1003.3,8,1,0.05
18152,1005.1,10,1,0.05
18153,1003.3,8,1,0.05
18154,1023.3,8,1,0.05
18155,1023.3,8,1,0.05
18156,1023.3,8,1,0.05
18157,1023.3,8,1,0.05
18158,1023.3,8,1,0.05
18159,1023.3,8,1,0.05
18160,1023.3,8,1,0.05
18161,973.3,9,1,0.05
18162,1023.3,8,1,0.05
18163,1025.1,10,1,0.05
18164,1023.3,8,1,0.05
18165,1023.3,8,1,0.05
18166,985.1,10,1,0.05
18167,983.3,8,1,0.05
18168,1023.3,8,1,0.05
18169,1023.3,8,1,0.05
18170,1023.3,8,1,0.05
18171,1023.3,8,1,0.05
18172,1023.3,8,1,0.05
18173,1023.3,8,1,0.05
18174,1023.3,8,1,0.05
18175,955.1,11,1,0.05
18176,1003.3,8,1,0.05
18177,1023.3,8,1,0.05
18178,1023.3,8,1,0.05
18179,1023.3,8,1,0.05
18180,1023.3,8,1,0.05
18181,1023.3,8,1,0.05
18182,1023.3,8,1,0.05
18183,1023.3,8,1,0.05
18184,1023.3,8,1,0.05
18185,1023.3,8,1,0.05
18186,1023.3,8,1,0.05
18187,1023.3,8,1,0.05
18188,1023.3,8,1,0.05
18189,973.3,9,1,0.05
18190,1023.3,8,1,0.05
18191,1023.3,8,1,0.05
18192,1025.1,10,1,0.05
18193,1023.3,8,1,0.05
18194,1023.3,8,1,0.05
18195,1023.3,8,1,0.05
18196,1023.3,8,1,0.05
18197,1023.3,8,1,0.05
18198,1023.3,8,1,0.05
18199,1023.3,8,1,0.05
18200,1023.3,8,1,0.05
18201,923.3,10,1,0.05
18202,1023.3,8,1,0.05
18203,973.3,9,1,0.05
18204,1023.3,8,1,0.05
18205,1023.3,8,1,0.05
18206,1023.3,8,1,0.05
18207,1023.3,8,1,0.05
18208,973.3,9,1,0.05
18209,1023.3,8,1,0.05
18210,1023.3,8,1,0.05
18211,1023.3,8,1,0.05
18212,1023.3,8,1,0.05
18213,1026.9,12,1,0.05
18214,1023.3,8,1,0.05
18215,1023.3,8,1,0.05
18216,973.3,9,1,0.05
18217,1023.3,8,1,0.05
18218,973.3,9,1,0.05
18219,1025.1,10,1,0.05
18220,1026.9,12,1,0.05
18221,1023.3,8,1,0.05
18222,1023.3,8,1,0.05
18223,1023.3,8,1,0.05
18224,1023.3,8,1,0.05
18225,973.3,9,1,0.05
18226,1023.3,8,1,0.05
18227,1023.3,8,1,0.05
18228,1023.3,8,1,0.05
18229,1023.3,8,1,0.05
18230,1005.1,10,1,0.05
18231,1025.1,10,1,0.05
18232,1023.3,8,1,0.05
18233,1023.3,8,1,0.05
18234,1023.3,8,1,0.05
18235,1005.1,10,1,0.05
18236,1003.3,8,1,0.05
18237,975.1,11,1,0.05
18238,1023.3,8,1,0.05
18239,985.1,10,1,0.05
18240,983.3,8,1,0.05
18241,1028.7,14,1,0.05
18242,1025.1,10,1,0.05
18243,1025.1,10,1,0.05
18244,975.1,11,1,0.05
18245,1025.1,10,1,0.05
18246,975.1,11,1,0.05
18247,1025.1,10,1,0.05
18248,1025.1,10,1,0.05
18249,1025.1,10,1,0.05
18250,1026.9,12,1,0.05
18251,975.1,11,1,0.05
18252,975.1,11,1,0.05
18253,1026.9,12,1,0.05
18254,1026.9,12,1,0.05
18255,975.1,11,1,0.05
18256,1026.9,12,1,0.05
18257,1025.1,10,1,0.05
18258,1025.1,10,1,0.05
18259,1025.1,10,1,0.05
18260,1026.9,12,1,0.05
18261,1025.1,10,1,0.05
18262,1025.1,10,1,0.05
18263,1025.1,10,1,0.05
18264,1028.7,14,1,0.05
18265,1028.7,14,1,0.05
18266,925.1,12,1,0.05
18267,976.9,13,1,0.05
18268,1025.1,10,1,0.05
18269,1025.1,10,1,0.05
18270,1025.1,10,1,0.05
18271,1025.1,10,1,0.05
18272,1025.1,10,1,0.05
18273,1026.9,12,1,0.05
18274,1025.1,10,1,0.05
18275,1025.1,10,1,0.05
18276,1023.3,8,1,0.05
18277,1025.1,10,1,0.05
18278,975.1,11,1,0.05
18279,988.7,14,1,0.05
18280,1026.9,12,1,0.05
18281,1025.1,10,1,0.05
18282,1025.1,10,1,0.05
18283,1025.1,10,1,0.05
18284,1025.1,10,1,0.05
18285,975.1,11,1,0.05
18286,1025.1,10,1,0.05
18287,1025.1,10,1,0.05
18288,1025.1,10,1,0.05
18289,975.1,11,1,0.05
18290,1025.1,10,1,0.05
18291,1025.1,10,1,0.05
18292,976.9,13,1,0.05
18293,1025.1,10,1,0.05
18294,1025.1,10,1,0.05
18295,1025.1,10,1,0.05
18296,1025.1,10,1,0.05
18297,1025.1,10,1,0.05
18298,1025.1,10,1,0.05
18299,1025.1,10,1,0.05
18300,1025.1,10,1,0.05
18301,1026.9,12,1,0.05
18302,1025.1,10,1,0.05
18303,1025.1,10,1,0.05
18304,1025.1,10,1,0.05
18305,1025.1,10,1,0.05
18306,1025.1,10,1,0.05
18307,1025.1,10,1,0.05
18308,1025.1,10,1,0.05
18309,1025.1,10,1,0.05
18310,1025.1,10,1,0.05
18311,1025.1,10,1,0.05
18312,1025.1,10,1,0.05
18313,1025.1,10,1,0.05
18314,975.1,11,1,0.05
18315,1025.1,10,1,0.05
18316,1025.1,10,1,0.05
18317,1025.1,10,1,0.05
18318,1025.1,10,1,0.05
18319,1025.1,10,1,0.05
18320,1025.1,10,1,0.05
18321,1025.1,10,1,0.05
18322,1025.1,10,1,0.05
18323,1025.1,10,1,0.05
18324,1025.1,10,1,0.05
18325,1025.1,10,1,0.05
18326,1025.1,10,1,0.05
18327,975.1,11,1,0.05
18328,1025.1,10,1,0.05
18329,984.1,21,1,0.05
18330,1025.1,10,1,0.05
18331,1025.1,10,1,0.05
18332,1025.1,10,1,0.05
18333,975.1,11,1,0.05
18334,975.1,11,1,0.05
18335,1025.1,10,1,0.05
18336,1025.1,10,1,0.05
18337,1025.1,10,1,0.05
18338,1025.1,10,1,0.05
18339,975.1,11,1,0.05
18340,1025.1,10,1,0.05
18341,1026.9,12,1,0.05
18342,1025.1,10,1,0.05
18343,1025.1,10,1,0.05
18344,975.1,11,1,0.05
18345,1026.9,12,1,0.05
18346,1025.1,10,1,0.05
18347,1025.1,10,1,0.05
18348,1026.9,12,1,0.05
18349,1025.1,10,1,0.05
18350,1025.1,10,1,0.05
18351,975.1,11,1,0.05
18352,1025.1,10,1,0.05
18353,1025.1,10,1,0.05
18354,975.1,11,1,0.05
18355,975.1,11,1,0.05
18356,1025.1,10,1,0.05
18357,978.7,15,1,0.05
18358,1026.9,12,1,0.05
18359,1025.1,10,1,0.05
18360,976.9,13,1,0.05
18361,1025.1,10,1,0.05
18362,1025.1,10,1,0.05
18363,1025.1,10,1,0.05
18364,1026.9,12,1,0.05
18365,1025.1,10,1,0.05
18366,1025.1,10,1,0.05
18367,1025.1,10,1,0.05
18368,1025.1,10,1,0.05
18369,1025.1,10,1,0.05
18370,1025.1,10,1,0.05
18371,1025.1,10,1,0.05
18372,1025.1,10,1,0.05
18373,1025.1,10,1,0.05
18374,1025.1,10,1,0.05
18375,1025.1,10,1,0.05
18376,1025.1,10,1,0.05
18377,1025.1,10,1,0.05
18378,1025.1,10,1,0.05
18379,1025.1,10,1,0.05
18380,1025.1,10,1,0.05
18381,1026.9,12,1,0.05
18382,1025.1,10,1,0.05
18383,1025.1,10,1,0.05
18384,1025.1,10,1,0.05
18385,1025.1,10,1,0.05
18386,1025.1,10,1,0.05
18387,975.1,11,1,0.05
18388,1025.1,10,1,0.05
18389,1025.1,10,1,0.05
18390,1025.1,10,1,0.05
18391,1025.1,10,1,0.05
18392,1026.9,12,1,0.05
18393,1025.1,10,1,0.05
18394,1025.1,10,1,0.05
18395,1025.1,10,1,0.05
18396,975.1,11,1,0.05
18397,1025.1,10,1,0.05
18398,1025.1,10,1,0.05
18399,1025.1,10,1,0.05
18400,1025.1,10,1,0.05
18401,1025.1,10,1,0.05
18402,1025.1,10,1,0.05
18403,1025.1,10,1,0.05
18404,1025.1,10,1,0.05
18405,1025.1,10,1,0.05
18406,1025.1,10,1,0.05
18407,1025.1,10,1,0.05
18408,1026.9,12,1,0.05
18409,1025.1,10,1,0.05
18410,1025.1,10,1,0.05
18411,975.1,11,1,0.05
18412,1026.9,12,1,0.05
18413,1025.1,10,1,0.05
18414,1025.1,10,1,0.05
18415,1023.3,8,1,0.05
18416,1026.9,12,1,0.05
18417,1025.1,10,1,0.05
18418,1025.1,10,1,0.05
18419,1028.7,14,1,0.05
18420,1025.1,10,1,0.05
18421,1026.9,12,1,0.05
18422,1025.1,10,1,0.05
18423,1025.1,10,1,0.05
18424,1025.1,10,1,0.05
18425,1028.7,14,1,0.05
18426,975.1,11,1,0.05
18427,975.1,11,1,0.05
18428,1025.1,10,1,0.05
18429,978.6999999999999,15,1,0.05
18430,1025.1,10,1,0.05
18431,1025.1,10,1,0.05
18432,1025.1,10,1,0.05
18433,975.1,11,1,0.05
18434,1025.1,10,1,0.05
18435,1026.9,12,1,0.05
18436,1025.1,10,1,0.05
18437,1026.9,12,1,0.05
18438,1025.1,10,1,0.05
18439,1025.1,10,1,0.05
18440,1023.3,8,1,0.05
18441,1025.1,10,1,0.05
18442,1025.1,10,1,0.05
18443,1025.1,10,1,0.05
18444,1025.1,10,1,0.05
18445,1025.1,10,1,0.05
18446,1025.1,10,1,0.05
18447,1026.9,12,1,0.05
18448,1025.1,10,1,0.05
18449,1025.1,10,1,0.05
18450,1025.1,10,1,0.05
18451,1025.1,10,1,0.05
18452,975.1,11,1,0.05
18453,1025.1,10,1,0.05
18454,1025.1,10,1,0.05
18455,1025.1,10,1,0.05
18456,1025.1,10,1,0.05
18457,1025.1,10,1,0.05
18458,1026.9,12,1,0.05
18459,975.1,11,1,0.05
18460,1025.1,10,1,0.05
18461,1025.1,10,1,0.05
18462,1025.1,10,1,0.05
18463,1030.5,16,1,0.05
18464,1025.1,10,1,0.05
18465,1026.9,12,1,0.05
18466,1025.1,10,1,0.05
18467,1025.1,10,1,0.05
18468,1025.1,10,1,0.05
18469,1025.1,10,1,0.05
18470,1025.1,10,1,0.05
18471,1025.1,10,1,0.05
18472,1025.1,10,1,0.05
18473,1025.1,10,1,0.05
18474,1025.1,10,1,0.05
18475,1025.1,10,1,0.05
18476,1025.1,10,1,0.05
18477,1025.1,10,1,0.05
18478,1026.9,12,1,0.05
18479,976.9,13,1,0.05
18480,1025.1,10,1,0.05
18481,1023.3,8,1,0.05
18482,1025.1,10,1,0.05
18483,1030.5,16,1,0.05
18484,1025.1,10,1,0.05
18485,1025.1,10,1,0.05
18486,1025.1,10,1,0.05
18487,1025.1,10,1,0.05
18488,1025.1,10,1,0.05
18489,1025.1,10,1,0.05
18490,1025.1,10,1,0.05
18491,1025.1,10,1,0.05
18492,1025.1,10,1,0.05
18493,1025.1,10,1,0.05
18494,1025.1,10,1,0.05
18495,975.1,11,1,0.05
18496,1025.1,10,1,0.05
18497,1025.1,10,1,0.05
18498,1025.1,10,1,0.05
18499,976.9,13,1,0.05
18500,975.1,11,1,0.05
18501,1025.1,10,1,0.05
18502,1025.1,10,1,0.05
18503,1025.1,10,1,0.05
18504,1025.1,10,1,0.05
18505,1025.1,10,1,0.05
18506,1025.1,10,1,0.05
18507,1025.1,10,1,0.05
18508,1025.1,10,1,0.05
18509,1025.1,10,1,0.05
18510,1025.1,10,1,0.05
18511,1025.1,10,1,0.05
18512,1025.1,10,1,0.05
18513,1025.1,10,1,0.05
18514,1026.9,12,1,0.05
18515,1025.1,10,1,0.05
18516,1025.1,10,1,0.05
18517,1025.1,10,1,0.05
18518,1026.9,12,1,0.05
18519,1025.1,10,1,0.05
18520,1026.9,12,1,0.05
18521,1025.1,10,1,0.05
18522,1025.1,10,1,0.05
18523,975.1,11,1,0.05
18524,1025.1,10,1,0.05
18525,1026.9,12,1,0.05
18526,1025.1,10,1,0.05
18527,1025.1,10,1,0.05
18528,1025.1,10,1,0.05
18529,1023.3,8,1,0.05
18530,1025.1,10,1,0.05
18531,1025.1,10,1,0.05
18532,1026.9,12,1,0.05
18533,1025.1,10,1,0.05
18534,1025.1,10,1,0.05
18535,1026.9,12,1,0.05
18536,1025.1,10,1,0.05
18537,1025.1,10,1,0.05
18538,1025.1,10,1,0.05
18539,1025.1,10,1,0.05
18540,1026.9,12,1,0.05
18541,1030.5,16,1,0.05
18542,1026.9,12,1,0.05
18543,1025.1,10,1,0.05
18544,982.3,19,1,0.05
18545,1025.1,10,1,0.05
18546,1026.9,12,1,0.05
18547,1025.1,10,1,0.05
18548,1025.1,10,1,0.05
18549,1025.1,10,1,0.05
18550,1026.9,12,1,0.05
18551,1025.1,10,1,0.05
18552,1025.1,10,1,0.05
18553,975.1,11,1,0.05
18554,1025.1,10,1,0.05
18555,1026.9,12,1,0.05
18556,1025.1,10,1,0.05
18557,975.1,11,1,0.05
18558,1025.1,10,1,0.05
18559,975.1,11,1,0.05
18560,1025.1,10,1,0.05
18561,1025.1,10,1,0.05
18562,1023.3,8,1,0.05
18563,978.7,15,1,0.05
18564,1025.1,10,1,0.05
18565,1025.1,10,1,0.05
18566,1025.1,10,1,0.05
18567,1025.1,10,1,0.05
18568,1025.1,10,1,0.05
18569,1025.1,10,1,0.05
18570,1025.1,10,1,0.05
18571,1025.1,10,1,0.05
18572,1026.9,12,1,0.05
18573,1025.1,10,1,0.05
18574,1025.1,10,1,0.05
18575,1026.9,12,1,0.05
18576,1025.1,10,1,0.05
18577,1025.1,10,1,0.05
18578,1023.3,8,1,0.05
18579,1026.9,12,1,0.05
18580,1025.1,10,1,0.05
18581,1025.1,10,1,0.05
18582,1025.1,10,1,0.05
18583,1025.1,10,1,0.05
18584,975.1,11,1,0.05
18585,1025.1,10,1,0.05
18586,975.1,11,1,0.05
18587,976.9,13,1,0.05
18588,1025.1,10,1,0.05
18589,1026.9,12,1,0.05
18590,1026.9,12,1,0.05
18591,928.7,16,1,0.05
18592,1025.1,10,1,0.05
18593,1025.1,10,1,0.05
18594,1025.1,10,1,0.05
18595,1025.1,10,1,0.05
18596,975.1,11,1,0.05
18597,1025.1,10,1,0.05
18598,1025.1,10,1,0.05
18599,1025.1,10,1,0.05
18600,1025.1,10,1,0.05
18601,1025.1,10,1,0.05
18602,1025.1,10,1,0.05
18603,1025.1,10,1,0.05
18604,1025.1,10,1,0.05
18605,1025.1,10,1,0.05
18606,1026.9,12,1,0.05
18607,1025.1,10,1,0.05
18608,1025.1,10,1,0.05
18609,1025.1,10,1,0.05
18610,1025.1,10,1,0.05
18611,1025.1,10,1,0.05
18612,1025.1,10,1,0.05
18613,1025.1,10,1,0.05
18614,1025.1,10,1,0.05
18615,1023.3,8,1,0.05
18616,1008.7,14,1,0.05
18617,1025.1,10,1,0.05
18618,1025.1,10,1,0.05
18619,1025.1,10,1,0.05
18620,1005.1,10,1,0.05
18621,1025.1,10,1,0.05
18622,1026.9,12,1,0.05
18623,1026.9,12,1,0.05
18624,1026.9,12,1,0.05
18625,1025.1,10,1,0.05
18626,1025.1,10,1,0.05
18627,1025.1,10,1,0.05
18628,1026.9,12,1,0.05
18629,1025.1,10,1,0.05
18630,975.1,11,1,0.05
18631,975.1,11,1,0.05
18632,1025.1,10,1,0.05
18633,1028.7,14,1,0.05
18634,1025.1,10,1,0.05
18635,1025.1,10,1,0.05
18636,1025.1,10,1,0.05
18637,1025.1,10,1,0.05
18638,1025.1,10,1,0.05
18639,1025.1,10,1,0.05
18640,1025.1,10,1,0.05
18641,975.1,11,1,0.05
18642,1028.7,14,1,0.05
18643,1025.1,10,1,0.05
18644,1025.1,10,1,0.05
18645,1025.1,10,1,0.05
18646,1025.1,10,1,0.05
18647,925.1,12,1,0.05
18648,1025.1,10,1,0.05
18649,1025.1,10,1,0.05
18650,1025.1,10,1,0.05
18651,1025.1,10,1,0.05
18652,1025.1,10,1,0.05
18653,926.9,14,1,0.05
18654,1025.1,10,1,0.05
18655,1025.1,10,1,0.05
18656,1026.9,12,1,0.05
18657,1025.1,10,1,0.05
18658,978.6999999999999,15,1,0.05
18659,1025.1,10,1,0.05
18660,1025.1,10,1,0.05
18661,1026.9,12,1,0.05
18662,1025.1,10,1,0.05
18663,975.1,11,1,0.05
18664,975.1,11,1,0.05
18665,1008.7,14,1,0.05
18666,1025.1,10,1,0.05
18667,1025.1,10,1,0.05
18668,1025.1,10,1,0.05
18669,1025.1,10,1,0.05
18670,975.1,11,1,0.05
18671,1025.1,10,1,0.05
18672,1025.1,10,1,0.05
18673,1025.1,10,1,0.05
18674,1025.1,10,1,0.05
18675,1025.1,10,1,0.05
18676,1025.1,10,1,0.05
18677,1025.1,10,1,0.05
18678,1025.1,10,1,0.05
18679,1025.1,10,1,0.05
18680,1026.9,12,1,0.05
18681,1028.7,14,1,0.05
18682,1025.1,10,1,0.05
18683,1025.1,10,1,0.05
18684,1025.1,10,1,0.05
18685,1025.1,10,1,0.05
18686,975.1,11,1,0.05
18687,1025.1,10,1,0.05
18688,1025.1,10,1,0.05
18689,1026.9,12,1,0.05
18690,1025.1,10,1,0.05
18691,1025.1,10,1,0.05
18692,1025.1,10,1,0.05
18693,1025.1,10,1,0.05
18694,1026.9,12,1,0.05
18695,1025.1,10,1,0.05
18696,1025.1,10,1,0.05
18697,1026.9,12,1,0.05
18698,1025.1,10,1,0.05
18699,975.1,11,1,0.05
18700,1025.1,10,1,0.05
18701,1025.1,10,1,0.05
18702,1025.1,10,1,0.05
18703,1025.1,10,1,0.05
18704,1025.1,10,1,0.05
18705,1025.1,10,1,0.05
18706,1025.1,10,1,0.05
18707,980.5,17,1,0.05
18708,1025.1,10,1,0.05
18709,975.1,11,1,0.05
18710,1025.1,10,1,0.05
18711,1025.1,10,1,0.05
18712,975.1,11,1,0.05
18713,975.1,11,1,0.05
18714,1026.9,12,1,0.05
18715,1026.9,12,1,0.05
18716,1025.1,10,1,0.05
18717,1025.1,10,1,0.05
18718,1023.3,8,1,0.05
18719,1023.3,8,1,0.05
18720,1025.1,10,1,0.05
18721,1025.1,10,1,0.05
18722,1026.9,12,1,0.05
18723,1025.1,10,1,0.05
18724,1028.7,14,1,0.05
18725,1025.1,10,1,0.05
18726,1026.9,12,1,0.05
18727,1023.3,8,1,0.05
18728,1025.1,10,1,0.05
18729,1026.9,12,1,0.05
18730,1026.9,12,1,0.05
18731,1025.1,10,1,0.05
18732,1025.1,10,1,0.05
18733,1023.3,8,1,0.05
18734,1026.9,12,1,0.05
18735,975.1,11,1,0.05
18736,1008.7,14,1,0.05
18737,1028.7,14,1,0.05
18738,1026.9,12,1,0.05
18739,1025.1,10,1,0.05
18740,975.1,11,1,0.05
18741,1025.1,10,1,0.05
18742,1026.9,12,1,0.05
18743,1026.9,12,1,0.05
18744,1025.1,10,1,0.05
18745,1025.1,10,1,0.05
18746,975.1,11,1,0.05
18747,1025.1,10,1,0.05
18748,1025.1,10,1,0.05
18749,1025.1,10,1,0.05
18750,1025.1,10,1,0.05
18751,1026.9,12,1,0.05
18752,1025.1,10,1,0.05
18753,1025.1,10,1,0.05
18754,1025.1,10,1,0.05
18755,1025.1,10,1,0.05
18756,875.1,13,1,0.05
18757,1025.1,10,1,0.05
18758,1025.1,10,1,0.05
18759,975.1,11,1,0.05
18760,1030.5,16,1,0.05
18761,1025.1,10,1,0.05
18762,1025.1,10,1,0.05
18763,1026.9,12,1,0.05
18764,1025.1,10,1,0.05
18765,1025.1,10,1,0.05
18766,1025.1,10,1,0.05
18767,1025.1,10,1,0.05
18768,1025.1,10,1,0.05
18769,1025.1,10,1,0.05
18770,975.1,11,1,0.05
18771,1025.1,10,1,0.05
18772,975.1,11,1,0.05
18773,1032.3,18,1,0.05
18774,1026.9,12,1,0.05
18775,1026.9,12,1,0.05
18776,1025.1,10,1,0.05
18777,980.5,17,1,0.05
18778,973.3,9,1,0.05
18779,1023.3,8,1,0.05
18780,1023.3,8,1,0.05
18781,1023.3,8,1,0.05
18782,1023.3,8,1,0.05
18783,1023.3,8,1,0.05
18784,1023.3,8,1,0.05
18785,1023.3,8,1,0.05
18786,1023.3,8,1,0.05
18787,1023.3,8,1,0.05
18788,985.1,10,1,0.05
18789,983.3,8,1,0.05
18790,985.1,10,1,0.05
18791,983.3,8,1,0.05
18792,1023.3,8,1,0.05
18793,1023.3,8,1,0.05
18794,1023.3,8,1,0.05
18795,973.3,9,1,0.05
18796,1023.3,8,1,0.05
18797,973.3,9,1,0.05
18798,985.1,10,1,0.05
18799,983.3,8,1,0.05
18800,1023.3,8,1,0.05
18801,1023.3,8,1,0.05
18802,1023.3,8,1,0.05
18803,973.3,9,1,0.05
18804,1023.3,8,1,0.05
18805,1023.3,8,1,0.05
18806,1023.3,8,1,0.05
18807,985.1,10,1,0.05
18808,1003.3,8,1,0.05
18809,1023.3,8,1,0.05
18810,1023.3,8,1,0.05
18811,1023.3,8,1,0.05
18812,1023.3,8,1,0.05
18813,1023.3,8,1,0.05
18814,1023.3,8,1,0.05
18815,1023.3,8,1,0.05
18816,1023.3,8,1,0.05
18817,985.1,10,1,0.05
18818,983.3,8,1,0.05
18819,1023.3,8,1,0.05
18820,1023.3,8,1,0.05
18821,935.1,11,1,0.05
18822,1003.3,8,1,0.05
18823,1005.1,10,1,0.05
18824,1003.3,8,1,0.05
18825,1023.3,8,1,0.05
18826,1023.3,8,1,0.05
18827,973.3,9,1,0.05
18828,1023.3,8,1,0.05
18829,1023.3,8,1,0.05
18830,1023.3,8,1,0.05
18831,1023.3,8,1,0.05
18832,1023.3,8,1,0.05
18833,1023.3,8,1,0.05
18834,1023.3,8,1,0.05
18835,973.3,9,1,0.05
18836,1023.3,8,1,0.05
18837,1023.3,8,1,0.05
18838,1023.3,8,1,0.05
18839,1023.3,8,1,0.05
18840,1023.3,8,1,0.05
18841,1023.3,8,1,0.05
18842,923.3,10,1,0.05
18843,1023.3,8,1,0.05
18844,973.3,9,1,0.05
18845,1023.3,8,1,0.05
18846,1023.3,8,1,0.05
18847,1023.3,8,1,0.05
18848,1023.3,8,1,0.05
18849,973.3,9,1,0.05
18850,1023.3,8,1,0.05
18851,1023.3,8,1,0.05
18852,1023.3,8,1,0.05
18853,1023.3,8,1,0.05
18854,985.1,10,1,0.05
18855,953.3,9,1,0.05
18856,1023.3,8,1,0.05
18857,973.3,9,1,0.05
18858,1023.3,8,1,0.05
18859,1023.3,8,1,0.05
18860,923.3,10,1,0.05
18861,1005.1,10,1,0.05
18862,1003.3,8,1,0.05
18863,1023.3,8,1,0.05
18864,1023.3,8,1,0.05
18865,973.3,9,1,0.05
18866,973.3,9,1,0.05
18867,1023.3,8,1,0.05
18868,1023.3,8,1,0.05
18869,1023.3,8,1,0.05
18870,1023.3,8,1,0.05
18871,1023.3,8,1,0.05
18872,1023.3,8,1,0.05
18873,1023.3,8,1,0.05
18874,1023.3,8,1,0.05
18875,1023.3,8,1,0.05
18876,1023.3,8,1,0.05
18877,1023.3,8,1,0.05
18878,1023.3,8,1,0.05
18879,1023.3,8,1,0.05
18880,1023.3,8,1,0.05
18881,1023.3,8,1,0.05
18882,1023.3,8,1,0.05
18883,1023.3,8,1,0.05
18884,1023.3,8,1,0.05
18885,1023.3,8,1,0.05
18886,1023.3,8,1,0.05
18887,1023.3,8,1,0.05
18888,1023.3,8,1,0.05
18889,1023.3,8,1,0.05
18890,1023.3,8,1,0.05
18891,1023.3,8,1,0.05
18892,1023.3,8,1,0.05
18893,1023.3,8,1,0.05
18894,1023.3,8,1,0.05
18895,1023.3,8,1,0.05
18896,1023.3,8,1,0.05
18897,1025.1,10,1,0.05
18898,1023.3,8,1,0.05
18899,1023.3,8,1,0.05
18900,1005.1,10,1,0.05
18901,1003.3,8,1,0.05
18902,973.3,9,1,0.05
18903,1023.3,8,1,0.05
18904,1023.3,8,1,0.05
18905,1023.3,8,1,0.05
18906,1023.3,8,1,0.05
18907,1023.3,8,1,0.05
18908,1005.1,10,1,0.05
18909,965.1,10,1,0.05
18910,1025.1,10,1,0.05
18911,1023.3,8,1,0.05
18912,1023.3,8,1,0.05
18913,1023.3,8,1,0.05
18914,1023.3,8,1,0.05
18915,1023.3,8,1,0.05
18916,1023.3,8,1,0.05
18917,1025.1,10,1,0.05
18918,1023.3,8,1,0.05
18919,985.1,10,1,0.05
18920,1003.3,8,1,0.05
18921,1023.3,8,1,0.05
18922,1023.3,8,1,0.05
18923,1023.3,8,1,0.05
18924,1023.3,8,1,0.05
18925,1023.3,8,1,0.05
18926,1023.3,8,1,0.05
18927,985.1,10,1,0.05
18928,1003.3,8,1,0.05
18929,973.3,9,1,0.05
18930,1023.3,8,1,0.05
18931,985.1,10,1,0.05
18932,983.3,8,1,0.05
18933,1023.3,8,1,0.05
18934,1023.3,8,1,0.05
18935,1023.3,8,1,0.05
18936,1023.3,8,1,0.05
18937,1023.3,8,1,0.05
18938,1023.3,8,1,0.05
18939,1023.3,8,1,0.05
18940,973.3,9,1,0.05
18941,973.3,9,1,0.05
18942,1023.3,8,1,0.05
18943,1023.3,8,1,0.05
18944,985.1,10,1,0.05
18945,1003.3,8,1,0.05
18946,1023.3,8,1,0.05
18947,1023.3,8,1,0.05
18948,1023.3,8,1,0.05
18949,973.3,9,1,0.05
18950,1023.3,8,1,0.05
18951,1023.3,8,1,0.05
18952,1023.3,8,1,0.05
18953,973.3,9,1,0.05
18954,1023.3,8,1,0.05
18955,1023.3,8,1,0.05
18956,985.1,10,1,0.05
18957,983.3,8,1,0.05
18958,1023.3,8,1,0.05
18959,1023.3,8,1,0.05
18960,1023.3,8,1,0.05
18961,973.3,9,1,0.05
18962,1023.3,8,1,0.05
18963,1023.3,8,1,0.05
18964,973.3,9,1,0.05
18965,1023.3,8,1,0.05
18966,1023.3,8,1,0.05
18967,985.1,10,1,0.05
18968,933.3,9,1,0.05
18969,1023.3,8,1,0.05
18970,1023.3,8,1,0.05
18971,973.3,9,1,0.05
18972,1023.3,8,1,0.05
18973,1023.3,8,1,0.05
18974,1026.9,12,1,0.05
18975,1023.3,8,1,0.05
18976,1023.3,8,1,0.05
18977,1023.3,8,1,0.05
18978,1023.3,8,1,0.05
18979,1023.3,8,1,0.05
18980,873.3000000000001,11,1,0.05
18981,1023.3,8,1,0.05
18982,1023.3,8,1,0.05
18983,1025.1,10,1,0.05
18984,1023.3,8,1,0.05
18985,1023.3,8,1,0.05
18986,1023.3,8,1,0.05
18987,1023.3,8,1,0.05
18988,1023.3,8,1,0.05
18989,905.1,12,1,0.05
18990,1003.3,8,1,0.05
18991,1023.3,8,1,0.05
18992,1025.1,10,1,0.05
18993,1023.3,8,1,0.05
18994,1023.3,8,1,0.05
18995,1023.3,8,1,0.05
18996,1023.3,8,1,0.05
18997,1023.3,8,1,0.05
18998,1023.3,8,1,0.05
18999,1023.3,8,1,0.05
19000,1023.3,8,1,0.05
19001,1023.3,8,1,0.05
19002,1023.3,8,1,0.05
19003,1023.3,8,1,0.05
19004,1023.3,8,1,0.05
19005,1023.3,8,1,0.05
19006,973.3,9,1,0.05
19007,1023.3,8,1,0.05
19008,973.3,9,1,0.05
19009,1023.3,8,1,0.05
19010,1023.3,8,1,0.05
19011,1023.3,8,1,0.05
19012,1023.3,8,1,0.05
19013,973.3,9,1,0.05
19014,1023.3,8,1,0.05
19015,1023.3,8,1,0.05
19016,1023.3,8,1,0.05
19017,1023.3,8,1,0.05
19018,1023.3,8,1,0.05
19019,1023.3,8,1,0.05
19020,1023.3,8,1,0.05
19021,985.1,10,1,0.05
19022,933.3,9,1,0.05
19023,1023.3,8,1,0.05
19024,1023.3,8,1,0.05
19025,1023.3,8,1,0.05
19026,1023.3,8,1,0.05
19027,1023.3,8,1,0.05
19028,1023.3,8,1,0.05
19029,986.9,12,1,0.05
19030,1003.3,8,1,0.05
19031,1023.3,8,1,0.05
19032,1023.3,8,1,0.05
19033,1023.3,8,1,0.05
19034,1023.3,8,1,0.05
19035,1023.3,8,1,0.05
19036,1023.3,8,1,0.05
19037,1023.3,8,1,0.05
19038,1023.3,8,1,0.05
19039,1023.3,8,1,0.05
19040,1023.3,8,1,0.05
19041,1023.3,8,1,0.05
19042,1023.3,8,1,0.05
19043,1023.3,8,1,0.05
19044,1023.3,8,1,0.05
19045,1023.3,8,1,0.05
19046,1005.1,10,1,0.05
19047,1025.1,10,1,0.05
19048,985.1,10,1,0.05
19049,1023.3,8,1,0.05
19050,1023.3,8,1,0.05
19051,1023.3,8,1,0.05
19052,1023.3,8,1,0.05
19053,985.1,10,1,0.05
19054,933.3,9,1,0.05
19055,1023.3,8,1,0.05
19056,1023.3,8,1,0.05
19057,955.1,11,1,0.05
19058,1005.1,10,1,0.05
19059,1023.3,8,1,0.05
19060,973.3,9,1,0.05
19061,1023.3,8,1,0.05
19062,973.3,9,1,0.05
19063,1023.3,8,1,0.05
19064,1023.3,8,1,0.05
19065,1023.3,8,1,0.05
19066,1023.3,8,1,0.05
19067,1023.3,8,1,0.05
19068,1023.3,8,1,0.05
19069,1023.3,8,1,0.05
19070,1023.3,8,1,0.05
19071,1023.3,8,1,0.05
19072,973.3,9,1,0.05
19073,973.3,9,1,0.05
19074,1023.3,8,1,0.05
19075,1023.3,8,1,0.05
19076,1023.3,8,1,0.05
19077,1005.1,10,1,0.05
19078,1003.3,8,1,0.05
19079,1023.3,8,1,0.05
19080,1023.3,8,1,0.05
19081,973.3,9,1,0.05
19082,1023.3,8,1,0.05
19083,1023.3,8,1,0.05
19084,1023.3,8,1,0.05
19085,1005.1,10,1,0.05
19086,1003.3,8,1,0.05
19087,1023.3,8,1,0.05
19088,1023.3,8,1,0.05
19089,1023.3,8,1,0.05
19090,916.9000000000001,13,1,0.05
19091,965.1,10,1,0.05
19092,1025.1,10,1,0.05
19093,983.3,8,1,0.05
19094,1023.3,8,1,0.05
19095,1023.3,8,1,0.05
19096,1023.3,8,1,0.05
19097,1023.3,8,1,0.05
19098,1025.1,10,1,0.05
19099,1023.3,8,1,0.05
19100,1023.3,8,1,0.05
19101,1023.3,8,1,0.05
19102,1023.3,8,1,0.05
19103,1023.3,8,1,0.05
19104,1023.3,8,1,0.05
19105,973.3,9,1,0.05
19106,935.1,11,1,0.05
19107,1003.3,8,1,0.05
19108,1023.3,8,1,0.05
19109,1023.3,8,1,0.05
19110,1023.3,8,1,0.05
19111,1023.3,8,1,0.05
19112,1023.3,8,1,0.05
19113,1025.1,10,1,0.05
19114,1023.3,8,1,0.05
19115,1023.3,8,1,0.05
19116,1023.3,8,1,0.05
19117,1023.3,8,1,0.05
19118,1023.3,8,1,0.05
19119,1023.3,8,1,0.05
19120,1023.3,8,1,0.05
19121,973.3,9,1,0.05
19122,973.3,9,1,0.05
19123,1023.3,8,1,0.05
19124,1023.3,8,1,0.05
19125,1023.3,8,1,0.05
19126,1023.3,8,1,0.05
19127,1023.3,8,1,0.05
19128,1023.3,8,1,0.05
19129,1023.3,8,1,0.05
19130,1023.3,8,1,0.05
19131,1023.3,8,1,0.05
19132,1023.3,8,1,0.05
19133,985.1,10,1,0.05
19134,933.3,9,1,0.05
19135,1023.3,8,1,0.05
19136,1023.3,8,1,0.05
19137,968.7,14,1,0.05
19138,983.3,8,1,0.05
19139,1023.3,8,1,0.05
19140,1023.3,8,1,0.05
19141,1023.3,8,1,0.05
19142,1023.3,8,1,0.05
19143,985.1,10,1,0.05
19144,983.3,8,1,0.05
19145,1005.1,10,1,0.05
19146,1003.3,8,1,0.05
19147,1023.3,8,1,0.05
19148,1023.3,8,1,0.05
19149,1023.3,8,1,0.05
19150,1023.3,8,1,0.05
19151,1023.3,8,1,0.05
19152,1023.3,8,1,0.05
19153,985.1,10,1,0.05
19154,1003.3,8,1,0.05
19155,973.3,9,1,0.05
19156,1023.3,8,1,0.05
19157,1023.3,8,1,0.05
19158,1023.3,8,1,0.05
19159,1023.3,8,1,0.05
19160,1025.1,10,1,0.05
19161,1023.3,8,1,0.05
19162,1023.3,8,1,0.05
19163,985.1,10,1,0.05
19164,956.9,13,1,0.05
19165,1025.1,10,1,0.05
19166,983.3,8,1,0.05
19167,1023.3,8,1,0.05
19168,1023.3,8,1,0.05
19169,1023.3,8,1,0.05
19170,1025.1,10,1,0.05
19171,1023.3,8,1,0.05
19172,985.1,10,1,0.05
19173,983.3,8,1,0.05
19174,1023.3,8,1,0.05
19175,1023.3,8,1,0.05
19176,1023.3,8,1,0.05
19177,1023.3,8,1,0.05
19178,1023.3,8,1,0.05
19179,1023.3,8,1,0.05
19180,985.1,10,1,0.05
19181,986.9,12,1,0.05
19182,1023.3,8,1,0.05
19183,1005.1,10,1,0.05
19184,1003.3,8,1,0.05
19185,1023.3,8,1,0.05
19186,1023.3,8,1,0.05
19187,1023.3,8,1,0.05
19188,1023.3,8,1,0.05
19189,1023.3,8,1,0.05
19190,1023.3,8,1,0.05
19191,1023.3,8,1,0.05
19192,1023.3,8,1,0.05
19193,1025.1,10,1,0.05
19194,1023.3,8,1,0.05
19195,1023.3,8,1,0.05
19196,1023.3,8,1,0.05
19197,1023.3,8,1,0.05
19198,986.9,12,1,0.05
19199,1003.3,8,1,0.05
19200,1023.3,8,1,0.05
19201,1023.3,8,1,0.05
19202,1023.3,8,1,0.05
19203,973.3,9,1,0.05
19204,985.1,10,1,0.05
19205,983.3,8,1,0.05
19206,1023.3,8,1,0.05
19207,1023.3,8,1,0.05
19208,1023.3,8,1,0.05
19209,1023.3,8,1,0.05
19210,1023.3,8,1,0.05
19211,1023.3,8,1,0.05
19212,1023.3,8,1,0.05
19213,1023.3,8,1,0.05
19214,1023.3,8,1,0.05
19215,1023.3,8,1,0.05
19216,1023.3,8,1,0.05
19217,1023.3,8,1,0.05
19218,1023.3,8,1,0.05
19219,1023.3,8,1,0.05
19220,1023.3,8,1,0.05
19221,973.3,9,1,0.05
19222,985.1,10,1,0.05
19223,983.3,8,1,0.05
19224,973.3,9,1,0.05
19225,985.1,10,1,0.05
19226,1025.1,10,1,0.05
19227,953.3,9,1,0.05
19228,1023.3,8,1,0.05
19229,1023.3,8,1,0.05
19230,1023.3,8,1,0.05
19231,1023.3,8,1,0.05
19232,1023.3,8,1,0.05
19233,1023.3,8,1,0.05
19234,1023.3,8,1,0.05
19235,985.1,10,1,0.05
19236,933.3,9,1,0.05
19237,1023.3,8,1,0.05
19238,1023.3,8,1,0.05
19239,985.1,10,1,0.05
19240,1003.3,8,1,0.05
19241,1023.3,8,1,0.05
19242,1023.3,8,1,0.05
19243,1023.3,8,1,0.05
19244,1023.3,8,1,0.05
19245,1023.3,8,1,0.05
19246,1023.3,8,1,0.05
19247,1025.1,10,1,0.05
19248,1023.3,8,1,0.05
19249,1023.3,8,1,0.05
19250,1023.3,8,1,0.05
19251,1023.3,8,1,0.05
19252,1023.3,8,1,0.05
19253,1023.3,8,1,0.05
19254,1025.1,10,1,0.05
19255,1023.3,8,1,0.05
19256,1023.3,8,1,0.05
19257,1005.1,10,1,0.05
19258,1003.3,8,1,0.05
19259,1023.3,8,1,0.05
19260,1023.3,8,1,0.05
19261,1025.1,10,1,0.05
19262,1023.3,8,1,0.05
19263,1023.3,8,1,0.05
19264,1023.3,8,1,0.05
19265,1025.1,10,1,0.05
19266,1023.3,8,1,0.05
19267,1023.3,8,1,0.05
19268,1023.3,8,1,0.05
19269,1023.3,8,1,0.05
19270,1023.3,8,1,0.05
19271,1023.3,8,1,0.05
19272,1023.3,8,1,0.05
19273,1023.3,8,1,0.05
19274,1025.1,10,1,0.05
19275,1023.3,8,1,0.05
19276,1023.3,8,1,0.05
19277,1023.3,8,1,0.05
19278,1023.3,8,1,0.05
19279,1023.3,8,1,0.05
19280,1023.3,8,1,0.05
19281,1023.3,8,1,0.05
19282,1023.3,8,1,0.05
19283,1023.3,8,1,0.05
19284,1025.1,10,1,0.05
19285,1023.3,8,1,0.05
19286,1026.9,12,1,0.05
19287,1023.3,8,1,0.05
19288,1023.3,8,1,0.05
19289,1023.3,8,1,0.05
19290,1023.3,8,1,0.05
19291,1023.3,8,1,0.05
19292,973.3,9,1,0.05
19293,1023.3,8,1,0.05
19294,1026.9,12,1,0.05
19295,973.3,9,1,0.05
19296,1023.3,8,1,0.05
19297,1023.3,8,1,0.05
19298,1023.3,8,1,0.05
19299,973.3,9,1,0.05
19300,1023.3,8,1,0.05
19301,1023.3,8,1,0.05
19302,1023.3,8,1,0.05
19303,1023.3,8,1,0.05
19304,1023.3,8,1,0.05
19305,1023.3,8,1,0.05
19306,1023.3,8,1,0.05
19307,1023.3,8,1,0.05
19308,1023.3,8,1,0.05
19309,1023.3,8,1,0.05
19310,973.3,9,1,0.05
19311,1023.3,8,1,0.05
19312,1023.3,8,1,0.05
19313,973.3,9,1,0.05
19314,1023.3,8,1,0.05
19315,1023.3,8,1,0.05
19316,1023.3,8,1,0.05
19317,1023.3,8,1,0.05
19318,986.9,12,1,0.05
19319,983.3,8,1,0.05
19320,1023.3,8,1,0.05
19321,1023.3,8,1,0.05
19322,1023.3,8,1,0.05
19323,1023.3,8,1,0.05
19324,1023.3,8,1,0.05
19325,1023.3,8,1,0.05
19326,973.3,9,1,0.05
19327,973.3,9,1,0.05
19328,1023.3,8,1,0.05
19329,1023.3,8,1,0.05
19330,973.3,9,1,0.05
19331,1023.3,8,1,0.05
19332,973.3,9,1,0.05
19333,1023.3,8,1,0.05
19334,1023.3,8,1,0.05
19335,1023.3,8,1,0.05
19336,1023.3,8,1,0.05
19337,973.3,9,1,0.05
19338,985.1,10,1,0.05
19339,983.3,8,1,0.05
19340,1023.3,8,1,0.05
19341,1023.3,8,1,0.05
19342,1023.3,8,1,0.05
19343,935.1,11,1,0.05
19344,933.3,9,1,0.05
19345,986.9,12,1,0.05
19346,1023.3,8,1,0.05
19347,1023.3,8,1,0.05
19348,1023.3,8,1,0.05
19349,1023.3,8,1,0.05
19350,1023.3,8,1,0.05
19351,1023.3,8,1,0.05
19352,1023.3,8,1,0.05
19353,985.1,10,1,0.05
19354,933.3,9,1,0.05
19355,1023.3,8,1,0.05
19356,1023.3,8,1,0.05
19357,1025.1,10,1,0.05
19358,1005.1,10,1,0.05
19359,1023.3,8,1,0.05
19360,1023.3,8,1,0.05
19361,1023.3,8,1,0.05
19362,1023.3,8,1,0.05
19363,1023.3,8,1,0.05
19364,1023.3,8,1,0.05
19365,1023.3,8,1,0.05
19366,1023.3,8,1,0.05
19367,973.3,9,1,0.05
19368,1023.3,8,1,0.05
19369,1023.3,8,1,0.05
19370,1023.3,8,1,0.05
19371,985.1,10,1,0.05
19372,985.1,10,1,0.05
19373,1023.3,8,1,0.05
19374,1023.3,8,1,0.05
19375,1023.3,8,1,0.05
19376,1023.3,8,1,0.05
19377,1023.3,8,1,0.05
19378,1023.3,8,1,0.05
19379,1023.3,8,1,0.05
19380,923.3,10,1,0.05
19381,1023.3,8,1,0.05
19382,1023.3,8,1,0.05
19383,1023.3,8,1,0.05
19384,1023.3,8,1,0.05
19385,1023.3,8,1,0.05
19386,1023.3,8,1,0.05
19387,1023.3,8,1,0.05
19388,1023.3,8,1,0.05
19389,1023.3,8,1,0.05
19390,973.3,9,1,0.05
19391,1023.3,8,1,0.05
19392,1023.3,8,1,0.05
19393,1023.3,8,1,0.05
19394,1023.3,8,1,0.05
19395,1023.3,8,1,0.05
19396,1023.3,8,1,0.05
19397,1023.3,8,1,0.05
19398,1023.3,8,1,0.05
19399,1023.3,8,1,0.05
19400,1025.1,10,1,0.05
19401,1023.3,8,1,0.05
19402,1023.3,8,1,0.05
19403,1023.3,8,1,0.05
19404,1005.1,10,1,0.05
19405,1003.3,8,1,0.05
19406,1023.3,8,1,0.05
19407,1023.3,8,1,0.05
19408,975.1,11,1,0.05
19409,1023.3,8,1,0.05
19410,973.3,9,1,0.05
19411,1023.3,8,1,0.05
19412,1023.3,8,1,0.05
19413,1023.3,8,1,0.05
19414,955.1,11,1,0.05
19415,965.1,10,1,0.05
19416,983.3,8,1,0.05
19417,1023.3,8,1,0.05
19418,1023.3,8,1,0.05
19419,973.3,9,1,0.05
19420,1023.3,8,1,0.05
19421,1023.3,8,1,0.05
19422,1025.1,10,1,0.05
19423,1023.3,8,1,0.05
19424,1023.3,8,1,0.05
19425,1023.3,8,1,0.05
19426,1030.5,16,1,0.05
19427,973.3,9,1,0.05
19428,1023.3,8,1,0.05
19429,973.3,9,1,0.05
19430,1023.3,8,1,0.05
19431,1023.3,8,1,0.05
19432,1023.3,8,1,0.05
19433,1023.3,8,1,0.05
19434,1023.3,8,1,0.05
19435,1023.3,8,1,0.05
19436,1023.3,8,1,0.05
19437,1023.3,8,1,0.05
19438,1023.3,8,1,0.05
19439,1023.3,8,1,0.05
19440,1023.3,8,1,0.05
19441,1023.3,8,1,0.05
19442,1023.3,8,1,0.05
19443,1023.3,8,1,0.05
19444,1023.3,8,1,0.05
19445,1023.3,8,1,0.05
19446,1023.3,8,1,0.05
19447,1023.3,8,1,0.05
19448,973.3,9,1,0.05
19449,1025.1,10,1,0.05
19450,1025.1,10,1,0.05
19451,1025.1,10,1,0.05
19452,983.3,8,1,0.05
19453,1023.3,8,1,0.05
19454,1023.3,8,1,0.05
19455,1023.3,8,1,0.05
19456,1023.3,8,1,0.05
19457,1025.1,10,1,0.05
19458,1023.3,8,1,0.05
19459,1023.3,8,1,0.05
19460,985.1,10,1,0.05
19461,983.3,8,1,0.05
19462,1025.1,10,1,0.05
19463,1025.1,10,1,0.05
19464,1023.3,8,1,0.05
19465,1023.3,8,1,0.05
19466,1023.3,8,1,0.05
19467,1023.3,8,1,0.05
19468,985.1,10,1,0.05
19469,1023.3,8,1,0.05
19470,1023.3,8,1,0.05
19471,1023.3,8,1,0.05
19472,1023.3,8,1,0.05
19473,1023.3,8,1,0.05
19474,1023.3,8,1,0.05
19475,985.1,10,1,0.05
19476,983.3,8,1,0.05
19477,1023.3,8,1,0.05
19478,1005.1,10,1,0.05
19479,1003.3,8,1,0.05
19480,1023.3,8,1,0.05
19481,985.1,10,1,0.05
19482,945.1,10,1,0.05
19483,973.3,9,1,0.05
19484,1023.3,8,1,0.05
19485,1023.3,8,1,0.05
19486,985.1,10,1,0.05
19487,1005.1,10,1,0.05
19488,1023.3,8,1,0.05
19489,1023.3,8,1,0.05
19490,985.1,10,1,0.05
19491,1025.1,10,1,0.05
19492,1003.3,8,1,0.05
19493,1023.3,8,1,0.05
19494,1023.3,8,1,0.05
19495,1023.3,8,1,0.05
19496,1023.3,8,1,0.05
19497,1023.3,8,1,0.05
19498,1023.3,8,1,0.05
19499,1023.3,8,1,0.05
19500,986.9,12,1,0.05
19501,1023.3,8,1,0.05
19502,1023.3,8,1,0.05
19503,973.3,9,1,0.05
19504,1023.3,8,1,0.05
19505,1023.3,8,1,0.05
19506,1023.3,8,1,0.05
19507,1023.3,8,1,0.05
19508,1023.3,8,1,0.05
19509,1025.1,10,1,0.05
19510,973.3,9,1,0.05
19511,985.1,10,1,0.05
19512,983.3,8,1,0.05
19513,1023.3,8,1,0.05
19514,1023.3,8,1,0.05
19515,1023.3,8,1,0.05
19516,1023.3,8,1,0.05
19517,1023.3,8,1,0.05
19518,1023.3,8,1,0.05
19519,1023.3,8,1,0.05
19520,1025.1,10,1,0.05
19521,1023.3,8,1,0.05
19522,1023.3,8,1,0.05
19523,1023.3,8,1,0.05
19524,1023.3,8,1,0.05
19525,1023.3,8,1,0.05
19526,1026.9,12,1,0.05
19527,1023.3,8,1,0.05
19528,1023.3,8,1,0.05
19529,1023.3,8,1,0.05
19530,973.3,9,1,0.05
19531,1023.3,8,1,0.05
19532,973.3,9,1,0.05
19533,1023.3,8,1,0.05
19534,1023.3,8,1,0.05
19535,955.1,11,1,0.05
19536,1003.3,8,1,0.05
19537,1023.3,8,1,0.05
19538,916.9000000000001,13,1,0.05
19539,1025.1,10,1,0.05
19540,1025.1,10,1,0.05
19541,975.1,11,1,0.05
19542,975.1,11,1,0.05
19543,1025.1,10,1,0.05
19544,1025.1,10,1,0.05
19545,1025.1,10,1,0.05
19546,1025.1,10,1,0.05
19547,1025.1,10,1,0.05
19548,1025.1,10,1,0.05
19549,1025.1,10,1,0.05
19550,975.1,11,1,0.05
19551,1025.1,10,1,0.05
19552,1025.1,10,1,0.05
19553,1030.5,16,1,0.05
19554,1026.9,12,1,0.05
19555,1025.1,10,1,0.05
19556,1025.1,10,1,0.05
19557,1026.9,12,1,0.05
19558,1026.9,12,1,0.05
19559,1025.1,10,1,0.05
19560,1025.1,10,1,0.05
19561,1025.1,10,1,0.05
19562,1025.1,10,1,0.05
19563,975.1,11,1,0.05
19564,975.1,11,1,0.05
19565,1025.1,10,1,0.05
19566,1025.1,10,1,0.05
19567,1025.1,10,1,0.05
19568,1025.1,10,1,0.05
19569,1025.1,10,1,0.05
19570,1023.3,8,1,0.05
19571,1025.1,10,1,0.05
19572,1025.1,10,1,0.05
19573,1025.1,10,1,0.05
19574,1025.1,10,1,0.05
19575,1025.1,10,1,0.05
19576,1025.1,10,1,0.05
19577,1026.9,12,1,0.05
19578,975.1,11,1,0.05
19579,1025.1,10,1,0.05
19580,1025.1,10,1,0.05
19581,1025.1,10,1,0.05
19582,975.1,11,1,0.05
19583,975.1,11,1,0.05
19584,1025.1,10,1,0.05
19585,1026.9,12,1,0.05
19586,1025.1,10,1,0.05
19587,1025.1,10,1,0.05
19588,1026.9,12,1,0.05
19589,1025.1,10,1,0.05
19590,1025.1,10,1,0.05
19591,1025.1,10,1,0.05
19592,1025.1,10,1,0.05
19593,1025.1,10,1,0.05
19594,1025.1,10,1,0.05
19595,925.1,12,1,0.05
19596,1025.1,10,1,0.05
19597,1028.7,14,1,0.05
19598,1025.1,10,1,0.05
19599,1025.1,10,1,0.05
19600,1026.9,12,1,0.05
19601,1025.1,10,1,0.05
19602,1025.1,10,1,0.05
19603,1025.1,10,1,0.05
19604,1025.1,10,1,0.05
19605,1025.1,10,1,0.05
19606,1025.1,10,1,0.05
19607,1025.1,10,1,0.05
19608,1025.1,10,1,0.05
19609,975.1,11,1,0.05
19610,1025.1,10,1,0.05
19611,1026.9,12,1,0.05
19612,1025.1,10,1,0.05
19613,1025.1,10,1,0.05
19614,1026.9,12,1,0.05
19615,1025.1,10,1,0.05
19616,1025.1,10,1,0.05
19617,1025.1,10,1,0.05
19618,1025.1,10,1,0.05
19619,1025.1,10,1,0.05
19620,1025.1,10,1,0.05
19621,1025.1,10,1,0.05
19622,1023.3,8,1,0.05
19623,1025.1,10,1,0.05
19624,1025.1,10,1,0.05
19625,926.9000000000001,14,1,0.05
19626,1025.1,10,1,0.05
19627,1025.1,10,1,0.05
19628,1026.9,12,1,0.05
19629,1025.1,10,1,0.05
19630,1025.1,10,1,0.05
19631,1023.3,8,1,0.05
19632,1025.1,10,1,0.05
19633,1026.9,12,1,0.05
19634,1025.1,10,1,0.05
19635,1025.1,10,1,0.05
19636,1025.1,10,1,0.05
19637,975.1,11,1,0.05
19638,1025.1,10,1,0.05
19639,1025.1,10,1,0.05
19640,1025.1,10,1,0.05
19641,1025.1,10,1,0.05
19642,1026.9,12,1,0.05
19643,1025.1,10,1,0.05
19644,975.1,11,1,0.05
19645,1025.1,10,1,0.05
19646,1025.1,10,1,0.05
19647,1025.1,10,1,0.05
19648,1025.1,10,1,0.05
19649,1025.1,10,1,0.05
19650,1025.1,10,1,0.05
19651,1025.1,10,1,0.05
19652,1026.9,12,1,0.05
19653,1025.1,10,1,0.05
19654,976.9,13,1,0.05
19655,1025.1,10,1,0.05
19656,1025.1,10,1,0.05
19657,1025.1,10,1,0.05
19658,1025.1,10,1,0.05
19659,1025.1,10,1,0.05
19660,1025.1,10,1,0.05
19661,1025.1,10,1,0.05
19662,1025.1,10,1,0.05
19663,1025.1,10,1,0.05
19664,1025.1,10,1,0.05
19665,1026.9,12,1,0.05
19666,1025.1,10,1,0.05
19667,1026.9,12,1,0.05
19668,1025.1,10,1,0.05
19669,1025.1,10,1,0.05
19670,1026.9,12,1,0.05
19671,1026.9,12,1,0.05
19672,1025.1,10,1,0.05
19673,1025.1,10,1,0.05
19674,1025.1,10,1,0.05
19675,1025.1,10,1,0.05
19676,1025.1,10,1,0.05
19677,1023.3,8,1,0.05
19678,1025.1,10,1,0.05
19679,1025.1,10,1,0.05
19680,975.1,11,1,0.05
19681,1026.9,12,1,0.05
19682,1025.1,10,1,0.05
19683,978.6999999999999,15,1,0.05
19684,975.1,11,1,0.05
19685,1025.1,10,1,0.05
19686,1025.1,10,1,0.05
19687,1025.1,10,1,0.05
19688,1025.1,10,1,0.05
19689,1025.1,10,1,0.05
19690,975.1,11,1,0.05
19691,1025.1,10,1,0.05
19692,1025.1,10,1,0.05
19693,1025.1,10,1,0.05
19694,1025.1,10,1,0.05
19695,1025.1,10,1,0.05
19696,1025.1,10,1,0.05
19697,1023.3,8,1,0.05
19698,1025.1,10,1,0.05
19699,1025.1,10,1,0.05
19700,1025.1,10,1,0.05
19701,1025.1,10,1,0.05
19702,1023.3,8,1,0.05
19703,1025.1,10,1,0.05
19704,1025.1,10,1,0.05
19705,1025.1,10,1,0.05
19706,1025.1,10,1,0.05
19707,1023.3,8,1,0.05
19708,975.1,11,1,0.05
19709,976.9,13,1,0.05
19710,1026.9,12,1,0.05
19711,1025.1,10,1,0.05
19712,1025.1,10,1,0.05
19713,1025.1,10,1,0.05
19714,1025.1,10,1,0.05
19715,1025.1,10,1,0.05
19716,1025.1,10,1,0.05
19717,1025.1,10,1,0.05
19718,1025.1,10,1,0.05
19719,1025.1,10,1,0.05
19720,1026.9,12,1,0.05
19721,1025.1,10,1,0.05
19722,1025.1,10,1,0.05
19723,1025.1,10,1,0.05
19724,925.1,12,1,0.05
19725,1025.1,10,1,0.05
19726,1025.1,10,1,0.05
19727,1025.1,10,1,0.05
19728,1025.1,10,1,0.05
19729,1025.1,10,1,0.05
19730,1025.1,10,1,0.05
19731,1025.1,10,1,0.05
19732,1025.1,10,1,0.05
19733,1026.9,12,1,0.05
19734,1025.1,10,1,0.05
19735,976.9,13,1,0.05
19736,1025.1,10,1,0.05
19737,1025.1,10,1,0.05
19738,1025.1,10,1,0.05
19739,1025.1,10,1,0.05
19740,1025.1,10,1,0.05
19741,975.1,11,1,0.05
19742,1025.1,10,1,0.05
19743,1025.1,10,1,0.05
19744,1025.1,10,1,0.05
19745,1025.1,10,1,0.05
19746,1025.1,10,1,0.05
19747,975.1,11,1,0.05
19748,1025.1,10,1,0.05
19749,1025.1,10,1,0.05
19750,1025.1,10,1,0.05
19751,1025.1,10,1,0.05
19752,1025.1,10,1,0.05
19753,1025.1,10,1,0.05
19754,1025.1,10,1,0.05
19755,975.1,11,1,0.05
19756,1025.1,10,1,0.05
19757,1025.1,10,1,0.05
19758,1023.3,8,1,0.05
19759,975.1,11,1,0.05
19760,1026.9,12,1,0.05
19761,975.1,11,1,0.05
19762,975.1,11,1,0.05
19763,1025.1,10,1,0.05
19764,1025.1,10,1,0.05
19765,1026.9,12,1,0.05
19766,1025.1,10,1,0.05
19767,1025.1,10,1,0.05
19768,975.1,11,1,0.05
19769,1025.1,10,1,0.05
19770,1025.1,10,1,0.05
19771,1025.1,10,1,0.05
19772,1025.1,10,1,0.05
19773,1025.1,10,1,0.05
19774,1025.1,10,1,0.05
19775,1025.1,10,1,0.05
19776,1025.1,10,1,0.05
19777,1025.1,10,1,0.05
19778,1025.1,10,1,0.05
19779,1025.1,10,1,0.05
19780,975.1,11,1,0.05
19781,1025.1,10,1,0.05
19782,1025.1,10,1,0.05
19783,1025.1,10,1,0.05
19784,1025.1,10,1,0.05
19785,1025.1,10,1,0.05
19786,1025.1,10,1,0.05
19787,975.1,11,1,0.05
19788,1025.1,10,1,0.05
19789,1026.9,12,1,0.05
19790,1025.1,10,1,0.05
19791,1030.5,16,1,0.05
19792,1025.1,10,1,0.05
19793,975.1,11,1,0.05
19794,1026.9,12,1,0.05
19795,1025.1,10,1,0.05
19796,1025.1,10,1,0.05
19797,1025.1,10,1,0.05
19798,975.1,11,1,0.05
19799,1025.1,10,1,0.05
19800,1026.9,12,1,0.05
19801,1025.1,10,1,0.05
19802,1025.1,10,1,0.05
19803,1025.1,10,1,0.05
19804,1025.1,10,1,0.05
19805,1025.1,10,1,0.05
19806,1026.9,12,1,0.05
19807,1025.1,10,1,0.05
19808,1026.9,12,1,0.05
19809,1025.1,10,1,0.05
19810,975.1,11,1,0.05
19811,1026.9,12,1,0.05
19812,1025.1,10,1,0.05
19813,1025.1,10,1,0.05
19814,1026.9,12,1,0.05
19815,1025.1,10,1,0.05
19816,1025.1,10,1,0.05
19817,1026.9,12,1,0.05
19818,1025.1,10,1,0.05
19819,1026.9,12,1,0.05
19820,1025.1,10,1,0.05
19821,1025.1,10,1,0.05
19822,1025.1,10,1,0.05
19823,1025.1,10,1,0.05
19824,1026.9,12,1,0.05
19825,1025.1,10,1,0.05
19826,1025.1,10,1,0.05
19827,1025.1,10,1,0.05
19828,1023.3,8,1,0.05
19829,1025.1,10,1,0.05
19830,1025.1,10,1,0.05
19831,1025.1,10,1,0.05
19832,1025.1,10,1,0.05
19833,1025.1,10,1,0.05
19834,1025.1,10,1,0.05
19835,975.1,11,1,0.05
19836,1025.1,10,1,0.05
19837,1025.1,10,1,0.05
19838,1025.1,10,1,0.05
19839,1026.9,12,1,0.05
19840,1025.1,10,1,0.05
19841,1025.1,10,1,0.05
19842,1025.1,10,1,0.05
19843,1025.1,10,1,0.05
19844,973.3,9,1,0.05
19845,1025.1,10,1,0.05
19846,1025.1,10,1,0.05
19847,1025.1,10,1,0.05
19848,1025.1,10,1,0.05
19849,1025.1,10,1,0.05
19850,1025.1,10,1,0.05
19851,1025.1,10,1,0.05
19852,975.1,11,1,0.05
19853,975.1,11,1,0.05
19854,1025.1,10,1,0.05
19855,1025.1,10,1,0.05
19856,1025.1,10,1,0.05
19857,1025.1,10,1,0.05
19858,975.1,11,1,0.05
19859,1025.1,10,1,0.05
19860,975.1,11,1,0.05
19861,1025.1,10,1,0.05
19862,1025.1,10,1,0.05
19863,1026.9,12,1,0.05
19864,1030.5,16,1,0.05
19865,1025.1,10,1,0.05
19866,1025.1,10,1,0.05
19867,976.9,13,1,0.05
19868,1025.1,10,1,0.05
19869,1025.1,10,1,0.05
19870,1025.1,10,1,0.05
19871,1025.1,10,1,0.05
19872,1025.1,10,1,0.05
19873,1025.1,10,1,0.05
19874,975.1,11,1,0.05
19875,1025.1,10,1,0.05
19876,1025.1,10,1,0.05
19877,1025.1,10,1,0.05
19878,1025.1,10,1,0.05
19879,1025.1,10,1,0.05
19880,976.9,13,1,0.05
19881,1025.1,10,1,0.05
19882,1026.9,12,1,0.05
19883,1025.1,10,1,0.05
19884,1025.1,10,1,0.05
19885,1025.1,10,1,0.05
19886,1025.1,10,1,0.05
19887,1025.1,10,1,0.05
19888,976.9,13,1,0.05
19889,975.1,11,1,0.05
19890,1025.1,10,1,0.05
19891,1025.1,10,1,0.05
19892,1025.1,10,1,0.05
19893,1025.1,10,1,0.05
19894,1023.3,8,1,0.05
19895,1025.1,10,1,0.05
19896,1025.1,10,1,0.05
19897,1025.1,10,1,0.05
19898,975.1,11,1,0.05
19899,1025.1,10,1,0.05
19900,1026.9,12,1,0.05
19901,975.1,11,1,0.05
19902,1026.9,12,1,0.05
19903,1025.1,10,1,0.05
19904,1026.9,12,1,0.05
19905,1025.1,10,1,0.05
19906,1025.1,10,1,0.05
19907,1030.5,16,1,0.05
19908,1025.1,10,1,0.05
19909,975.1,11,1,0.05
19910,1025.1,10,1,0.05
19911,1025.1,10,1,0.05
19912,1025.1,10,1,0.05
19913,926.9,14,1,0.05
19914,1025.1,10,1,0.05
19915,1023.3,8,1,0.05
19916,1025.1,10,1,0.05
19917,1028.7,14,1,0.05
19918,1025.1,10,1,0.05
19919,1025.1,10,1,0.05
19920,1025.1,10,1,0.05
19921,1025.1,10,1,0.05
19922,1025.1,10,1,0.05
19923,1028.7,14,1,0.05
19924,1025.1,10,1,0.05
19925,1025.1,10,1,0.05
19926,1026.9,12,1,0.05
19927,1025.1,10,1,0.05
19928,1028.7,14,1,0.05
19929,1030.5,16,1,0.05
19930,1025.1,10,1,0.05
19931,1025.1,10,1,0.05
19932,1025.1,10,1,0.05
19933,978.7,15,1,0.05
19934,973.3,9,1,0.05
19935,1023.3,8,1,0.05
19936,1023.3,8,1,0.05
19937,1023.3,8,1,0.05
19938,1023.3,8,1,0.05
19939,1023.3,8,1,0.05
19940,1023.3,8,1,0.05
19941,1005.1,10,1,0.05
19942,1003.3,8,1,0.05
19943,973.3,9,1,0.05
19944,1023.3,8,1,0.05
19945,1023.3,8,1,0.05
19946,1023.3,8,1,0.05
19947,1023.3,8,1,0.05
19948,1023.3,8,1,0.05
19949,1023.3,8,1,0.05
19950,985.1,10,1,0.05
19951,1005.1,10,1,0.05
19952,1008.7,14,1,0.05
19953,1025.1,10,1,0.05
19954,925.1,12,1,0.05
19955,1025.1,10,1,0.05
19956,1028.7,14,1,0.05
19957,1025.1,10,1,0.05
19958,1025.1,10,1,0.05
19959,1025.1,10,1,0.05
19960,1028.7,14,1,0.05
19961,1030.5,16,1,0.05
19962,1025.1,10,1,0.05
19963,1026.9,12,1,0.05
19964,975.1,11,1,0.05
19965,1025.1,10,1,0.05
19966,1025.1,10,1,0.05
19967,1026.9,12,1,0.05
19968,1025.1,10,1,0.05
19969,925.1,12,1,0.05
19970,1025.1,10,1,0.05
19971,1026.9,12,1,0.05
19972,1025.1,10,1,0.05
19973,1025.1,10,1,0.05
19974,1026.9,12,1,0.05
19975,1008.7,14,1,0.05
19976,925.1,12,1,0.05
19977,975.1,11,1,0.05
19978,1026.9,12,1,0.05
19979,1025.1,10,1,0.05
19980,1025.1,10,1,0.05
19981,1025.1,10,1,0.05
19982,1025.1,10,1,0.05
19983,1025.1,10,1,0.05
19984,1025.1,10,1,0.05
19985,1025.1,10,1,0.05
19986,1025.1,10,1,0.05
19987,1025.1,10,1,0.05
19988,1025.1,10,1,0.05
19989,1028.7,14,1,0.05
19990,1025.1,10,1,0.05
19991,975.1,11,1,0.05
19992,1026.9,12,1,0.05
19993,1026.9,12,1,0.05
19994,1025.1,10,1,0.05
19995,1025.1,10,1,0.05
19996,1025.1,10,1,0.05
19997,1025.1,10,1,0.05
19998,1025.1,10,1,0.05
19999,1025.1,10,1,0.05
