episodio,recompensa,passos,sucesso,epsilon
0,-7100.000000000011,300,0,1.0
1,-7380.70000000002,300,0,0.9997
2,-1157.199999999997,122,1,0.9994000900000001
3,-7519.500000000024,300,0,0.999100269973
4,-7270.400000000026,300,0,0.9988005398920082
5,-6229.200000000017,300,0,0.9985008997300406
6,-12693.300000000023,300,0,0.9982013494601216
7,-6887.600000000028,300,0,0.9979018890552837
8,-6484.90000000002,300,0,0.9976025184885671
9,-7048.500000000037,300,0,0.9973032377330205
10,-10694.20000000003,300,0,0.9970040467617006
11,-2395.1999999999957,134,1,0.9967049455476722
12,-8271.500000000024,300,0,0.9964059340640079
13,-9135.300000000008,300,0,0.9961070122837887
14,-9287.600000000015,300,0,0.9958081801801036
15,-10943.200000000015,300,0,0.9955094377260496
16,-7694.000000000023,300,0,0.9952107848947318
17,-8166.800000000022,300,0,0.9949122216592634
18,-7614.000000000018,300,0,0.9946137479927657
19,-6712.600000000015,300,0,0.9943153638683679
20,-7170.700000000015,300,0,0.9940170692592074
21,-8885.00000000002,300,0,0.9937188641384297
22,-6512.900000000005,300,0,0.9934207484791882
23,-6082.200000000021,300,0,0.9931227222546445
24,-6355.10000000002,300,0,0.9928247854379681
25,-7652.000000000022,300,0,0.9925269380023368
26,-3601.1999999999985,206,1,0.9922291799209362
27,-9541.400000000027,300,0,0.9919315111669599
28,-16641.60000000001,300,0,0.9916339317136098
29,-8826.800000000021,300,0,0.9913364415340957
30,-6891.7000000000335,300,0,0.9910390406016355
31,-6996.300000000019,300,0,0.990741728889455
32,-7842.100000000018,300,0,0.9904445063707882
33,-8213.200000000023,300,0,0.990147373018877
34,-1069.5999999999963,113,1,0.9898503288069713
35,-1603.9999999999964,123,1,0.9895533737083293
36,-5359.300000000011,300,0,0.9892565076962169
37,-8510.800000000028,300,0,0.9889597307439081
38,-5916.100000000019,300,0,0.988663042824685
39,-7049.500000000016,300,0,0.9883664439118376
40,-10974.80000000003,300,0,0.988069933978664
41,-7060.200000000024,300,0,0.9877735129984705
42,-8382.000000000024,300,0,0.9874771809445709
43,-7639.600000000019,300,0,0.9871809377902876
44,-6823.60000000001,300,0,0.9868847835089506
45,-520.0999999999966,99,1,0.9865887180738979
46,-7341.200000000021,300,0,0.9862927414584758
47,-7301.400000000032,300,0,0.9859968536360383
48,-8746.400000000025,300,0,0.9857010545799475
49,-7087.300000000018,300,0,0.9854053442635735
50,-9483.000000000038,300,0,0.9851097226602945
51,-7894.700000000006,300,0,0.9848141897434964
52,-5895.000000000018,300,0,0.9845187454865735
53,-6661.100000000016,300,0,0.9842233898629276
54,-6981.1000000000295,300,0,0.9839281228459688
55,-9532.100000000046,300,0,0.983632944409115
56,-5942.900000000008,300,0,0.9833378545257923
57,-7793.700000000015,300,0,0.9830428531694345
58,-6916.500000000017,300,0,0.9827479403134837
59,-10316.500000000025,300,0,0.9824531159313896
60,-7524.1000000000295,300,0,0.9821583799966103
61,-3281.0999999999963,230,1,0.9818637324826113
62,-7454.400000000023,300,0,0.9815691733628665
63,-7793.700000000018,300,0,0.9812747026108577
64,-7254.100000000022,300,0,0.9809803202000744
65,-6910.400000000014,300,0,0.9806860261040145
66,-7307.800000000026,300,0,0.9803918202961833
67,-6182.100000000011,300,0,0.9800977027500946
68,-4517.600000000004,235,1,0.9798036734392696
69,-6302.200000000015,300,0,0.9795097323372378
70,64.99999999999909,73,1,0.9792158794175366
71,-6389.1000000000095,300,0,0.9789221146537114
72,-7004.400000000017,300,0,0.9786284380193153
73,-7647.200000000019,300,0,0.9783348494879096
74,-7775.100000000019,300,0,0.9780413490330633
75,-8226.300000000017,300,0,0.9777479366283534
76,-7816.800000000036,300,0,0.9774546122473649
77,-7741.100000000016,300,0,0.9771613758636907
78,-7753.900000000023,300,0,0.9768682274509316
79,-7328.000000000015,300,0,0.9765751669826963
80,-7308.900000000031,300,0,0.9762821944326016
81,520.2999999999994,58,1,0.9759893097742718
82,-6545.100000000017,300,0,0.9756965129813395
83,-2702.7999999999893,209,1,0.9754038040274452
84,-6795.200000000021,300,0,0.975111182886237
85,-8307.900000000012,300,0,0.9748186495313712
86,-8410.00000000003,300,0,0.9745262039365118
87,-7311.500000000022,300,0,0.9742338460753309
88,-7675.900000000016,300,0,0.9739415759215083
89,-7445.700000000028,300,0,0.9736493934487319
90,-7496.0000000000255,300,0,0.9733572986306973
91,-7189.800000000026,300,0,0.9730652914411081
92,-3529.4999999999977,227,1,0.9727733718536757
93,-8532.30000000003,300,0,0.9724815398421197
94,-6146.800000000036,296,1,0.9721897953801671
95,-9276.40000000002,300,0,0.9718981384415531
96,-5734.200000000003,300,0,0.9716065690000207
97,-8907.60000000002,300,0,0.9713150870293208
98,-8931.800000000017,300,0,0.9710236925032121
99,-2034.799999999996,135,1,0.9707323853954611
100,-783.7999999999973,114,1,0.9704411656798425
101,-9082.500000000016,300,0,0.9701500333301386
102,-1546.499999999996,148,1,0.9698589883201396
103,-8561.500000000025,300,0,0.9695680306236436
104,-7479.500000000024,300,0,0.9692771602144565
105,-6636.900000000029,300,0,0.9689863770663922
106,-10701.100000000026,300,0,0.9686956811532723
107,-8822.900000000027,300,0,0.9684050724489264
108,-7535.400000000023,300,0,0.9681145509271917
109,-3448.6999999999975,204,1,0.9678241165619136
110,295.8999999999994,46,1,0.967533769326945
111,-6298.000000000022,300,0,0.967243509196147
112,-369.2999999999994,99,1,0.9669533361433882
113,-9529.200000000015,300,0,0.9666632501425452
114,-7867.900000000023,300,0,0.9663732511675024
115,-7143.60000000002,300,0,0.9660833391921522
116,-6886.300000000021,300,0,0.9657935141903946
117,-3512.699999999994,189,1,0.9655037761361375
118,-5627.00000000002,300,0,0.9652141250032966
119,-6832.200000000028,300,0,0.9649245607657957
120,-5899.30000000001,300,0,0.964635083397566
121,-6492.000000000002,300,0,0.9643456928725468
122,-5634.200000000012,274,1,0.9640563891646851
123,-7700.2000000000235,300,0,0.9637671722479357
124,-575.1999999999965,102,1,0.9634780420962614
125,-6686.600000000016,300,0,0.9631889986836326
126,-9566.400000000018,300,0,0.9629000419840276
127,-7967.700000000024,300,0,0.9626111719714324
128,-4017.5000000000105,202,1,0.962322388619841
129,-7372.200000000019,300,0,0.962033691903255
130,-9954.100000000015,300,0,0.9617450817956841
131,-2727.499999999992,175,1,0.9614565582711454
132,-1219.6999999999966,122,1,0.9611681213036641
133,-7153.400000000017,300,0,0.960879770867273
134,-6545.50000000002,300,0,0.9605915069360129
135,-8514.70000000002,300,0,0.9603033294839322
136,-9184.40000000002,300,0,0.960015238485087
137,-6240.30000000002,300,0,0.9597272339135414
138,-6616.500000000028,300,0,0.9594393157433674
139,-8131.600000000015,300,0,0.9591514839486444
140,-9075.100000000019,300,0,0.9588637385034599
141,-7111.5000000000255,300,0,0.9585760793819088
142,-5329.800000000012,300,0,0.9582885065580943
143,-6326.7000000000135,300,0,0.9580010200061269
144,-6336.000000000024,284,1,0.957713619700125
145,-7280.700000000026,300,0,0.957426305614215
146,-5247.60000000002,258,1,0.9571390777225308
147,-7434.600000000025,300,0,0.9568519359992141
148,-7311.100000000011,300,0,0.9565648804184144
149,-7717.500000000022,300,0,0.9562779109542888
150,-5662.900000000009,300,0,0.9559910275810025
151,-9925.800000000012,300,0,0.9557042302727282
152,-13081.800000000012,300,0,0.9554175190036465
153,-3013.199999999994,204,1,0.9551308937479454
154,-7920.500000000023,300,0,0.954844354479821
155,-4706.400000000005,257,1,0.954557901173477
156,-6680.500000000013,300,0,0.954271533803125
157,-7687.500000000028,300,0,0.9539852523429841
158,-7364.100000000015,300,0,0.9536990567672813
159,-6006.400000000016,273,1,0.9534129470502511
160,-7056.9000000000215,300,0,0.9531269231661361
161,560.4999999999992,53,1,0.9528409850891864
162,-8987.800000000014,300,0,0.9525551327936597
163,-6391.3000000000075,300,0,0.9522693662538216
164,-5861.300000000009,300,0,0.9519836854439455
165,-6800.200000000013,300,0,0.9516980903383123
166,-6866.600000000017,300,0,0.9514125809112108
167,-6027.800000000013,300,0,0.9511271571369375
168,-6503.000000000023,300,0,0.9508418189897965
169,-5817.200000000009,300,0,0.9505565664440996
170,-6932.50000000002,300,0,0.9502713994741664
171,-4925.100000000008,274,1,0.9499863180543242
172,-4534.300000000008,246,1,0.9497013221589079
173,-6267.400000000018,300,0,0.9494164117622602
174,-8265.400000000021,300,0,0.9491315868387316
175,-5948.000000000015,300,0,0.94884684736268
176,-9484.700000000015,300,0,0.9485621933084712
177,-8403.100000000024,300,0,0.9482776246504787
178,-7957.500000000031,300,0,0.9479931413630835
179,-7190.700000000019,300,0,0.9477087434206747
180,-603.4999999999983,96,1,0.9474244307976485
181,-7733.000000000006,300,0,0.9471402034684092
182,-7131.800000000004,300,0,0.9468560614073688
183,-5617.500000000015,300,0,0.9465720045889466
184,-1659.8999999999955,152,1,0.94628803298757
185,-2734.1999999999925,201,1,0.9460041465776737
186,-7465.00000000001,300,0,0.9457203453337004
187,-1616.1999999999953,124,1,0.9454366292301003
188,-6075.200000000015,300,0,0.9451529982413313
189,-6053.60000000002,300,0,0.9448694523418589
190,-5948.600000000015,300,0,0.9445859915061564
191,-4142.200000000003,236,1,0.9443026157087046
192,-5800.300000000005,300,0,0.944019324923992
193,-5373.40000000001,300,0,0.9437361191265148
194,-5868.100000000019,300,0,0.9434529982907769
195,-7067.200000000021,300,0,0.9431699623912897
196,-6141.0000000000155,300,0,0.9428870114025724
197,-8539.000000000025,300,0,0.9426041452991516
198,-7761.300000000025,300,0,0.9423213640555619
199,-891.2999999999976,131,1,0.9420386676463453
200,-6064.700000000013,300,0,0.9417560560460514
201,-11702.60000000002,287,1,0.9414735292292377
202,-8005.000000000009,300,0,0.941191087170469
203,-3331.0999999999954,253,1,0.9409087298443178
204,-739.0999999999977,111,1,0.9406264572253645
205,-8487.800000000023,300,0,0.9403442692881969
206,-8951.100000000019,300,0,0.9400621660074104
207,-8343.00000000002,300,0,0.9397801473576083
208,-8270.100000000015,300,0,0.939498213313401
209,-6875.900000000014,300,0,0.939216363849407
210,-6449.200000000014,300,0,0.9389345989402522
211,-6280.700000000023,300,0,0.9386529185605702
212,-6759.900000000027,300,0,0.9383713226850021
213,-5811.400000000002,300,0,0.9380898112881967
214,-2733.5999999999954,169,1,0.9378083843448103
215,-2540.7999999999934,195,1,0.9375270418295069
216,-5848.500000000007,300,0,0.937245783716958
217,-5760.900000000018,300,0,0.9369646099818429
218,-999.8999999999975,128,1,0.9366835205988484
219,-4589.800000000012,284,1,0.9364025155426687
220,-6212.900000000004,300,0,0.9361215947880059
221,-8698.800000000028,300,0,0.9358407583095696
222,-6092.600000000013,299,1,0.9355600060820768
223,-12334.000000000027,300,0,0.9352793380802522
224,-472.5000000000001,79,1,0.9349987542788282
225,-4500.000000000006,213,1,0.9347182546525445
226,-6656.700000000021,300,0,0.9344378391761489
227,-5994.600000000026,300,0,0.9341575078243961
228,-7772.700000000028,300,0,0.9338772605720488
229,-7593.20000000002,300,0,0.9335970973938772
230,362.7999999999993,61,1,0.9333170182646591
231,-179.00000000000057,87,1,0.9330370231591797
232,-7345.70000000001,300,0,0.932757112052232
233,-1461.0999999999972,117,1,0.9324772849186164
234,-6471.700000000019,300,0,0.9321975417331408
235,-1252.0999999999972,133,1,0.9319178824706209
236,-2053.899999999995,164,1,0.9316383071058798
237,-523.6999999999967,85,1,0.9313588156137481
238,-1148.199999999997,125,1,0.931079407969064
239,-2808.499999999994,195,1,0.9308000841466733
240,-5830.400000000012,300,0,0.9305208441214293
241,-6564.3000000000275,300,0,0.930241687868193
242,-7208.100000000024,300,0,0.9299626153618326
243,-4711.30000000001,280,1,0.929683626577224
244,-5649.8000000000075,300,0,0.9294047214892509
245,-5062.800000000012,255,1,0.9291259000728042
246,-5768.600000000007,300,0,0.9288471623027823
247,-3623.8999999999965,266,1,0.9285685081540915
248,-8047.500000000021,300,0,0.9282899376016454
249,-1874.5999999999967,121,1,0.9280114506203649
250,-8853.50000000003,300,0,0.9277330471851789
251,-7463.300000000019,300,0,0.9274547272710234
252,-7971.400000000012,300,0,0.9271764908528422
253,-3207.499999999994,210,1,0.9268983379055863
254,-5029.700000000021,273,1,0.9266202684042146
255,-6429.100000000025,300,0,0.9263422823236934
256,-8394.300000000021,300,0,0.9260643796389963
257,-6098.000000000016,300,0,0.9257865603251046
258,-1265.8999999999983,115,1,0.9255088243570071
259,-448.39999999999884,102,1,0.9252311717097
260,-8209.700000000013,300,0,0.9249536023581871
261,-1852.4999999999932,187,1,0.9246761162774797
262,-7562.700000000017,300,0,0.9243987134425965
263,-9119.200000000004,300,0,0.9241213938285637
264,-5850.500000000014,300,0,0.9238441574104151
265,-4161.700000000008,239,1,0.923567004163192
266,-4632.100000000013,294,1,0.9232899340619432
267,-584.0999999999987,107,1,0.9230129470817245
268,-4368.40000000002,286,1,0.9227360431976
269,-6970.90000000002,300,0,0.9224592223846408
270,-6886.900000000027,300,0,0.9221824846179255
271,-5218.500000000009,300,0,0.9219058298725402
272,-5705.800000000014,300,0,0.9216292581235784
273,-1066.1999999999962,109,1,0.9213527693461414
274,-7267.600000000019,300,0,0.9210763635153376
275,-6426.100000000028,300,0,0.9208000406062831
276,-1387.6999999999966,130,1,0.9205238005941012
277,-1805.4999999999936,183,1,0.9202476434539231
278,-6936.700000000021,300,0,0.919971569160887
279,-947.9999999999956,135,1,0.9196955776901388
280,585.2999999999997,65,1,0.9194196690168318
281,-7384.500000000031,300,0,0.9191438431161267
282,-13225.40000000002,300,0,0.918868099963192
283,-989.6999999999954,108,1,0.918592439533203
284,-8871.700000000017,300,0,0.9183168618013431
285,-2371.5999999999945,155,1,0.9180413667428027
286,-3186.6999999999966,190,1,0.9177659543327799
287,-927.6999999999977,119,1,0.91749062454648
288,-7751.800000000027,300,0,0.9172153773591161
289,-7849.60000000002,300,0,0.9169402127459083
290,-6426.900000000021,300,0,0.9166651306820846
291,-6673.600000000022,300,0,0.9163901311428799
292,-3404.000000000004,208,1,0.9161152141035371
293,-1490.7999999999975,134,1,0.9158403795393061
294,-3873.9999999999995,219,1,0.9155656274254443
295,-510.4999999999983,120,1,0.9152909577372167
296,-3817.7000000000057,216,1,0.9150163704498956
297,-3142.0999999999935,194,1,0.9147418655387607
298,-3383.1999999999957,196,1,0.9144674429790991
299,-871.4999999999999,93,1,0.9141931027462054
300,-7020.40000000003,300,0,0.9139188448153815
301,-6915.700000000017,300,0,0.913644669161937
302,-7499.800000000013,300,0,0.9133705757611884
303,-5270.100000000008,300,0,0.9130965645884601
304,-3059.499999999994,197,1,0.9128226356190836
305,-1876.3999999999965,152,1,0.912548788828398
306,-2552.599999999994,198,1,0.9122750241917494
307,-239.29999999999688,106,1,0.912001341684492
308,-6805.500000000017,300,0,0.9117277412819866
309,-9095.400000000025,300,0,0.9114542229596021
310,-1063.0999999999945,101,1,0.9111807866927143
311,-1755.1999999999957,144,1,0.9109074324567065
312,-7241.000000000022,300,0,0.9106341602269695
313,-4385.70000000001,218,1,0.9103609699789015
314,-5952.600000000007,300,0,0.9100878616879078
315,-11566.200000000012,300,0,0.9098148353294014
316,-2372.499999999994,167,1,0.9095418908788027
317,-6045.800000000016,277,1,0.909269028311539
318,-3290.0999999999935,211,1,0.9089962476030455
319,-3323.5999999999954,203,1,0.9087235487287647
320,-5939.000000000022,271,1,0.9084509316641461
321,-5137.700000000023,299,1,0.9081783963846469
322,-6999.300000000018,300,0,0.9079059428657316
323,475.59999999999957,50,1,0.9076335710828719
324,-6268.500000000014,300,0,0.9073612810115471
325,-2169.999999999995,128,1,0.9070890726272437
326,-7965.900000000031,300,0,0.9068169459054556
327,-6872.600000000001,300,0,0.9065449008216839
328,-4689.300000000013,232,1,0.9062729373514374
329,-7787.000000000029,300,0,0.906001055470232
330,-7072.40000000002,300,0,0.9057292551535909
331,-3021.1999999999903,218,1,0.9054575363770448
332,-283.19999999999766,99,1,0.9051858991161318
333,-8075.0000000000255,300,0,0.904914343346397
334,-7823.000000000018,300,0,0.9046428690433931
335,-5144.200000000024,271,1,0.9043714761826801
336,-2168.3999999999946,181,1,0.9041001647398254
337,-432.09999999999957,99,1,0.9038289346904035
338,-6322.300000000031,300,0,0.9035577860099964
339,-5971.100000000013,300,0,0.9032867186741934
340,-7698.600000000024,300,0,0.9030157326585911
341,-6838.1000000000195,300,0,0.9027448279387936
342,-7111.500000000015,300,0,0.902474004490412
343,-5680.100000000013,300,0,0.902203262289065
344,-1174.7999999999975,124,1,0.9019326013103783
345,-6401.800000000016,300,0,0.9016620215299852
346,-698.6999999999983,114,1,0.9013915229235262
347,-4596.300000000009,239,1,0.9011211054666491
348,-4391.000000000002,218,1,0.9008507691350092
349,-4208.700000000016,282,1,0.9005805139042687
350,-4713.300000000012,271,1,0.9003103397500974
351,-5619.900000000002,300,0,0.9000402466481724
352,-7031.300000000016,300,0,0.8997702345741779
353,-1551.6999999999957,143,1,0.8995003035038057
354,-5612.7000000000135,291,1,0.8992304534127546
355,-2109.299999999992,153,1,0.8989606842767308
356,-356.09999999999866,94,1,0.8986909960714479
357,-4273.200000000008,271,1,0.8984213887726265
358,-5246.70000000001,300,0,0.8981518623559946
359,-10035.90000000002,275,1,0.8978824167972879
360,-5878.200000000008,300,0,0.8976130520722487
361,-4851.100000000001,256,1,0.8973437681566271
362,-2545.099999999991,217,1,0.8970745650261801
363,-3349.9999999999923,211,1,0.8968054426566723
364,-6589.400000000029,300,0,0.8965364010238753
365,-1471.399999999997,135,1,0.8962674401035682
366,-4959.600000000016,274,1,0.8959985598715371
367,487.49999999999955,52,1,0.8957297603035757
368,348.1999999999997,57,1,0.8954610413754847
369,-2914.599999999989,203,1,0.895192403063072
370,-6707.500000000022,300,0,0.8949238453421531
371,-233.20000000000016,80,1,0.8946553681885505
372,-1985.5999999999958,159,1,0.894386971578094
373,-4044.500000000007,195,1,0.8941186554866206
374,-1504.3999999999942,153,1,0.8938504198899747
375,-1749.0999999999945,140,1,0.8935822647640077
376,-6623.9000000000215,300,0,0.8933141900845786
377,-1284.2999999999947,155,1,0.8930461958275532
378,-4287.2000000000035,252,1,0.8927782819688049
379,-6127.700000000023,300,0,0.8925104484842143
380,-2100.5999999999945,182,1,0.8922426953496692
381,-5562.100000000001,283,1,0.8919750225410643
382,-6875.200000000026,300,0,0.891707430034302
383,-5341.300000000016,294,1,0.8914399178052917
384,-5591.000000000013,277,1,0.8911724858299502
385,-2100.3999999999933,182,1,0.8909051340842012
386,-4456.500000000007,255,1,0.890637862543976
387,-6200.2000000000035,300,0,0.8903706711852128
388,-1500.4999999999955,147,1,0.8901035599838573
389,-3559.5999999999935,228,1,0.8898365289158622
390,-6719.50000000001,300,0,0.8895695779571875
391,-1007.6999999999972,118,1,0.8893027070838003
392,-2489.999999999994,157,1,0.8890359162716752
393,-3533.200000000001,226,1,0.8887692054967937
394,-3982.400000000013,267,1,0.8885025747351447
395,-4874.200000000003,297,1,0.8882360239627242
396,-1976.2999999999947,170,1,0.8879695531555354
397,-3598.299999999995,234,1,0.8877031622895888
398,-6443.400000000007,300,0,0.8874368513409019
399,-9056.10000000002,300,0,0.8871706202854996
400,-4958.500000000007,245,1,0.886904469099414
401,-98.99999999999989,88,1,0.8866383977586842
402,-3368.7000000000003,209,1,0.8863724062393566
403,-2537.3999999999937,167,1,0.8861064945174849
404,-2769.799999999992,191,1,0.8858406625691297
405,-947.1999999999967,103,1,0.8855749103703591
406,-2448.6999999999953,144,1,0.885309237897248
407,-1026.6999999999975,111,1,0.8850436451258789
408,-3488.9999999999995,221,1,0.8847781320323411
409,-5589.200000000011,268,1,0.8845126985927314
410,-3339.0999999999963,194,1,0.8842473447831536
411,-847.1999999999981,117,1,0.8839820705797187
412,138.79999999999927,75,1,0.8837168759585448
413,-298.49999999999966,80,1,0.8834517608957573
414,-7487.400000000016,300,0,0.8831867253674885
415,-6093.900000000016,300,0,0.8829217693498783
416,-2283.699999999991,165,1,0.8826568928190733
417,222.6999999999997,78,1,0.8823920957512277
418,-3446.4999999999995,232,1,0.8821273781225023
419,449.99999999999955,73,1,0.8818627399090656
420,-423.4000000000002,106,1,0.8815981810870929
421,-7560.200000000016,300,0,0.8813337016327668
422,-1216.699999999997,146,1,0.881069301522277
423,205.49999999999932,71,1,0.8808049807318203
424,-823.1999999999972,119,1,0.8805407392376008
425,-5309.000000000016,275,1,0.8802765770158295
426,-1124.799999999996,128,1,0.8800124940427247
427,352.49999999999955,56,1,0.879748490294512
428,-7304.000000000009,204,1,0.8794845657474236
429,-3130.2999999999934,221,1,0.8792207203776994
430,-1936.7999999999947,152,1,0.8789569541615861
431,-5837.600000000001,300,0,0.8786932670753377
432,-3858.3000000000006,257,1,0.8784296590952151
433,-594.5999999999991,89,1,0.8781661301974866
434,-7399.100000000011,300,0,0.8779026803584273
435,-8160.400000000028,300,0,0.8776393095543198
436,-11144.100000000033,266,1,0.8773760177614536
437,-534.2999999999989,92,1,0.8771128049561252
438,-8019.800000000022,300,0,0.8768496711146384
439,-3211.9999999999905,233,1,0.876586616213304
440,-3805.199999999993,206,1,0.8763236402284401
441,-6204.600000000017,300,0,0.8760607431363716
442,-1073.499999999999,101,1,0.8757979249134308
443,-1642.6999999999953,124,1,0.8755351855359568
444,-2516.0999999999945,170,1,0.8752725249802961
445,-1997.2999999999943,153,1,0.875009943222802
446,-2591.6999999999925,176,1,0.8747474402398352
447,-4212.300000000004,253,1,0.8744850160077633
448,-4241.2000000000035,219,1,0.874222670502961
449,-10528.000000000015,300,0,0.8739604037018102
450,-7421.100000000025,300,0,0.8736982155806996
451,-3361.199999999991,219,1,0.8734361061160254
452,643.3999999999995,51,1,0.8731740752841907
453,-6140.800000000014,300,0,0.8729121230616055
454,-1113.4999999999973,114,1,0.872650249424687
455,-8730.200000000023,300,0,0.8723884543498597
456,-3229.9999999999914,244,1,0.8721267378135548
457,-2795.799999999993,190,1,0.8718650997922107
458,-486.4999999999992,84,1,0.871603540262273
459,-8055.700000000021,300,0,0.8713420592001944
460,-340.59999999999866,85,1,0.8710806565824344
461,-3007.8999999999905,219,1,0.8708193323854597
462,131.59999999999945,67,1,0.8705580865857441
463,-843.8999999999977,96,1,0.8702969191597684
464,-6526.1000000000095,300,0,0.8700358300840204
465,-1176.6999999999948,152,1,0.8697748193349952
466,786.5,60,1,0.8695138868891947
467,-1563.599999999993,163,1,0.869253032723128
468,384.3999999999993,60,1,0.8689922568133112
469,-549.599999999998,105,1,0.8687315591362672
470,-7293.600000000035,300,0,0.8684709396685264
471,-4995.800000000008,245,1,0.8682103983866258
472,-3203.5999999999963,176,1,0.8679499352671098
473,-2539.8999999999924,193,1,0.8676895502865297
474,-2391.8999999999955,144,1,0.8674292434214438
475,-6302.600000000019,245,1,0.8671690146484173
476,-1505.0999999999976,122,1,0.8669088639440229
477,-5515.500000000023,295,1,0.8666487912848397
478,-4634.900000000011,212,1,0.8663887966474543
479,-634.8999999999982,103,1,0.8661288800084601
480,-4623.300000000008,275,1,0.8658690413444576
481,-5909.000000000019,259,1,0.8656092806320543
482,-2325.8999999999933,176,1,0.8653495978478647
483,-2111.3999999999946,132,1,0.8650899929685104
484,-7436.000000000017,300,0,0.8648304659706199
485,-471.29999999999734,89,1,0.8645710168308287
486,38.99999999999966,73,1,0.8643116455257794
487,-1595.399999999996,137,1,0.8640523520321217
488,-2428.2999999999915,206,1,0.8637931363265121
489,-5542.000000000002,300,0,0.8635339983856142
490,-7004.300000000027,300,0,0.8632749381860986
491,-7710.600000000019,300,0,0.8630159557046427
492,-862.6999999999963,96,1,0.8627570509179314
493,-2522.8999999999924,193,1,0.8624982238026561
494,-1267.2999999999956,157,1,0.8622394743355153
495,-2539.499999999994,189,1,0.8619808024932146
496,-3227.6999999999957,212,1,0.8617222082524667
497,-3550.400000000001,222,1,0.861463691589991
498,-2077.7999999999943,157,1,0.8612052524825141
499,-6659.300000000023,259,1,0.8609468909067693
500,-516.8000000000001,116,1,0.8606886068394973
501,-7916.100000000019,300,0,0.8604304002574455
502,-5.800000000000978,98,1,0.8601722711373684
503,-835.8999999999975,108,1,0.8599142194560272
504,408.3999999999995,63,1,0.8596562451901905
505,-2399.6999999999907,185,1,0.8593983483166334
506,-1074.3999999999974,146,1,0.8591405288121384
507,-4176.700000000001,262,1,0.8588827866534948
508,144.1999999999996,58,1,0.8586251218174988
509,-2869.099999999992,212,1,0.8583675342809536
510,-1696.6999999999966,143,1,0.8581100240206693
511,606.8,55,1,0.8578525910134631
512,-4882.300000000008,242,1,0.8575952352361591
513,-6234.500000000022,300,0,0.8573379566655883
514,-4907.1000000000095,230,1,0.8570807552785886
515,-7025.200000000022,300,0,0.8568236310520051
516,-1690.8999999999965,127,1,0.8565665839626895
517,-1498.199999999997,122,1,0.8563096139875007
518,-1020.1999999999977,104,1,0.8560527211033045
519,-3445.1999999999966,231,1,0.8557959052869736
520,-2687.8999999999915,209,1,0.8555391665153875
521,278.7999999999996,78,1,0.855282504765433
522,405.59999999999934,63,1,0.8550259200140033
523,373.6999999999998,56,1,0.8547694122379992
524,651.6999999999998,42,1,0.8545129814143279
525,358.7999999999995,60,1,0.8542566275199036
526,-5411.900000000025,261,1,0.8540003505316477
527,-1247.3999999999955,127,1,0.8537441504264882
528,-2470.0999999999917,212,1,0.8534880271813603
529,-6204.700000000012,300,0,0.853231980773206
530,-1047.599999999998,126,1,0.852976011178974
531,-5311.70000000001,282,1,0.8527201183756203
532,286.19999999999936,65,1,0.8524643023401077
533,-2956.3999999999933,170,1,0.8522085630494057
534,-4234.500000000011,230,1,0.851952900480491
535,-4403.200000000015,212,1,0.8516973146103469
536,530.1999999999999,63,1,0.8514418054159638
537,278.1999999999995,59,1,0.8511863728743391
538,-2697.7999999999934,171,1,0.8509310169624767
539,-4072.6000000000054,236,1,0.850675737657388
540,-6094.2000000000135,300,0,0.8504205349360908
541,804.0,31,1,0.85016540877561
542,-2757.3999999999924,209,1,0.8499103591529773
543,-2515.6999999999935,190,1,0.8496553860452314
544,-1150.399999999995,136,1,0.8494004894294178
545,-1620.599999999994,161,1,0.849145669282589
546,-362.80000000000007,116,1,0.8488909255818043
547,561.1999999999998,53,1,0.8486362583041298
548,770.5,52,1,0.8483816674266386
549,-1555.2999999999938,156,1,0.8481271529264106
550,-5188.400000000021,261,1,0.8478727147805327
551,-646.4999999999976,102,1,0.8476183529660986
552,-522.7999999999994,110,1,0.8473640674602088
553,-1558.2999999999956,139,1,0.8471098582399708
554,-9844.800000000014,300,0,0.8468557252824988
555,-3446.999999999994,281,1,0.846601668564914
556,135.2999999999995,68,1,0.8463476880643446
557,-535.4999999999985,88,1,0.8460937837579253
558,447.19999999999936,47,1,0.845839955622798
559,-1164.4999999999982,109,1,0.8455862036361113
560,-3685.1999999999985,189,1,0.8453325277750204
561,-6549.300000000029,277,1,0.8450789280166879
562,-851.0999999999973,100,1,0.8448254043382829
563,-1594.799999999996,138,1,0.8445719567169815
564,-5430.900000000025,284,1,0.8443185851299664
565,-2928.599999999992,216,1,0.8440652895544274
566,-971.4999999999974,137,1,0.8438120699675611
567,-2227.4999999999927,198,1,0.8435589263465708
568,-3929.8000000000025,184,1,0.8433058586686669
569,-1850.199999999993,164,1,0.8430528669110664
570,-12586.700000000019,300,0,0.8427999510509931
571,-7654.000000000015,300,0,0.8425471110656779
572,-3550.600000000001,172,1,0.8422943469323583
573,-5971.700000000021,300,0,0.8420416586282786
574,-1117.1999999999953,143,1,0.8417890461306902
575,-452.39999999999975,113,1,0.841536509416851
576,-2795.9999999999927,190,1,0.8412840484640259
577,419.59999999999945,50,1,0.8410316632494867
578,438.49999999999966,64,1,0.8407793537505119
579,-2895.299999999992,190,1,0.8405271199443868
580,-3715.6000000000026,192,1,0.8402749618084034
581,377.89999999999895,85,1,0.840022879319861
582,-1132.8999999999978,127,1,0.8397708724560651
583,428.29999999999916,89,1,0.8395189411943282
584,-1302.4999999999964,125,1,0.8392670855119699
585,-2521.5999999999894,210,1,0.8390153053863164
586,-230.89999999999884,101,1,0.8387636007947006
587,304.3999999999995,66,1,0.8385119717144622
588,-1022.6999999999986,134,1,0.8382604181229479
589,-2072.7999999999956,163,1,0.838008939997511
590,-1090.599999999999,114,1,0.8377575373155118
591,-736.3999999999984,101,1,0.8375062100543172
592,-1594.6999999999953,144,1,0.837254958191301
593,539.9999999999997,56,1,0.8370037817038437
594,-257.1999999999997,65,1,0.8367526805693326
595,-4578.700000000012,204,1,0.8365016547651618
596,-306.8999999999984,95,1,0.8362507042687323
597,-2765.399999999992,181,1,0.8359998290574516
598,-2998.1999999999916,216,1,0.8357490291087344
599,-767.7999999999964,108,1,0.8354983044000018
600,-531.299999999998,101,1,0.8352476549086819
601,-474.0999999999991,92,1,0.8349970806122093
602,152.59999999999934,76,1,0.8347465814880257
603,811.4000000000001,48,1,0.8344961575135793
604,-3675.6999999999985,201,1,0.8342458086663253
605,-5771.400000000011,300,0,0.8339955349237254
606,-1645.6999999999953,168,1,0.8337453362632483
607,548.0999999999997,53,1,0.8334952126623694
608,-1030.8999999999965,125,1,0.8332451640985706
609,-570.4999999999972,93,1,0.8329951905493411
610,-3410.8999999999974,201,1,0.8327452919921764
611,-5126.700000000014,234,1,0.8324954684045788
612,-62.00000000000102,80,1,0.8322457197640575
613,-1565.0999999999958,137,1,0.8319960460481283
614,-2952.299999999992,209,1,0.8317464472343139
615,-3034.6999999999925,215,1,0.8314969233001437
616,-513.2999999999992,120,1,0.8312474742231537
617,-323.19999999999834,94,1,0.8309980999808868
618,-3705.300000000005,179,1,0.8307488005508926
619,-1459.3999999999955,144,1,0.8304995759107274
620,-5949.80000000003,286,1,0.8302504260379543
621,-2537.6999999999957,157,1,0.8300013509101429
622,-5027.200000000026,288,1,0.82975235050487
623,-1612.199999999994,122,1,0.8295034247997185
624,-3661.3000000000025,254,1,0.8292545737722786
625,-1609.0999999999967,141,1,0.829005797400147
626,-6202.300000000016,263,1,0.828757095660927
627,-2496.199999999993,177,1,0.8285084685322288
628,-3216.7999999999915,250,1,0.8282599159916691
629,-1312.3999999999974,116,1,0.8280114380168717
630,-382.19999999999993,75,1,0.8277630345854666
631,-8192.900000000032,300,0,0.827514705675091
632,-5056.1000000000095,271,1,0.8272664512633885
633,-6966.900000000022,300,0,0.8270182713280095
634,-1480.6999999999948,138,1,0.8267701658466111
635,214.3999999999994,83,1,0.8265221347968572
636,16.59999999999866,110,1,0.8262741781564181
637,578.6999999999998,50,1,0.8260262959029713
638,-1586.699999999994,174,1,0.8257784880142004
639,-4203.600000000008,190,1,0.8255307544677961
640,-1710.1999999999953,171,1,0.8252830952414558
641,-1996.5999999999926,189,1,0.8250355103128834
642,-5300.700000000008,241,1,0.8247879996597896
643,-1728.4999999999968,165,1,0.8245405632598917
644,-240.8000000000012,86,1,0.8242932010909138
645,-12099.600000000019,297,1,0.8240459131305865
646,-1494.8999999999942,155,1,0.8237986993566474
647,-337.7999999999996,87,1,0.8235515597468405
648,-708.2999999999939,138,1,0.8233044942789164
649,-281.9999999999999,126,1,0.8230575029306327
650,-5282.400000000004,300,0,0.8228105856797536
651,304.6999999999997,54,1,0.8225637425040497
652,-25.30000000000075,65,1,0.8223169733812985
653,-859.2999999999982,120,1,0.8220702782892841
654,-1093.1999999999966,113,1,0.8218236572057974
655,-2903.999999999995,171,1,0.8215771101086357
656,-551.1999999999979,118,1,0.821330636975603
657,-1345.8999999999942,148,1,0.8210842377845103
658,-379.6999999999995,88,1,0.8208379125131751
659,-778.6999999999988,130,1,0.8205916611394212
660,32.29999999999882,91,1,0.8203454836410794
661,535.2999999999996,64,1,0.8200993799959871
662,-1112.999999999995,125,1,0.8198533501819883
663,-2734.6999999999935,209,1,0.8196073941769337
664,-3583.9000000000055,208,1,0.8193615119586807
665,-1153.6999999999975,121,1,0.8191157035050931
666,-1184.9999999999982,143,1,0.8188699687940416
667,227.59999999999945,63,1,0.8186243078034035
668,-5620.3000000000275,300,1,0.8183787205110624
669,-3518.5000000000014,205,1,0.8181332068949091
670,-1247.0999999999954,152,1,0.8178877669328406
671,-1153.0999999999963,103,1,0.8176424006027607
672,-681.6999999999979,100,1,0.8173971078825799
673,191.8999999999993,61,1,0.8171518887502152
674,-2848.0999999999917,207,1,0.8169067431835901
675,-1855.5999999999967,142,1,0.816661671160635
676,518.7999999999996,38,1,0.8164166726592869
677,-4991.500000000015,245,1,0.8161717476574891
678,-2596.899999999992,206,1,0.8159268961331919
679,80.89999999999918,66,1,0.815682118064352
680,-3073.9999999999923,205,1,0.8154374134289327
681,-1004.9999999999956,119,1,0.8151927822049041
682,-1194.199999999997,122,1,0.8149482243702426
683,-1399.999999999996,128,1,0.8147037399029315
684,469.6999999999995,76,1,0.8144593287809607
685,-4906.20000000001,245,1,0.8142149909823264
686,-4342.300000000009,274,1,0.8139707264850318
687,-3853.099999999999,249,1,0.8137265352670863
688,-754.9999999999965,103,1,0.8134824173065062
689,-1392.5999999999958,148,1,0.8132383725813143
690,-4143.000000000009,216,1,0.8129944010695399
691,-2972.3999999999937,156,1,0.8127505027492191
692,-777.8999999999988,132,1,0.8125066775983943
693,-351.6999999999972,98,1,0.8122629255951148
694,333.3999999999995,61,1,0.8120192467174363
695,-2371.499999999993,187,1,0.8117756409434211
696,-839.5999999999987,113,1,0.8115321082511381
697,-3578.0999999999954,241,1,0.8112886486186628
698,-952.5999999999968,104,1,0.8110452620240772
699,-6301.600000000013,300,0,0.81080194844547
700,93.69999999999959,47,1,0.8105587078609364
701,-300.79999999999893,96,1,0.8103155402485782
702,-19.100000000000477,70,1,0.8100724455865037
703,-213.29999999999984,87,1,0.8098294238528277
704,-823.2999999999989,86,1,0.8095864750256719
705,413.5999999999992,72,1,0.8093435990831642
706,37.29999999999927,77,1,0.8091007960034393
707,-1206.1999999999966,105,1,0.8088580657646383
708,-569.7999999999971,114,1,0.8086154083449089
709,-4332.500000000009,266,1,0.8083728237224054
710,-1062.299999999996,140,1,0.8081303118752887
711,-29.10000000000116,88,1,0.8078878727817261
712,174.7999999999996,67,1,0.8076455064198916
713,-2174.099999999991,211,1,0.8074032127679657
714,-18.00000000000057,75,1,0.8071609918041354
715,-325.9000000000002,101,1,0.8069188435065942
716,-77.50000000000011,86,1,0.8066767678535423
717,-3418.9999999999995,174,1,0.8064347648231862
718,-9002.900000000029,300,0,0.8061928343937392
719,-3808.1000000000017,179,1,0.8059509765434212
720,131.09999999999934,66,1,0.8057091912504581
721,-483.8999999999984,115,1,0.8054674784930831
722,-6671.300000000021,300,0,0.8052258382495352
723,-961.0999999999968,124,1,0.8049842704980603
724,-2231.399999999993,163,1,0.804742775216911
725,-409.0999999999991,80,1,0.804501352384346
726,-1009.899999999997,119,1,0.8042600019786307
727,-836.9999999999956,136,1,0.8040187239780371
728,-2982.499999999994,186,1,0.8037775183608437
729,-1117.1999999999966,156,1,0.8035363851053354
730,-69.20000000000107,78,1,0.8032953241898039
731,-912.3999999999984,108,1,0.8030543355925469
732,-1741.9999999999932,177,1,0.8028134192918692
733,441.5999999999997,50,1,0.8025725752660817
734,730.8000000000001,45,1,0.802331803493502
735,84.89999999999895,82,1,0.802091103952454
736,-920.599999999998,116,1,0.8018504766212683
737,-791.4999999999974,95,1,0.8016099214782819
738,366.99999999999955,47,1,0.8013694385018385
739,162.69999999999948,81,1,0.8011290276702879
740,-2052.299999999993,182,1,0.8008886889619868
741,-652.0999999999973,117,1,0.8006484223552983
742,-1904.8999999999928,198,1,0.8004082278285918
743,-4312.200000000004,233,1,0.8001681053602432
744,-920.3999999999972,114,1,0.7999280549286352
745,28.39999999999884,70,1,0.7996880765121566
746,-1557.999999999995,153,1,0.799448170089203
747,-3877.599999999998,242,1,0.7992083356381763
748,-2952.9999999999927,208,1,0.7989685731374848
749,-1227.299999999996,138,1,0.7987288825655436
750,-865.6999999999977,164,1,0.798489263900774
751,-412.2999999999996,107,1,0.7982497171216039
752,35.49999999999898,85,1,0.7980102422064674
753,-6176.70000000001,300,0,0.7977708391338055
754,-640.5999999999977,107,1,0.7975315078820654
755,-1020.0999999999977,126,1,0.7972922484297008
756,-603.8999999999975,123,1,0.7970530607551719
757,111.29999999999905,72,1,0.7968139448369453
758,-1260.0999999999954,115,1,0.7965749006534942
759,-176.39999999999975,71,1,0.7963359281832982
760,-6138.6000000000195,287,1,0.7960970274048432
761,707.2,48,1,0.7958581982966219
762,-1123.5999999999958,124,1,0.7956194408371329
763,-2641.9999999999936,162,1,0.7953807550048818
764,-2833.399999999993,201,1,0.7951421407783804
765,-963.799999999996,122,1,0.794903598136147
766,-649.0999999999977,108,1,0.7946651270567061
767,-684.099999999998,121,1,0.7944267275185891
768,842.5999999999999,33,1,0.7941883995003336
769,73.4999999999992,63,1,0.7939501429804835
770,-781.0999999999982,103,1,0.7937119579375894
771,858.1000000000001,44,1,0.7934738443502082
772,-1016.9999999999974,102,1,0.7932358021969032
773,-1957.1999999999975,145,1,0.7929978314562441
774,-954.2999999999985,115,1,0.7927599321068073
775,-228.19999999999902,99,1,0.7925221041271753
776,-5412.600000000004,300,0,0.7922843474959371
777,-978.3999999999966,116,1,0.7920466621916884
778,-272.6000000000005,92,1,0.7918090481930309
779,-2063.899999999997,152,1,0.791571505478573
780,-668.2999999999982,114,1,0.7913340340269295
781,174.19999999999925,60,1,0.7910966338167215
782,-26.50000000000034,74,1,0.7908593048265765
783,156.89999999999895,95,1,0.7906220470351286
784,-823.5999999999966,123,1,0.7903848604210181
785,-433.5000000000001,101,1,0.7901477449628918
786,-2777.1999999999944,167,1,0.7899107006394029
787,-1142.8999999999974,111,1,0.7896737274292112
788,-1519.9999999999955,137,1,0.7894368253109825
789,-1683.4999999999932,160,1,0.7891999942633892
790,-2704.7999999999934,170,1,0.7889632342651102
791,-3596.9999999999995,220,1,0.7887265452948307
792,-705.8999999999986,110,1,0.7884899273312422
793,-3924.9999999999995,237,1,0.7882533803530429
794,-348.69999999999993,89,1,0.788016904338937
795,-736.2999999999985,104,1,0.7877804992676354
796,-2206.2999999999956,155,1,0.7875441651178551
797,-350.6999999999979,92,1,0.7873079018683198
798,-1883.899999999995,162,1,0.7870717094977593
799,473.59999999999957,61,1,0.7868355879849099
800,-2104.499999999994,170,1,0.7865995373085145
801,-2179.1999999999944,180,1,0.786363557447322
802,735.9000000000001,61,1,0.7861276483800879
803,16.79999999999916,83,1,0.7858918100855738
804,-5817.700000000012,267,1,0.7856560425425482
805,-1500.2999999999947,143,1,0.7854203457297855
806,-1291.799999999998,132,1,0.7851847196260666
807,-152.29999999999984,75,1,0.7849491642101788
808,-1633.6999999999975,121,1,0.7847136794609157
809,-745.5999999999977,104,1,0.7844782653570775
810,33.699999999999136,82,1,0.7842429218774705
811,-2175.9999999999945,155,1,0.7840076490009072
812,411.9999999999993,59,1,0.783772446706207
813,-2381.2999999999947,176,1,0.7835373149721953
814,-104.60000000000002,113,1,0.7833022537777036
815,195.59999999999923,79,1,0.7830672631015703
816,-482.60000000000025,110,1,0.7828323429226398
817,-4023.900000000013,212,1,0.782597493219763
818,-1635.6999999999962,144,1,0.7823627139717971
819,-874.9999999999962,111,1,0.7821280051576056
820,-1226.999999999996,145,1,0.7818933667560584
821,-736.6999999999988,119,1,0.7816587987460316
822,-542.0999999999973,108,1,0.7814243011064078
823,-760.5999999999968,115,1,0.781189873816076
824,70.09999999999889,79,1,0.7809555168539312
825,-115.40000000000089,78,1,0.780721230198875
826,-1582.4999999999955,147,1,0.7804870138298153
827,396.19999999999925,74,1,0.7802528677256664
828,899.7,36,1,0.7800187918653487
829,191.0999999999991,71,1,0.7797847862277891
830,-152.50000000000102,78,1,0.7795508507919208
831,-1222.1999999999994,107,1,0.7793169855366833
832,-1291.2999999999956,151,1,0.7790831904410223
833,205.39999999999895,74,1,0.77884946548389
834,-254.79999999999893,78,1,0.7786158106442449
835,-144.69999999999993,87,1,0.7783822259010517
836,-194.3999999999993,106,1,0.7781487112332813
837,-1037.799999999997,129,1,0.7779152666199114
838,311.39999999999964,55,1,0.7776818920399254
839,-363.1999999999997,122,1,0.7774485874723135
840,-721.8999999999988,105,1,0.7772153528960718
841,-1771.199999999997,140,1,0.776982188290203
842,-1133.9999999999982,98,1,0.776749093633716
843,-1076.9999999999955,152,1,0.776516068905626
844,461.6999999999997,56,1,0.7762831140849543
845,-502.79999999999734,79,1,0.7760502291507289
846,-1476.0999999999945,156,1,0.7758174140819837
847,-882.7999999999957,126,1,0.7755846688577591
848,-1166.4999999999955,129,1,0.7753519934571018
849,-1126.0999999999972,112,1,0.7751193878590648
850,-1103.399999999996,128,1,0.774886852042707
851,721.3000000000001,44,1,0.7746543859870942
852,-1175.1999999999966,139,1,0.7744219896712982
853,-1174.1999999999944,138,1,0.7741896630743968
854,-295.5999999999991,109,1,0.7739574061754746
855,-596.7999999999998,108,1,0.773725218953622
856,-1457.599999999995,184,1,0.7734931013879359
857,-642.7999999999992,103,1,0.7732610534575196
858,-1555.5999999999958,136,1,0.7730290751414823
859,-355.4999999999992,115,1,0.7727971664189399
860,253.59999999999957,61,1,0.7725653272690143
861,-1075.7999999999993,153,1,0.7723335576708336
862,761.6999999999997,40,1,0.7721018576035323
863,-1664.1999999999935,152,1,0.7718702270462513
864,48.799999999999386,85,1,0.7716386659781375
865,22.79999999999916,87,1,0.771407174378344
866,149.09999999999934,76,1,0.7711757522260305
867,-345.1999999999981,102,1,0.7709443995003628
868,38.79999999999961,89,1,0.7707131161805126
869,-4580.800000000014,250,1,0.7704819022456585
870,783.6999999999998,39,1,0.7702507576749849
871,-759.2999999999976,105,1,0.7700196824476824
872,-132.2999999999994,86,1,0.7697886765429481
873,-1028.9999999999955,138,1,0.7695577399399853
874,-804.9999999999969,113,1,0.7693268726180034
875,-1755.5999999999913,181,1,0.769096074556218
876,-239.39999999999816,92,1,0.7688653457338511
877,-1615.2999999999956,158,1,0.768634686130131
878,-716.7999999999964,108,1,0.7684040957242919
879,-1746.799999999993,150,1,0.7681735744955747
880,-91.40000000000089,94,1,0.767943122423226
881,-1912.999999999996,136,1,0.7677127394864991
882,-5962.600000000016,242,1,0.7674824256646532
883,-868.6999999999986,125,1,0.7672521809369538
884,-1831.099999999994,160,1,0.7670220052826727
885,810.8000000000001,41,1,0.766791898681088
886,108.19999999999936,88,1,0.7665618611114837
887,-990.599999999998,114,1,0.7663318925531503
888,-16.70000000000084,90,1,0.7661019929853844
889,469.39999999999986,65,1,0.7658721623874888
890,-1176.3999999999955,139,1,0.7656424007387725
891,-626.1999999999986,107,1,0.765412708018551
892,395.8999999999992,62,1,0.7651830842061454
893,-195.60000000000025,73,1,0.7649535292808837
894,568.8999999999994,52,1,0.7647240432220994
895,-1861.499999999995,185,1,0.7644946260091328
896,-3066.599999999994,164,1,0.76426527762133
897,-1303.399999999996,143,1,0.7640359980380437
898,-968.5999999999993,89,1,0.7638067872386323
899,-2384.7999999999934,176,1,0.7635776452024607
900,270.4999999999998,58,1,0.7633485719089
901,189.6999999999996,59,1,0.7631195673373274
902,742.0,53,1,0.7628906314671263
903,-5331.600000000014,300,0,0.7626617642776862
904,-1285.8999999999965,123,1,0.7624329657484029
905,-228.79999999999984,85,1,0.7622042358586785
906,-119.3999999999993,82,1,0.7619755745879209
907,-1084.299999999996,147,1,0.7617469819155445
908,-202.2999999999996,106,1,0.7615184578209698
909,352.29999999999995,61,1,0.7612900022836235
910,-1590.6999999999953,152,1,0.7610616152829385
911,-702.1999999999981,101,1,0.7608332967983537
912,-750.9999999999953,138,1,0.7606050468093142
913,-953.1999999999977,124,1,0.7603768652952714
914,636.6999999999996,52,1,0.7601487522356828
915,125.39999999999964,67,1,0.7599207076100121
916,594.0999999999995,51,1,0.7596927313977291
917,-56.60000000000048,77,1,0.7594648235783098
918,-434.199999999999,83,1,0.7592369841312363
919,-383.69999999999857,92,1,0.759009213035997
920,819.6,35,1,0.7587815102720862
921,1004.1,31,1,0.7585538758190046
922,-1496.299999999993,157,1,0.7583263096562589
923,671.6999999999998,49,1,0.758098811763362
924,-58.300000000000296,83,1,0.7578713821198331
925,883.4000000000001,35,1,0.7576440207051971
926,-146.99999999999966,76,1,0.7574167274989856
927,-4513.800000000007,182,1,0.7571895024807359
928,745.3,65,1,0.7569623456299918
929,-916.2999999999973,135,1,0.7567352569263028
930,-89.30000000000052,84,1,0.7565082363492249
931,-393.69999999999675,105,1,0.7562812838783202
932,367.1999999999998,87,1,0.7560543994931567
933,-445.39999999999884,102,1,0.7558275831733088
934,147.69999999999902,68,1,0.7556008348983568
935,-1092.3999999999955,119,1,0.7553741546478874
936,199.79999999999927,74,1,0.7551475424014931
937,-58.499999999998295,73,1,0.7549209981387727
938,610.4999999999995,44,1,0.7546945218393311
939,-406.09999999999866,82,1,0.7544681134827793
940,697.4999999999999,51,1,0.7542417730487345
941,-564.0999999999984,108,1,0.7540155005168199
942,-597.5999999999977,112,1,0.7537892958666649
943,64.59999999999889,95,1,0.7535631590779049
944,-2235.499999999993,194,1,0.7533370901301816
945,623.4999999999997,51,1,0.7531110890031425
946,-448.79999999999666,118,1,0.7528851556764415
947,-1023.6999999999972,148,1,0.7526592901297386
948,-1742.099999999995,156,1,0.7524334923426997
949,-117.29999999999939,102,1,0.752207762294997
950,-500.59999999999957,71,1,0.7519820999663085
951,420.9999999999993,59,1,0.7517565053363187
952,-236.0999999999991,83,1,0.7515309783847178
953,-1911.9999999999964,144,1,0.7513055190912025
954,262.8999999999993,68,1,0.7510801274354751
955,-22.500000000001023,84,1,0.7508548033972445
956,-138.59999999999957,102,1,0.7506295469562254
957,802.5000000000001,50,1,0.7504043580921386
958,273.99999999999955,66,1,0.750179236784711
959,-181.69999999999993,85,1,0.7499541830136756
960,657.3999999999999,48,1,0.7497291967587715
961,-530.9999999999985,117,1,0.7495042779997438
962,-1339.899999999996,120,1,0.749279426716344
963,877.5000000000002,50,1,0.7490546428883291
964,55.69999999999868,80,1,0.7488299264954626
965,-2306.099999999989,227,1,0.748605277517514
966,337.2999999999994,71,1,0.7483806959342588
967,-164.0000000000008,96,1,0.7481561817254786
968,-2020.1999999999975,154,1,0.747931734870961
969,-65.4000000000002,78,1,0.7477073553504997
970,-1047.1999999999962,133,1,0.7474830431438946
971,-1522.5999999999954,133,1,0.7472587982309514
972,-42.50000000000102,113,1,0.7470346205914822
973,-592.5999999999977,112,1,0.7468105102053048
974,-1036.1999999999953,140,1,0.7465864670522432
975,412.59999999999957,53,1,0.7463624911121275
976,-1895.599999999995,136,1,0.7461385823647939
977,-418.69999999999925,113,1,0.7459147407900845
978,-1002.7999999999957,128,1,0.7456909663678475
979,-1143.5999999999972,123,1,0.7454672590779372
980,-510.89999999999816,119,1,0.7452436189002138
981,-779.5999999999973,127,1,0.7450200458145438
982,-183.3000000000003,98,1,0.7447965398007995
983,-217.8999999999993,87,1,0.7445731008388593
984,-38.80000000000052,92,1,0.7443497289086076
985,-2167.1999999999953,144,1,0.7441264239899351
986,251.4999999999992,69,1,0.7439031860627382
987,839.4000000000002,56,1,0.7436800151069194
988,-15.199999999999477,94,1,0.7434569111023873
989,91.39999999999918,76,1,0.7432338740290566
990,-1002.9999999999974,106,1,0.7430109038668479
991,641.0999999999998,55,1,0.7427880005956878
992,-1421.0999999999963,134,1,0.7425651641955091
993,-49.70000000000084,66,1,0.7423423946462505
994,697.2999999999996,44,1,0.7421196919278567
995,-140.60000000000025,89,1,0.7418970560202783
996,-143.49999999999943,107,1,0.7416744869034723
997,224.59999999999923,85,1,0.7414519845574012
998,476.09999999999957,52,1,0.7412295489620341
999,-964.8999999999972,127,1,0.7410071800973455
1000,-320.19999999999857,85,1,0.7407848779433163
1001,388.7999999999996,69,1,0.7405626424799333
1002,-531.0999999999991,117,1,0.7403404736871894
1003,434.19999999999936,84,1,0.7401183715450832
1004,426.69999999999993,68,1,0.7398963360336197
1005,-1219.0999999999958,145,1,0.7396743671328097
1006,-634.299999999998,108,1,0.7394524648226698
1007,180.39999999999895,85,1,0.739230629083223
1008,964.3,40,1,0.739008859894498
1009,-1545.899999999995,137,1,0.7387871572365298
1010,431.69999999999914,73,1,0.7385655210893588
1011,-803.4999999999965,104,1,0.738343951433032
1012,-265.1,81,1,0.7381224482476021
1013,-521.2000000000002,122,1,0.7379010115131278
1014,-2711.6999999999916,197,1,0.7376796412096739
1015,-1992.2999999999947,179,1,0.737458337317311
1016,264.59999999999945,91,1,0.7372370998161158
1017,478.7999999999996,58,1,0.737015928686171
1018,167.39999999999952,67,1,0.7367948239075652
1019,862.9000000000001,44,1,0.736573785460393
1020,-327.49999999999875,100,1,0.7363528133247549
1021,320.99999999999943,55,1,0.7361319074807575
1022,116.99999999999898,93,1,0.7359110679085133
1023,1026.0,48,1,0.7356902945881408
1024,847.4000000000001,43,1,0.7354695874997644
1025,-134.7000000000004,99,1,0.7352489466235145
1026,-1231.199999999999,135,1,0.7350283719395274
1027,-393.0000000000001,101,1,0.7348078634279456
1028,937.0,28,1,0.7345874210689172
1029,-891.6999999999974,132,1,0.7343670448425965
1030,-1184.3999999999983,120,1,0.7341467347291437
1031,-61.39999999999998,84,1,0.733926490708725
1032,-684.299999999998,112,1,0.7337063127615123
1033,444.6999999999996,54,1,0.7334862008676839
1034,-819.4999999999972,108,1,0.7332661550074236
1035,571.2999999999994,59,1,0.7330461751609214
1036,-584.5999999999989,140,1,0.7328262613083731
1037,-2603.199999999991,220,1,0.7326064134299807
1038,-414.49999999999966,101,1,0.7323866315059517
1039,-1165.4999999999964,140,1,0.7321669155164999
1040,687.6999999999998,60,1,0.731947265441845
1041,-466.5999999999982,98,1,0.7317276812622124
1042,502.09999999999957,67,1,0.7315081629578338
1043,448.59999999999957,62,1,0.7312887105089465
1044,471.7999999999997,59,1,0.7310693238957938
1045,444.99999999999966,73,1,0.7308500030986251
1046,259.0999999999989,90,1,0.7306307480976956
1047,826.4000000000001,44,1,0.7304115588732663
1048,197.4999999999991,77,1,0.7301924354056043
1049,932.8000000000001,40,1,0.7299733776749826
1050,-211.4999999999992,75,1,0.7297543856616802
1051,-166.50000000000057,85,1,0.7295354593459816
1052,586.3999999999996,48,1,0.7293165987081779
1053,-673.3999999999972,118,1,0.7290978037285655
1054,-735.0999999999987,120,1,0.7288790743874469
1055,-696.0999999999982,118,1,0.7286604106651308
1056,18.199999999999022,67,1,0.7284418125419313
1057,-3453.6000000000035,214,1,0.7282232799981687
1058,-801.4999999999974,127,1,0.7280048130141693
1059,252.99999999999943,63,1,0.727786411570265
1060,-6.0000000000012506,108,1,0.7275680756467939
1061,-89.49999999999966,86,1,0.7273498052240999
1062,-3428.3999999999955,202,1,0.7271316002825327
1063,-1761.599999999995,147,1,0.7269134608024479
1064,466.19999999999925,55,1,0.7266953867642072
1065,-60.400000000000205,77,1,0.7264773781481779
1066,-1295.4999999999955,124,1,0.7262594349347334
1067,-1141.7999999999965,118,1,0.726041557104253
1068,-1570.9999999999968,149,1,0.7258237446371217
1069,311.4999999999993,67,1,0.7256059975137307
1070,762.6,45,1,0.7253883157144766
1071,824.7,50,1,0.7251706992197623
1072,-296.80000000000075,107,1,0.7249531480099964
1073,342.3999999999994,77,1,0.7247356620655935
1074,353.69999999999993,63,1,0.7245182413669738
1075,-127.4999999999983,82,1,0.7243008858945638
1076,191.09999999999934,76,1,0.7240835956287954
1077,876.3000000000002,40,1,0.7238663705501068
1078,193.6999999999996,73,1,0.7236492106389418
1079,-99.4000000000002,62,1,0.7234321158757502
1080,207.9999999999992,70,1,0.7232150862409875
1081,-1019.7999999999967,130,1,0.7229981217151152
1082,-1058.0999999999967,101,1,0.7227812222786008
1083,-129.99999999999875,85,1,0.7225643879119172
1084,76.09999999999923,69,1,0.7223476185955436
1085,177.8999999999993,70,1,0.722130914309965
1086,-507.9999999999976,98,1,0.7219142750356721
1087,445.9999999999993,68,1,0.7216977007531614
1088,594.3999999999997,70,1,0.7214811914429355
1089,-194.89999999999839,100,1,0.7212647470855027
1090,-32.80000000000052,72,1,0.721048367661377
1091,525.8999999999994,42,1,0.7208320531510787
1092,-86.69999999999902,102,1,0.7206158035351333
1093,682.0999999999997,37,1,0.7203996187940728
1094,149.69999999999914,69,1,0.7201834989084346
1095,199.3999999999993,72,1,0.7199674438587621
1096,-1230.199999999997,111,1,0.7197514536256044
1097,-1088.299999999998,108,1,0.7195355281895168
1098,402.8999999999994,59,1,0.71931966753106
1099,-210.6999999999997,77,1,0.7191038716308007
1100,-1461.0999999999963,137,1,0.7188881404693115
1101,-2.3000000000004093,73,1,0.7186724740271707
1102,-1231.399999999997,105,1,0.7184568722849626
1103,-870.1999999999963,127,1,0.7182413352232772
1104,295.4999999999993,58,1,0.7180258628227102
1105,867.5000000000001,51,1,0.7178104550638634
1106,991.3000000000001,39,1,0.7175951119273443
1107,413.09999999999934,73,1,0.7173798333937661
1108,-215.4999999999983,78,1,0.717164619443748
1109,629.0999999999999,48,1,0.7169494700579149
1110,21.799999999999272,85,1,0.7167343852168975
1111,-172.5999999999991,88,1,0.7165193649013324
1112,-384.5000000000001,118,1,0.716304409091862
1113,-247.59999999999775,104,1,0.7160895177691344
1114,754.5,62,1,0.7158746909138037
1115,81.59999999999968,68,1,0.7156599285065296
1116,711.8999999999993,57,1,0.7154452305279777
1117,7.999999999998977,72,1,0.7152305969588193
1118,-144.4999999999992,77,1,0.7150160277797317
1119,675.4999999999999,55,1,0.7148015229713979
1120,-1405.8999999999955,133,1,0.7145870825145065
1121,-1001.899999999997,128,1,0.7143727063897523
1122,-1021.399999999997,129,1,0.7141583945778354
1123,366.9999999999992,75,1,0.7139441470594621
1124,155.4999999999991,69,1,0.7137299638153443
1125,210.5999999999991,76,1,0.7135158448261997
1126,-1597.0999999999963,127,1,0.7133017900727519
1127,94.2999999999995,79,1,0.7130877995357301
1128,570.0999999999999,58,1,0.7128738731958694
1129,329.59999999999945,76,1,0.7126600110339106
1130,301.6999999999995,62,1,0.7124462130306005
1131,297.19999999999925,80,1,0.7122324791666914
1132,276.7999999999997,52,1,0.7120188094229414
1133,-81.50000000000102,107,1,0.7118052037801145
1134,1229.6000000000001,26,1,0.7115916622189805
1135,-457.4999999999958,112,1,0.7113781847203149
1136,814.1000000000001,44,1,0.7111647712648989
1137,887.3000000000002,51,1,0.7109514218335194
1138,456.59999999999957,51,1,0.7107381364069694
1139,-396.6999999999979,102,1,0.7105249149660473
1140,-142.39999999999816,83,1,0.7103117574915575
1141,-31.900000000000432,66,1,0.7100986639643101
1142,-1234.5999999999967,138,1,0.7098856343651209
1143,399.59999999999957,51,1,0.7096726686748114
1144,825.5,49,1,0.709459766874209
1145,-13.800000000000296,68,1,0.7092469289441468
1146,599.4999999999995,45,1,0.7090341548654635
1147,-180.70000000000016,97,1,0.7088214446190039
1148,-881.4999999999983,104,1,0.7086087981856182
1149,-301.499999999999,122,1,0.7083962155461625
1150,257.79999999999916,72,1,0.7081836966814987
1151,-780.9999999999987,93,1,0.7079712415724942
1152,819.9000000000001,46,1,0.7077588502000225
1153,421.1999999999997,64,1,0.7075465225449625
1154,147.89999999999907,86,1,0.7073342585881991
1155,-438.6999999999995,112,1,0.7071220583106227
1156,256.9999999999993,65,1,0.7069099216931295
1157,763.7,38,1,0.7066978487166216
1158,383.5999999999999,65,1,0.7064858393620066
1159,1007.8,36,1,0.706273893610198
1160,1081.8000000000002,49,1,0.706062011442115
1161,664.9000000000001,62,1,0.7058501928386824
1162,963.4000000000001,32,1,0.7056384377808309
1163,153.5999999999989,88,1,0.7054267462494966
1164,3.6999999999997044,63,1,0.7052151182256218
1165,-91.0999999999998,68,1,0.7050035536901541
1166,-65.70000000000039,73,1,0.7047920526240471
1167,119.89999999999941,72,1,0.7045806150082599
1168,-571.3999999999997,126,1,0.7043692408237574
1169,333.5999999999999,51,1,0.7041579300515103
1170,595.6999999999998,50,1,0.7039466826724948
1171,-181.30000000000098,82,1,0.7037354986676931
1172,-932.6999999999954,120,1,0.7035243780180929
1173,389.9999999999998,66,1,0.7033133207046874
1174,653.6999999999998,51,1,0.703102326708476
1175,221.39999999999907,72,1,0.7028913960104636
1176,591.8999999999995,49,1,0.7026805285916604
1177,593.0999999999995,61,1,0.702469724433083
1178,508.8999999999992,51,1,0.7022589835157531
1179,306.199999999999,76,1,0.7020483058206984
1180,625.6999999999999,59,1,0.7018376913289522
1181,786.4999999999998,51,1,0.7016271400215536
1182,-552.2999999999985,91,1,0.7014166518795472
1183,-68.60000000000093,81,1,0.7012062268839833
1184,8.699999999999477,99,1,0.700995865015918
1185,195.6999999999996,66,1,0.7007855662564133
1186,-427.59999999999934,105,1,0.7005753305865364
1187,539.3999999999995,67,1,0.7003651579873605
1188,757.0,39,1,0.7001550484399643
1189,156.19999999999925,71,1,0.6999450019254324
1190,343.49999999999966,67,1,0.6997350184248547
1191,-1076.399999999997,115,1,0.6995250979193273
1192,97.19999999999834,101,1,0.6993152403899515
1193,-300.0000000000001,94,1,0.6991054458178345
1194,-70.4999999999992,85,1,0.6988957141840891
1195,-5.500000000000114,86,1,0.6986860454698339
1196,872.0,29,1,0.698476439656193
1197,333.3999999999994,70,1,0.6982668967242962
1198,-1329.6999999999957,133,1,0.698057416655279
1199,603.3999999999995,68,1,0.6978479994302824
1200,-5512.200000000008,201,1,0.6976386450304534
1201,399.09999999999854,89,1,0.6974293534369442
1202,-706.9999999999985,89,1,0.6972201246309132
1203,-167.30000000000075,84,1,0.6970109585935239
1204,736.0999999999997,45,1,0.6968018553059458
1205,-163.90000000000066,88,1,0.6965928147493541
1206,-641.5999999999987,91,1,0.6963838369049293
1207,-106.80000000000007,90,1,0.6961749217538579
1208,581.2999999999995,45,1,0.6959660692773317
1209,395.6999999999995,54,1,0.6957572794565485
1210,-82.10000000000002,83,1,0.6955485522727116
1211,-54.30000000000007,85,1,0.6953398877070298
1212,-776.6999999999981,103,1,0.6951312857407177
1213,-784.3999999999975,102,1,0.6949227463549955
1214,440.79999999999984,50,1,0.6947142695310891
1215,674.7999999999995,65,1,0.6945058552502298
1216,245.29999999999893,83,1,0.6942975034936547
1217,-502.799999999998,109,1,0.6940892142426066
1218,636.8999999999993,61,1,0.6938809874783338
1219,762.8999999999996,48,1,0.6936728231820903
1220,948.7,35,1,0.6934647213351357
1221,732.1999999999997,37,1,0.6932566819187352
1222,421.7999999999995,69,1,0.6930487049141596
1223,-367.89999999999975,103,1,0.6928407903026854
1224,1104.6,29,1,0.6926329380655947
1225,847.9,36,1,0.692425148184175
1226,-708.8999999999966,107,1,0.6922174206397198
1227,866.0000000000001,48,1,0.6920097554135279
1228,-508.89999999999816,86,1,0.6918021524869039
1229,-246.50000000000102,111,1,0.6915946118411579
1230,-132.0000000000001,93,1,0.6913871334576056
1231,-314.199999999999,90,1,0.6911797173175683
1232,-643.4999999999978,102,1,0.6909723634023731
1233,-333.39999999999793,126,1,0.6907650716933524
1234,659.9,48,1,0.6905578421718445
1235,-888.9999999999965,149,1,0.6903506748191929
1236,371.3999999999992,53,1,0.6901435696167472
1237,-2009.8999999999942,162,1,0.6899365265458621
1238,879.7,37,1,0.6897295455878983
1239,-2384.7999999999956,144,1,0.689522626724222
1240,118.09999999999911,68,1,0.6893157699362048
1241,-365.9000000000002,84,1,0.689108975205224
1242,112.99999999999909,81,1,0.6889022425126624
1243,724.1999999999995,58,1,0.6886955718399086
1244,-746.699999999997,139,1,0.6884889631683566
1245,150.89999999999918,67,1,0.6882824164794061
1246,582.3999999999995,82,1,0.6880759317544624
1247,-26.700000000000387,74,1,0.687869508974936
1248,-760.9999999999978,118,1,0.6876631481222436
1249,830.7,51,1,0.6874568491778069
1250,54.59999999999911,73,1,0.6872506121230536
1251,-260.70000000000016,100,1,0.6870444369394167
1252,1047.1,29,1,0.686838323608335
1253,767.4,65,1,0.6866322721112524
1254,-939.4999999999972,105,1,0.6864262824296191
1255,750.9999999999995,38,1,0.6862203545448903
1256,-43.40000000000066,69,1,0.6860144884385269
1257,-778.3999999999979,99,1,0.6858086840919954
1258,468.20000000000005,66,1,0.6856029414867678
1259,-333.59999999999957,95,1,0.6853972606043218
1260,539.9999999999997,55,1,0.6851916414261405
1261,846.3999999999999,43,1,0.6849860839337127
1262,498.7999999999996,46,1,0.6847805881085326
1263,755.5999999999997,44,1,0.6845751539321001
1264,627.3999999999996,46,1,0.6843697813859205
1265,391.3999999999994,63,1,0.6841644704515047
1266,677.8999999999995,47,1,0.6839592211103693
1267,892.4,48,1,0.6837540333440363
1268,20.399999999999295,63,1,0.683548907134033
1269,45.49999999999898,91,1,0.6833438424618928
1270,-217.39999999999907,80,1,0.6831388393091543
1271,758.2,56,1,0.6829338976573616
1272,380.2999999999994,81,1,0.6827290174880644
1273,-583.2999999999982,103,1,0.682524198782818
1274,354.7999999999994,72,1,0.6823194415231831
1275,826.3000000000002,75,1,0.6821147456907262
1276,-910.2999999999978,109,1,0.681910111267019
1277,615.5999999999997,61,1,0.6817055382336389
1278,-168.30000000000052,84,1,0.6815010265721688
1279,-1606.3999999999946,144,1,0.6812965762641972
1280,214.6999999999996,70,1,0.6810921872913179
1281,891.7,37,1,0.6808878596351305
1282,973.1,37,1,0.68068359327724
1283,352.9999999999993,87,1,0.6804793881992569
1284,310.8999999999993,64,1,0.6802752443827972
1285,134.59999999999968,83,1,0.6800711618094823
1286,-621.9999999999976,102,1,0.6798671404609395
1287,-103.8000000000003,79,1,0.6796631803188012
1288,249.19999999999902,78,1,0.6794592813647056
1289,970.3,40,1,0.6792554435802962
1290,656.2,61,1,0.6790516669472222
1291,-888.9999999999976,128,1,0.678847951447138
1292,-622.7999999999973,116,1,0.6786442970617039
1293,844.7000000000002,50,1,0.6784407037725855
1294,-531.5999999999989,89,1,0.6782371715614537
1295,110.29999999999927,84,1,0.6780337004099852
1296,462.39999999999964,70,1,0.6778302902998623
1297,885.8000000000001,31,1,0.6776269412127723
1298,186.79999999999916,76,1,0.6774236531304085
1299,643.2999999999997,58,1,0.6772204260344694
1300,564.6999999999995,72,1,0.6770172599066591
1301,1162.5,34,1,0.6768141547286871
1302,173.1999999999989,79,1,0.6766111104822685
1303,400.0999999999999,82,1,0.6764081271491239
1304,-214.79999999999848,115,1,0.6762052047109792
1305,-544.6999999999995,102,1,0.676002343149566
1306,-430.899999999997,103,1,0.6757995424466211
1307,812.5,48,1,0.6755968025838871
1308,474.2999999999995,47,1,0.675394123543112
1309,-497.19999999999857,112,1,0.6751915053060491
1310,-1250.7999999999956,150,1,0.6749889478544573
1311,518.5999999999996,61,1,0.6747864511701009
1312,214.59999999999957,73,1,0.67458401523475
1313,281.7999999999996,62,1,0.6743816400301795
1314,-625.4999999999974,117,1,0.6741793255381705
1315,564.1999999999995,63,1,0.673977071740509
1316,34.59999999999934,65,1,0.6737748786189869
1317,229.79999999999882,90,1,0.6735727461554012
1318,-139.30000000000052,70,1,0.6733706743315546
1319,222.2999999999994,69,1,0.6731686631292552
1320,307.5999999999991,88,1,0.6729667125303164
1321,-1227.399999999997,124,1,0.6727648225165573
1322,618.0999999999997,61,1,0.6725629930698024
1323,920.0,46,1,0.6723612241718815
1324,302.8999999999995,72,1,0.67215951580463
1325,624.6999999999996,62,1,0.6719578679498885
1326,895.2,36,1,0.6717562805895037
1327,631.9999999999999,45,1,0.6715547537053268
1328,-275.499999999999,94,1,0.6713532872792152
1329,710.7999999999995,63,1,0.6711518812930314
1330,582.1999999999998,51,1,0.6709505357286435
1331,-890.8999999999972,117,1,0.6707492505679249
1332,499.9999999999992,55,1,0.6705480257927545
1333,-2593.5999999999963,144,1,0.6703468613850168
1334,350.19999999999925,67,1,0.6701457573266013
1335,292.8999999999993,65,1,0.6699447135994033
1336,156.79999999999927,84,1,0.6697437301853235
1337,523.0999999999993,49,1,0.6695428070662679
1338,751.3999999999999,37,1,0.669341944224148
1339,292.0999999999992,81,1,0.6691411416408808
1340,852.0,40,1,0.6689403992983886
1341,235.1999999999996,58,1,0.668739717178599
1342,201.19999999999914,72,1,0.6685390952634455
1343,-89.20000000000039,86,1,0.6683385335348665
1344,636.8999999999996,56,1,0.668138031974806
1345,953.1,32,1,0.6679375905652136
1346,551.7999999999995,54,1,0.667737209288044
1347,513.9999999999998,68,1,0.6675368881252577
1348,744.7,59,1,0.6673366270588201
1349,-352.9,115,1,0.6671364260707026
1350,-2048.2999999999956,167,1,0.6669362851428814
1351,628.5999999999997,50,1,0.6667362042573386
1352,-682.9999999999978,101,1,0.6665361833960615
1353,788.5999999999992,59,1,0.6663362225410426
1354,357.69999999999936,77,1,0.6661363216742804
1355,-707.2999999999985,103,1,0.6659364807777781
1356,203.1999999999996,61,1,0.6657366998335448
1357,729.3999999999995,68,1,0.6655369788235947
1358,-1021.3999999999975,122,1,0.6653373177299476
1359,363.1999999999995,56,1,0.6651377165346287
1360,720.6,57,1,0.6649381752196684
1361,656.8,77,1,0.6647386937671025
1362,-91.0999999999998,89,1,0.6645392721589723
1363,69.89999999999907,93,1,0.6643399103773246
1364,864.0999999999999,44,1,0.6641406084042115
1365,819.7000000000002,47,1,0.6639413662216903
1366,909.6,53,1,0.6637421838118238
1367,330.49999999999943,57,1,0.6635430611566803
1368,448.1999999999996,53,1,0.6633439982383332
1369,509.8999999999995,60,1,0.6631449950388617
1370,208.8999999999993,77,1,0.66294605154035
1371,-795.5999999999971,108,1,0.662747167724888
1372,790.1999999999999,50,1,0.6625483435745705
1373,-78.5000000000008,64,1,0.6623495790714982
1374,590.6999999999996,60,1,0.6621508741977767
1375,499.7999999999987,81,1,0.6619522289355174
1376,411.39999999999964,64,1,0.6617536432668368
1377,698.1999999999994,41,1,0.6615551171738568
1378,472.6999999999995,65,1,0.6613566506387047
1379,748.9,59,1,0.6611582436435132
1380,815.8000000000001,57,1,0.6609598961704202
1381,326.199999999999,76,1,0.660761608201569
1382,823.2000000000002,57,1,0.6605633797191086
1383,256.2999999999993,69,1,0.6603652107051929
1384,621.3999999999999,60,1,0.6601671011419814
1385,74.79999999999905,79,1,0.6599690510116388
1386,875.1999999999999,49,1,0.6597710602963354
1387,475.1999999999996,45,1,0.6595731289782465
1388,445.89999999999975,54,1,0.659375257039553
1389,1077.8,38,1,0.6591774444624412
1390,259.5999999999992,64,1,0.6589796912291025
1391,1339.0,20,1,0.6587819973217338
1392,300.1999999999995,60,1,0.6585843627225373
1393,1091.7,44,1,0.6583867874137206
1394,596.8999999999994,71,1,0.6581892713774965
1395,600.6999999999999,49,1,0.6579918145960832
1396,978.8000000000001,40,1,0.6577944170517045
1397,451.4999999999998,64,1,0.657597078726589
1398,872.6000000000001,45,1,0.657399799602971
1399,455.2999999999995,57,1,0.6572025796630901
1400,-380.4999999999985,98,1,0.6570054188891913
1401,649.0999999999995,60,1,0.6568083172635245
1402,189.09999999999866,90,1,0.6566112747683455
1403,857.8,41,1,0.656414291385915
1404,500.49999999999955,54,1,0.6562173670984992
1405,848.5,49,1,0.6560205018883697
1406,473.49999999999943,66,1,0.6558236957378032
1407,-675.1999999999967,115,1,0.6556269486290819
1408,223.39999999999964,55,1,0.6554302605444932
1409,143.59999999999934,65,1,0.6552336314663298
1410,725.4999999999997,41,1,0.65503706137689
1411,520.3999999999999,73,1,0.654840550258477
1412,-0.4000000000005457,73,1,0.6546440980933994
1413,813.8000000000001,52,1,0.6544477048639714
1414,802.2,46,1,0.6542513705525123
1415,320.3999999999994,63,1,0.6540550951413465
1416,846.6,33,1,0.6538588786128041
1417,974.6000000000001,40,1,0.6536627209492203
1418,443.39999999999986,58,1,0.6534666221329355
1419,-197.09999999999957,82,1,0.6532705821462956
1420,-743.799999999996,140,1,0.6530746009716517
1421,568.9999999999999,62,1,0.6528786785913603
1422,694.6999999999999,57,1,0.6526828149877829
1423,982.2,34,1,0.6524870101432866
1424,500.39999999999986,59,1,0.6522912640402436
1425,546.7999999999994,58,1,0.6520955766610316
1426,652.1999999999996,50,1,0.6518999479880333
1427,474.7999999999994,48,1,0.6517043780036369
1428,651.2999999999998,53,1,0.6515088666902358
1429,570.8999999999997,73,1,0.6513134140302287
1430,-491.5000000000001,102,1,0.6511180200060196
1431,780.9000000000001,46,1,0.6509226846000178
1432,982.6999999999999,59,1,0.6507274077946378
1433,336.7999999999996,79,1,0.6505321895722994
1434,528.0999999999999,57,1,0.6503370299154277
1435,81.4999999999992,85,1,0.6501419288064532
1436,1010.9000000000001,46,1,0.6499468862278113
1437,707.7999999999998,44,1,0.6497519021619429
1438,722.4999999999995,50,1,0.6495569765912943
1439,777.8000000000002,62,1,0.649362109498317
1440,158.89999999999907,77,1,0.6491673008654675
1441,1028.8,39,1,0.6489725506752079
1442,797.2000000000002,46,1,0.6487778589100053
1443,35.699999999999136,99,1,0.6485832255523323
1444,332.0999999999991,71,1,0.6483886505846665
1445,1096.1000000000001,40,1,0.6481941339894912
1446,351.8999999999994,77,1,0.6479996757492944
1447,710.9,69,1,0.6478052758465697
1448,485.39999999999964,66,1,0.6476109342638157
1449,939.7,48,1,0.6474166509835365
1450,1205.5,23,1,0.6472224259882414
1451,584.6999999999996,71,1,0.6470282592604449
1452,969.1000000000001,52,1,0.6468341507826668
1453,590.5999999999991,61,1,0.646640100537432
1454,431.0999999999998,52,1,0.6464461085072708
1455,-45.40000000000066,72,1,0.6462521746747186
1456,-372.49999999999807,117,1,0.6460582990223163
1457,605.5,57,1,0.6458644815326096
1458,209.09999999999957,66,1,0.6456707221881498
1459,833.6,43,1,0.6454770209714934
1460,776.0999999999998,57,1,0.645283377865202
1461,238.4999999999992,67,1,0.6450897928518424
1462,-574.0999999999977,101,1,0.6448962659139869
1463,986.1,32,1,0.6447027970342126
1464,251.09999999999945,70,1,0.6445093861951023
1465,864.9,44,1,0.6443160333792438
1466,580.4999999999998,44,1,0.6441227385692301
1467,394.59999999999945,73,1,0.6439295017476593
1468,574.2999999999994,45,1,0.643736322897135
1469,-481.8999999999995,134,1,0.6435432020002659
1470,1035.0,26,1,0.6433501390396659
1471,451.3999999999995,80,1,0.643157133997954
1472,553.1999999999996,61,1,0.6429641868577547
1473,259.69999999999936,70,1,0.6427712976016974
1474,-646.4999999999978,115,1,0.6425784662124169
1475,390.59999999999934,78,1,0.6423856926725532
1476,1200.2,32,1,0.6421929769647514
1477,-572.8999999999993,105,1,0.642000319071662
1478,509.9999999999991,56,1,0.6418077189759405
1479,157.99999999999886,81,1,0.6416151766602477
1480,479.99999999999943,53,1,0.6414226921072497
1481,290.7999999999994,68,1,0.6412302652996175
1482,780.1999999999999,40,1,0.6410378962200276
1483,-463.3999999999993,132,1,0.6408455848511616
1484,-191.0999999999989,92,1,0.6406533311757063
1485,333.79999999999916,73,1,0.6404611351763536
1486,656.4999999999998,55,1,0.6402689968358007
1487,669.0999999999997,55,1,0.64007691613675
1488,510.19999999999936,74,1,0.639884893061909
1489,904.3,31,1,0.6396929275939904
1490,650.2999999999997,58,1,0.6395010197157123
1491,129.8999999999993,64,1,0.6393091694097975
1492,143.79999999999927,100,1,0.6391173766589746
1493,702.5999999999999,46,1,0.638925641445977
1494,52.399999999999295,80,1,0.6387339637535432
1495,-721.5999999999959,120,1,0.6385423435644172
1496,578.7999999999996,54,1,0.6383507808613479
1497,964.1,42,1,0.6381592756270895
1498,1053.1,30,1,0.6379678278444014
1499,318.6999999999995,88,1,0.6377764374960482
1500,-1129.4999999999964,117,1,0.6375851045647993
1501,725.0,59,1,0.6373938290334299
1502,330.6999999999995,59,1,0.6372026108847199
1503,103.29999999999916,63,1,0.6370114501014544
1504,573.7999999999995,47,1,0.6368203466664241
1505,591.9999999999994,44,1,0.6366293005624242
1506,-39.000000000000114,94,1,0.6364383117722555
1507,690.7,40,1,0.6362473802787239
1508,1155.5,24,1,0.6360565060646403
1509,531.5999999999995,69,1,0.6358656891128209
1510,772.7999999999998,42,1,0.635674929406087
1511,672.4999999999999,46,1,0.6354842269272652
1512,584.0999999999997,50,1,0.6352935816591871
1513,95.39999999999964,67,1,0.6351029935846894
1514,-128.29999999999984,80,1,0.6349124626866139
1515,965.5000000000001,59,1,0.634721988947808
1516,-306.9999999999983,78,1,0.6345315723511237
1517,506.99999999999943,45,1,0.6343412128794184
1518,64.40000000000043,86,1,0.6341509105155545
1519,-403.39999999999793,88,1,0.6339606652423998
1520,644.0999999999998,57,1,0.6337704770428271
1521,-596.9999999999965,98,1,0.6335803458997142
1522,360.6999999999995,72,1,0.6333902717959443
1523,449.79999999999995,66,1,0.6332002547144056
1524,382.4999999999992,76,1,0.6330102946379913
1525,698.5999999999997,50,1,0.6328203915495999
1526,410.7999999999997,49,1,0.632630545432135
1527,409.69999999999914,74,1,0.6324407562685054
1528,858.5,51,1,0.6322510240416248
1529,246.29999999999927,64,1,0.6320613487344123
1530,-153.20000000000107,89,1,0.631871730329792
1531,477.99999999999955,57,1,0.6316821688106932
1532,-307.3999999999993,103,1,0.63149266416005
1533,516.2999999999992,55,1,0.631303216360802
1534,982.3,29,1,0.6311138253958938
1535,711.8,63,1,0.630924491248275
1536,682.0,51,1,0.6307352139009005
1537,783.8000000000002,54,1,0.6305459933367302
1538,524.6999999999995,62,1,0.6303568295387292
1539,1093.0,36,1,0.6301677224898676
1540,540.0,56,1,0.6299786721731206
1541,825.7,48,1,0.6297896785714687
1542,748.4999999999995,60,1,0.6296007416678973
1543,677.3999999999999,52,1,0.629411861445397
1544,468.09999999999945,52,1,0.6292230378869633
1545,494.09999999999934,66,1,0.6290342709755973
1546,676.2,61,1,0.6288455606943046
1547,-12.30000000000075,80,1,0.6286569070260963
1548,310.8999999999993,101,1,0.6284683099539885
1549,831.2,39,1,0.6282797694610023
1550,976.6999999999999,44,1,0.628091285530164
1551,-51.69999999999902,107,1,0.627902858144505
1552,997.1999999999999,35,1,0.6277144872870617
1553,288.6999999999998,55,1,0.6275261729408756
1554,488.9999999999993,74,1,0.6273379150889934
1555,41.399999999998954,79,1,0.6271497137144667
1556,400.2999999999996,61,1,0.6269615688003524
1557,1013.8,39,1,0.6267734803297123
1558,745.3999999999993,59,1,0.6265854482856134
1559,966.6,31,1,0.6263974726511277
1560,15.599999999999454,68,1,0.6262095534093324
1561,997.2,35,1,0.6260216905433096
1562,883.1000000000001,52,1,0.6258338840361466
1563,-82.60000000000025,92,1,0.6256461338709358
1564,662.7999999999993,52,1,0.6254584400307746
1565,403.7999999999996,57,1,0.6252708024987653
1566,-29.800000000000978,83,1,0.6250832212580157
1567,796.6000000000001,53,1,0.6248956962916383
1568,-532.199999999999,95,1,0.6247082275827509
1569,887.0,37,1,0.6245208151144761
1570,554.7999999999998,44,1,0.6243334588699417
1571,785.7,46,1,0.6241461588322808
1572,806.5,42,1,0.6239589149846311
1573,723.7999999999998,61,1,0.6237717273101357
1574,754.6000000000001,57,1,0.6235845957919427
1575,108.19999999999914,78,1,0.6233975204132052
1576,444.79999999999984,52,1,0.6232105011570812
1577,915.4000000000001,33,1,0.6230235380067342
1578,685.2999999999997,53,1,0.6228366309453321
1579,513.7999999999997,57,1,0.6226497799560485
1580,187.89999999999964,74,1,0.6224629850220618
1581,551.4999999999994,63,1,0.6222762461265552
1582,-799.5999999999975,118,1,0.6220895632527172
1583,94.79999999999916,76,1,0.6219029363837415
1584,-26.90000000000066,70,1,0.6217163655028264
1585,131.79999999999905,92,1,0.6215298505931756
1586,1133.4,30,1,0.6213433916379977
1587,316.4999999999998,71,1,0.6211569886205063
1588,1119.6,28,1,0.6209706415239201
1589,954.3000000000001,30,1,0.620784350331463
1590,83.29999999999893,91,1,0.6205981150263635
1591,407.19999999999936,68,1,0.6204119355918556
1592,931.5,41,1,0.6202258120111781
1593,813.1000000000001,55,1,0.6200397442675748
1594,614.5,70,1,0.6198537323442945
1595,49.69999999999902,80,1,0.6196677762245912
1596,483.69999999999936,75,1,0.6194818758917239
1597,903.2,47,1,0.6192960313289564
1598,502.4,50,1,0.6191102425195577
1599,770.3000000000002,54,1,0.6189245094468019
1600,487.49999999999875,77,1,0.6187388320939678
1601,632.2999999999997,55,1,0.6185532104443396
1602,1165.2,31,1,0.6183676444812064
1603,-301.7999999999985,93,1,0.618182134187862
1604,712.3000000000002,45,1,0.6179966795476057
1605,587.6999999999994,55,1,0.6178112805437415
1606,616.0,54,1,0.6176259371595784
1607,445.19999999999925,53,1,0.6174406493784305
1608,527.8999999999997,60,1,0.617255417183617
1609,761.0999999999995,43,1,0.6170702405584619
1610,335.89999999999907,89,1,0.6168851194862944
1611,564.0,66,1,0.6167000539504486
1612,763.1,42,1,0.6165150439342635
1613,156.39999999999907,95,1,0.6163300894210832
1614,-394.79999999999825,114,1,0.616145190394257
1615,719.3,51,1,0.6159603468371387
1616,639.3999999999999,51,1,0.6157755587330876
1617,837.8,32,1,0.6155908260654678
1618,696.0999999999998,46,1,0.6154061488176482
1619,963.8,42,1,0.6152215269730029
1620,864.8000000000001,51,1,0.6150369605149111
1621,505.59999999999934,67,1,0.6148524494267567
1622,417.49999999999943,52,1,0.6146679936919286
1623,854.5000000000002,61,1,0.6144835932938211
1624,395.1,69,1,0.6142992482158329
1625,764.9999999999997,51,1,0.6141149584413682
1626,351.59999999999934,66,1,0.6139307239538359
1627,527.2,42,1,0.6137465447366497
1628,875.8,41,1,0.6135624207732288
1629,573.8,49,1,0.6133783520469968
1630,863.5999999999999,33,1,0.6131943385413827
1631,115.19999999999857,84,1,0.6130103802398204
1632,688.8999999999997,61,1,0.6128264771257484
1633,332.69999999999925,88,1,0.6126426291826107
1634,-2249.499999999996,150,1,0.6124588363938559
1635,1035.8,37,1,0.6122750987429377
1636,650.7999999999994,53,1,0.6120914162133149
1637,1021.0,35,1,0.6119077887884509
1638,14.999999999999318,93,1,0.6117242164518144
1639,745.7999999999997,45,1,0.6115406991868789
1640,211.2999999999996,90,1,0.6113572369771229
1641,435.19999999999936,76,1,0.6111738298060297
1642,646.5,54,1,0.6109904776570879
1643,460.1999999999996,56,1,0.6108071805137908
1644,452.09999999999945,81,1,0.6106239383596367
1645,302.3999999999994,66,1,0.6104407511781288
1646,76.39999999999941,70,1,0.6102576189527754
1647,674.9,50,1,0.6100745416670896
1648,596.7999999999996,49,1,0.6098915193045895
1649,-140.29999999999893,85,1,0.6097085518487981
1650,534.3999999999997,51,1,0.6095256392832435
1651,319.3999999999992,84,1,0.6093427815914586
1652,912.6,44,1,0.6091599787569811
1653,348.4999999999999,70,1,0.6089772307633541
1654,546.1999999999997,55,1,0.608794537594125
1655,1057.6000000000001,50,1,0.6086118992328469
1656,1156.5000000000002,44,1,0.608429315663077
1657,811.4000000000001,48,1,0.6082467868683781
1658,589.1999999999998,52,1,0.6080643128323175
1659,240.19999999999948,60,1,0.6078818935384679
1660,765.9999999999997,40,1,0.6076995289704064
1661,976.6,38,1,0.6075172191117153
1662,1147.3000000000002,37,1,0.6073349639459819
1663,-29.799999999998704,101,1,0.607152763456798
1664,391.199999999999,65,1,0.606970617627761
1665,678.1999999999998,41,1,0.6067885264424727
1666,1103.1,29,1,0.60660648988454
1667,893.0999999999999,44,1,0.6064245079375746
1668,354.0999999999991,71,1,0.6062425805851934
1669,604.0999999999999,57,1,0.6060607078110178
1670,967.8000000000001,29,1,0.6058788895986745
1671,1087.8,27,1,0.6056971259317949
1672,745.7999999999997,42,1,0.6055154167940154
1673,853.2,47,1,0.6053337621689773
1674,-1.6000000000005912,60,1,0.6051521620403266
1675,1028.5,37,1,0.6049706163917146
1676,577.4999999999993,53,1,0.6047891252067971
1677,-898.9999999999965,127,1,0.6046076884692351
1678,624.3999999999996,49,1,0.6044263061626943
1679,436.99999999999943,54,1,0.6042449782708456
1680,729.2000000000002,47,1,0.6040637047773644
1681,842.0,39,1,0.6038824856659312
1682,-114.50000000000011,73,1,0.6037013209202314
1683,931.7,35,1,0.6035202105239554
1684,785.9999999999998,53,1,0.6033391544607982
1685,1146.5,36,1,0.60315815271446
1686,188.1999999999997,80,1,0.6029772052686457
1687,1104.6000000000001,28,1,0.6027963121070652
1688,918.2,36,1,0.6026154732134331
1689,361.8999999999993,57,1,0.6024346885714691
1690,87.79999999999905,79,1,0.6022539581648977
1691,438.7999999999993,51,1,0.6020732819774482
1692,337.79999999999916,69,1,0.601892659992855
1693,1009.3,38,1,0.6017120921948572
1694,810.8,43,1,0.6015315785671987
1695,901.1,53,1,0.6013511190936286
1696,608.4999999999998,54,1,0.6011707137579005
1697,712.1999999999998,45,1,0.6009903625437731
1698,912.8000000000001,41,1,0.60081006543501
1699,-25.00000000000034,74,1,0.6006298224153795
1700,-0.29999999999904503,89,1,0.600449633468655
1701,359.89999999999895,71,1,0.6002694985786144
1702,506.89999999999907,64,1,0.6000894177290409
1703,894.3000000000001,40,1,0.5999093909037222
1704,587.2999999999995,58,1,0.5997294180864511
1705,684.6999999999994,53,1,0.5995494992610252
1706,122.59999999999923,78,1,0.5993696344112469
1707,975.8,40,1,0.5991898235209235
1708,561.1999999999999,62,1,0.5990100665738672
1709,331.19999999999925,68,1,0.5988303635538951
1710,789.8000000000001,57,1,0.598650714444829
1711,167.39999999999907,89,1,0.5984711192304956
1712,953.1,32,1,0.5982915778947264
1713,1137.4,32,1,0.598112090421358
1714,1302.6,26,1,0.5979326567942317
1715,1003.1999999999999,44,1,0.5977532769971934
1716,394.0999999999992,83,1,0.5975739510140943
1717,530.5999999999998,52,1,0.59739467882879
1718,581.1999999999996,71,1,0.5972154604251414
1719,757.6,47,1,0.5970362957870139
1720,883.2,45,1,0.5968571848982778
1721,115.79999999999927,85,1,0.5966781277428083
1722,179.69999999999948,70,1,0.5964991243044855
1723,-363.4999999999976,105,1,0.5963201745671941
1724,829.0,50,1,0.596141278514824
1725,744.8,41,1,0.5959624361312695
1726,965.4999999999999,38,1,0.5957836474004302
1727,145.29999999999916,69,1,0.5956049123062102
1728,1097.4,32,1,0.5954262308325183
1729,1084.6000000000001,37,1,0.5952476029632686
1730,912.6000000000001,45,1,0.5950690286823797
1731,924.9,46,1,0.594890507973775
1732,513.1999999999996,57,1,0.5947120408213828
1733,812.5,39,1,0.5945336272091365
1734,647.7,51,1,0.5943552671209738
1735,454.80000000000007,62,1,0.5941769605408375
1736,705.3,46,1,0.5939987074526752
1737,709.3000000000001,43,1,0.5938205078404395
1738,677.8,45,1,0.5936423616880874
1739,515.2999999999996,69,1,0.5934642689795809
1740,698.8000000000002,56,1,0.5932862296988871
1741,1214.1000000000001,39,1,0.5931082438299775
1742,565.1999999999996,54,1,0.5929303113568285
1743,927.6,43,1,0.5927524322634214
1744,937.8000000000001,30,1,0.5925746065337424
1745,735.8999999999999,49,1,0.5923968341517822
1746,277.29999999999916,69,1,0.5922191151015367
1747,332.5999999999992,72,1,0.5920414493670062
1748,587.1999999999999,65,1,0.5918638369321961
1749,497.49999999999966,77,1,0.5916862777811165
1750,439.09999999999934,70,1,0.5915087718977822
1751,903.3000000000001,41,1,0.5913313192662129
1752,322.2999999999995,60,1,0.591153919870433
1753,620.5999999999999,46,1,0.5909765736944719
1754,1044.2,33,1,0.5907992807223635
1755,858.1000000000001,42,1,0.5906220409381469
1756,626.6999999999998,63,1,0.5904448543258655
1757,325.3999999999994,64,1,0.5902677208695677
1758,819.3000000000002,51,1,0.5900906405533068
1759,524.9999999999998,71,1,0.5899136133611409
1760,654.1999999999992,61,1,0.5897366392771326
1761,815.0000000000001,42,1,0.5895597182853495
1762,953.5,47,1,0.5893828503698639
1763,595.4999999999998,44,1,0.589206035514753
1764,1031.8999999999999,32,1,0.5890292737040986
1765,911.7,37,1,0.5888525649219875
1766,941.6,41,1,0.5886759091525109
1767,1128.6000000000001,50,1,0.5884993063797651
1768,839.0,30,1,0.5883227565878512
1769,141.2999999999995,80,1,0.5881462597608749
1770,-596.6999999999977,101,1,0.5879698158829466
1771,1046.6,29,1,0.5877934249381818
1772,836.6000000000001,44,1,0.5876170869107004
1773,479.5999999999992,50,1,0.5874408017846272
1774,920.2,48,1,0.5872645695440918
1775,699.5999999999996,45,1,0.5870883901732286
1776,912.5,36,1,0.5869122636561767
1777,508.49999999999966,58,1,0.5867361899770798
1778,987.8,29,1,0.5865601691200867
1779,870.8000000000001,39,1,0.5863842010693506
1780,459.2999999999994,68,1,0.5862082858090298
1781,544.2999999999997,58,1,0.5860324233232872
1782,966.6999999999999,36,1,0.5858566135962903
1783,975.2,35,1,0.5856808566122114
1784,1185.3000000000002,35,1,0.5855051523552277
1785,455.19999999999936,64,1,0.5853295008095212
1786,105.39999999999918,79,1,0.5851539019592783
1787,172.99999999999932,75,1,0.5849783557886905
1788,658.3999999999994,48,1,0.5848028622819539
1789,874.0000000000001,50,1,0.5846274214232693
1790,397.59999999999945,66,1,0.5844520331968424
1791,770.8,40,1,0.5842766975868833
1792,683.1999999999997,41,1,0.5841014145776072
1793,984.5999999999999,39,1,0.5839261841532339
1794,693.4999999999995,62,1,0.583751006297988
1795,767.5999999999999,45,1,0.5835758809960987
1796,282.89999999999964,63,1,0.5834008082317999
1797,634.5,49,1,0.5832257879893303
1798,972.9999999999999,58,1,0.5830508202529335
1799,1111.6,41,1,0.5828759050068577
1800,875.6,56,1,0.5827010422353557
1801,967.3000000000001,61,1,0.582526231922685
1802,937.8000000000001,30,1,0.5823514740531083
1803,1239.0,22,1,0.5821767686108924
1804,681.7,50,1,0.5820021155803091
1805,692.9000000000001,51,1,0.581827514945635
1806,1108.3000000000002,35,1,0.5816529666911513
1807,1190.7,30,1,0.581478470801144
1808,440.4999999999993,72,1,0.5813040272599037
1809,623.4999999999995,44,1,0.5811296360517257
1810,1013.0999999999999,30,1,0.5809552971609102
1811,337.699999999999,69,1,0.5807810105717619
1812,239.59999999999934,63,1,0.5806067762685904
1813,241.89999999999918,53,1,0.5804325942357098
1814,892.4000000000001,48,1,0.5802584644574391
1815,556.0999999999998,49,1,0.5800843869181019
1816,990.5999999999999,39,1,0.5799103616020265
1817,1272.3,24,1,0.5797363884935459
1818,503.69999999999993,72,1,0.5795624675769979
1819,1122.0,25,1,0.5793885988367249
1820,598.4999999999993,54,1,0.5792147822570739
1821,566.0999999999998,55,1,0.5790410178223968
1822,257.5999999999991,82,1,0.5788673055170501
1823,794.0000000000001,49,1,0.578693645325395
1824,288.9999999999992,70,1,0.5785200372317975
1825,305.79999999999916,78,1,0.5783464812206279
1826,-718.9999999999981,120,1,0.5781729772762617
1827,932.0,49,1,0.5779995253830789
1828,886.8000000000002,53,1,0.577826125525464
1829,-14.900000000000432,82,1,0.5776527776878063
1830,582.2,52,1,0.5774794818545
1831,82.29999999999927,82,1,0.5773062380099437
1832,1190.2,21,1,0.5771330461385408
1833,810.8,51,1,0.5769599062246993
1834,999.0999999999999,41,1,0.5767868182528318
1835,776.1000000000001,53,1,0.576613782207356
1836,1153.1,28,1,0.5764407980726939
1837,-336.199999999999,91,1,0.576267865833272
1838,1097.3000000000002,38,1,0.5760949854735221
1839,1134.7,34,1,0.5759221569778801
1840,183.89999999999964,70,1,0.5757493803307867
1841,900.6000000000001,52,1,0.5755766555166875
1842,-418.19999999999857,99,1,0.5754039825200324
1843,636.0999999999999,47,1,0.5752313613252764
1844,1110.2,33,1,0.5750587919168788
1845,286.69999999999936,55,1,0.5748862742793037
1846,619.3999999999995,60,1,0.5747138083970199
1847,745.2,48,1,0.5745413942545008
1848,727.6999999999998,51,1,0.5743690318362245
1849,972.8,38,1,0.5741967211266736
1850,186.89999999999918,84,1,0.5740244621103356
1851,648.7999999999998,56,1,0.5738522547717025
1852,668.4999999999999,53,1,0.5736800990952711
1853,829.9,36,1,0.5735079950655425
1854,869.6,34,1,0.5733359426670228
1855,975.0,37,1,0.5731639418842227
1856,981.5,48,1,0.5729919927016575
1857,883.7,36,1,0.572820095103847
1858,391.0999999999999,60,1,0.5726482490753159
1859,1067.8,61,1,0.5724764546005933
1860,787.1000000000001,53,1,0.5723047116642132
1861,833.1000000000001,34,1,0.5721330202507139
1862,847.0000000000002,56,1,0.5719613803446387
1863,1005.3,58,1,0.5717897919305354
1864,1210.8000000000002,36,1,0.5716182549929563
1865,390.59999999999934,72,1,0.5714467695164583
1866,1047.1,42,1,0.5712753354856034
1867,952.0999999999999,43,1,0.5711039528849577
1868,195.99999999999943,98,1,0.5709326216990923
1869,499.59999999999957,51,1,0.5707613419125827
1870,828.7,38,1,0.5705901135100089
1871,1085.8,27,1,0.5704189364759559
1872,966.4,33,1,0.5702478107950131
1873,756.6999999999998,47,1,0.5700767364517746
1874,958.0000000000001,49,1,0.5699057134308391
1875,1245.3,36,1,0.5697347417168098
1876,960.8000000000001,39,1,0.5695638212942948
1877,762.4000000000001,47,1,0.5693929521479065
1878,1002.9000000000001,53,1,0.5692221342622622
1879,1116.2,35,1,0.5690513676219835
1880,716.3,43,1,0.5688806522116969
1881,1090.3,37,1,0.5687099880160335
1882,708.5,53,1,0.5685393750196287
1883,702.9999999999998,50,1,0.5683688132071228
1884,945.5,37,1,0.5681983025631607
1885,605.3999999999997,38,1,0.5680278430723918
1886,464.1999999999997,44,1,0.5678574347194701
1887,876.1,45,1,0.5676870774890543
1888,691.8999999999999,49,1,0.5675167713658077
1889,680.2999999999993,63,1,0.5673465163343979
1890,642.6999999999996,62,1,0.5671763123794976
1891,1204.3,25,1,0.5670061594857838
1892,396.3999999999992,66,1,0.5668360576379381
1893,412.8999999999992,73,1,0.5666660068206467
1894,349.99999999999955,59,1,0.5664960070186006
1895,238.79999999999927,72,1,0.5663260582164951
1896,994.0999999999999,43,1,0.5661561603990302
1897,572.0999999999995,61,1,0.5659863135509104
1898,784.6000000000001,53,1,0.5658165176568452
1899,506.3999999999994,62,1,0.5656467727015482
1900,931.6999999999999,55,1,0.5654770786697377
1901,838.1,57,1,0.5653074355461368
1902,906.0000000000001,50,1,0.565137843315473
1903,654.4999999999998,66,1,0.5649683019624784
1904,1080.4,33,1,0.5647988114718897
1905,1147.5,34,1,0.5646293718284482
1906,80.29999999999905,85,1,0.5644599830168997
1907,507.59999999999957,51,1,0.5642906450219947
1908,279.4999999999991,70,1,0.564121357828488
1909,557.1999999999996,50,1,0.5639521214211395
1910,855.8000000000002,42,1,0.5637829357847132
1911,1216.5,33,1,0.5636138009039777
1912,1255.5,22,1,0.5634447167637066
1913,798.9999999999995,50,1,0.5632756833486775
1914,751.7,47,1,0.563106700643673
1915,293.39999999999907,72,1,0.5629377686334799
1916,168.7999999999996,62,1,0.5627688873028899
1917,776.9,46,1,0.562600056636699
1918,1285.6,27,1,0.562431276619708
1919,880.3000000000002,44,1,0.5622625472367222
1920,808.5000000000001,53,1,0.5620938684725512
1921,1047.2,33,1,0.5619252403120094
1922,587.2999999999998,60,1,0.5617566627399159
1923,603.4999999999998,53,1,0.5615881357410939
1924,865.1999999999999,38,1,0.5614196593003716
1925,981.6000000000001,31,1,0.5612512334025815
1926,810.4000000000001,58,1,0.5610828580325607
1927,-16.300000000000296,86,1,0.560914533175151
1928,200.8999999999993,76,1,0.5607462588151986
1929,958.9999999999999,38,1,0.560578034937554
1930,805.8000000000002,41,1,0.5604098615270727
1931,748.9000000000001,59,1,0.5602417385686146
1932,489.3999999999995,52,1,0.560073666047044
1933,994.6999999999999,35,1,0.5599056439472299
1934,460.7999999999996,58,1,0.5597376722540457
1935,519.4999999999997,57,1,0.5595697509523695
1936,410.7999999999996,69,1,0.5594018800270838
1937,212.29999999999905,80,1,0.5592340594630757
1938,535.6999999999994,51,1,0.5590662892452368
1939,644.8999999999997,48,1,0.5588985693584633
1940,946.4000000000001,44,1,0.5587308997876558
1941,526.9999999999997,64,1,0.5585632805177195
1942,898.5,41,1,0.5583957115335643
1943,652.2,40,1,0.5582281928201042
1944,1010.9000000000001,44,1,0.5580607243622582
1945,1277.7,42,1,0.5578933061449495
1946,1015.0,39,1,0.557725938153106
1947,739.6999999999997,51,1,0.55755862037166
1948,697.0999999999992,65,1,0.5573913527855485
1949,978.6,45,1,0.5572241353797128
1950,781.6000000000001,43,1,0.5570569681390989
1951,640.6999999999994,60,1,0.5568898510486572
1952,840.7999999999998,43,1,0.5567227840933426
1953,-91.10000000000048,84,1,0.5565557672581146
1954,837.7,47,1,0.5563888005279372
1955,544.2999999999996,57,1,0.5562218838877788
1956,710.5999999999999,47,1,0.5560550173226125
1957,386.99999999999943,66,1,0.5558882008174157
1958,254.99999999999943,81,1,0.5557214343571706
1959,842.7000000000002,48,1,0.5555547179268635
1960,941.5,49,1,0.5553880515114855
1961,1002.8000000000001,38,1,0.5552214350960321
1962,969.0000000000001,46,1,0.5550548686655032
1963,816.7,69,1,0.5548883522049036
1964,608.9999999999998,61,1,0.5547218856992422
1965,1042.6,41,1,0.5545554691335325
1966,775.4000000000001,36,1,0.5543891024927925
1967,705.8,59,1,0.5542227857620446
1968,689.9,57,1,0.554056518926316
1969,1048.5,35,1,0.5538903019706382
1970,523.5999999999997,51,1,0.553724134880047
1971,1019.9,33,1,0.553558017639583
1972,1240.2,20,1,0.5533919502342911
1973,531.5999999999997,53,1,0.5532259326492208
1974,553.9999999999994,53,1,0.5530599648694261
1975,947.2,33,1,0.5528940468799652
1976,1204.3,25,1,0.5527281786659013
1977,1044.1000000000001,42,1,0.5525623602123015
1978,1006.6999999999999,33,1,0.5523965915042379
1979,1037.7,43,1,0.5522308725267867
1980,893.8000000000001,42,1,0.5520652032650287
1981,854.7000000000002,56,1,0.5518995837040492
1982,795.2000000000002,47,1,0.551734013828938
1983,442.2999999999996,65,1,0.5515684936247894
1984,671.2999999999995,43,1,0.551403023076702
1985,763.8,42,1,0.551237602169779
1986,699.4000000000001,59,1,0.5510722308891282
1987,908.8000000000001,60,1,0.5509069092198614
1988,820.2,50,1,0.5507416371470955
1989,1127.9,39,1,0.5505764146559513
1990,935.8000000000001,38,1,0.5504112417315545
1991,843.1,44,1,0.5502461183590351
1992,349.1999999999989,64,1,0.5500810445235275
1993,931.7,47,1,0.5499160202101704
1994,750.5999999999998,44,1,0.5497510454041074
1995,710.2999999999996,67,1,0.5495861200904861
1996,619.1999999999999,70,1,0.549421244254459
1997,1032.1000000000001,41,1,0.5492564178811827
1998,206.2999999999994,81,1,0.5490916409558184
1999,775.7999999999998,54,1,0.5489269134635317
2000,860.8000000000002,43,1,0.5487622353894926
2001,591.3999999999995,52,1,0.5485976067188758
2002,930.8,42,1,0.5484330274368602
2003,944.2,39,1,0.5482684975286292
2004,749.9999999999995,39,1,0.5481040169793706
2005,327.59999999999945,62,1,0.5479395857742768
2006,741.3999999999996,47,1,0.5477752038985445
2007,613.6999999999996,63,1,0.547610871337375
2008,729.8000000000002,63,1,0.5474465880759738
2009,627.3000000000001,57,1,0.5472823540995511
2010,750.5000000000002,53,1,0.5471181693933213
2011,609.0999999999996,57,1,0.5469540339425033
2012,852.4000000000001,41,1,0.5467899477323206
2013,978.8,41,1,0.5466259107480009
2014,868.4000000000001,46,1,0.5464619229747766
2015,905.5000000000001,70,1,0.5462979843978841
2016,779.3000000000001,43,1,0.5461340950025648
2017,897.5,46,1,0.545970254774064
2018,956.7,35,1,0.5458064636976319
2019,1022.0,48,1,0.5456427217585226
2020,734.9999999999995,41,1,0.5454790289419951
2021,591.4999999999993,77,1,0.5453153852333125
2022,1061.5,37,1,0.5451517906177424
2023,835.0,52,1,0.5449882450805571
2024,217.09999999999934,76,1,0.544824748607033
2025,807.5999999999999,47,1,0.5446613011824509
2026,1223.2,31,1,0.5444979027920962
2027,1016.1999999999999,37,1,0.5443345534212586
2028,17.399999999999295,92,1,0.5441712530552322
2029,927.9000000000001,56,1,0.5440080016793156
2030,1134.4,32,1,0.5438447992788118
2031,1159.5,33,1,0.5436816458390281
2032,1134.4,32,1,0.5435185413452764
2033,980.5,36,1,0.5433554857828728
2034,526.4999999999995,58,1,0.543192479137138
2035,1139.0,24,1,0.5430295213933969
2036,1001.5000000000001,48,1,0.5428666125369789
2037,362.3999999999993,71,1,0.5427037525532178
2038,1059.9,40,1,0.5425409414274518
2039,682.799999999999,56,1,0.5423781791450236
2040,1041.8,37,1,0.5422154656912801
2041,584.3999999999993,61,1,0.5420528010515727
2042,957.3000000000001,39,1,0.5418901852112573
2043,757.8,43,1,0.5417276181556939
2044,689.1,57,1,0.5415650998702473
2045,699.3999999999996,50,1,0.5414026303402862
2046,694.4999999999998,66,1,0.5412402095511841
2047,1017.4,44,1,0.5410778374883188
2048,965.3000000000001,50,1,0.5409155141370724
2049,1230.3000000000002,37,1,0.5407532394828313
2050,11.7999999999995,93,1,0.5405910135109865
2051,937.0,28,1,0.5404288362069332
2052,962.0000000000001,47,1,0.5402667075560711
2053,921.1,65,1,0.5401046275438043
2054,253.39999999999918,73,1,0.5399425961555412
2055,816.4999999999999,48,1,0.5397806133766946
2056,-1191.1999999999966,137,1,0.5396186791926816
2057,1094.2,32,1,0.5394567935889238
2058,610.5999999999998,56,1,0.5392949565508471
2059,799.0999999999999,53,1,0.5391331680638819
2060,1230.0,34,1,0.5389714281134628
2061,980.3,42,1,0.5388097366850287
2062,1248.7,30,1,0.5386480937640232
2063,935.4000000000001,32,1,0.538486499335894
2064,794.3000000000001,40,1,0.5383249533860932
2065,537.6999999999995,71,1,0.5381634559000774
2066,853.2,36,1,0.5380020068633075
2067,1079.6,39,1,0.5378406062612485
2068,588.6999999999991,61,1,0.5376792540793701
2069,1081.5,56,1,0.5375179503031463
2070,835.6,36,1,0.5373566949180554
2071,1015.1999999999999,35,1,0.5371954879095799
2072,516.2999999999996,58,1,0.537034329263207
2073,464.6999999999997,73,1,0.5368732189644281
2074,789.7,50,1,0.5367121569987388
2075,1215.4,27,1,0.5365511433516391
2076,661.4000000000001,52,1,0.5363901780086336
2077,938.8,41,1,0.536229260955231
2078,747.5999999999998,56,1,0.5360683921769445
2079,901.5000000000002,49,1,0.5359075716592914
2080,1007.9,44,1,0.5357467993877936
2081,749.0999999999999,46,1,0.5355860753479772
2082,-304.4999999999992,102,1,0.5354253995253728
2083,827.3000000000001,44,1,0.5352647719055152
2084,891.3,43,1,0.5351041924739436
2085,902.3,51,1,0.5349436612162014
2086,524.6999999999995,51,1,0.5347831781178366
2087,950.5,38,1,0.5346227431644013
2088,812.5999999999999,47,1,0.534462356341452
2089,958.6,54,1,0.5343020176345495
2090,454.59999999999957,63,1,0.5341417270292592
2091,1009.6999999999999,46,1,0.5339814845111505
2092,1110.8,37,1,0.5338212900657971
2093,989.0,27,1,0.5336611436787775
2094,1070.8,28,1,0.5335010453356739
2095,554.8999999999996,52,1,0.5333409950220732
2096,355.89999999999895,75,1,0.5331809927235666
2097,959.2,41,1,0.5330210384257495
2098,362.499999999999,78,1,0.5328611321142218
2099,1227.6,37,1,0.5327012737745875
2100,861.4,47,1,0.5325414633924552
2101,505.4999999999998,55,1,0.5323817009534375
2102,754.6999999999999,48,1,0.5322219864431514
2103,626.0999999999999,58,1,0.5320623198472185
2104,1153.4,29,1,0.5319027011512644
2105,969.5999999999999,32,1,0.531743130340919
2106,686.1999999999996,56,1,0.5315836074018168
2107,815.3000000000002,51,1,0.5314241323195963
2108,749.5,50,1,0.5312647050799004
2109,860.5000000000001,49,1,0.5311053256683764
2110,881.8000000000001,50,1,0.5309459940706759
2111,429.4999999999992,76,1,0.5307867102724547
2112,947.2,36,1,0.530627474259373
2113,1032.0,38,1,0.5304682860170952
2114,1223.8000000000002,36,1,0.53030914553129
2115,789.1000000000001,53,1,0.5301500527876307
2116,773.0,64,1,0.5299910077717944
2117,861.9000000000001,44,1,0.5298320104694629
2118,934.4,36,1,0.5296730608663222
2119,1104.3,27,1,0.5295141589480623
2120,1060.7,33,1,0.529355304700378
2121,432.8999999999995,71,1,0.5291964981089678
2122,801.4,36,1,0.5290377391595352
2123,772.3999999999997,48,1,0.5288790278377874
2124,1084.3,27,1,0.5287203641294361
2125,981.2,36,1,0.5285617480201973
2126,881.8,38,1,0.5284031794957913
2127,689.4999999999994,42,1,0.5282446585419426
2128,1001.9000000000001,31,1,0.52808618514438
2129,1013.5999999999999,44,1,0.5279277592888367
2130,789.1000000000001,43,1,0.5277693809610501
2131,1013.4,40,1,0.5276110501467618
2132,661.8999999999992,76,1,0.5274527668317178
2133,1064.1,40,1,0.5272945310016683
2134,1120.2,32,1,0.5271363426423679
2135,672.1999999999996,50,1,0.5269782017395752
2136,778.2999999999998,45,1,0.5268201082790533
2137,685.9,60,1,0.5266620622465696
2138,776.7000000000002,65,1,0.5265040636278957
2139,1000.0,39,1,0.5263461124088074
2140,1142.6,39,1,0.5261882085750847
2141,1120.8,27,1,0.5260303521125123
2142,559.0999999999999,56,1,0.5258725430068785
2143,243.09999999999934,74,1,0.5257147812439764
2144,1020.8,28,1,0.5255570668096032
2145,815.5999999999998,35,1,0.5253993996895604
2146,758.3999999999999,43,1,0.5252417798696536
2147,266.69999999999925,65,1,0.5250842073356927
2148,982.3000000000002,41,1,0.524926682073492
2149,1012.2,33,1,0.52476920406887
2150,1029.9,32,1,0.5246117733076493
2151,345.8999999999993,54,1,0.5244543897756571
2152,928.7000000000002,43,1,0.5242970534587243
2153,1058.8,28,1,0.5241397643426867
2154,1190.4,42,1,0.5239825224133839
2155,973.7,42,1,0.5238253276566599
2156,974.6,40,1,0.5236681800583629
2157,641.4999999999998,63,1,0.5235110796043454
2158,970.5,44,1,0.5233540262804641
2159,766.1,58,1,0.52319702007258
2160,727.4000000000001,49,1,0.5230400609665582
2161,1277.6999999999998,40,1,0.5228831489482683
2162,959.2,50,1,0.5227262840035838
2163,805.7,69,1,0.5225694661183827
2164,425.2999999999996,68,1,0.5224126952785473
2165,1110.9,42,1,0.5222559714699637
2166,766.7,41,1,0.5220992946785228
2167,841.8,50,1,0.5219426648901192
2168,1157.2,41,1,0.5217860820906521
2169,1236.1,27,1,0.521629546266025
2170,862.6999999999998,39,1,0.5214730574021452
2171,824.9000000000001,47,1,0.5213166154849246
2172,702.3000000000002,55,1,0.5211602205002791
2173,892.3,39,1,0.521003872434129
2174,752.1000000000001,55,1,0.5208475712723988
2175,669.2999999999997,51,1,0.5206913170010171
2176,772.6999999999997,51,1,0.5205351096059169
2177,1013.8000000000001,40,1,0.5203789490730351
2178,894.8000000000001,44,1,0.5202228353883132
2179,870.5,39,1,0.5200667685376966
2180,569.4999999999995,66,1,0.5199107485071354
2181,560.3999999999994,72,1,0.5197547752825833
2182,690.2999999999995,56,1,0.5195988488499985
2183,979.6,31,1,0.5194429691953435
2184,194.59999999999923,80,1,0.5192871363045849
2185,883.3000000000001,53,1,0.5191313501636935
2186,990.8,40,1,0.5189756107586444
2187,894.5999999999998,32,1,0.5188199180754168
2188,559.1999999999992,83,1,0.5186642720999942
2189,990.8,40,1,0.5185086728183642
2190,1047.1,42,1,0.5183531202165187
2191,914.3,40,1,0.5181976142804537
2192,1080.3,39,1,0.5180421549961697
2193,1183.2,32,1,0.5178867423496708
2194,708.8000000000001,63,1,0.5177313763269659
2195,1182.0,35,1,0.5175760569140678
2196,608.2999999999993,65,1,0.5174207840969937
2197,925.3,41,1,0.5172655578617645
2198,1132.3000000000002,47,1,0.517110378194406
2199,738.9999999999999,40,1,0.5169552450809477
2200,535.899999999999,62,1,0.5168001585074234
2201,1185.6,29,1,0.5166451184598713
2202,1110.5,35,1,0.5164901249243333
2203,819.4,56,1,0.516335177886856
2204,397.2999999999995,70,1,0.5161802773334899
2205,1090.2,23,1,0.5160254232502899
2206,532.4999999999995,56,1,0.5158706156233148
2207,999.0,37,1,0.5157158544386279
2208,796.5,43,1,0.5155611396822963
2209,877.6,45,1,0.5154064713403916
2210,749.0000000000002,54,1,0.5152518493989895
2211,953.6000000000001,63,1,0.5150972738441698
2212,506.99999999999966,65,1,0.5149427446620166
2213,928.4,33,1,0.514788261838618
2214,952.2,67,1,0.5146338253600664
2215,889.4,46,1,0.5144794352124584
2216,668.1,57,1,0.5143250913818948
2217,463.3999999999994,63,1,0.5141707938544802
2218,1110.8,38,1,0.5140165426163238
2219,863.8,42,1,0.513862337653539
2220,944.8,38,1,0.5137081789522429
2221,954.3,30,1,0.5135540664985572
2222,-916.0999999999982,112,1,0.5134000002786077
2223,834.1000000000001,44,1,0.5132459802785241
2224,1170.8,26,1,0.5130920064844405
2225,905.9000000000001,46,1,0.5129380788824952
2226,600.7999999999995,58,1,0.5127841974588305
2227,987.1999999999999,46,1,0.5126303621995929
2228,848.5,40,1,0.5124765730909331
2229,1070.8,28,1,0.5123228301190058
2230,1274.9,39,1,0.5121691332699702
2231,931.2,38,1,0.5120154825299892
2232,788.8999999999999,49,1,0.5118618778852302
2233,1265.0,34,1,0.5117083193218647
2234,968.4,44,1,0.5115548068260681
2235,936.8,40,1,0.5114013403840203
2236,1190.2,21,1,0.5112479199819051
2237,1003.1,31,1,0.5110945456059105
2238,875.8,41,1,0.5109412172422287
2239,759.0,42,1,0.5107879348770561
2240,561.9999999999995,54,1,0.510634698496593
2241,1143.8000000000002,38,1,0.5104815080870441
2242,936.4000000000001,45,1,0.510328363634618
2243,892.0,40,1,0.5101752651255276
2244,568.7999999999996,67,1,0.5100222125459899
2245,866.2,50,1,0.5098692058822261
2246,841.4000000000001,47,1,0.5097162451204614
2247,967.6,32,1,0.5095633302469254
2248,1115.2,32,1,0.5094104612478513
2249,1116.6,38,1,0.5092576381094769
2250,828.0,42,1,0.5091048608180441
2251,895.8,41,1,0.5089521293597987
2252,1050.0,48,1,0.5087994437209908
2253,415.59999999999934,71,1,0.5086468038878745
2254,566.8999999999999,71,1,0.5084942098467082
2255,-686.4999999999972,107,1,0.5083416615837543
2256,978.6,42,1,0.5081891590852792
2257,389.59999999999945,61,1,0.5080367023375536
2258,800.7999999999998,43,1,0.5078842913268523
2259,850.2999999999996,65,1,0.5077319260394543
2260,740.1999999999999,51,1,0.5075796064616425
2261,1096.5,37,1,0.507427332579704
2262,827.3000000000001,44,1,0.5072751043799301
2263,86.39999999999975,77,1,0.5071229218486161
2264,287.2999999999994,82,1,0.5069707849720615
2265,1113.2,43,1,0.5068186937365698
2266,1064.8999999999999,32,1,0.5066666481284489
2267,126.79999999999927,90,1,0.5065146481340104
2268,1201.4,30,1,0.5063626937395702
2269,1007.9,44,1,0.5062107849314483
2270,872.7,37,1,0.5060589216959689
2271,1197.3000000000002,37,1,0.5059071040194602
2272,884.8000000000002,48,1,0.5057553318882543
2273,1181.9,29,1,0.5056036052886879
2274,1270.8,24,1,0.5054519242071013
2275,729.1999999999999,42,1,0.5053002886298391
2276,906.0999999999999,53,1,0.5051486985432502
2277,1109.0,35,1,0.5049971539336873
2278,760.1999999999998,49,1,0.5048456547875072
2279,822.3,40,1,0.504694201091071
2280,1151.7,30,1,0.5045427928307437
2281,954.3,30,1,0.5043914299928944
2282,939.0000000000001,36,1,0.5042401125638966
2283,932.0,37,1,0.5040888405301274
2284,984.6,31,1,0.5039376138779683
2285,1169.6,27,1,0.503786432593805
2286,425.39999999999964,62,1,0.5036352966640268
2287,849.9,36,1,0.5034842060750276
2288,1117.8,26,1,0.5033331608132051
2289,852.9000000000001,44,1,0.5031821608649611
2290,1140.2,22,1,0.5030312062167017
2291,877.4000000000001,48,1,0.5028802968548367
2292,1096.6000000000001,28,1,0.5027294327657803
2293,1284.6,25,1,0.5025786139359506
2294,904.4,57,1,0.5024278403517698
2295,1149.9,30,1,0.5022771119996643
2296,1172.0,24,1,0.5021264288660644
2297,996.2,44,1,0.5019757909374046
2298,1136.6000000000001,28,1,0.5018251982001234
2299,743.7,50,1,0.5016746506406634
2300,1170.8,26,1,0.5015241482454712
2301,1186.6000000000001,27,1,0.5013736910009976
2302,912.5,37,1,0.5012232788936973
2303,737.0,52,1,0.5010729119100292
2304,999.1,38,1,0.5009225900364562
2305,731.7,48,1,0.5007723132594453
2306,1259.0,32,1,0.5006220815654675
2307,987.8,29,1,0.5004718949409979
2308,839.9,45,1,0.5003217533725156
2309,1039.8,35,1,0.5001716568465039
2310,967.2,34,1,0.50002160534945
2311,1195.4,28,1,0.49987159886784516
2312,847.0,41,1,0.4997216373881848
2313,847.0000000000001,41,1,0.4995717208969684
2314,684.3999999999995,49,1,0.49942184938069933
2315,829.0000000000001,44,1,0.4992720228258851
2316,1032.0,38,1,0.49912224121903737
2317,905.1,40,1,0.4989725045466717
2318,684.9999999999999,56,1,0.4988228127953077
2319,942.8,46,1,0.49867316595146916
2320,512.2999999999998,57,1,0.49852356400168374
2321,839.5000000000001,39,1,0.49837400693248324
2322,1203.8,26,1,0.49822449473040353
2323,895.8000000000001,48,1,0.49807502738198445
2324,952.8,38,1,0.49792560487376986
2325,923.4,44,1,0.49777622719230774
2326,868.7000000000002,47,1,0.4976268943241501
2327,928.8000000000002,49,1,0.49747760625585286
2328,999.9000000000001,33,1,0.4973283629739761
2329,1048.2,35,1,0.4971791644650839
2330,797.5999999999999,63,1,0.49703001071574443
2331,1194.9,27,1,0.49688090171252974
2332,1116.4,31,1,0.496731837442016
2333,976.3000000000001,38,1,0.4965828178907834
2334,552.5999999999995,48,1,0.49643384304541616
2335,1200.2,32,1,0.49628491289250254
2336,971.9,44,1,0.49613602741863483
2337,888.9000000000001,47,1,0.49598718661040925
2338,877.9000000000001,44,1,0.4958383904544261
2339,1010.3,38,1,0.4956896389372898
2340,1024.6,41,1,0.4955409320456086
2341,1204.3000000000002,25,1,0.49539226976599493
2342,1137.0,24,1,0.49524365208506516
2343,1204.3,25,1,0.49509507898943966
2344,754.3,34,1,0.4949465504657429
2345,1127.2,32,1,0.49479806650060315
2346,1027.5,49,1,0.49464962708065296
2347,1097.8,26,1,0.4945012321925288
2348,1016.4,41,1,0.494352881822871
2349,926.0,38,1,0.4942045759583242
2350,1155.5,24,1,0.49405631458553667
2351,787.5000000000001,40,1,0.493908097691161
2352,1203.1000000000001,27,1,0.4937599252618537
2353,1068.2,43,1,0.4936117972842752
2354,1347.1999999999998,28,1,0.4934637137450899
2355,1054.3,28,1,0.49331567463096637
2356,684.3999999999997,40,1,0.4931676799285771
2357,1189.0,23,1,0.4930197296245985
2358,1204.3,25,1,0.49287182370571114
2359,552.5999999999998,58,1,0.4927239621585994
2360,969.4,34,1,0.4925761449699519
2361,957.8,38,1,0.4924283721264609
2362,669.5999999999999,51,1,0.492280643614823
2363,961.9000000000001,33,1,0.49213295942173857
2364,1239.0,22,1,0.49198531953391206
2365,828.0,42,1,0.4918377239380519
2366,1120.8000000000002,26,1,0.4916901726208705
2367,1106.2,34,1,0.49154266556908427
2368,1166.6000000000001,27,1,0.49139520276941356
2369,1231.4,38,1,0.4912477842085828
2370,1053.4,31,1,0.4911004098733202
2371,1164.6,27,1,0.49095307975035823
2372,1068.4,32,1,0.49080579382643313
2373,1140.2,22,1,0.49065855208828524
2374,1199.9,29,1,0.49051135452265876
2375,1339.0,20,1,0.49036420111630197
2376,853.0,51,1,0.49021709185596707
2377,687.4000000000001,61,1,0.49007002672841027
2378,1013.1999999999999,34,1,0.48992300572039177
2379,890.2,45,1,0.48977602881867566
2380,1237.8,24,1,0.4896290960100301
2381,257.49999999999955,69,1,0.4894822072812271
2382,929.4000000000001,46,1,0.48933536261904276
2383,953.0999999999999,32,1,0.48918856201025707
2384,1063.3999999999999,31,1,0.489041805441654
2385,952.6000000000001,31,1,0.48889509290002153
2386,887.8,31,1,0.48874842437215155
2387,800.9,39,1,0.4886017998448399
2388,1139.0,24,1,0.4884552193048865
2389,589.4999999999999,44,1,0.48830868273909506
2390,1254.3,24,1,0.48816219013427337
2391,963.6,50,1,0.4880157414772331
2392,484.6999999999996,65,1,0.48786933675478994
2393,1068.3999999999999,31,1,0.4877229759537635
2394,893.2,38,1,0.4875766590609774
2395,1254.3,24,1,0.4874303860632591
2396,958.8000000000001,49,1,0.48728415694744015
2397,1104.3,27,1,0.48713797170035594
2398,885.8000000000001,40,1,0.48699183030884585
2399,990.8,40,1,0.48684573275975324
2400,836.7,49,1,0.48669967903992534
2401,1080.8000000000002,39,1,0.4865536691362134
2402,1054.3,28,1,0.48640770303547254
2403,877.8999999999999,45,1,0.4862617807245619
2404,836.2000000000002,49,1,0.48611590219034456
2405,742.0,59,1,0.48597006741968746
2406,793.0999999999999,43,1,0.4858242763994616
2407,1127.8000000000002,36,1,0.48567852911654175
2408,610.9,66,1,0.4855328255578068
2409,924.3,48,1,0.48538716571013946
2410,896.4000000000001,44,1,0.4852415495604264
2411,197.39999999999884,93,1,0.4850959770955583
2412,897.2,35,1,0.48495044830242967
2413,815.9,38,1,0.484804963167939
2414,1236.4,29,1,0.4846595216789886
2415,1178.4,29,1,0.48451412382248493
2416,966.0,34,1,0.4843687695853382
2417,1099.9,31,1,0.4842234589544626
2418,947.1999999999998,35,1,0.4840781919167763
2419,878.1,43,1,0.4839329684592013
2420,635.2999999999995,57,1,0.48378778856866356
2421,1068.8,28,1,0.48364265223209296
2422,876.9000000000001,41,1,0.48349755943642336
2423,937.9000000000001,33,1,0.48335251016859243
2424,1155.5,24,1,0.4832075044155419
2425,1125.4,43,1,0.48306254216421723
2426,1110.8000000000002,37,1,0.48291762340156796
2427,1089.0,25,1,0.4827727481145475
2428,917.1000000000001,43,1,0.48262791629011315
2429,857.9000000000001,48,1,0.48248312791522613
2430,852.2,46,1,0.48233838297685155
2431,790.0,52,1,0.4821936814619585
2432,1140.2,22,1,0.4820490233575199
2433,1063.7,33,1,0.4819044086505127
2434,1182.0,34,1,0.48175983732791755
2435,768.4999999999998,43,1,0.4816153093767192
2436,949.0,37,1,0.4814708247839062
2437,669.0999999999998,38,1,0.481326383536471
2438,1205.5,23,1,0.48118198562141007
2439,966.7,35,1,0.48103763102572367
2440,1218.8,25,1,0.48089331973641597
2441,1257.5,31,1,0.48074905174049504
2442,1146.7,32,1,0.4806048270249729
2443,638.1999999999996,40,1,0.48046064557686546
2444,898.0,42,1,0.4803165073831924
2445,1189.0,23,1,0.48017241243097747
2446,937.8000000000001,30,1,0.4800283607072482
2447,987.0,27,1,0.479884352199036
2448,-339.1999999999972,88,1,0.47974038689337634
2449,999.0999999999999,41,1,0.47959646477730833
2450,1140.2,22,1,0.47945258583787514
2451,1116.7,33,1,0.4793087500621238
2452,1182.5,32,1,0.4791649574371052
2453,727.4,55,1,0.4790212079498741
2454,1034.2,32,1,0.47887750158748915
2455,1277.3000000000002,35,1,0.47873383833701294
2456,1105.5,25,1,0.47859021818551184
2457,498.49999999999955,64,1,0.4784466411200562
2458,799.9000000000001,37,1,0.4783031071277202
2459,1042.8000000000002,37,1,0.4781596161955819
2460,869.5999999999999,33,1,0.47801616831072324
2461,1117.2,31,1,0.47787276346023005
2462,845.1000000000001,57,1,0.477729401631192
2463,1089.1,62,1,0.47758608281070264
2464,894.0,39,1,0.47744280698585945
2465,845.5000000000001,39,1,0.4772995741437637
2466,1120.8,27,1,0.47715638427152063
2467,1118.4,31,1,0.4770132373562392
2468,829.5,39,1,0.4768701333850323
2469,1116.4,31,1,0.4767270723450168
2470,1077.4,44,1,0.47658405422331335
2471,774.0999999999999,67,1,0.47644107900704635
2472,802.9,37,1,0.47629814668334425
2473,1339.0,20,1,0.47615525723933927
2474,1279.1,38,1,0.4760124106621675
2475,629.6999999999997,61,1,0.47586960693896885
2476,1155.5,24,1,0.4757268460568872
2477,1115.0,37,1,0.47558412800307015
2478,1036.1,31,1,0.47544145276466926
2479,966.6,31,1,0.47529882032883985
2480,886.5000000000001,39,1,0.4751562306827412
2481,934.6,32,1,0.4750136838135364
2482,1031.9,32,1,0.4748711797083924
2483,718.3999999999999,37,1,0.4747287183544799
2484,1164.0,34,1,0.47458629973897354
2485,1114.6,28,1,0.4744439238490519
2486,963.2,44,1,0.4743015906718972
2487,665.3999999999999,70,1,0.47415930019469565
2488,614.2999999999998,44,1,0.47401705240463726
2489,1026.1,39,1,0.4738748472889159
2490,158.89999999999907,92,1,0.47373268483472925
2491,860.3000000000001,41,1,0.4735905650292788
2492,1016.4,33,1,0.47344848785977006
2493,1038.6000000000001,54,1,0.47330645331341215
2494,1097.6,29,1,0.47316446137741813
2495,954.8,39,1,0.4730225120390049
2496,735.4000000000001,45,1,0.4728806052853932
2497,1067.9,42,1,0.4727387411038076
2498,1013.6999999999999,34,1,0.4725969194814765
2499,1143.1,37,1,0.472455140405632
2500,1037.9,33,1,0.47231340386351034
2501,1050.2,34,1,0.4721717098423513
2502,1196.0,33,1,0.4720300583293986
2503,1130.8,38,1,0.47188844931189977
2504,987.7000000000002,47,1,0.4717468827771062
2505,1034.8999999999999,39,1,0.47160535871227305
2506,1051.1,30,1,0.47146387710465937
2507,968.8000000000001,30,1,0.471322437941528
2508,962.9,44,1,0.47118104121014553
2509,1214.9,29,1,0.47103968689778253
2510,1157.3,35,1,0.4708983749917132
2511,1031.4,32,1,0.47075710547921573
2512,1223.8,25,1,0.47061587834757196
2513,714.5999999999999,43,1,0.4704746935840677
2514,1044.6,39,1,0.47033355117599246
2515,1074.6,38,1,0.4701924511106397
2516,1067.6,30,1,0.4700513933753065
2517,1053.8,29,1,0.4699103779572939
2518,886.6,33,1,0.4697694048439067
2519,582.0999999999997,64,1,0.46962847402245356
2520,1132.6000000000001,49,1,0.4694875854802468
2521,657.3,52,1,0.4693467392046028
2522,764.4999999999994,53,1,0.4692059351828414
2523,861.4000000000001,36,1,0.4690651734022866
2524,1101.3999999999999,32,1,0.46892445385026593
2525,1259.1000000000001,37,1,0.46878377651411085
2526,1209.5000000000002,55,1,0.46864314138115665
2527,1024.7,45,1,0.46850254843874234
2528,1020.8000000000001,36,1,0.4683619976742107
2529,1082.4,33,1,0.46822148907490846
2530,1133.1,28,1,0.468081022628186
2531,1080.8,38,1,0.46794059832139756
2532,858.2000000000003,59,1,0.46780021614190115
2533,1084.8000000000002,36,1,0.4676598760770586
2534,1333.2,30,1,0.4675195781142355
2535,864.3000000000002,51,1,0.46737932224080125
2536,1222.0,23,1,0.467239108444129
2537,944.3,41,1,0.4670989367115958
2538,946.0000000000001,36,1,0.46695880703058235
2539,807.9000000000001,44,1,0.4668187193884732
2540,1181.3,35,1,0.46667867377265665
2541,1171.8000000000002,48,1,0.46653867017052486
2542,1079.3,36,1,0.46639870856947374
2543,854.1,41,1,0.4662587889569029
2544,579.1999999999997,57,1,0.4661189113202159
2545,966.8,41,1,0.46597907564681984
2546,1263.3,37,1,0.4658392819241258
2547,966.5999999999999,44,1,0.4656995301395486
2548,-526.1999999999988,108,1,0.4655598202805068
2549,1189.0,23,1,0.4654201523344227
2550,1069.1000000000001,30,1,0.46528052628872235
2551,1134.4,32,1,0.46514094213083573
2552,509.1999999999996,82,1,0.4650013998481965
2553,1037.8,28,1,0.4648618994282421
2554,1100.4,42,1,0.46472244085841363
2555,1012.7,46,1,0.4645830241261561
2556,889.8,52,1,0.4644436492189183
2557,1159.0,33,1,0.4643043161241526
2558,846.2,50,1,0.4641650248293154
2559,1204.3,25,1,0.4640257753218666
2560,1057.2,55,1,0.46388656758927005
2561,1278.6,37,1,0.4637474016189933
2562,1028.2,53,1,0.46360827739850763
2563,454.2999999999995,68,1,0.4634691949152881
2564,788.8,54,1,0.4633301541568135
2565,799.0,42,1,0.46319115511056647
2566,803.7000000000002,58,1,0.46305219776403334
2567,1155.4,52,1,0.4629132821047041
2568,1084.9,30,1,0.4627744081200727
2569,825.4000000000001,43,1,0.4626355757976367
2570,950.6,52,1,0.46249678512489745
2571,1137.5,48,1,0.46235803608936
2572,257.3999999999992,83,1,0.4622193286785332
2573,1139.0,24,1,0.46208066287992966
2574,891.2,49,1,0.4619420386810657
2575,1005.3,38,1,0.4618034560694614
2576,1059.3999999999999,44,1,0.46166491503264057
2577,1077.2,33,1,0.4615264155581308
2578,1024.9,53,1,0.46138795763346335
2579,1284.6,25,1,0.46124954124617334
2580,1087.8,27,1,0.4611111663837995
2581,1010.4,45,1,0.46097283303388437
2582,1244.3000000000002,35,1,0.4608345411839742
2583,1087.9,40,1,0.46069629082161906
2584,969.6,39,1,0.4605580819343726
2585,1128.2,33,1,0.4604199145097923
2586,1116.6,28,1,0.4602817885354394
2587,1103.1,29,1,0.4601437039988788
2588,776.0000000000001,40,1,0.46000566088767914
2589,620.2999999999997,65,1,0.45986765918941286
2590,1090.8,38,1,0.45972969889165605
2591,1139.0,24,1,0.4595917799819886
2592,1113.8,38,1,0.459453902447994
2593,1083.3999999999999,31,1,0.4593160662772596
2594,1001.4000000000001,34,1,0.45917827145737644
2595,854.0000000000001,50,1,0.45904051797593926
2596,1205.5,23,1,0.4589028058205465
2597,1339.0,20,1,0.45876513497880034
2598,980.3,39,1,0.4586275054383067
2599,1135.7,41,1,0.45848991718667526
2600,1002.2,34,1,0.45835237021151926
2601,905.4,46,1,0.4582148645004558
2602,936.6000000000001,37,1,0.45807740004110564
2603,885.5000000000001,51,1,0.45793997682109333
2604,1004.8,37,1,0.457802594828047
2605,1149.1,28,1,0.4576652540495986
2606,1269.0,52,1,0.45752795447338374
2607,1237.8,24,1,0.45739069608704175
2608,1283.1999999999998,31,1,0.45725347887821566
2609,981.3,36,1,0.45711630283455224
2610,750.0999999999997,43,1,0.45697916794370186
2611,951.5,49,1,0.45684207419331874
2612,788.8999999999996,53,1,0.45670502157106074
2613,969.6,31,1,0.4565680100645894
2614,1028.3999999999999,32,1,0.45643103966157006
2615,549.9999999999999,67,1,0.4562941103496716
2616,854.9,35,1,0.45615722211656673
2617,947.1,50,1,0.45602037494993175
2618,1080.2,34,1,0.4558835688374468
2619,1255.5,22,1,0.45574680376679555
2620,1084.4,33,1,0.45561007972566553
2621,948.6999999999999,36,1,0.45547339670174786
2622,1270.8,24,1,0.4553367546827373
2623,276.79999999999916,58,1,0.45520015365633254
2624,1236.1000000000001,27,1,0.45506359361023563
2625,796.0,39,1,0.4549270745321526
2626,932.0,40,1,0.45479059640979297
2627,982.0,39,1,0.45465415923087005
2628,889.6000000000001,43,1,0.4545177629831008
2629,999.6,31,1,0.4543814076542059
2630,1255.5,44,1,0.4542450932319097
2631,651.6999999999998,58,1,0.4541088197039401
2632,987.9,43,1,0.45397258705802895
2633,1184.4,31,1,0.45383639528191155
2634,875.3,43,1,0.453700244363327
2635,1116.4,31,1,0.453564134290018
2636,846.3999999999999,33,1,0.45342806504973104
2637,1154.3,26,1,0.45329203663021617
2638,983.6000000000001,38,1,0.4531560490192271
2639,1144.8,34,1,0.4530201022045214
2640,951.1,32,1,0.45288419617386005
2641,897.0,40,1,0.45274833091500793
2642,1108.4,40,1,0.4526125064157335
2643,927.2,38,1,0.4524767226638088
2644,769.7,50,1,0.45234097964700964
2645,1110.2,32,1,0.45220527735311555
2646,1044.4,40,1,0.4520696157699096
2647,1154.2,30,1,0.45193399488517866
2648,989.0,27,1,0.4517984146867131
2649,1089.6,28,1,0.45166287516230713
2650,1201.4,30,1,0.4515273762997585
2651,1240.2,20,1,0.45139191808686857
2652,1031.8999999999999,31,1,0.4512565005114425
2653,1015.4,32,1,0.4511211235612891
2654,1112.3,36,1,0.4509857872242207
2655,1139.0,24,1,0.45085049148805345
2656,1268.7,30,1,0.45071523634060706
2657,1005.5,27,1,0.4505800217697049
2658,983.1,31,1,0.450444847763174
2659,984.9,33,1,0.4503097143088451
2660,1183.2,33,1,0.45017462139455244
2661,709.5999999999998,48,1,0.4500395690081341
2662,1184.4,31,1,0.44990455713743166
2663,788.0000000000001,52,1,0.44976958577029047
2664,833.2,40,1,0.4496346548945594
2665,995.6,44,1,0.44949976449809104
2666,894.4000000000001,47,1,0.4493649145687416
2667,630.8,48,1,0.449230105094371
2668,874.3,31,1,0.4490953360628427
2669,1280.8,35,1,0.4489606074620239
2670,1134.4,32,1,0.44882591927978527
2671,1319.6,25,1,0.44869127150400134
2672,1289.0,21,1,0.44855666412255013
2673,840.9000000000001,49,1,0.4484220971233134
2674,778.4000000000001,47,1,0.4482875704941764
2675,1201.4,30,1,0.44815308422302813
2676,744.8999999999999,48,1,0.44801863829776123
2677,1048.1999999999998,53,1,0.4478842327062719
2678,1153.1,28,1,0.44774986743646006
2679,1061.3999999999999,32,1,0.44761554247622914
2680,1276.7999999999997,36,1,0.4474812578134863
2681,1131.4,31,1,0.44734701343614225
2682,1081.9,31,1,0.44721280933211144
2683,912.6,41,1,0.4470786454893118
2684,898.4000000000001,45,1,0.446944521895665
2685,1136.1,39,1,0.44681043853909636
2686,869.5000000000001,60,1,0.4466763954075346
2687,857.2,55,1,0.44654239248891237
2688,810.0,60,1,0.4464084297711657
2689,1358.0,43,1,0.44627450724223433
2690,1289.0,21,1,0.4461406248900617
2691,1205.5,23,1,0.4460067827025947
2692,931.9000000000001,34,1,0.4458729806677839
2693,658.9999999999999,42,1,0.4457392187735836
2694,893.4000000000001,55,1,0.44560549700795155
2695,1194.8000000000002,35,1,0.44547181535884917
2696,456.7999999999993,61,1,0.4453381738142415
2697,1156.4,30,1,0.44520457236209726
2698,1147.2,31,1,0.44507101099038865
2699,894.7,38,1,0.44493748968709157
2700,1039.0,26,1,0.44480400844018547
2701,1089.0,25,1,0.4446705672376534
2702,981.9,33,1,0.4445371660674821
2703,782.0,43,1,0.4444038049176619
2704,1199.6000000000001,37,1,0.4442704837761866
2705,1165.4,32,1,0.4441372026310538
2706,989.0,27,1,0.4440039614702645
2707,1063.5,37,1,0.44387076028182343
2708,1253.7,29,1,0.4437375990537389
2709,1228.4,28,1,0.4436044777740228
2710,736.8,55,1,0.4434713964306906
2711,667.8000000000001,55,1,0.44333835501176144
2712,778.7,39,1,0.4432053535052579
2713,621.6999999999997,60,1,0.44307239189920633
2714,1040.2,24,1,0.4429394701816366
2715,916.2,39,1,0.4428065883405821
2716,1239.1000000000001,26,1,0.44267374636407997
2717,1084.3999999999999,33,1,0.44254094424017076
2718,1027.1,43,1,0.44240818195689874
2719,1193.5,45,1,0.4422754595023117
2720,961.4,34,1,0.442142776864461
2721,1022.3999999999997,45,1,0.4420101340314017
2722,957.1999999999999,42,1,0.4418775309911923
2723,1099.0,34,1,0.441744967731895
2724,1086.6,29,1,0.4416124442415754
2725,881.4000000000001,44,1,0.44147996050830296
2726,1037.3000000000002,38,1,0.4413475165201505
2727,1190.6000000000001,39,1,0.44121511226519444
2728,996.1,43,1,0.4410827477315149
2729,1240.2,20,1,0.44095042290719544
2730,663.2,50,1,0.4408181377803233
2731,1062.0,37,1,0.44068589233898925
2732,1092.0,36,1,0.4405536865712876
2733,909.5,38,1,0.4404215204653162
2734,1074.1,40,1,0.4402893940091766
2735,1319.6,24,1,0.44015730719097385
2736,1095.4,30,1,0.4400252599988166
2737,210.6999999999996,79,1,0.43989325242081695
2738,945.4,33,1,0.4397612844450907
2739,1167.6,28,1,0.4396293560597572
2740,1189.0,23,1,0.4394974672529393
2741,1183.2,33,1,0.43936561801276347
2742,1209.7,43,1,0.43923380832735964
2743,1127.9,42,1,0.43910203818486143
2744,557.7999999999997,46,1,0.438970307573406
2745,662.7999999999996,62,1,0.438838616481134
2746,972.3,30,1,0.43870696489618966
2747,1013.8000000000001,39,1,0.43857535280672083
2748,1297.3,35,1,0.4384437802008788
2749,1283.5,32,1,0.4383122470668186
2750,1104.3000000000002,27,1,0.4381807533926986
2751,745.6,48,1,0.4380492991666808
2752,1060.8999999999999,43,1,0.4379178843769308
2753,886.9,43,1,0.43778650901161775
2754,1047.8,48,1,0.43765517305891427
2755,860.8,39,1,0.4375238765069966
2756,875.5,38,1,0.4373926193440445
2757,719.3,49,1,0.4372614015582413
2758,1134.4,32,1,0.43713022313777383
2759,840.8,43,1,0.4369990840708325
2760,1032.9,43,1,0.43686798434561125
2761,1041.3999999999999,42,1,0.43673692395030755
2762,1283.2,30,1,0.43660590287312245
2763,957.6,41,1,0.43647492110226055
2764,930.2,37,1,0.4363439786259299
2765,842.6000000000001,33,1,0.4362130754323421
2766,1099.7,35,1,0.43608221150971244
2767,839.1,53,1,0.43595138684625956
2768,1177.3000000000002,37,1,0.4358206014302057
2769,910.2,47,1,0.43568985524977666
2770,1061.2,47,1,0.43555914829320175
2771,965.3,40,1,0.4354284805487138
2772,999.6999999999999,37,1,0.4352978520045492
2773,998.5,39,1,0.43516726264894784
2774,1181.3,33,1,0.4350367124701532
2775,1000.2,46,1,0.4349062014564122
2776,1337.8,22,1,0.43477572959597527
2777,1429.3999999999996,37,1,0.43464529687709647
2778,1067.0,37,1,0.4345149032880333
2779,1199.9,29,1,0.4343845488170469
2780,1159.6000000000001,39,1,0.4342542334524018
2781,1011.9999999999999,38,1,0.4341239571823661
2782,1173.7,43,1,0.4339937199952114
2783,1148.5,36,1,0.43386352187921284
2784,1040.8,39,1,0.43373336282264907
2785,1045.6000000000001,41,1,0.4336032428138023
2786,1184.4,31,1,0.4334731618409582
2787,1096.7,32,1,0.4333431198924059
2788,1133.8,46,1,0.4332131169564382
2789,1102.3,27,1,0.4330831530213513
2790,1111.9,30,1,0.4329532280754449
2791,1348.4999999999998,32,1,0.4328233421070223
2792,1090.2,44,1,0.4326934951043902
2793,926.7,44,1,0.4325636870558589
2794,808.3000000000001,42,1,0.4324339179497422
2795,1234.8999999999999,29,1,0.43230418777435725
2796,177.2999999999994,57,1,0.432174496518025
2797,1129.2,34,1,0.4320448441690696
2798,1319.6999999999998,40,1,0.4319152307158189
2799,1110.8999999999999,42,1,0.43178565614660414
2800,1074.7,45,1,0.43165612044976015
2801,1021.4,44,1,0.43152662361362526
2802,1000.2,45,1,0.4313971656265412
2803,1074.8999999999999,41,1,0.43126774647685323
2804,1077.1000000000001,40,1,0.4311383661529102
2805,1084.6000000000001,29,1,0.43100902464306434
2806,1119.6,29,1,0.4308797219356714
2807,960.9,44,1,0.43075045801909073
2808,1125.6,40,1,0.430621232881685
2809,1045.4,31,1,0.43049204651182055
2810,1069.1,52,1,0.430362898897867
2811,1087.8,27,1,0.43023379002819767
2812,1037.0000000000002,48,1,0.4301047198911892
2813,1133.1,28,1,0.4299756884752219
2814,1235.8,24,1,0.42984669576867934
2815,830.8000000000001,44,1,0.42971774175994876
2816,813.8000000000001,45,1,0.4295888264374208
2817,1081.2,35,1,0.4294599497894896
2818,917.3000000000002,50,1,0.42933111180455275
2819,1045.3000000000002,40,1,0.42920231247101137
2820,814.3,42,1,0.4290735517772701
2821,782.0,43,1,0.4289448297117369
2822,1329.7,30,1,0.42881614626282344
2823,885.5,50,1,0.4286875014189446
2824,1051.8999999999999,32,1,0.42855889516851897
2825,1164.1000000000001,40,1,0.42843032749996846
2826,1296.7,29,1,0.4283017984017185
2827,1083.2,35,1,0.428173307862198
2828,1293.7,29,1,0.4280448558698393
2829,950.0,47,1,0.42791644241307836
2830,1240.2,20,1,0.4277880674803545
2831,1137.0,46,1,0.4276597310601104
2832,865.1,46,1,0.4275314331407924
2833,996.3,46,1,0.4274031737108502
2834,1266.2,31,1,0.42727495275873695
2835,1184.4,31,1,0.4271467702729093
2836,829.5999999999998,46,1,0.42701862624182746
2837,1193.2,32,1,0.42689052065395494
2838,932.0,40,1,0.42676245349775876
2839,989.5999999999999,42,1,0.42663442476170943
2840,1061.4,42,1,0.42650643443428093
2841,976.1,51,1,0.42637848250395066
2842,1109.6,40,1,0.4262505689591995
2843,864.6,34,1,0.42612269378851175
2844,1281.8,36,1,0.4259948569803752
2845,1128.5,36,1,0.4258670585232811
2846,1135.4,30,1,0.4257392984057241
2847,888.3000000000001,39,1,0.4256115766162024
2848,1171.8,34,1,0.42548389314321755
2849,1154.9,29,1,0.4253562479752746
2850,873.1,41,1,0.42522864110088204
2851,942.4000000000001,46,1,0.4251010725085518
2852,992.5,35,1,0.4249735421867992
2853,1137.8,26,1,0.4248460501241432
2854,1231.7,30,1,0.424718596309106
2855,1097.3,38,1,0.4245911807302133
2856,1190.2,21,1,0.42446380337599426
2857,972.3,30,1,0.4243364642349815
2858,951.4,35,1,0.424209163295711
2859,1219.6,37,1,0.4240819005467223
2860,669.0999999999997,67,1,0.4239546759765583
2861,1180.8,35,1,0.4238274895737653
2862,1013.6999999999999,35,1,0.4237003413268932
2863,1056.5,45,1,0.42357323122449514
2864,961.7,44,1,0.4234461592551278
2865,1148.4,28,1,0.4233191254073513
2866,882.1999999999999,36,1,0.4231921296697291
2867,1053.7,33,1,0.42306517203082816
2868,1254.3,24,1,0.4229382524792189
2869,1249.9,27,1,0.42281137100347516
2870,1215.4,28,1,0.4226845275921741
2871,989.0,27,1,0.4225577222338965
2872,984.6,31,1,0.4224309549172263
2873,1132.0,36,1,0.42230422563075115
2874,843.5000000000001,45,1,0.42217753436306193
2875,1129.5,32,1,0.422050881102753
2876,1230.5,32,1,0.4219242658384222
2877,1237.0,22,1,0.42179768855867067
2878,1201.1000000000001,27,1,0.4216711492521031
2879,997.2,35,1,0.4215446479073275
2880,977.2,43,1,0.4214181845129553
2881,1027.9,43,1,0.42129175905760147
2882,1034.1000000000001,39,1,0.4211653715298842
2883,1215.0,34,1,0.42103902191842524
2884,799.6000000000001,43,1,0.4209127102118497
2885,1169.6,28,1,0.4207864363987862
2886,1350.1999999999998,29,1,0.42066020046786656
2887,1169.9,30,1,0.4205340024077262
2888,1237.8,24,1,0.4204078422070039
2889,1289.0,21,1,0.4202817198543418
2890,1159.6,46,1,0.4201556353383855
2891,778.7999999999998,40,1,0.420029588647784
2892,844.5000000000001,41,1,0.4199035797711897
2893,1198.4,29,1,0.41977760869725833
2894,936.5999999999999,30,1,0.41965167541464915
2895,824.5999999999999,41,1,0.4195257799120248
2896,1021.0999999999999,31,1,0.41939992217805117
2897,1255.5,22,1,0.41927410220139777
2898,937.0,28,1,0.41914831997073737
2899,1204.3,25,1,0.41902257547474614
2900,1098.5,37,1,0.41889686870210374
2901,975.5,38,1,0.4187711996414931
2902,1078.8999999999999,43,1,0.4186455682816007
2903,1253.1,26,1,0.41851997461111623
2904,1283.1999999999998,31,1,0.4183944186187329
2905,940.2,46,1,0.4182689002931473
2906,902.7,47,1,0.41814341962305934
2907,1203.1000000000001,27,1,0.41801797659717244
2908,889.0,45,1,0.4178925712041933
2909,1063.8,37,1,0.4177672034328321
2910,1117.9,31,1,0.41764187327180224
2911,865.4000000000001,35,1,0.41751658070982073
2912,1101.4,32,1,0.4173913257356078
2913,811.9,36,1,0.41726610833788713
2914,917.8,30,1,0.41714092850538576
2915,1104.7,32,1,0.41701578622683416
2916,1190.2,21,1,0.41689068149096614
2917,1169.6000000000001,28,1,0.41676561428651887
2918,1237.8000000000002,24,1,0.4166405846022329
2919,1198.3000000000002,38,1,0.41651559242685227
2920,1366.6999999999998,29,1,0.4163906377491242
2921,810.2999999999998,51,1,0.4162657205577995
2922,1227.5,32,1,0.41614084084163216
2923,1135.5,33,1,0.4160159985893797
2924,1266.6,25,1,0.4158911937898029
2925,1008.8,40,1,0.41576642643166595
2926,1187.8,25,1,0.41564169650373645
2927,823.0000000000001,42,1,0.41551700399478536
2928,1065.3,40,1,0.41539234889358695
2929,1043.2,35,1,0.4152677311889189
2930,763.1000000000001,55,1,0.41514315086956227
2931,1372.6,35,1,0.4150186079243014
2932,1234.3,24,1,0.41489410234192414
2933,1137.8,26,1,0.4147696341112216
2934,1234.3999999999999,30,1,0.41464520322098825
2935,1104.3,27,1,0.41452080966002197
2936,1103.5,25,1,0.414396453417124
2937,1270.8,24,1,0.4142721344810989
2938,1304.3,23,1,0.41414785284075456
2939,992.0999999999999,50,1,0.41402360848490233
2940,685.3999999999997,39,1,0.41389940140235687
2941,1031.9,32,1,0.4137752315819362
2942,1212.1,38,1,0.4136510990124616
2943,1187.8,25,1,0.4135270036827579
2944,1289.0,21,1,0.4134029455816531
2945,1100.2,32,1,0.4132789246979786
2946,1234.9,29,1,0.4131549410205692
2947,924.8,37,1,0.41303099453826303
2948,1168.2,32,1,0.41290708523990155
2949,834.9,45,1,0.4127832131143296
2950,869.4000000000001,44,1,0.4126593781503953
2951,1054.3,28,1,0.41253558033695015
2952,986.2,46,1,0.41241181966284907
2953,976.0000000000001,39,1,0.4122880961169502
2954,1091.1,39,1,0.41216440968811513
2955,1180.7,31,1,0.4120407603652087
2956,1175.6000000000001,40,1,0.4119171481370992
2957,1196.2,53,1,0.41179357299265806
2958,1112.6000000000001,40,1,0.41167003492076026
2959,816.4,47,1,0.41154653391028406
2960,1139.0,24,1,0.41142306995011096
2961,1162.6000000000001,39,1,0.41129964302912597
2962,974.7000000000002,46,1,0.41117625313621725
2963,1284.4,29,1,0.4110529002602764
2964,1002.5999999999999,32,1,0.41092958439019833
2965,1137.0,24,1,0.4108063055148813
2966,1282.9,28,1,0.4106830636232268
2967,1190.8999999999999,41,1,0.41055985870413986
2968,1285.6000000000001,27,1,0.4104366907465286
2969,1205.5,23,1,0.41031355973930467
2970,827.3,44,1,0.4101904656713829
2971,847.3000000000001,44,1,0.4100674085316815
2972,1187.8,25,1,0.409944388309122
2973,1060.8,39,1,0.40982140499262926
2974,948.7,36,1,0.40969845857113146
2975,934.6000000000001,32,1,0.40957554903356014
2976,1064.1,42,1,0.4094526763688501
2977,1040.4,45,1,0.40932984056593946
2978,1012.0,38,1,0.4092070416137697
2979,1030.0,38,1,0.40908427950128556
2980,990.8000000000001,40,1,0.4089615542174352
2981,1140.0,35,1,0.40883886575116996
2982,1235.6,28,1,0.4087162140914446
2983,1176.5,35,1,0.40859359922721716
2984,1130.0,36,1,0.408471021147449
2985,1178.7,31,1,0.4083484798411048
2986,1216.6000000000001,26,1,0.4082259752971525
2987,969.6,30,1,0.40810350750456337
2988,1111.3999999999999,50,1,0.407981076452312
2989,874.9000000000001,43,1,0.4078586821293763
2990,975.6,43,1,0.4077363245247375
2991,1110.6000000000001,40,1,0.4076140036273801
2992,998.5,39,1,0.4074917194262919
2993,882.4000000000002,56,1,0.407369471910464
2994,1184.4,31,1,0.4072472610688909
2995,942.0,39,1,0.40712508689057025
2996,1143.8,37,1,0.4070029493645031
2997,1232.0,34,1,0.40688084847969375
2998,979.1,43,1,0.4067587842251498
2999,1138.4,40,1,0.4066367565898823
3000,1272.6000000000001,37,1,0.40651476556290533
3001,963.8,41,1,0.4063928111332365
3002,1177.4,42,1,0.4062708932898965
3003,1050.0,37,1,0.40614901202190956
3004,976.2,46,1,0.406027167318303
3005,1259.6000000000001,36,1,0.40590535916810755
3006,1287.8,23,1,0.40578358756035715
3007,1416.1999999999998,29,1,0.40566185248408904
3008,1219.6,27,1,0.4055401539283438
3009,1215.0,34,1,0.40541849188216533
3010,1183.2,33,1,0.4052968663346007
3011,1184.4,31,1,0.4051752772747004
3012,1166.2,34,1,0.40505372469151796
3013,1212.6,39,1,0.4049322085741105
3014,1209.2,45,1,0.4048107289115383
3015,899.1000000000001,41,1,0.40468928569286483
3016,1313.8,34,1,0.404567878907157
3017,1159.4,42,1,0.40444650854348485
3018,1118.5,35,1,0.4043251745909218
3019,1384.3999999999999,27,1,0.40420387703854455
3020,940.6,44,1,0.404082615875433
3021,997.3,41,1,0.40396139109067036
3022,1126.4,30,1,0.4038402026733432
3023,824.4,45,1,0.4037190506125412
3024,1042.6,41,1,0.40359793489735746
3025,910.5,38,1,0.4034768555168883
3026,1201.9,29,1,0.4033558124602332
3027,1146.7,43,1,0.40323480571649517
3028,1031.7,34,1,0.40311383527478023
3029,1067.9,31,1,0.40299290112419783
3030,1067.8,27,1,0.4028720032538606
3031,864.2,48,1,0.40275114165288445
3032,1085.4,31,1,0.4026303163103886
3033,718.1999999999999,41,1,0.4025095272154955
3034,1178.2,32,1,0.40238877435733084
3035,872.0,50,1,0.40226805772502366
3036,1162.6,40,1,0.40214737730770617
3037,1060.3,40,1,0.40202673309451387
3038,1086.5,46,1,0.4019061250745855
3039,1002.0000000000001,49,1,0.40178555323706316
3040,979.0999999999999,44,1,0.4016650175710921
3041,844.1,54,1,0.40154451806582075
3042,1117.8,26,1,0.40142405471040105
3043,987.2,45,1,0.40130362749398796
3044,1115.0,37,1,0.4011832364057398
3045,1234.4,30,1,0.40106288143481805
3046,1097.3000000000002,39,1,0.40094256257038763
3047,1176.1000000000001,39,1,0.4008222798016165
3048,1282.4,29,1,0.40070203311767605
3049,981.2,56,1,0.40058182250774077
3050,1080.5,36,1,0.4004616479609885
3051,1183.2,33,1,0.4003415094666002
3052,979.1,42,1,0.40022140701376024
3053,1140.2,22,1,0.40010134059165614
3054,1090.8,38,1,0.39998131018947863
3055,450.7999999999994,59,1,0.3998613157964218
3056,1136.6000000000001,28,1,0.3997413574016829
3057,1165.0,35,1,0.3996214349944624
3058,1104.3,27,1,0.3995015485639641
3059,963.8,40,1,0.3993816980993949
3060,1216.4,29,1,0.39926188358996506
3061,987.3000000000001,40,1,0.39914210502488806
3062,1220.6000000000001,38,1,0.3990223623933806
3063,1197.4,30,1,0.3989026556846626
3064,1243.8,35,1,0.3987829848879572
3065,1255.5,22,1,0.39866334999249087
3066,1193.8000000000002,37,1,0.3985437509874931
3067,1095.0,37,1,0.3984241878621969
3068,1226.6999999999998,42,1,0.39830466060583825
3069,1082.0,37,1,0.3981851692076565
3070,1264.2,32,1,0.39806571365689425
3071,552.4999999999994,57,1,0.3979462939427972
3072,877.6000000000001,54,1,0.39782691005461435
3073,1079.6,41,1,0.39770756198159796
3074,1234.4,30,1,0.3975882497130035
3075,871.3999999999997,46,1,0.3974689732380896
3076,1050.0,38,1,0.3973497325461182
3077,1207.3000000000002,36,1,0.3972305276263544
3078,1131.1000000000001,28,1,0.3971113584680665
3079,1262.5,30,1,0.3969922250605261
3080,1190.2,21,1,0.39687312739300795
3081,1073.1,38,1,0.3967540654547901
3082,1119.9,31,1,0.39663503923515364
3083,1220.8,24,1,0.3965160487233831
3084,902.5,37,1,0.3963970939087661
3085,976.6999999999999,35,1,0.39627817478059346
3086,1282.4,29,1,0.3961592913281593
3087,1305.5,21,1,0.39604044354076084
3088,1186.6,27,1,0.39592163140769865
3089,1081.5,38,1,0.3958028549182763
3090,1216.6,26,1,0.3956841140618009
3091,1131.8,26,1,0.39556540882758234
3092,1013.4,32,1,0.39544673920493406
3093,1322.0,21,1,0.3953281051831726
3094,1119.6,29,1,0.39520950675161765
3095,1239.0,22,1,0.39509094389959215
3096,1004.3,29,1,0.3949724166164223
3097,988.2,33,1,0.3948539248914374
3098,1259.0,32,1,0.39473546871397
3099,1284.3999999999999,29,1,0.3946170480733558
3100,987.8000000000001,29,1,0.3944986629589338
3101,1146.6,27,1,0.39438031336004614
3102,1041.4,30,1,0.39426199926603817
3103,1236.7,30,1,0.39414372066625836
3104,989.0,27,1,0.3940254775500585
3105,1039.0,26,1,0.39390726990679353
3106,1230.3000000000002,37,1,0.3937890977258215
3107,1289.0,21,1,0.3936709609965038
3108,1249.9,28,1,0.39355285970820486
3109,1151.1000000000001,28,1,0.3934347938502924
3110,1067.2,33,1,0.39331676341213734
3111,1237.8000000000002,24,1,0.3931987683831137
3112,1112.5,34,1,0.39308080875259876
3113,1045.2,33,1,0.392962884509973
3114,1098.5,37,1,0.39284499564462005
3115,1102.3,27,1,0.3927271421459267
3116,1063.0,45,1,0.3926093240032829
3117,834.8,39,1,0.39249154120608193
3118,880.7,37,1,0.3923737937437201
3119,1339.1,24,1,0.392256081605597
3120,1140.6,29,1,0.39213840478111534
3121,866.4000000000001,35,1,0.392020763259681
3122,1089.0,25,1,0.3919031570307031
3123,1104.3,27,1,0.39178558608359393
3124,1237.8000000000002,24,1,0.39166805040776886
3125,934.6,32,1,0.39155054999264655
3126,993.6999999999999,45,1,0.39143308482764877
3127,1143.8,37,1,0.3913156549022005
3128,1378.3,34,1,0.39119826020572984
3129,1031.3999999999999,33,1,0.39108090072766816
3130,1184.1,27,1,0.3909635764574499
3131,946.4,34,1,0.39084628738451266
3132,1139.0,24,1,0.3907290334982973
3133,955.5,28,1,0.3906118147882478
3134,1253.1,26,1,0.39049463124381134
3135,1289.0,21,1,0.3903774828544382
3136,1344.4,39,1,0.3902603696095819
3137,1016.6999999999999,36,1,0.39014329149869903
3138,1264.5,35,1,0.39002624851124945
3139,1027.2,32,1,0.3899092406366961
3140,1255.6000000000001,38,1,0.3897922678645051
3141,1016.4000000000001,43,1,0.38967533018414574
3142,1037.8,28,1,0.3895584275850905
3143,1039.0,26,1,0.389441560056815
3144,1189.0,23,1,0.389324727588798
3145,1068.4,32,1,0.38920793017052135
3146,880.3000000000002,62,1,0.38909116779147024
3147,1015.4,41,1,0.38897444044113283
3148,844.7000000000002,49,1,0.3888577481090005
3149,1037.8,28,1,0.3887410907845678
3150,1005.5,27,1,0.38862446845733245
3151,1261.4,28,1,0.38850788111679524
3152,1149.7,34,1,0.38839132875246024
3153,826.2,52,1,0.3882748113538345
3154,1367.3,32,1,0.3881583289104284
3155,1130.8999999999999,42,1,0.3880418814117553
3156,1265.8,23,1,0.38792546884733176
3157,983.5000000000001,37,1,0.38780909120667756
3158,867.2,38,1,0.38769274847931556
3159,1070.8,28,1,0.38757644065477176
3160,1287.8,23,1,0.38746016772257535
3161,1218.3000000000002,33,1,0.3873439296722586
3162,1145.4,29,1,0.38722772649335696
3163,984.2,36,1,0.387111558175409
3164,790.9999999999999,38,1,0.3869954247079564
3165,1034.6,30,1,0.38687932608054404
3166,1067.8,27,1,0.3867632622827199
3167,1187.0,23,1,0.3866472333040351
3168,1283.1,25,1,0.3865312391340439
3169,1192.0,33,1,0.3864152797623037
3170,1098.7,33,1,0.38629935517837505
3171,1165.2,31,1,0.3861834653718215
3172,1284.4,29,1,0.38606761033221
3173,1182.0,35,1,0.38595179004911034
3174,865.4,45,1,0.3858360045120956
3175,1239.0,22,1,0.385720253710742
3176,1237.0,22,1,0.38560453763462876
3177,1219.7,43,1,0.3854888562733384
3178,1119.6,29,1,0.38537320961645644
3179,889.0,29,1,0.38525759765357154
3180,1139.0,24,1,0.3851420203742755
3181,1048.2,46,1,0.3850264777681632
3182,1127.3,38,1,0.38491096982483275
3183,1333.7999999999997,32,1,0.38479549653388534
3184,1059.5,35,1,0.3846800578849252
3185,1039.0,26,1,0.3845646538675597
3186,1137.8,26,1,0.3844492844713995
3187,1283.3999999999999,27,1,0.38433394968605805
3188,834.3,32,1,0.38421864950115225
3189,1214.3000000000002,34,1,0.38410338390630194
3190,1235.4,28,1,0.3839881528911301
3191,1064.9,32,1,0.38387295644526276
3192,1111.9,30,1,0.3837577945583292
3193,1329.8,36,1,0.3836426672199617
3194,1063.1000000000001,29,1,0.38352757441979574
3195,1186.6000000000001,27,1,0.3834125161474698
3196,989.0,27,1,0.38329749239262556
3197,889.2,34,1,0.38318250314490776
3198,1127.3000000000002,36,1,0.3830675483939643
3199,1184.3,25,1,0.3829526281294461
3200,996.6,30,1,0.38283774234100726
3201,845.6000000000001,45,1,0.382722891018305
3202,987.0,27,1,0.3826080741509995
3203,1182.0,33,1,0.38249329172875424
3204,1289.0,21,1,0.38237854374123564
3205,1103.1,29,1,0.3822638301781133
3206,961.9,33,1,0.38214915102905983
3207,1289.0,21,1,0.38203450628375113
3208,1195.4,28,1,0.38191989593186604
3209,1334.4,28,1,0.3818053199630865
3210,945.5999999999999,45,1,0.3816907783670976
3211,1136.6,28,1,0.38157627113358744
3212,1072.6,39,1,0.38146179825224735
3213,1237.8,24,1,0.38134735971277167
3214,1339.0,20,1,0.38123295550485786
3215,1237.8,24,1,0.38111858561820644
3216,1118.4,30,1,0.381004250042521
3217,1237.8,24,1,0.38088994876750826
3218,1045.8,38,1,0.380775681782878
3219,967.9,34,1,0.38066144907834315
3220,1149.6,27,1,0.38054725064361966
3221,1239.0,22,1,0.3804330864684266
3222,1384.3999999999999,27,1,0.3803189565424861
3223,1290.2,19,1,0.38020486085552335
3224,1132.0,36,1,0.3800907993972667
3225,1083.1,29,1,0.3799767721574475
3226,1183.1,27,1,0.3798627791258003
3227,1135.8,26,1,0.3797488202920626
3228,740.8000000000001,45,1,0.37963489564597497
3229,1140.2,22,1,0.3795210051772812
3230,1166.2,33,1,0.379407148875728
3231,1272.0,22,1,0.3792933267310653
3232,1096.6,28,1,0.379179538733046
3233,1207.4,42,1,0.3790657848714261
3234,1153.1,28,1,0.3789520651359647
3235,1309.0,31,1,0.3788383795164239
3236,1289.0,21,1,0.378724728002569
3237,1011.3000000000001,38,1,0.37861111058416824
3238,1184.6000000000001,27,1,0.378497527250993
3239,1231.3000000000002,33,1,0.3783839779928177
3240,1189.0,23,1,0.3782704627994199
3241,1087.9,42,1,0.3781569816605801
3242,1087.8,27,1,0.3780435345660819
3243,1274.7,41,1,0.3779301215057121
3244,1183.1,27,1,0.3778167424692604
3245,1229.7,32,1,0.37770339744651965
3246,1290.2,19,1,0.3775900864272857
3247,1222.0,23,1,0.3774768094013575
3248,1062.6000000000001,42,1,0.37736356635853713
3249,1189.0,23,1,0.3772503572886296
3250,1183.8,25,1,0.37713718218144304
3251,1316.6999999999998,30,1,0.3770240410267886
3252,1134.9,29,1,0.3769109338144806
3253,1232.0,34,1,0.3767978605343363
3254,803.9,57,1,0.37668482117617597
3255,1283.2,31,1,0.3765718157298231
3256,979.7,46,1,0.37645884418510417
3257,1118.4,30,1,0.37634590653184863
3258,960.6,51,1,0.3762330027598891
3259,920.5000000000001,48,1,0.37612013285906115
3260,1285.6,27,1,0.3760072968192034
3261,1021.4,43,1,0.37589449463015767
3262,1365.0,32,1,0.37578172628176865
3263,1232.4,30,1,0.37566899176388413
3264,1033.2,36,1,0.37555629106635496
3265,1354.3,22,1,0.3754436241790351
3266,1239.0,22,1,0.3753309910917814
3267,1135.6,29,1,0.3752183917944539
3268,1257.3000000000002,35,1,0.3751058262769156
3269,1159.6,39,1,0.3749932945290325
3270,1033.2,36,1,0.3748807965406738
3271,1182.0,34,1,0.37476833230171164
3272,1164.9,30,1,0.37465590180202113
3273,1187.8,25,1,0.37454350503148054
3274,1177.1,48,1,0.3744311419799711
3275,1236.1000000000001,26,1,0.37431881263737715
3276,1005.0,57,1,0.3742065169935859
3277,1340.1999999999998,18,1,0.37409425503848787
3278,1211.9,28,1,0.37398202676197634
3279,1083.2,35,1,0.37386983215394776
3280,1183.2,33,1,0.3737576712043016
3281,1139.0,24,1,0.3736455439029403
3282,1335.5,42,1,0.3735334502397694
3283,1083.2,35,1,0.3734213902046975
3284,1249.7,32,1,0.37330936378763613
3285,1156.7,43,1,0.37319737097849986
3286,687.7999999999997,53,1,0.37308541176720633
3287,896.8,42,1,0.3729734861436762
3288,1216.1999999999998,33,1,0.3728615940978331
3289,1444.0999999999997,34,1,0.37274973561960373
3290,1236.4,29,1,0.3726379106989179
3291,938.2,45,1,0.3725261193257082
3292,1350.9,28,1,0.37241436148991053
3293,915.0,41,1,0.37230263718146356
3294,1050.9,34,1,0.37219094639030914
3295,1060.8,39,1,0.37207928910639204
3296,1090.9,42,1,0.37196766531966013
3297,1246.8,36,1,0.37185607502006424
3298,621.6999999999996,52,1,0.3717445181975582
3299,1398.4999999999998,31,1,0.37163299484209894
3300,1119.0,45,1,0.37152150494364633
3301,1018.8,49,1,0.37141004849216325
3302,1033.6,32,1,0.3712986254776156
3303,1132.5,33,1,0.3711872358899723
3304,841.4,46,1,0.37107587971920536
3305,1047.3,40,1,0.3709645569552896
3306,1233.2,32,1,0.37085326758820303
3307,1091.2,44,1,0.3707420116079266
3308,1059.6,41,1,0.37063078900444424
3309,1229.7,43,1,0.3705195997677429
3310,1131.2,34,1,0.3704084438878126
3311,1140.2,22,1,0.37029732135464627
3312,1235.6000000000001,28,1,0.37018623215823987
3313,985.5,47,1,0.37007517628859243
3314,1110.3000000000002,39,1,0.36996415373570585
3315,1152.6000000000001,29,1,0.36985316448958516
3316,1239.0,22,1,0.3697422085402383
3317,1293.2,30,1,0.36963128587767624
3318,1184.4,31,1,0.36952039649191293
3319,893.0000000000001,50,1,0.36940954037296536
3320,1084.4,33,1,0.36929871751085347
3321,442.4999999999998,65,1,0.36918792789560023
3322,1151.4,30,1,0.3690771715172316
3323,1239.0,22,1,0.3689664483657764
3324,1154.3000000000002,26,1,0.36885575843126667
3325,1210.6,38,1,0.3687451017037373
3326,1003.0999999999999,30,1,0.3686344781732262
3327,1089.0,25,1,0.36852388782977424
3328,1169.6000000000001,27,1,0.3684133306634253
3329,750.6999999999998,56,1,0.36830280666422627
3330,1078.8,39,1,0.368192315822227
3331,1256.4,28,1,0.36808185812748034
3332,1201.4,30,1,0.36797143357004214
3333,1247.2,29,1,0.3678610421399711
3334,1216.2,33,1,0.3677506838273291
3335,1067.2,32,1,0.3676403586221809
3336,1188.2,21,1,0.3675300665145943
3337,1204.3,25,1,0.3674198074946399
3338,696.6999999999996,47,1,0.3673095815523916
3339,1180.8,35,1,0.36719938867792584
3340,1065.4,31,1,0.3670892288613225
3341,1209.3,35,1,0.3669791020926641
3342,1170.8,25,1,0.3668690083620363
3343,1136.5,47,1,0.3667589476595277
3344,1218.2,31,1,0.36664891997522986
3345,1032.2,33,1,0.3665389252992373
3346,1235.8,24,1,0.36642896362164756
3347,1140.2,22,1,0.36631903493256107
3348,1146.1,38,1,0.3662091392220813
3349,1246.5000000000002,43,1,0.3660992764803147
3350,989.0,27,1,0.3659894466973706
3351,1047.2,34,1,0.3658796498633614
3352,993.4,32,1,0.36576988596840243
3353,1148.2,33,1,0.3656601550026119
3354,1221.1,27,1,0.3655504569561111
3355,1263.7,30,1,0.3654407918190243
3356,1296.8,35,1,0.3653311595814786
3357,1137.0,34,1,0.3652215602336042
3358,1084.4,33,1,0.3651119937655341
3359,1065.0,38,1,0.36500246016740445
3360,1070.8,28,1,0.36489295942935424
3361,1079.1,41,1,0.36478349154152545
3362,1185.4,29,1,0.364674056494063
3363,1190.2,21,1,0.36456465427711476
3364,1172.6000000000001,39,1,0.3644552848808316
3365,1290.6000000000001,37,1,0.3643459482953674
3366,1176.1000000000001,38,1,0.3642366445108788
3367,1216.2,32,1,0.36412737351752555
3368,785.0,50,1,0.36401813530547034
3369,1234.4,30,1,0.3639089298648787
3370,1143.9,43,1,0.3637997571859193
3371,1213.2,42,1,0.3636906172587635
3372,1434.3999999999999,26,1,0.3635815100735859
3373,1195.6,40,1,0.36347243562056386
3374,1129.1000000000001,40,1,0.3633633938898777
3375,1037.8,28,1,0.36325438487171074
3376,783.1000000000001,53,1,0.3631454085562492
3377,1183.4,29,1,0.36303646493368236
3378,1289.0,21,1,0.3629275539942023
3379,650.7999999999996,54,1,0.362818675728004
3380,1257.3,35,1,0.3627098301252856
3381,1188.2,21,1,0.36260101717624804
3382,1042.0,37,1,0.36249223687109516
3383,949.6999999999999,38,1,0.3623834892000338
3384,1044.7,54,1,0.3622747741532738
3385,1252.9,38,1,0.3621660917210278
3386,1175.1,40,1,0.3620574418935115
3387,1292.0,32,1,0.36194882466094347
3388,1278.5,33,1,0.3618402400135452
3389,1215.0,35,1,0.36173168794154115
3390,1263.8000000000002,36,1,0.3616231684351587
3391,852.6000000000001,43,1,0.3615146814846281
3392,1359.5,42,1,0.3614062270801827
3393,986.6,31,1,0.3612978052120587
3394,1236.7,42,1,0.3611894158704951
3395,1169.6,27,1,0.36108105904573395
3396,764.0,52,1,0.3609727347280203
3397,1444.1,34,1,0.3608644429076019
3398,1145.3000000000002,37,1,0.3607561835747296
3399,951.4000000000001,34,1,0.3606479567196572
3400,1242.0,33,1,0.36053976233264134
3401,1165.3000000000002,38,1,0.36043160040394157
3402,1140.2,22,1,0.3603234709238204
3403,1124.4,40,1,0.36021537388254327
3404,1165.0,35,1,0.36010730927037854
3405,1097.9,43,1,0.35999927707759743
3406,1266.2,32,1,0.3598912772944742
3407,920.2,47,1,0.3597833099112858
3408,1303.1,25,1,0.3596753749183125
3409,1132.3999999999999,32,1,0.35956747230583697
3410,983.5,48,1,0.35945960206414523
3411,1170.8,26,1,0.359351764183526
3412,1380.1999999999998,28,1,0.35924395865427095
3413,1189.0,23,1,0.3591361854666747
3414,1039.7,35,1,0.3590284446110347
3415,1244.4,41,1,0.3589207360776514
3416,1051.1,30,1,0.3588130598568281
3417,1085.4,31,1,0.35870541593887106
3418,1139.0,24,1,0.35859780431408944
3419,1153.1,28,1,0.3584902249727952
3420,1220.8,24,1,0.35838267790530337
3421,1148.5,36,1,0.3582751631019318
3422,1181.9,29,1,0.35816768055300124
3423,1326.1,36,1,0.3580602302488354
3424,1228.6000000000001,39,1,0.3579528121797607
3425,1168.4,30,1,0.3578454263361068
3426,1101.4,40,1,0.35773807270820596
3427,1063.0,37,1,0.3576307512863935
3428,1189.0,23,1,0.3575234620610076
3429,988.6999999999999,33,1,0.3574162050223893
3430,1355.5,20,1,0.3573089801608826
3431,913.0000000000001,41,1,0.35720178746683434
3432,983.2,37,1,0.3570946269305943
3433,1170.8,25,1,0.3569874985425151
3434,1110.8,36,1,0.35688040229295237
3435,1284.3999999999999,29,1,0.3567733381722645
3436,1317.4,29,1,0.3566663061708128
3437,1070.8,27,1,0.35655930627896154
3438,1140.8,37,1,0.35645233848707786
3439,996.9000000000001,56,1,0.35634540278553173
3440,1222.0,23,1,0.3562384991646961
3441,1196.0,33,1,0.35613162761494666
3442,1089.0,25,1,0.35602478812666216
3443,1184.9,29,1,0.3559179806902242
3444,1353.1,24,1,0.3558112052960171
3445,1205.5,23,1,0.35570446193442834
3446,1320.7999999999997,22,1,0.35559775059584803
3447,1339.0,20,1,0.3554910712706693
3448,1304.3,23,1,0.3553844239492881
3449,1139.0,24,1,0.35527780862210334
3450,1236.1000000000001,27,1,0.3551712252795167
3451,502.99999999999966,72,1,0.35506467391193286
3452,1185.8,25,1,0.3549581545097593
3453,1339.0,20,1,0.3548516670634064
3454,1287.8,23,1,0.35474521156328737
3455,1290.1999999999998,19,1,0.3546387879998184
3456,769.5999999999998,52,1,0.3545323963634185
3457,1215.6,48,1,0.3544260366445095
3458,1145.4,29,1,0.35431970883351616
3459,1348.5,32,1,0.3542134129208661
3460,1063.7,32,1,0.35410714889698985
3461,1133.4,30,1,0.35400091675232076
3462,1102.6000000000001,29,1,0.3538947164772951
3463,1003.4,32,1,0.35378854806235194
3464,1259.0,32,1,0.3536824114979332
3465,1104.3,27,1,0.3535763067744839
3466,1235.6000000000001,28,1,0.3534702338824515
3467,1083.2,35,1,0.3533641928122868
3468,1034.0,26,1,0.35325818355444316
3469,1019.6,30,1,0.35315220609937686
3470,1120.5,33,1,0.35304626043754705
3471,1099.0,34,1,0.3529403465594158
3472,1255.5,22,1,0.35283446445544797
3473,919.5999999999999,33,1,0.35272861411611134
3474,1142.7,46,1,0.35262279553187653
3475,1188.2,21,1,0.352517008693217
3476,1307.8999999999996,39,1,0.35241125359060904
3477,1043.4,31,1,0.35230553021453187
3478,1187.8,25,1,0.35219983855546755
3479,976.2000000000002,47,1,0.3520941786039009
3480,1031.8999999999999,32,1,0.35198855035031973
3481,1139.0,24,1,0.35188295378521467
3482,999.6999999999999,37,1,0.3517773888990791
3483,984.9000000000001,33,1,0.3516718556824094
3484,910.8999999999999,44,1,0.3515663541257047
3485,1055.1,42,1,0.351460884219467
3486,1079.6999999999998,44,1,0.35135544595420115
3487,1240.2,20,1,0.3512500393204149
3488,1317.9,28,1,0.35114466430861874
3489,1100.0,37,1,0.35103932090932616
3490,1239.0,22,1,0.3509340091130534
3491,1302.6,26,1,0.35082872891031947
3492,1216.7,31,1,0.3507234802916464
3493,959.0000000000001,46,1,0.3506182632475589
3494,1201.4,30,1,0.35051307776858465
3495,1301.4,28,1,0.3504079238452541
3496,1151.4,31,1,0.35030280146810056
3497,1176.6000000000001,38,1,0.35019771062766014
3498,1297.3,34,1,0.35009265131447187
3499,1191.5,46,1,0.34998762351907753
3500,1153.8,27,1,0.3498826272320218
3501,1116.7,34,1,0.3497776624438522
3502,1153.8,27,1,0.3496727291451191
3503,1352.6,25,1,0.3495678273263756
3504,1283.1999999999998,30,1,0.3494629569781777
3505,1246.8000000000002,37,1,0.34935811809108425
3506,1103.8,28,1,0.34925331065565696
3507,1399.1999999999998,30,1,0.34914853466246026
3508,1252.6,27,1,0.34904379010206155
3509,1084.7,35,1,0.34893907696503096
3510,966.4000000000001,34,1,0.3488343952419415
3511,1303.8,24,1,0.3487297449233689
3512,1160.2,32,1,0.34862512599989187
3513,808.4000000000001,56,1,0.3485205384620919
3514,1267.8999999999999,29,1,0.3484159823005533
3515,1235.4,28,1,0.3483114575058632
3516,1151.4,31,1,0.3482069640686114
3517,1301.3999999999999,28,1,0.34810250197939085
3518,1374.9999999999998,31,1,0.34799807122879706
3519,1326.1,36,1,0.3478936718074284
3520,1270.8,23,1,0.3477893037058862
3521,1240.2,20,1,0.3476849669147744
3522,1337.8,22,1,0.3475806614247
3523,1111.3000000000002,35,1,0.3474763872262726
3524,1255.5,22,1,0.3473721443101047
3525,1037.8,28,1,0.3472679326668117
3526,1189.0,23,1,0.3471637522870117
3527,1050.6,31,1,0.3470596031613256
3528,1070.3,38,1,0.34695548528037723
3529,1340.1999999999998,18,1,0.34685139863479314
3530,1302.6,26,1,0.34674734321520273
3531,1269.6,25,1,0.34664331901223816
3532,1169.6,27,1,0.3465393260165345
3533,1219.6,26,1,0.3464353642187295
3534,1187.8,25,1,0.3463314336094639
3535,1181.9,29,1,0.34622753417938107
3536,1239.0,22,1,0.34612366591912724
3537,1127.2,32,1,0.3460198288193515
3538,1266.0,31,1,0.3459160228707057
3539,1091.5,47,1,0.34581224806384453
3540,1316.7,29,1,0.3457085043894254
3541,1070.0,26,1,0.3456047918381086
3542,1269.1,27,1,0.3455011104005572
3543,1339.0,20,1,0.34539746006743705
3544,1134.4,32,1,0.34529384082941683
3545,1204.3,25,1,0.345190252677168
3546,1098.4,31,1,0.3450866956013649
3547,1216.4,29,1,0.3449831695926845
3548,1334.3999999999999,28,1,0.3448796746418067
3549,1119.3999999999999,29,1,0.34477621073941417
3550,1120.8,26,1,0.3446727778761924
3551,1237.8000000000002,24,1,0.34456937604282956
3552,1060.8,38,1,0.3444660052300167
3553,998.7,35,1,0.3443626654284477
3554,1239.0,22,1,0.3442593566288192
3555,1088.3,34,1,0.3441560788218305
3556,1290.2,19,1,0.344052831998184
3557,1239.0,22,1,0.34394961614858455
3558,1196.6,26,1,0.34384643126374
3559,1030.7,34,1,0.3437432773343609
3560,1052.6000000000001,30,1,0.3436401543511606
3561,1236.6000000000001,26,1,0.34353706230485526
3562,1239.0,22,1,0.3434340011861638
3563,1220.8000000000002,24,1,0.34333097098580795
3564,1095.1999999999998,33,1,0.3432279716945122
3565,1218.2,39,1,0.34312500330300383
3566,1155.5,24,1,0.34302206580201294
3567,1139.0,24,1,0.34291915918227234
3568,1339.0,20,1,0.34281628343451764
3569,1146.6000000000001,27,1,0.3427134385494873
3570,1095.5,35,1,0.3426106245179225
3571,1240.2,20,1,0.34250784133056716
3572,1134.3,26,1,0.342405088978168
3573,1189.0,23,1,0.3423023674514746
3574,853.2,56,1,0.34219967674123913
3575,1119.6,28,1,0.34209701683821675
3576,1155.5,24,1,0.3419943877331653
3577,1137.8,26,1,0.3418917894168454
3578,1008.4,30,1,0.34178922188002037
3579,1087.0,25,1,0.34168668511345635
3580,1314.5,34,1,0.3415841791079223
3581,1239.0,22,1,0.34148170385418997
3582,1104.9,31,1,0.3413792593430337
3583,1287.0,21,1,0.3412768455652308
3584,1139.0,24,1,0.34117446251156125
3585,1033.2,24,1,0.3410721101728078
3586,1189.0,23,1,0.34096978853975596
3587,1331.5,33,1,0.34086749760319407
3588,1285.6,27,1,0.3407652373539131
3589,1087.0,25,1,0.340663007782707
3590,1355.5,20,1,0.34056080888037216
3591,1303.1,25,1,0.34045864063770803
3592,1051.9,32,1,0.34035650304551673
3593,1119.6,28,1,0.3402543960946031
3594,953.2,35,1,0.34015231977577476
3595,987.8000000000001,29,1,0.34005027407984206
3596,1186.1,28,1,0.3399482589976181
3597,1303.8,33,1,0.33984627451991883
3598,883.8,40,1,0.3397443206375629
3599,1186.6000000000001,27,1,0.33964239734137164
3600,1194.8000000000002,33,1,0.3395405046221692
3601,1039.8,36,1,0.3394386424707826
3602,1239.0,22,1,0.33933681087804135
3603,1189.0,23,1,0.33923500983477795
3604,1125.2,31,1,0.33913323933182754
3605,1239.0,22,1,0.339031499360028
3606,1140.2,22,1,0.33892978991022005
3607,1322.0,21,1,0.338828110973247
3608,1220.8,24,1,0.33872646253995503
3609,1337.3,23,1,0.3386248446011931
3610,1255.5,22,1,0.33852325714781273
3611,1090.2,31,1,0.3384217001706684
3612,1239.0,22,1,0.33832017366061723
3613,1155.4,28,1,0.33821867760851904
3614,1240.2,20,1,0.3381172120052365
3615,1272.9999999999998,45,1,0.3380157768416349
3616,1020.8000000000001,28,1,0.33791437210858244
3617,1104.3,27,1,0.3378129977969499
3618,1090.2,23,1,0.3377116538976108
3619,948.4,33,1,0.33761034040144156
3620,1189.0,23,1,0.3375090572993211
3621,1054.3,28,1,0.3374078045821313
3622,1240.2,20,1,0.3373065822407567
3623,1172.0,23,1,0.3372053902660845
3624,1099.9,31,1,0.3371042286490047
3625,1131.6,27,1,0.33700309738041
3626,1254.3,24,1,0.3369019964511959
3627,1189.0,23,1,0.33680092585226057
3628,1296.7999999999997,35,1,0.3366998855745049
3629,1059.9,31,1,0.33659887560883256
3630,1289.0,21,1,0.3364978959461499
3631,1220.8,25,1,0.3363969465773661
3632,1257.5,31,1,0.3362960274933929
3633,1287.8,23,1,0.3361951386851449
3634,1118.7,33,1,0.33609428014353937
3635,1049.6,29,1,0.3359934518594963
3636,1240.2,20,1,0.33589265382393846
3637,933.4,34,1,0.3357918860277913
3638,1289.0,21,1,0.335691148461983
3639,1239.0,22,1,0.3355904411174444
3640,946.0,37,1,0.33548976398510916
3641,1028.4,31,1,0.3353891170559136
3642,1290.1999999999998,19,1,0.3352885003207969
3643,977.8000000000001,37,1,0.3351879137707007
3644,1216.6000000000001,26,1,0.3350873573965695
3645,1202.3,25,1,0.3349868311893505
3646,1037.8,28,1,0.3348863351399937
3647,1171.1000000000001,28,1,0.33478586923945175
3648,1205.5,23,1,0.3346854334786799
3649,1137.8,26,1,0.3345850278486363
3650,945.8,29,1,0.33448465234028174
3651,1264.9,28,1,0.33438430694457966
3652,937.8000000000001,30,1,0.3342839916524963
3653,1211.3,34,1,0.33418370645500056
3654,1114.2,32,1,0.33408345134306405
3655,1236.8000000000002,34,1,0.33398322630766114
3656,1144.9,39,1,0.3338830313397689
3657,1213.1000000000001,26,1,0.333782866430367
3658,1221.4,29,1,0.3336827315704379
3659,1237.0,22,1,0.3335826267509667
3660,1304.3,23,1,0.33348255196294146
3661,980.8000000000001,37,1,0.3333825071973526
3662,1002.9,33,1,0.33328249244519337
3663,1201.4,30,1,0.33318250769745983
3664,1290.2,19,1,0.3330825529451506
3665,1290.2,19,1,0.33298262817926705
3666,1069.9,32,1,0.33288273339081326
3667,1013.6999999999999,34,1,0.33278286857079603
3668,1087.8,27,1,0.3326830337102248
3669,1463.5999999999997,35,1,0.3325832288001117
3670,1154.3,26,1,0.3324834538314717
3671,1282.4,29,1,0.33238370879532225
3672,1165.4,29,1,0.3322839936826837
3673,1367.3999999999999,28,1,0.3321843084845789
3674,1231.1000000000001,26,1,0.33208465319203356
3675,1303.1,25,1,0.33198502779607597
3676,1104.3,27,1,0.33188543228773715
3677,1085.6000000000001,31,1,0.3317858666580508
3678,1215.5,34,1,0.33168633089805344
3679,1267.4,30,1,0.33158682499878406
3680,1340.1999999999998,18,1,0.33148734895128446
3681,999.0,36,1,0.3313879027465991
3682,1230.3000000000002,37,1,0.3312884863757751
3683,742.5999999999995,35,1,0.3311890998298624
3684,985.8,29,1,0.33108974309991346
3685,1184.6,27,1,0.3309904161769835
3686,1239.0,22,1,0.3308911190521304
3687,1154.3,26,1,0.3307918517164148
3688,1101.1,29,1,0.3306926141608999
3689,1289.0,21,1,0.33059340637665163
3690,1130.3,26,1,0.33049422835473863
3691,1083.4,30,1,0.3303950800862322
3692,1240.2,20,1,0.33029596156220636
3693,1239.0,22,1,0.3301968727737377
3694,1425.6,34,1,0.3300978137119056
3695,1238.2,20,1,0.32999878436779206
3696,1127.3000000000002,38,1,0.3298997847324817
3697,1417.3999999999999,27,1,0.32980081479706197
3698,1289.0,21,1,0.32970187455262284
3699,1095.5,34,1,0.32960296399025707
3700,1254.3000000000002,24,1,0.32950408310106
3701,1013.6999999999999,35,1,0.3294052318761297
3702,1187.8,25,1,0.3293064103065669
3703,1204.3,25,1,0.3292076183834749
3704,1231.1,26,1,0.32910885609795987
3705,1239.0,22,1,0.3290101234411305
3706,1190.2,21,1,0.32891142040409815
3707,1039.0,26,1,0.3288127469779769
3708,1099.9,39,1,0.32871410315388355
3709,1129.6000000000001,40,1,0.3286154889229374
3710,1284.9,27,1,0.3285169042762605
3711,1289.0,21,1,0.32841834920497764
3712,1189.0,23,1,0.3283198237002162
3713,1250.2,30,1,0.32822132775310614
3714,1339.0,20,1,0.3281228613547802
3715,1287.2999999999997,24,1,0.32802442449637376
3716,1039.0,26,1,0.32792601716902486
3717,1006.0999999999999,42,1,0.32782763936387416
3718,1235.3000000000002,34,1,0.327729291072065
3719,1302.9,27,1,0.3276309722847434
3720,1187.8,25,1,0.327532682993058
3721,1166.6,27,1,0.3274344231881601
3722,1185.8,25,1,0.32733619286120363
3723,1290.2,19,1,0.3272379920033453
3724,1287.8,23,1,0.3271398206057443
3725,1002.3000000000001,29,1,0.3270416786595626
3726,1231.8,36,1,0.3269435661559647
3727,1189.0,23,1,0.32684548308611794
3728,1178.8000000000002,35,1,0.3267474294411921
3729,1242.5,32,1,0.32664940521235974
3730,1243.8,36,1,0.32655141039079605
3731,1148.5,34,1,0.3264534449676788
3732,1251.3999999999999,28,1,0.3263555089341885
3733,1368.4999999999998,30,1,0.3262576022815083
3734,1147.9,40,1,0.32615972500082385
3735,1164.9999999999998,34,1,0.3260618770833236
3736,1199.7,33,1,0.32596405852019866
3737,1115.0,37,1,0.3258662693026426
3738,1137.8,26,1,0.3257685094218518
3739,1288.2,19,1,0.3256707788690253
3740,1185.8,25,1,0.3255730776353646
3741,1217.3,34,1,0.325475405712074
3742,1166.6000000000001,27,1,0.3253777630903604
3743,1194.9,29,1,0.32528014976143327
3744,1304.3,23,1,0.32518256571650483
3745,1111.5,36,1,0.3250850109467899
3746,1340.1999999999998,18,1,0.32498748544350586
3747,1263.8000000000002,35,1,0.3248899891978728
3748,1189.0,23,1,0.3247925222011135
3749,1126.8,39,1,0.32469508444445316
3750,1096.6,28,1,0.32459767591911987
3751,1090.2,23,1,0.32450029661634416
3752,1340.1999999999998,18,1,0.3244029465273593
3753,1087.8,27,1,0.3243056256434011
3754,1218.0,35,1,0.3242083339557081
3755,1287.4,40,1,0.32411107145552137
3756,1300.9,29,1,0.32401383813408474
3757,962.1,44,1,0.32391663398264453
3758,927.3000000000001,42,1,0.32381945899244974
3759,1270.8,24,1,0.32372231315475203
3760,1115.0,37,1,0.3236251964608056
3761,874.4000000000001,45,1,0.3235281089018674
3762,1283.6,27,1,0.32343105046919685
3763,1331.9999999999998,32,1,0.3233340211540561
3764,1110.9,44,1,0.32323702094770984
3765,1290.2,19,1,0.3231400498414255
3766,1243.8,36,1,0.3230431078264731
3767,1172.6000000000001,38,1,0.3229461948941252
3768,1184.4,31,1,0.32284931103565695
3769,1240.9,39,1,0.3227524562423463
3770,1414.9999999999998,31,1,0.3226556305054736
3771,1194.8000000000002,36,1,0.32255883381632194
3772,1196.8000000000002,37,1,0.32246206616617706
3773,1002.9000000000001,43,1,0.32236532754632724
3774,1124.1,40,1,0.32226861794806333
3775,1084.4,33,1,0.3221719373626789
3776,1296.8000000000002,36,1,0.3220752857814701
3777,1187.0,23,1,0.32197866319573565
3778,1165.0,35,1,0.32188206959677695
3779,1248.5,34,1,0.3217855049758979
3780,1104.8999999999999,42,1,0.32168896932440516
3781,1247.8,23,1,0.32159246263360786
3782,1220.8000000000002,25,1,0.3214959848948178
3783,1029.6,42,1,0.32139953609934935
3784,948.5,40,1,0.32130311623851954
3785,1244.2,29,1,0.32120672530364797
3786,908.2,48,1,0.3211103632860569
3787,846.8,52,1,0.3210140301770711
3788,1272.6000000000001,26,1,0.320917725968018
3789,1252.6000000000001,26,1,0.3208214506502276
3790,1113.0,37,1,0.32072520421503253
3791,1103.8,48,1,0.32062898665376804
3792,1080.0,37,1,0.3205327979577719
3793,1332.0,32,1,0.3204366381183846
3794,1307.3000000000002,34,1,0.32034050712694906
3795,1133.2,34,1,0.320244404974811
3796,1133.2,34,1,0.3201483316533186
3797,889.3000000000001,40,1,0.3200522871538226
3798,1148.5,36,1,0.31995627146767647
3799,1027.3,37,1,0.31986028458623617
3800,1229.0,32,1,0.3197643265008603
3801,890.9000000000001,46,1,0.31966839720291
3802,1165.0,35,1,0.31957249668374915
3803,1141.4,29,1,0.31947662493474405
3804,1189.0,23,1,0.31938078194726366
3805,1113.8,38,1,0.3192849677126795
3806,1365.0,32,1,0.3191891822223657
3807,1366.5,32,1,0.319093425467699
3808,1234.4,30,1,0.3189976974400587
3809,1363.0,32,1,0.31890199813082665
3810,1168.5000000000002,44,1,0.31880632753138743
3811,1049.6000000000001,38,1,0.31871068563312804
3812,1284.9,28,1,0.31861507242743814
3813,1332.0,32,1,0.31851948790570994
3814,1062.1,40,1,0.3184239320593382
3815,1201.4,30,1,0.3183284048797204
3816,1198.5,35,1,0.3182329063582565
3817,929.6000000000001,50,1,0.31813743648634907
3818,1084.3999999999999,33,1,0.31804199525540316
3819,1227.3,35,1,0.31794658265682657
3820,1190.2,21,1,0.31785119868202955
3821,1201.1000000000001,27,1,0.31775584332242496
3822,1199.6999999999998,33,1,0.31766051656942823
3823,1283.1000000000001,25,1,0.3175652184144574
3824,1172.3,26,1,0.3174699488489331
3825,1002.2,34,1,0.3173747078642784
3826,1187.8,25,1,0.31727949545191914
3827,1054.3,28,1,0.3171843116032836
3828,1141.2000000000003,41,1,0.3170891563098026
3829,1057.8,38,1,0.3169940295629097
3830,1339.0,20,1,0.3168989313540408
3831,1319.6,25,1,0.3168038616746346
3832,1295.5,31,1,0.3167088205161322
3833,1090.2,23,1,0.3166138078699774
3834,1237.0,22,1,0.3165188237276164
3835,1188.6,40,1,0.31642386808049816
3836,1239.0,22,1,0.316328940920074
3837,1322.0,21,1,0.316234042237798
3838,1237.8,24,1,0.31613917202512665
3839,1340.1999999999998,18,1,0.31604433027351914
3840,1166.6,27,1,0.3159495169744371
3841,1205.6,39,1,0.3158547321193447
3842,1239.0,22,1,0.31575997569970893
3843,1165.5,35,1,0.31566524770699905
3844,1067.0,35,1,0.315570548132687
3845,1254.3,24,1,0.3154758769682472
3846,1213.2,32,1,0.31538123420515674
3847,1058.3000000000002,38,1,0.3152866198348952
3848,1295.2999999999997,35,1,0.31519203384894473
3849,1024.8,38,1,0.31509747623879003
3850,1021.4,44,1,0.3150029469959184
3851,1331.9999999999998,32,1,0.3149084461118196
3852,1283.6999999999998,30,1,0.3148139735779861
3853,1435.6,24,1,0.3147195293859127
3854,1073.8,38,1,0.31462511352709693
3855,994.6999999999999,36,1,0.31453072599303883
3856,1253.8,25,1,0.31443636677524095
3857,1296.5,33,1,0.31434203586520837
3858,1383.1999999999998,29,1,0.3142477332544488
3859,1010.9,44,1,0.3141534589344725
3860,1415.0,31,1,0.3140592128967922
3861,1184.7,33,1,0.31396499513292314
3862,1149.7,34,1,0.3138708056343833
3863,1132.0,36,1,0.313776644392693
3864,863.8,43,1,0.3136825113993752
3865,1082.4,33,1,0.3135884066459554
3866,980.8,41,1,0.3134943301239616
3867,1134.4,32,1,0.3134002818249244
3868,1225.2,39,1,0.31330626174037696
3869,1352.6,25,1,0.31321226986185485
3870,1283.2,31,1,0.3131183061808963
3871,952.6,33,1,0.31302437068904204
3872,1353.8,23,1,0.31293046337783537
3873,1162.0,35,1,0.31283658423882205
3874,1124.8999999999996,38,1,0.3127427332635504
3875,1134.4,32,1,0.31264891044357135
3876,1463.7999999999997,32,1,0.31255511577043826
3877,1234.4,30,1,0.3124613492357071
3878,1233.2,32,1,0.3123676108309364
3879,1263.0,33,1,0.3122739005476871
3880,1112.6000000000001,39,1,0.3121802183775228
3881,1381.9999999999998,31,1,0.31208656431200954
3882,1085.6000000000001,31,1,0.31199293834271596
3883,1135.6,30,1,0.31189934046121315
3884,1093.8,38,1,0.3118057706590748
3885,1362.0999999999997,36,1,0.3117122289278771
3886,1262.0,33,1,0.3116187152591987
3887,1265.0,33,1,0.311525229644621
3888,1229.7,32,1,0.3114317720757276
3889,1136.2,34,1,0.31133834254410486
3890,1187.8,25,1,0.31124494104134165
3891,1110.6,40,1,0.31115156755902923
3892,1222.7,42,1,0.31105822208876155
3893,1122.0,25,1,0.31096490462213494
3894,1204.3000000000002,25,1,0.3108716151507483
3895,1119.8,38,1,0.3107783536662031
3896,829.1,46,1,0.31068512016010325
3897,903.5000000000001,48,1,0.3105919146240552
3898,1142.0,35,1,0.310498737049668
3899,1151.3999999999999,30,1,0.3104055874285531
3900,1160.8,37,1,0.3103124657523246
3901,1311.8,34,1,0.31021937201259886
3902,1382.0,31,1,0.31012630620099507
3903,1057.3,39,1,0.3100332683091348
3904,1248.9,30,1,0.3099402583286421
3905,1178.7,31,1,0.3098472762511435
3906,1252.3,24,1,0.30975432206826814
3907,1189.0,23,1,0.3096613957716477
3908,1237.8000000000002,24,1,0.3095684973529162
3909,1102.5,47,1,0.3094756268037103
3910,1284.6,25,1,0.3093827841156692
3911,1353.1,24,1,0.3092899692804345
3912,985.4000000000001,41,1,0.3091971822896504
3913,1183.2,33,1,0.3091044231349635
3914,1235.4,28,1,0.309011691808023
3915,1210.2,43,1,0.3089189883004806
3916,830.8000000000002,44,1,0.30882631260399046
3917,1290.2,19,1,0.3087336647102093
3918,1232.0,34,1,0.3086410446107962
3919,1083.2,35,1,0.308548452297413
3920,1252.3,24,1,0.3084558877617238
3921,1083.2,35,1,0.30836335099539525
3922,1142.4,42,1,0.30827084199009663
3923,1245.6000000000001,39,1,0.3081783607374996
3924,888.4000000000001,45,1,0.30808590722927837
3925,1393.8,33,1,0.3079934814571096
3926,1160.9,41,1,0.30790108341267247
3927,1219.6,26,1,0.3078087130876487
3928,1069.1,30,1,0.3077163704737224
3929,1046.6,29,1,0.3076240555625803
3930,1097.3,39,1,0.30753176834591156
3931,1209.4,28,1,0.30743950881540777
3932,1051.6999999999998,34,1,0.30734727696276315
3933,1131.4,51,1,0.30725507277967434
3934,1154.8000000000002,34,1,0.30716289625784043
3935,1189.0,23,1,0.3070707473889631
3936,853.8000000000001,33,1,0.3069786261647464
3937,1231.5,35,1,0.306886532576897
3938,1219.1000000000001,28,1,0.30679446661712395
3939,1252.6000000000001,27,1,0.30670242827713884
3940,1281.4,28,1,0.3066104175486557
3941,1082.0,37,1,0.3065184344233911
3942,1314.8999999999999,27,1,0.3064264788930641
3943,1287.8,23,1,0.3063345509493962
3944,1148.3999999999999,30,1,0.3062426505841114
3945,1219.6000000000001,27,1,0.3061507777889362
3946,1009.5999999999999,39,1,0.3060589325555995
3947,1154.3,26,1,0.30596711487583284
3948,1289.0,21,1,0.3058753247413701
3949,1365.3,34,1,0.3057835621439477
3950,1200.2,32,1,0.3056918270753045
3951,1245.2,30,1,0.3056001195271819
3952,1322.0,21,1,0.3055084394913238
3953,981.9,32,1,0.3054167869594764
3954,1037.8,28,1,0.30532516192338854
3955,1290.2,19,1,0.30523356437481153
3956,1266.2,32,1,0.3051419943054991
3957,1146.6,27,1,0.30505045170720746
3958,1239.0,22,1,0.3049589365716953
3959,1339.0,20,1,0.3048674488907238
3960,1155.5,24,1,0.3047759886560566
3961,1297.8,22,1,0.3046845558594598
3962,938.3,37,1,0.30459315049270197
3963,1285.6,27,1,0.3045017725475542
3964,1248.7,29,1,0.30441042201578994
3965,1322.0,21,1,0.30431909888918524
3966,1290.2,19,1,0.3042278031595185
3967,1289.0,21,1,0.3041365348185706
3968,1248.4,28,1,0.30404529385812507
3969,1255.5,22,1,0.3039540802699676
3970,1134.3,26,1,0.3038628940458866
3971,1334.8999999999999,27,1,0.30377173517767286
3972,1239.0,22,1,0.3036806036571196
3973,1194.3000000000002,36,1,0.30358949947602243
3974,1238.2,20,1,0.30349842262617965
3975,1187.8,25,1,0.3034073730993918
3976,1203.1,27,1,0.303316350887462
3977,1340.1999999999998,18,1,0.3032253559821958
3978,1409.6,34,1,0.30313438837540113
3979,1219.6,27,1,0.3030434480588885
3980,1289.0,21,1,0.30295253502447084
3981,1235.7999999999997,24,1,0.30286164926396353
3982,1337.8,22,1,0.30277079076918434
3983,1119.6,29,1,0.3026799595319536
3984,1237.8,24,1,0.302589155544094
3985,1234.3,24,1,0.30249837879743074
3986,1289.0,21,1,0.3024076292837915
3987,1187.0,23,1,0.30231690699500635
3988,1256.1000000000001,37,1,0.3022262119229079
3989,1272.0,22,1,0.302135544059331
3990,1305.5,21,1,0.30204490339611323
3991,1144.6,27,1,0.30195428992509443
3992,985.6,41,1,0.30186370363811693
3993,1290.1999999999998,19,1,0.3017731445270255
3994,1249.9,28,1,0.3016826125836674
3995,1084.6000000000001,29,1,0.3015921077998923
3996,1139.0,24,1,0.3015016301675524
3997,1239.0,22,1,0.3014111796785021
3998,1184.4,31,1,0.3013207563245986
3999,1032.3999999999999,34,1,0.3012303600977012
4000,1183.2,33,1,0.3011399909896719
4001,1200.9,31,1,0.301049648992375
4002,1268.8,24,1,0.30095933409767733
4003,1054.3,28,1,0.30086904629744804
4004,1172.0,24,1,0.3007787855835588
4005,1154.3,26,1,0.30068855194788374
4006,1287.8,23,1,0.3005983453822994
4007,1184.4,31,1,0.30050816587868473
4008,1240.2,20,1,0.30041801342892116
4009,1204.3,25,1,0.3003278880248925
4010,1328.6,38,1,0.3002377896584851
4011,1190.2,21,1,0.30014771832158754
4012,1203.1000000000001,27,1,0.30005767400609107
4013,1189.0,23,1,0.29996765670388925
4014,1251.1000000000001,26,1,0.2998776664068781
4015,1416.1999999999998,28,1,0.299787703106956
4016,1202.3,25,1,0.29969776679602395
4017,1339.0,20,1,0.2996078574659852
4018,1269.6000000000001,26,1,0.2995179751087454
4019,1187.8,25,1,0.2994281197162128
4020,1133.1000000000001,28,1,0.29933829128029793
4021,1239.0,22,1,0.29924848979291385
4022,1190.3000000000002,46,1,0.299158715245976
4023,1339.0,20,1,0.29906896763140217
4024,1355.5,20,1,0.2989792469411128
4025,1153.1,28,1,0.2988895531670305
4026,1239.0,22,1,0.2987998863010804
4027,1284.3999999999999,29,1,0.2987102463351901
4028,1204.3,25,1,0.29862063326128957
4029,1340.1999999999998,18,1,0.2985310470713112
4030,1190.7,30,1,0.2984414877571898
4031,1187.8,25,1,0.29835195531086267
4032,1254.3000000000002,24,1,0.2982624497242694
4033,1140.2,22,1,0.29817297098935214
4034,1239.0,22,1,0.29808351909805536
4035,1235.2,20,1,0.29799409404232596
4036,1197.0,31,1,0.2979046958141133
4037,1189.0,23,1,0.29781532440536906
4038,1237.8,24,1,0.29772597980804744
4039,1305.5,21,1,0.29763666201410505
4040,1084.3999999999999,33,1,0.29754737101550083
4041,1190.2,21,1,0.2974581068041962
4042,1079.9,31,1,0.29736886937215495
4043,987.0,27,1,0.2972796587113433
4044,1339.0,20,1,0.2971904748137299
4045,1190.2,21,1,0.2971013176712858
4046,1184.3,25,1,0.2970121872759844
4047,1234.9,28,1,0.2969230836198016
4048,1269.1,26,1,0.29683400669471566
4049,1306.3999999999999,27,1,0.29674495649270727
4050,912.5,37,1,0.2966559330057595
4051,1171.7,43,1,0.2965669362258578
4052,1037.8,28,1,0.29647796614499006
4053,1335.8,22,1,0.29638902275514656
4054,1090.2,23,1,0.29630010604832
4055,1189.0,23,1,0.2962112160165055
4056,970.1999999999999,35,1,0.29612235265170056
4057,1245.4,27,1,0.29603351594590505
4058,1289.0,21,1,0.29594470589112126
4059,1003.2,34,1,0.29585592247935394
4060,1117.4,33,1,0.29576716570261014
4061,1197.2,31,1,0.29567843555289935
4062,1278.4,26,1,0.2955897320222335
4063,1289.0,21,1,0.2955010551026268
4064,1205.5,23,1,0.29541240478609604
4065,1190.2,21,1,0.29532378106466023
4066,1261.9,27,1,0.2952351839303408
4067,1139.0,24,1,0.29514661337516174
4068,1233.2,32,1,0.2950580693911492
4069,1245.6,38,1,0.29496955197033187
4070,1139.0,24,1,0.29488106110474077
4071,1334.4,28,1,0.29479259678640934
4072,1266.2,31,1,0.29470415900737346
4073,1116.2,35,1,0.29461574775967125
4074,1104.3,27,1,0.2945273630353434
4075,1251.3999999999999,37,1,0.2944390048264328
4076,1278.6000000000001,37,1,0.2943506731249849
4077,1154.3,26,1,0.29426236792304744
4078,1290.2,19,1,0.2941740892126705
4079,1225.0,34,1,0.29408583698590673
4080,1054.3,28,1,0.293997611234811
4081,1216.6000000000001,26,1,0.29390941195144055
4082,1287.8,23,1,0.2938212391278551
4083,1237.0,22,1,0.29373309275611675
4084,1188.2,21,1,0.29364497282828994
4085,1205.5,23,1,0.2935568793364415
4086,909.0,37,1,0.29346881227264054
4087,1120.0,25,1,0.29338077162895876
4088,1237.8,24,1,0.29329275739747007
4089,1190.2,21,1,0.2932047695702508
4090,1154.6000000000001,28,1,0.29311680813937974
4091,1320.0,21,1,0.2930288730969379
4092,1317.1999999999998,29,1,0.29294096443500883
4093,1240.2,20,1,0.29285308214567835
4094,1252.3,24,1,0.2927652262210346
4095,1289.0,21,1,0.29267739665316833
4096,1187.8000000000002,25,1,0.2925895934341724
4097,1147.2,30,1,0.29250181655614216
4098,1085.0,25,1,0.2924140660111753
4099,1187.0,23,1,0.29232634179137196
4100,1189.0,23,1,0.2922386438888346
4101,1289.0,21,1,0.29215097229566794
4102,1116.4,31,1,0.29206332700397925
4103,1151.9,28,1,0.2919757080058781
4104,1282.0,32,1,0.2918881152934763
4105,1304.3,23,1,0.2918005488588883
4106,1183.7,32,1,0.2917130086942306
4107,1118.4,29,1,0.29162549479162236
4108,1160.8,37,1,0.2915380071431849
4109,1284.4,29,1,0.29145054574104196
4110,1333.1999999999998,30,1,0.2913631105773197
4111,1148.2,33,1,0.2912757016441465
4112,1090.2,23,1,0.29118831893365327
4113,1250.3000000000002,35,1,0.2911009624379732
4114,1265.0,34,1,0.2910136321492418
4115,1354.3,22,1,0.29092632805959706
4116,1269.9,28,1,0.29083905016117917
4117,1317.8,22,1,0.2907517984461308
4118,1220.8000000000002,24,1,0.290664572906597
4119,1319.7,41,1,0.290577373534725
4120,1121.9,37,1,0.2904902003226646
4121,1235.3,45,1,0.2904030532625678
4122,1201.7,30,1,0.2903159323465891
4123,1101.1000000000001,29,1,0.2902288375668851
4124,1366.1999999999998,30,1,0.29014176891561505
4125,1202.6000000000001,28,1,0.2900547263849404
4126,1154.3,26,1,0.2899677099670249
4127,1134.4,31,1,0.28988071965403484
4128,1317.4,29,1,0.2897937554381386
4129,1189.0,23,1,0.2897068173115072
4130,1139.0,24,1,0.28961990526631376
4131,1226.2,41,1,0.28953301929473385
4132,1190.3000000000002,37,1,0.28944615938894547
4133,1216.2,32,1,0.2893593255411288
4134,1334.3999999999999,28,1,0.28927251774346646
4135,1302.6,26,1,0.28918573598814346
4136,1340.1999999999998,18,1,0.28909898026734704
4137,1201.8,26,1,0.28901225057326685
4138,1300.6,26,1,0.28892554689809485
4139,1240.2,20,1,0.2888388692340254
4140,1290.2,19,1,0.2887522175732552
4141,1117.6,27,1,0.28866559190798324
4142,1154.3,26,1,0.28857899223041084
4143,1186.6,27,1,0.2884924185327417
4144,1140.2,22,1,0.2884058708071819
4145,1480.2999999999997,32,1,0.28831934904593975
4146,1255.5,22,1,0.288232853241226
4147,1419.1,24,1,0.2881463833852536
4148,989.0,27,1,0.28805993947023806
4149,999.6000000000001,38,1,0.287973521488397
4150,1126.3999999999999,30,1,0.2878871294319505
4151,1237.8,24,1,0.28780076329312093
4152,1267.9,29,1,0.28771442306413303
4153,1339.0,20,1,0.2876281087372138
4154,1239.0,22,1,0.28754182030459263
4155,1196.6,26,1,0.2874555577585013
4156,1129.4,30,1,0.28736932109117375
4157,1340.1999999999998,18,1,0.2872831102948464
4158,1344.9999999999998,32,1,0.28719692536175795
4159,1133.7,32,1,0.28711076628414944
4160,1220.8,25,1,0.28702463305426423
4161,1169.6000000000001,27,1,0.28693852566434797
4162,1240.2,20,1,0.2868524441066487
4163,1290.2,19,1,0.28676638837341667
4164,1137.8,26,1,0.28668035845690465
4165,1190.2,21,1,0.2865943543493676
4166,1303.1,25,1,0.2865083760430628
4167,1155.5,24,1,0.2864224235302499
4168,775.5999999999998,60,1,0.28633649680319084
4169,1354.3,22,1,0.2862505958541499
4170,1137.8,26,1,0.28616472067539367
4171,1204.3,25,1,0.28607887125919107
4172,1305.5,21,1,0.2859930475978133
4173,953.1,32,1,0.285907249683534
4174,1178.4,29,1,0.2858214775086289
4175,1089.0,25,1,0.2857357310653763
4176,1317.8,22,1,0.2856500103460567
4177,1153.5,24,1,0.2855643153429529
4178,1297.8,22,1,0.28547864604835005
4179,1040.2,24,1,0.2853930024545355
4180,1032.8,28,1,0.28530738455379917
4181,1212.8,24,1,0.28522179233843303
4182,1151.9,30,1,0.2851362258007315
4183,1240.2,20,1,0.2850506849329913
4184,1184.3,25,1,0.2849651697275114
4185,1197.3000000000002,36,1,0.28487968017659315
4186,1304.2999999999997,23,1,0.2847942162725402
4187,1054.3,28,1,0.2847087780076584
4188,1255.5,22,1,0.28462336537425614
4189,1240.2,20,1,0.2845379783646439
4190,1238.2,20,1,0.2844526169711345
4191,1187.8,25,1,0.28436728118604315
4192,1180.7,31,1,0.28428197100168734
4193,1139.0,24,1,0.28419668641038687
4194,1246.6000000000001,25,1,0.28411142740446377
4195,1190.1999999999998,21,1,0.28402619397624246
4196,1088.2,23,1,0.2839409861180496
4197,1355.5,20,1,0.28385580382221415
4198,1352.6,25,1,0.2837706470810675
4199,1287.8,23,1,0.2836855158869432
4200,1139.0,24,1,0.28360041023217714
4201,1202.6,27,1,0.2835153301091075
4202,1272.0,22,1,0.28343027551007477
4203,1239.0,22,1,0.28334524642742176
4204,1167.9,31,1,0.28326024285349355
4205,1089.0,25,1,0.28317526478063754
4206,1198.7,30,1,0.28309031220120334
4207,1289.0,21,1,0.283005385107543
4208,1233.1000000000001,26,1,0.2829204834920107
4209,1253.1000000000001,26,1,0.2828356073469631
4210,1289.0,21,1,0.282750756664759
4211,1205.5,23,1,0.2826659314377596
4212,1302.4,39,1,0.28258113165832827
4213,1190.2,21,1,0.28249635731883077
4214,1251.9,28,1,0.28241160841163515
4215,1190.2,21,1,0.2823268849291117
4216,1355.5,20,1,0.28224218686363295
4217,1147.8,25,1,0.28215751420757385
4218,1354.3,22,1,0.2820728669533116
4219,1090.2,23,1,0.28198824509322556
4220,1140.2,22,1,0.28190364861969763
4221,1303.5,21,1,0.28181907752511176
4222,1270.8,24,1,0.28173453180185426
4223,1249.9,28,1,0.2816500114423137
4224,1239.0,22,1,0.28156551643888106
4225,1087.8,27,1,0.2814810467839494
4226,994.2,34,1,0.28139660246991427
4227,1102.6,28,1,0.2813121834891733
4228,1289.0,21,1,0.28122778983412655
4229,1248.2,30,1,0.2811434214971763
4230,1189.0,23,1,0.28105907847072714
4231,1087.0,25,1,0.2809747607471859
4232,1290.2,19,1,0.28089046831896175
4233,1190.2,21,1,0.28080620117846605
4234,1187.8,25,1,0.2807219593181125
4235,1245.5,33,1,0.28063774273031705
4236,1289.0,21,1,0.280553551407498
4237,1012.6,30,1,0.28046938534207577
4238,1335.3,23,1,0.2803852445264732
4239,1137.8000000000002,26,1,0.28030112895311526
4240,1289.0,21,1,0.2802170386144293
4241,1102.3,27,1,0.280132973502845
4242,1240.2,20,1,0.28004893361079414
4243,1215.0,35,1,0.2799649189307109
4244,1035.3,29,1,0.2798809294550317
4245,1336.1,25,1,0.2797969651761952
4246,1411.4999999999998,31,1,0.27971302608664234
4247,1268.4,28,1,0.27962911217881636
4248,1290.2,19,1,0.27954522344516275
4249,1130.3000000000002,39,1,0.2794613598781292
4250,1148.5,31,1,0.27937752147016576
4251,1352.6,25,1,0.27929370821372473
4252,1239.0,22,1,0.2792099201012606
4253,1325.6,25,1,0.27912615712523026
4254,1340.1999999999998,18,1,0.2790424192780927
4255,1181.1000000000001,27,1,0.2789587065523093
4256,1240.2,20,1,0.2788750189403436
4257,1237.8,24,1,0.2787913564346615
4258,1237.8,24,1,0.2787077190277311
4259,1039.0,26,1,0.2786241067120228
4260,1087.0,25,1,0.27854051948000924
4261,1190.2,21,1,0.27845695732416526
4262,1240.2,20,1,0.27837342023696804
4263,1287.8,23,1,0.27828990821089694
4264,1249.9,28,1,0.2782064212384337
4265,1287.8,23,1,0.27812295931206216
4266,1190.2,21,1,0.27803952242426855
4267,1287.6,25,1,0.27795611056754127
4268,1337.8,22,1,0.277872723734371
4269,1120.8,26,1,0.2777893619172507
4270,1239.0,22,1,0.27770602510867554
4271,1190.2,21,1,0.27762271330114296
4272,1240.2,20,1,0.27753942648715263
4273,1140.2,22,1,0.2774561646592065
4274,1049.3,28,1,0.2773729278098087
4275,1233.1000000000001,26,1,0.2772897159314658
4276,1237.8,24,1,0.27720652901668635
4277,1290.2,19,1,0.27712336705798135
4278,1120.8,26,1,0.277040230047864
4279,1169.6,27,1,0.27695711797884964
4280,1203.1,27,1,0.276874030843456
4281,1239.0,22,1,0.276790968634203
4282,1188.2,21,1,0.27670793134361277
4283,1184.3,25,1,0.2766249189642097
4284,1289.0,21,1,0.27654193148852046
4285,1251.9,37,1,0.2764589689090739
4286,1230.5,33,1,0.2763760312184012
4287,1289.0,21,1,0.2762931184090357
4288,1434.3999999999999,26,1,0.276210230473513
4289,1217.9,29,1,0.27612736740437094
4290,1237.8000000000002,24,1,0.2760445291941496
4291,1219.6000000000001,26,1,0.27596171583539136
4292,1240.2,20,1,0.27587892732064073
4293,1239.0,22,1,0.2757961636424445
4294,1219.6000000000001,27,1,0.2757134247933518
4295,1240.2,20,1,0.27563071076591383
4296,1239.0,22,1,0.27554802155268404
4297,1287.8,23,1,0.2754653571462182
4298,1236.6,26,1,0.2753827175390744
4299,893.4,34,1,0.27530010272381267
4300,1139.0,24,1,0.27521751269299555
4301,1303.8,24,1,0.27513494743918765
4302,1138.2,22,1,0.2750524069549559
4303,1288.2,19,1,0.27496989123286947
4304,1239.0,22,1,0.2748874002654996
4305,1237.0,22,1,0.27480493404542
4306,1239.0,22,1,0.27472249256520637
4307,1239.0,22,1,0.2746400758174368
4308,1240.2,20,1,0.2745576837946916
4309,1276.6999999999998,29,1,0.2744753164895532
4310,1070.8,28,1,0.2743929738946063
4311,1059.0,35,1,0.2743106560024379
4312,1304.3,23,1,0.2742283628056372
4313,1273.8,35,1,0.27414609429679554
4314,1140.2,22,1,0.2740638504685065
4315,1019.6,29,1,0.27398163131336595
4316,1305.5,21,1,0.27389943682397194
4317,1235.6,28,1,0.27381726699292475
4318,1290.2,19,1,0.2737351218128269
4319,1285.0,43,1,0.27365300127628306
4320,1299.7,31,1,0.2735709053759002
4321,1253.5,22,1,0.2734888341042874
4322,1212.1000000000001,40,1,0.27340678745405617
4323,1302.6,26,1,0.27332476541781997
4324,1305.5,21,1,0.27324276798819463
4325,1239.0,22,1,0.2731607951577982
4326,1290.2,19,1,0.27307884691925083
4327,1239.0,22,1,0.27299692326517505
4328,1139.0,24,1,0.2729150241881955
4329,1286.6999999999998,28,1,0.2728331496809391
4330,1145.6000000000001,39,1,0.2727512997360348
4331,1339.0,20,1,0.272669474346114
4332,1160.7,30,1,0.2725876735038102
4333,1416.1999999999998,29,1,0.27250589720175905
4334,1384.3999999999999,27,1,0.2724241454325985
4335,1085.6,31,1,0.27234241818896876
4336,1327.3000000000002,34,1,0.2722607154635121
4337,1426.3999999999999,36,1,0.27217903724887305
4338,1162.6000000000001,38,1,0.2720973835376984
4339,1378.4999999999998,31,1,0.27201575432263714
4340,1180.8,37,1,0.2719341495963404
4341,1215.8,24,1,0.27185256935146146
4342,1113.0,37,1,0.27177101358065603
4343,1213.0,34,1,0.27168948227658185
4344,1343.1999999999998,29,1,0.2716079754318989
4345,1397.9999999999998,32,1,0.27152649303926935
4346,1232.0,34,1,0.2714450350913576
4347,1133.2,34,1,0.27136360158083017
4348,884.8999999999999,34,1,0.27128219250035596
4349,1284.6,25,1,0.27120080784260586
4350,1240.8000000000002,35,1,0.2711194476002531
4351,1335.6,26,1,0.27103811176597303
4352,1160.3,38,1,0.27095680033244324
4353,1029.1,41,1,0.2708755132923435
4354,1340.1999999999998,18,1,0.2707942506383558
4355,1185.6,29,1,0.2707130123631643
4356,1293.8,34,1,0.27063179845945534
4357,1287.3,24,1,0.2705506089199175
4358,1297.3000000000002,35,1,0.2704694437372415
4359,1095.0,44,1,0.27038830290412036
4360,1137.0,24,1,0.27030718641324913
4361,1361.7999999999997,33,1,0.2702260942573252
4362,1304.2999999999997,23,1,0.270145026429048
4363,1311.9,26,1,0.27006398292111927
4364,1071.7,34,1,0.2699829637262429
4365,1370.7999999999997,22,1,0.26990196883712503
4366,1189.0,23,1,0.2698209982464739
4367,1107.6,29,1,0.26974005194699996
4368,1217.8,24,1,0.2696591299314159
4369,1218.4,29,1,0.2695782321924365
4370,1340.1999999999998,18,1,0.26949735872277875
4371,1332.0,32,1,0.26941650951516194
4372,1185.6,29,1,0.2693356845623074
4373,1354.3,22,1,0.2692548838569387
4374,1204.3,25,1,0.2691741073917816
4375,1269.6,26,1,0.26909335515956406
4376,1093.0,34,1,0.2690126271530162
4377,1183.2,33,1,0.2689319233648703
4378,1237.8000000000002,24,1,0.26885124378786085
4379,1187.8,25,1,0.2687705884147245
4380,1339.0,20,1,0.2686899572382001
4381,1172.0,24,1,0.26860935025102867
4382,1239.0,22,1,0.2685287674459534
4383,1305.5,21,1,0.2684482088157196
4384,1239.0,22,1,0.2683676743530749
4385,1173.2,42,1,0.26828716405076897
4386,1304.3,23,1,0.2682066779015537
4387,1352.6,25,1,0.26812621589818325
4388,1290.2,19,1,0.2680457780334138
4389,1286.7,30,1,0.2679653643000038
4390,1187.8,25,1,0.2678849746907138
4391,884.3000000000001,39,1,0.2678046091983066
4392,1335.6,26,1,0.26772426781554715
4393,1200.7,31,1,0.2676439505352025
4394,1254.3,24,1,0.26756365735004195
4395,1290.2,19,1,0.26748338825283696
4396,1318.4,27,1,0.2674031432363611
4397,1139.0,24,1,0.2673229222933902
4398,1340.1999999999998,18,1,0.2672427254167022
4399,849.0,39,1,0.2671625525990772
4400,1240.2,20,1,0.26708240383329745
4401,1340.1999999999998,18,1,0.26700227911214747
4402,1240.2,20,1,0.2669221784284138
4403,1190.2,21,1,0.2668421017748853
4404,1204.3,25,1,0.26676204914435286
4405,1337.8,22,1,0.26668202052960954
4406,1240.2,20,1,0.2666020159234507
4407,1239.0,22,1,0.26652203531867363
4408,1140.2,22,1,0.26644207870807807
4409,1339.0,20,1,0.2663621460844657
4410,1145.2,31,1,0.26628223744064033
4411,1286.1,26,1,0.2662023527694081
4412,1005.1999999999999,33,1,0.2661224920635773
4413,1269.6000000000001,26,1,0.2660426553159582
4414,1087.8,27,1,0.2659628425193634
4415,1090.2,23,1,0.26588305366660764
4416,1289.0,21,1,0.2658032887505077
4417,1165.8,26,1,0.2657235477638825
4418,1224.9,29,1,0.2656438306995534
4419,1237.8,24,1,0.2655641375503435
4420,1290.2,19,1,0.26548446830907846
4421,1270.8000000000002,23,1,0.26540482296858575
4422,1082.6,29,1,0.2653252015216952
4423,1182.0,35,1,0.2652456039612387
4424,1400.8999999999999,27,1,0.2651660302800503
4425,1254.3,24,1,0.2650864804709663
4426,1203.1,27,1,0.265006954526825
4427,1132.2,32,1,0.26492745244046695
4428,1251.9,28,1,0.2648479742047348
4429,1205.5,23,1,0.2647685198124734
4430,1249.7,32,1,0.2646890892565297
4431,1016.2,37,1,0.2646096825297527
4432,1284.4,29,1,0.2645302996249938
4433,1349.8999999999999,26,1,0.2644509405351063
4434,1332.0,32,1,0.2643716052529458
4435,1183.2,33,1,0.2642922937713699
4436,1233.2,32,1,0.2642130060832385
4437,1289.0,21,1,0.26413374218141356
4438,1131.2,34,1,0.26405450205875913
4439,1145.3,38,1,0.2639752857081415
4440,1192.6000000000001,38,1,0.26389609312242907
4441,1268.4,28,1,0.2638169242944923
4442,1282.0,33,1,0.263737779217204
4443,1381.5,31,1,0.26365865788343884
4444,1186.6,27,1,0.2635795602860738
4445,1190.2,21,1,0.263500486417988
4446,1414.1999999999998,29,1,0.2634214362720626
4447,1332.0,32,1,0.263342409841181
4448,1283.2,31,1,0.26326340711822865
4449,1367.3999999999999,28,1,0.2631844280960932
4450,1282.4,29,1,0.2631054727676644
4451,1434.3999999999999,26,1,0.26302654112583407
4452,1190.2,21,1,0.26294763316349634
4453,1283.1999999999998,31,1,0.2628687488735473
4454,1228.5,34,1,0.2627898882488852
4455,1105.5,25,1,0.26271105128241057
4456,1310.6,37,1,0.26263223796702584
4457,1046.8,39,1,0.26255344829563576
4458,1300.9,27,1,0.26247468226114706
4459,1147.2,32,1,0.26239593985646875
4460,1225.6000000000001,39,1,0.26231722107451183
4461,1270.8,24,1,0.26223852590818947
4462,1083.1000000000001,29,1,0.262159854350417
4463,1189.0,23,1,0.26208120639411187
4464,1240.2,20,1,0.2620025820321936
4465,1155.6,40,1,0.261923981257584
4466,1328.6,38,1,0.2618454040632067
4467,1290.1999999999998,19,1,0.2617668504419878
4468,1283.2,31,1,0.2616883203868552
4469,1413.7999999999997,33,1,0.2616098138907391
4470,1313.3000000000002,36,1,0.2615313309465719
4471,1189.0,23,1,0.2614528715472879
4472,1288.2,19,1,0.26137443568582375
4473,1298.0,34,1,0.26129602335511803
4474,1298.0,34,1,0.26121763454811153
4475,1119.7,33,1,0.2611392692577471
4476,939.0,28,1,0.2610609274769698
4477,1080.5,35,1,0.26098260919872673
4478,1344.9999999999998,32,1,0.2609043144159671
4479,1139.0,24,1,0.2608260431216423
4480,1104.3,27,1,0.26074779530870584
4481,1142.5,34,1,0.26066957097011323
4482,1093.4,30,1,0.2605913700988222
4483,1153.6000000000001,40,1,0.2605131926877926
4484,905.6000000000001,45,1,0.2604350387299863
4485,1171.4,51,1,0.2603569082183673
4486,1337.8,22,1,0.2602788011459018
4487,1189.0,23,1,0.260200717505558
4488,1051.4,31,1,0.26012265729030637
4489,1082.3999999999999,33,1,0.26004462049311927
4490,1169.6,27,1,0.25996660710697134
4491,1383.1999999999998,29,1,0.25988861712483924
4492,1088.2,23,1,0.2598106505397018
4493,1304.3,23,1,0.2597327073445399
4494,983.1999999999999,37,1,0.25965478753233656
4495,1240.2,20,1,0.25957689109607684
4496,1184.4,31,1,0.25949901802874803
4497,1287.8,23,1,0.2594211683233394
4498,1185.6,29,1,0.2593433419728424
4499,1255.5,22,1,0.25926553897025056
4500,1034.4,34,1,0.2591877593085595
4501,1337.8,22,1,0.2591100029807669
4502,1045.6000000000001,43,1,0.2590322699798727
4503,1337.8,22,1,0.25895456029887876
4504,1270.8,23,1,0.2588768739307891
4505,1237.8,24,1,0.2587992108686099
4506,1303.1,25,1,0.2587215711053493
4507,1290.2,19,1,0.25864395463401774
4508,1239.0,22,1,0.2585663614476275
4509,1139.5,33,1,0.25848879153919324
4510,1009.0,34,1,0.2584112449017315
4511,1290.2,19,1,0.258333721528261
4512,1396.7999999999997,34,1,0.25825622141180254
4513,1353.1,24,1,0.25817874454537904
4514,1290.2,19,1,0.25810129092201545
4515,945.4,33,1,0.25802386053473886
4516,1047.2,34,1,0.25794645337657846
4517,1384.3999999999999,27,1,0.2578690694405655
4518,1090.8000000000002,38,1,0.25779170871973334
4519,1184.4,31,1,0.25771437120711743
4520,1248.5,34,1,0.2576370568957553
4521,1077.3000000000002,39,1,0.25755976577868656
4522,1135.6,30,1,0.25748249784895294
4523,1187.8,25,1,0.2574052530995983
4524,1313.8,35,1,0.2573280315236684
4525,1196.8,37,1,0.2572508331142113
4526,1197.2,30,1,0.25717365786427704
4527,1121.1000000000001,29,1,0.2570965057669178
4528,1295.2,29,1,0.2570193768151877
4529,1435.6,24,1,0.2569422710021432
4530,1196.5,35,1,0.25686518832084254
4531,1285.6,27,1,0.2567881287643463
4532,1464.9999999999998,30,1,0.25671109232571704
4533,1084.4,33,1,0.2566340789980193
4534,1163.8000000000002,37,1,0.25655708877431993
4535,1384.3999999999999,27,1,0.25648012164768763
4536,1235.3,25,1,0.25640317761119336
4537,1084.4,33,1,0.25632625665791
4538,1232.0,34,1,0.2562493587809126
4539,1265.0,32,1,0.25617248397327835
4540,1384.3999999999999,27,1,0.2560956322280864
4541,1234.4,30,1,0.256018803538418
4542,1285.6,27,1,0.2559419978973565
4543,1248.4,38,1,0.2558652152979873
4544,1384.3999999999999,27,1,0.25578845573339787
4545,1365.2999999999997,34,1,0.25571171919667784
4546,1284.4,29,1,0.25563500568091885
4547,1263.8,36,1,0.25555831517921457
4548,1275.1000000000001,38,1,0.2554816476846608
4549,1083.2,35,1,0.2554050031903554
4550,1313.2,30,1,0.2553283816893983
4551,1384.3999999999999,27,1,0.2552517831748915
4552,1330.8,32,1,0.25517520763993906
4553,1304.3,23,1,0.25509865507764706
4554,1046.6,29,1,0.2550221254811238
4555,1449.6999999999998,28,1,0.2549456188434795
4556,1366.1999999999998,30,1,0.25486913515782644
4557,1278.5,33,1,0.2547926744172791
4558,1235.6000000000001,28,1,0.2547162366149539
4559,1105.5,25,1,0.25463982174396943
4560,1119.6,39,1,0.25456342979744623
4561,1342.0,31,1,0.254487060768507
4562,1385.6,25,1,0.2544107146502765
4563,1278.0,33,1,0.2543343914358814
4564,1216.1000000000001,27,1,0.2542580911184506
4565,1366.1999999999998,30,1,0.2541818136911151
4566,1234.4,30,1,0.2541055591470078
4567,1234.4,30,1,0.25402932747926366
4568,1366.1999999999998,30,1,0.2539531186810199
4569,1334.3999999999999,28,1,0.25387693274541556
4570,1235.6,28,1,0.25380076966559195
4571,1184.4,31,1,0.25372462943469226
4572,1299.6999999999998,31,1,0.25364851204586186
4573,1204.3,25,1,0.2535724174922481
4574,1034.3999999999999,34,1,0.2534963457670005
4575,1189.4,41,1,0.2534202968632704
4576,1385.6,25,1,0.2533442707742114
4577,1214.2,33,1,0.25326826749297915
4578,1339.0,20,1,0.2531922870127313
4579,1183.2,33,1,0.2531163293266275
4580,1293.8000000000002,34,1,0.2530403944278295
4581,1248.4,28,1,0.25296448230950114
4582,1183.2,33,1,0.2528885929648083
4583,1333.2,30,1,0.2528127263869189
4584,1222.6000000000001,38,1,0.2527368825690028
4585,1213.2,32,1,0.2526610615042321
4586,1299.7,31,1,0.25258526318578084
4587,1285.6,27,1,0.2525094876068251
4588,1290.2,19,1,0.2524337347605431
4589,1263.0,32,1,0.25235800464011493
4590,1285.8,23,1,0.2522822972387229
4591,1234.3,24,1,0.2522066125495513
4592,1237.9,28,1,0.25213095056578644
4593,1349.7,30,1,0.2520553112806167
4594,1237.8,24,1,0.2519796946872325
4595,1006.0000000000001,36,1,0.25190410077882636
4596,1333.1999999999998,30,1,0.2518285295485927
4597,1085.6,31,1,0.25175298098972815
4598,1220.9,29,1,0.2516774550954312
4599,1260.8000000000002,35,1,0.2516019518589026
4600,1285.6,27,1,0.25152647127334493
4601,1366.1999999999998,30,1,0.25145101333196296
4602,1333.6,26,1,0.2513755780279634
4603,1285.6,27,1,0.251300165354555
4604,1299.7,31,1,0.25122477530494863
4605,1084.4,41,1,0.2511494078723572
4606,1270.8,24,1,0.25107406304999547
4607,1277.2999999999997,35,1,0.2509987408310805
4608,1239.0,22,1,0.25092344120883114
4609,1383.1999999999998,29,1,0.2508481641764685
4610,1342.6,36,1,0.25077290972721555
4611,1249.6999999999998,32,1,0.2506976778542974
4612,1334.4,28,1,0.2506224685509411
4613,1196.6000000000001,26,1,0.25054728181037583
4614,1133.2,34,1,0.2504721176258327
4615,1289.0,21,1,0.25039697599054495
4616,1133.2,34,1,0.2503218568977478
4617,1339.0,20,1,0.25024676034067844
4618,1184.4,31,1,0.25017168631257625
4619,1027.2,33,1,0.2500966348066825
4620,1240.2,20,1,0.2500216058162405
4621,1305.5,21,1,0.24994659933449564
4622,1235.6,28,1,0.2498716153546953
4623,1284.4,29,1,0.2497966538700889
4624,1066.4,42,1,0.24972171487392789
4625,949.7,38,1,0.2496467983594657
4626,1234.4,30,1,0.24957190431995788
4627,1236.1,27,1,0.2494970327486619
4628,1217.8000000000002,24,1,0.2494221836388373
4629,1299.7,31,1,0.24934735698374566
4630,1149.7,34,1,0.24927255277665056
4631,1278.8,35,1,0.24919777101081758
4632,1335.6,26,1,0.24912301167951434
4633,1180.8000000000002,35,1,0.2490482747760105
4634,1262.6000000000001,37,1,0.2489735602935777
4635,1269.6000000000001,25,1,0.24889886822548962
4636,1240.2,20,1,0.24882419856502197
4637,1377.3,33,1,0.24874955130545248
4638,1234.4,30,1,0.24867492644006087
4639,1233.2,32,1,0.24860032396212886
4640,1215.0,34,1,0.24852574386494022
4641,1435.6,24,1,0.24845118614178074
4642,1182.0,35,1,0.2483766507859382
4643,1314.9999999999998,33,1,0.24830213779070243
4644,1133.2,34,1,0.2482276471493652
4645,1282.0,33,1,0.2481531788552204
4646,1295.0,32,1,0.24807873290156385
4647,1272.0,22,1,0.2480043092816934
4648,1158.5,35,1,0.2479299079889089
4649,1378.5,31,1,0.24785552901651223
4650,1258.5,33,1,0.24778117235780728
4651,1304.3,23,1,0.24770683800609994
4652,1185.8000000000002,25,1,0.24763252595469812
4653,1384.3999999999999,27,1,0.24755823619691172
4654,1253.2,31,1,0.24748396872605266
4655,1349.6999999999998,30,1,0.24740972353543486
4656,1170.8000000000002,25,1,0.24733550061837423
4657,1350.9,28,1,0.2472612999681887
4658,1384.3999999999999,27,1,0.24718712157819828
4659,1182.0,35,1,0.2471129654417248
4660,1287.8,23,1,0.2470388315520923
4661,1433.1999999999998,28,1,0.2469647199026267
4662,995.3,40,1,0.2468906304866559
4663,1134.4,32,1,0.24681656329750992
4664,930.3000000000001,42,1,0.24674251832852068
4665,1062.0,37,1,0.24666849557302212
4666,1284.4,29,1,0.2465944950243502
4667,1343.7999999999997,33,1,0.2465205166758429
4668,1220.8000000000002,25,1,0.24644656052084016
4669,1308.5,32,1,0.2463726265526839
4670,1433.1999999999998,28,1,0.24629871476471812
4671,1333.1999999999998,30,1,0.2462248251502887
4672,1283.2,31,1,0.24615095770274362
4673,1010.8000000000001,40,1,0.2460771124154328
4674,1320.8,23,1,0.2460032892817082
4675,1332.0,32,1,0.2459294882949237
4676,1385.6,25,1,0.24585570944843524
4677,1322.0,21,1,0.24578195273560072
4678,1408.4999999999998,30,1,0.24570821814978006
4679,1100.9,33,1,0.24563450568433512
4680,1312.0,32,1,0.24556081533262983
4681,1283.2,31,1,0.24548714708803004
4682,1349.6999999999998,30,1,0.24541350094390366
4683,1284.4,29,1,0.2453398768936205
4684,1258.3999999999999,39,1,0.24526627493055242
4685,1318.3999999999999,27,1,0.24519269504807326
4686,1417.3999999999999,27,1,0.24511913723955883
4687,1184.4,31,1,0.24504560149838697
4688,1235.6000000000001,28,1,0.24497208781793747
4689,1026.1,41,1,0.2448985961915921
4690,1364.1,36,1,0.24482512661273462
4691,1116.2,35,1,0.24475167907475082
4692,1290.2,19,1,0.2446782535710284
4693,1263.3,36,1,0.2446048500949571
4694,1348.0,32,1,0.24453146863992864
4695,1287.3,24,1,0.24445810919933667
4696,1450.8999999999999,26,1,0.24438477176657689
4697,1433.1999999999998,28,1,0.24431145633504692
4698,1340.1999999999998,18,1,0.2442381628981464
4699,1185.6000000000001,29,1,0.24416489144927697
4700,1334.4,28,1,0.2440916419818422
4701,1384.3999999999999,27,1,0.24401841448924763
4702,1128.5,36,1,0.24394520896490088
4703,1283.1999999999998,31,1,0.24387202540221142
4704,1283.2,31,1,0.24379886379459076
4705,1222.6000000000001,37,1,0.24372572413545238
4706,1192.6,38,1,0.24365260641821174
4707,1210.8,36,1,0.24357951063628627
4708,1334.3999999999999,28,1,0.2435064367830954
4709,1262.6000000000001,36,1,0.24343338485206045
4710,1378.5,31,1,0.24336035483660484
4711,1348.4999999999998,32,1,0.24328734673015387
4712,1110.6,39,1,0.24321436052613482
4713,1333.1999999999998,30,1,0.24314139621797698
4714,1170.8,26,1,0.2430684537991116
4715,1315.0,33,1,0.24299553326297188
4716,1381.9999999999998,31,1,0.242922634602993
4717,1335.6,26,1,0.2428497578126121
4718,1275.6,37,1,0.24277690288526832
4719,1037.0,26,1,0.24270406981440273
4720,1310.3000000000002,35,1,0.2426312585934584
4721,1289.0,21,1,0.24255846921588037
4722,1263.2,31,1,0.2424857016751156
4723,1290.2,19,1,0.24241295596461307
4724,1177.6,39,1,0.24234023207782368
4725,1241.4,40,1,0.24226753000820034
4726,1295.6,37,1,0.2421948497491979
4727,1284.3999999999999,29,1,0.24212219129427315
4728,1285.6,27,1,0.24204955463688488
4729,1283.2,31,1,0.2419769397704938
4730,1237.0,22,1,0.24190434668856267
4731,1122.0,25,1,0.2418317753845561
4732,1284.3999999999999,29,1,0.24175922585194076
4733,1282.4,29,1,0.2416866980841852
4734,1350.8999999999999,28,1,0.24161419207475995
4735,1291.1999999999998,30,1,0.24154170781713755
4736,1322.0,21,1,0.2414692453047924
4737,1099.7,35,1,0.241396804531201
4738,1237.3,25,1,0.24132438548984164
4739,1385.6,25,1,0.2412519881741947
4740,1366.1999999999998,30,1,0.24117961257774242
4741,1285.6,27,1,0.24110725869396912
4742,1266.2,32,1,0.24103492651636094
4743,1281.5,34,1,0.24096261603840605
4744,1383.1999999999998,29,1,0.24089032725359452
4745,1189.0,23,1,0.24081806015541846
4746,1187.8,25,1,0.24074581473737183
4747,1340.1999999999998,18,1,0.24067359099295063
4748,989.0,27,1,0.24060138891565275
4749,1289.0,21,1,0.24052920849897805
4750,1355.5,20,1,0.24045704973642837
4751,1190.2,21,1,0.24038491262150743
4752,1236.6,26,1,0.240312797147721
4753,1337.8,22,1,0.2402407033085767
4754,1400.8999999999999,27,1,0.24016863109758413
4755,1372.2999999999997,22,1,0.24009658050825486
4756,1231.2,32,1,0.2400245515341024
4757,1172.0,24,1,0.23995254416864217
4758,1255.5,22,1,0.23988055840539158
4759,1435.6,24,1,0.23980859423786996
4760,1198.4,29,1,0.2397366516595986
4761,1339.0,20,1,0.2396647306641007
4762,1255.5,22,1,0.2395928312449015
4763,1290.2,19,1,0.23952095339552804
4764,1239.0,22,1,0.23944909710950937
4765,1322.0,21,1,0.23937726238037652
4766,1289.0,21,1,0.2393054492016624
4767,1290.2,19,1,0.23923365756690193
4768,1190.2,21,1,0.23916188746963188
4769,1239.0,22,1,0.239090138903391
4770,1355.5,20,1,0.23901841186172
4771,1198.6000000000001,50,1,0.23894670633816148
4772,1348.4,26,1,0.23887502232626004
4773,1205.5,23,1,0.23880335981956216
4774,1236.6,26,1,0.2387317188116163
4775,1287.8,23,1,0.23866009929597284
4776,1222.0,23,1,0.23858850126618406
4777,1239.0,22,1,0.2385169247158042
4778,1137.8,26,1,0.23844536963838947
4779,1340.1999999999998,18,1,0.23837383602749795
4780,1230.7,30,1,0.2383023238766897
4781,1077.6,40,1,0.2382308331795267
4782,1287.8,23,1,0.23815936392957285
4783,1239.0,22,1,0.23808791612039398
4784,1239.0,22,1,0.23801648974555786
4785,1030.7,32,1,0.23794508479863422
4786,1340.1999999999998,18,1,0.23787370127319463
4787,1287.8,23,1,0.23780233916281268
4788,1204.3000000000002,25,1,0.23773099846106385
4789,1240.2,20,1,0.23765967916152553
4790,1239.0,22,1,0.23758838125777706
4791,1146.8,39,1,0.23751710474339974
4792,1319.6,25,1,0.23744584961197673
4793,1205.5,23,1,0.23737461585709316
4794,1287.8,23,1,0.23730340347233603
4795,1290.2,19,1,0.23723221245129433
4796,1340.1999999999998,18,1,0.23716104278755895
4797,1283.2,31,1,0.2370898944747227
4798,1289.0,21,1,0.2370187675063803
4799,1164.6,27,1,0.2369476618761284
4800,1189.0,23,1,0.23687657757756556
4801,1289.0,21,1,0.2368055146042923
4802,1450.8999999999999,26,1,0.236734472949911
4803,1096.6000000000001,28,1,0.23666345260802604
4804,1190.2,21,1,0.23659245357224365
4805,1190.2,21,1,0.23652147583617197
4806,1340.1999999999998,18,1,0.23645051939342113
4807,1263.1000000000001,25,1,0.2363795842376031
4808,1089.6000000000001,36,1,0.23630867036233183
4809,1166.6000000000001,27,1,0.23623777776122315
4810,1269.6000000000001,26,1,0.23616690642789478
4811,987.8,29,1,0.23609605635596642
4812,1240.2,20,1,0.23602522753905963
4813,1270.0,22,1,0.2359544199707979
4814,1180.7,30,1,0.2358836336448067
4815,1370.8,22,1,0.23581286855471326
4816,1240.2,20,1,0.23574212469414685
4817,1335.3999999999999,26,1,0.23567140205673862
4818,1270.8,24,1,0.2356007006361216
4819,1290.1999999999998,19,1,0.23553002042593077
4820,1289.0,21,1,0.235459361419803
4821,1290.2,19,1,0.23538872361137708
4822,1339.0,20,1,0.23531810699429367
4823,1285.8,23,1,0.2352475115621954
4824,1287.8000000000002,23,1,0.23517693730872674
4825,1289.0,21,1,0.23510638422753413
4826,1255.5,22,1,0.23503585231226587
4827,1319.6,25,1,0.2349653415565722
4828,1322.0,21,1,0.23489485195410523
4829,1265.0,34,1,0.234824383498519
4830,1061.8999999999999,31,1,0.23475393618346946
4831,1251.8999999999999,27,1,0.23468351000261442
4832,1319.6,25,1,0.23461310494961365
4833,1072.0,26,1,0.23454272101812879
4834,1245.4,27,1,0.23447235820182336
4835,1234.4,30,1,0.23440201649436282
4836,1188.2,21,1,0.23433169588941452
4837,1215.0,35,1,0.2342613963806477
4838,1290.1999999999998,19,1,0.2341911179617335
4839,1316.1999999999998,31,1,0.234120860626345
4840,1355.5,20,1,0.2340506243681571
4841,1022.3000000000001,29,1,0.23398040918084667
4842,1195.4,28,1,0.23391021505809242
4843,1280.8,35,1,0.233840041993575
4844,1159.6000000000001,38,1,0.23376988998097695
4845,1259.6,37,1,0.23369975901398266
4846,1312.0,32,1,0.23362964908627848
4847,1346.8,33,1,0.2335595601915526
4848,1200.7,31,1,0.23348949232349514
4849,1137.8,26,1,0.2334194454757981
4850,1380.0,31,1,0.23334941964215536
4851,1234.3,24,1,0.23327941481626271
4852,1184.4,31,1,0.23320943099181785
4853,1230.0,34,1,0.23313946816252032
4854,1263.0,34,1,0.23306952632207156
4855,977.6,41,1,0.23299960546417495
4856,1040.2,24,1,0.2329297055825357
4857,1299.7,31,1,0.23285982667086094
4858,1240.2,20,1,0.2327899687228597
4859,1299.6999999999998,31,1,0.23272013173224285
4860,1316.5,33,1,0.23265031569272318
4861,1383.1999999999998,29,1,0.23258052059801537
4862,1255.5,22,1,0.23251074644183597
4863,1199.7,33,1,0.23244099321790343
4864,1132.0,36,1,0.23237126091993807
4865,1232.6000000000001,26,1,0.2323015495416621
4866,1263.0,32,1,0.2322318590767996
4867,1040.2,24,1,0.23216218951907658
4868,1303.1,25,1,0.23209254086222086
4869,1240.2,20,1,0.2320229130999622
4870,1320.8,23,1,0.23195330622603222
4871,1284.4,29,1,0.23188372023416443
4872,1139.0,24,1,0.2318141551180942
4873,1240.2,20,1,0.2317446108715588
4874,1290.2,19,1,0.23167508748829732
4875,1232.8,24,1,0.23160558496205083
4876,1044.3,28,1,0.2315361032865622
4877,1305.8,23,1,0.23146664245557624
4878,1301.1,25,1,0.23139720246283957
4879,1340.1999999999998,18,1,0.23132778330210071
4880,1302.6,25,1,0.2312583849671101
4881,1340.1999999999998,18,1,0.23118900745161997
4882,1303.1,25,1,0.23111965074938448
4883,1304.3,23,1,0.23105031485415967
4884,1139.0,24,1,0.23098099975970343
4885,1383.1999999999998,29,1,0.23091170545977552
4886,1240.2,20,1,0.23084243194813758
4887,1255.5,22,1,0.23077317921855314
4888,1204.3000000000002,25,1,0.23070394726478757
4889,1164.0,32,1,0.23063473608060814
4890,1337.8,22,1,0.23056554565978396
4891,1350.9,28,1,0.23049637599608602
4892,1140.8,37,1,0.2304272270832872
4893,1305.5,21,1,0.2303580989151622
4894,1289.0,21,1,0.23028899148548768
4895,1303.1,25,1,0.23021990478804205
4896,1155.5,24,1,0.23015083881660564
4897,1264.9,27,1,0.23008179356496067
4898,1235.0,22,1,0.2300127690268912
4899,1383.1999999999998,29,1,0.22994376519618312
4900,1333.1999999999998,30,1,0.22987478206662426
4901,1190.6000000000001,39,1,0.22980581963200428
4902,1190.2,21,1,0.2297368778861147
4903,1354.3,22,1,0.22966795682274885
4904,1340.1999999999998,18,1,0.22959905643570203
4905,1137.8000000000002,26,1,0.22953017671877132
4906,1339.0,20,1,0.2294613176657557
4907,1335.6,26,1,0.22939247927045597
4908,1153.1,28,1,0.22932366152667485
4909,1235.6,28,1,0.22925486442821685
4910,1335.6,26,1,0.2291860879688884
4911,1200.9,31,1,0.22911733214249774
4912,1048.5,38,1,0.229048596942855
4913,1341.9999999999998,31,1,0.22897988236377215
4914,1334.4,28,1,0.22891118839906302
4915,1271.4,39,1,0.2288425150425433
4916,1282.0,33,1,0.22877386228803054
4917,1400.8999999999999,27,1,0.22870523012934413
4918,1331.1999999999998,30,1,0.22863661856030534
4919,1280.8000000000002,35,1,0.22856802757473726
4920,1240.2,20,1,0.22849945716646486
4921,1288.2,19,1,0.22843090732931493
4922,1235.8000000000002,24,1,0.22836237805711615
4923,1186.1,27,1,0.22829386934369902
4924,1359.1,36,1,0.22822538118289593
4925,1172.6,39,1,0.22815691356854106
4926,1284.4,29,1,0.2280884664944705
4927,1216.5,35,1,0.22802003995452216
4928,1435.6,24,1,0.22795163394253581
4929,1384.3999999999999,27,1,0.22788324845235305
4930,1384.3999999999999,27,1,0.22781488347781736
4931,1414.9999999999998,30,1,0.22774653901277403
4932,1335.6,26,1,0.2276782150510702
4933,1234.4,30,1,0.22760991158655489
4934,1283.2,31,1,0.22754162861307892
4935,1384.8999999999999,26,1,0.227473366124495
4936,1083.2,35,1,0.22740512411465766
4937,1355.5,20,1,0.22733690257742326
4938,1276.7,41,1,0.22726870150665004
4939,1184.4,31,1,0.22720052089619805
4940,1243.2,31,1,0.2271323607399292
4941,1266.1,26,1,0.22706422103170723
4942,1113.8,39,1,0.22699610176539772
4943,1270.8,23,1,0.22692800293486812
4944,1289.0,21,1,0.22685992453398768
4945,1182.0,35,1,0.2267918665566275
4946,1095.8,26,1,0.22672382899666052
4947,1139.0,24,1,0.22665581184796152
4948,1355.5,20,1,0.22658781510440715
4949,1140.2,22,1,0.22651983875987583
4950,1067.0,37,1,0.22645188280824788
4951,1290.2,19,1,0.2263839472434054
4952,1290.2,19,1,0.2263160320592324
4953,1187.0,23,1,0.22624813724961462
4954,1290.2,19,1,0.22618026280843975
4955,1270.8,23,1,0.22611240872959723
4956,1240.2,20,1,0.22604457500697836
4957,1150.2,32,1,0.22597676163447628
4958,1183.4,29,1,0.22590896860598594
4959,1267.8,23,1,0.22584119591540416
4960,1257.2,29,1,0.22577344355662954
4961,1242.0,30,1,0.22570571152356256
4962,1435.6,24,1,0.2256379998101055
4963,1319.6,25,1,0.22557030841016246
4964,1220.8,25,1,0.22550263731763942
4965,1322.0,21,1,0.22543498652644414
4966,1322.0,21,1,0.22536735603048622
4967,1386.1,24,1,0.22529974582367707
4968,1240.2,20,1,0.22523215589992998
4969,1284.4,29,1,0.22516458625316002
4970,1088.2,23,1,0.22509703687728408
4971,1370.8,22,1,0.2250295077662209
4972,1337.8,22,1,0.22496199891389104
4973,1246.6000000000001,25,1,0.2248945103142169
4974,1403.8,22,1,0.22482704196112263
4975,1339.0,20,1,0.2247595938485343
4976,1251.4,29,1,0.22469216597037975
4977,1290.2,19,1,0.22462475832058865
4978,1257.3,24,1,0.22455737089309247
4979,1239.0,22,1,0.22449000368182453
4980,1287.8,23,1,0.22442265668072
4981,1234.6000000000001,26,1,0.2243553298837158
4982,1167.8,25,1,0.22428802328475067
4983,1080.2,30,1,0.22422073687776525
4984,1147.2,30,1,0.22415347065670194
4985,1416.4999999999998,31,1,0.22408622461550493
4986,1355.5,20,1,0.22401899874812028
4987,1339.0,20,1,0.22395179304849586
4988,1220.8,24,1,0.2238846075105813
4989,1127.2,30,1,0.22381744212832816
4990,1381.3999999999999,26,1,0.22375029689568968
4991,1352.6,25,1,0.22368317180662098
4992,1202.6,28,1,0.223616066855079
4993,1241.8,36,1,0.2235489820350225
4994,1302.6,26,1,0.223481917340412
4995,1284.4,29,1,0.22341487276520988
4996,1353.1,24,1,0.22334784830338034
4997,1137.8,26,1,0.22328084394888933
4998,1399.1999999999998,30,1,0.22321385969570468
4999,1185.8,25,1,0.22314689553779596
5000,1234.3,24,1,0.22307995146913462
5001,1287.0,21,1,0.2230130274836939
5002,1340.1999999999998,18,1,0.2229461235754488
5003,1239.0,22,1,0.22287923973837617
5004,1287.8000000000002,23,1,0.22281237596645467
5005,1289.0,21,1,0.22274553225366475
5006,1339.0,20,1,0.22267870859398867
5007,1252.6000000000001,27,1,0.22261190498141048
5008,1305.5,21,1,0.22254512140991606
5009,1255.5,22,1,0.2224783578734931
5010,1176.7,31,1,0.22241161436613105
5011,1285.6000000000001,27,1,0.22234489088182122
5012,1084.4,33,1,0.22227818741455668
5013,1289.0,21,1,0.22221150395833233
5014,1335.6,26,1,0.22214484050714484
5015,1233.2,32,1,0.2220781970549927
5016,1392.0,30,1,0.22201157359587623
5017,1222.3000000000002,25,1,0.22194497012379746
5018,1330.0,32,1,0.22187838663276033
5019,1150.7,31,1,0.2218118231167705
5020,1081.3,46,1,0.22174527956983547
5021,1287.8,23,1,0.22167875598596454
5022,1287.8,23,1,0.22161225235916876
5023,1126.7,33,1,0.22154576868346101
5024,1392.1,36,1,0.22147930495285598
5025,1305.5,21,1,0.22141286116137013
5026,1237.8,24,1,0.22134643730302173
5027,1197.8000000000002,24,1,0.22128003337183083
5028,1240.2,20,1,0.22121364936181928
5029,1094.8000000000002,34,1,0.22114728526701075
5030,1137.8,26,1,0.22108094108143064
5031,1425.6,35,1,0.22101461679910622
5032,1189.0,23,1,0.2209483124140665
5033,1234.3000000000002,24,1,0.2208820279203423
5034,1167.6,26,1,0.22081576331196623
5035,1185.6,29,1,0.22074951858297265
5036,1384.3999999999999,27,1,0.22068329372739776
5037,1315.0,32,1,0.22061708873927954
5038,1385.6,25,1,0.22055090361265778
5039,1128.8,38,1,0.22048473834157398
5040,1304.3,23,1,0.22041859292007152
5041,1133.6,30,1,0.2203524673421955
5042,1099.6000000000001,39,1,0.22028636160199283
5043,1134.4,32,1,0.22022027569351224
5044,1416.1999999999998,29,1,0.2201542096108042
5045,1385.6,25,1,0.22008816334792097
5046,1285.6000000000001,27,1,0.22002213689891661
5047,1234.4,30,1,0.21995613025784694
5048,1150.5,44,1,0.21989014341876958
5049,1285.6,27,1,0.21982417637574397
5050,1334.6,24,1,0.21975822912283124
5051,1146.8,37,1,0.2196923016540944
5052,1212.6000000000001,37,1,0.21962639396359818
5053,1378.5,31,1,0.2195605060454091
5054,1385.6,25,1,0.2194946378935955
5055,992.4000000000001,44,1,0.2194287895022274
5056,1202.9,39,1,0.21936296086537674
5057,1340.1999999999998,18,1,0.21929715197711713
5058,1235.6,28,1,0.219231362831524
5059,1314.2,31,1,0.21916559342267455
5060,1335.6,26,1,0.21909984374464775
5061,1250.9,30,1,0.21903411379152435
5062,1232.7,33,1,0.2189684035573869
5063,1282.0,33,1,0.2189027130363197
5064,1197.3,37,1,0.2188370422224088
5065,1184.4,31,1,0.21877139110974209
5066,1364.9999999999998,31,1,0.21870575969240916
5067,1298.7999999999997,34,1,0.21864014796450143
5068,1413.7999999999997,32,1,0.21857455592011207
5069,1233.2,32,1,0.21850898355333603
5070,1181.2,33,1,0.21844343085827003
5071,1334.4,28,1,0.21837789782901257
5072,1384.3999999999999,27,1,0.21831238445966386
5073,1464.9999999999998,30,1,0.21824689074432596
5074,1263.2,31,1,0.21818141667710267
5075,1072.1,39,1,0.21811596225209953
5076,1184.4,31,1,0.2180505274634239
5077,1333.1999999999998,30,1,0.21798511230518489
5078,1366.1999999999998,30,1,0.21791971677149333
5079,1211.2,32,1,0.21785434085646188
5080,1365.0,32,1,0.21778898455420495
5081,1339.0,20,1,0.2177236478588387
5082,1283.6,27,1,0.21765833076448104
5083,1363.1999999999998,29,1,0.2175930332652517
5084,1304.3,23,1,0.21752775535527213
5085,1335.6,26,1,0.21746249702866555
5086,1135.8,26,1,0.21739725827955694
5087,1232.4,30,1,0.21733203910207308
5088,1285.6,27,1,0.21726683949034245
5089,1381.9999999999998,31,1,0.21720165943849534
5090,1246.6,25,1,0.2171364989406638
5091,1124.8999999999999,39,1,0.21707135799098162
5092,1279.9999999999998,33,1,0.21700623658358434
5093,1239.4,38,1,0.21694113471260926
5094,1091.4,43,1,0.21687605237219548
5095,1334.3999999999999,28,1,0.21681098955648384
5096,1230.8000000000002,34,1,0.2167459462596169
5097,1283.2,31,1,0.21668092247573903
5098,1332.3999999999999,28,1,0.2166159181989963
5099,1334.3999999999999,28,1,0.21655093342353662
5100,1335.6,26,1,0.21648596814350957
5101,1231.5,35,1,0.2164210223530665
5102,1290.8000000000002,34,1,0.2163560960463606
5103,1284.4,29,1,0.2162911892175467
5104,1302.6,26,1,0.21622630186078143
5105,1228.8999999999999,40,1,0.2161614339702232
5106,1306.1,24,1,0.21609658554003214
5107,1190.2,21,1,0.21603175656437013
5108,982.9,44,1,0.21596694703740082
5109,1335.6,26,1,0.21590215695328963
5110,1172.0,24,1,0.21583738630620364
5111,1322.0,21,1,0.21577263509031178
5112,1265.0,33,1,0.2157079032997847
5113,1082.4,33,1,0.21564319092879478
5114,1175.6000000000001,39,1,0.21557849797151615
5115,1181.4,29,1,0.21551382442212472
5116,1270.8,24,1,0.2154491702747981
5117,1284.4,29,1,0.21538453552371567
5118,1183.2,33,1,0.21531992016305856
5119,1192.6,38,1,0.21525532418700966
5120,1247.3000000000002,36,1,0.21519074758975357
5121,1182.4,31,1,0.21512619036547664
5122,1283.2,31,1,0.215061652508367
5123,1290.2,19,1,0.2149971340126145
5124,1378.5,31,1,0.2149326348724107
5125,1089.0,25,1,0.214868155081949
5126,1126.1,40,1,0.21480369463542442
5127,1313.8,35,1,0.2147392535270338
5128,1240.2,20,1,0.21467483175097568
5129,1284.4,29,1,0.21461042930145038
5130,1366.1999999999998,29,1,0.21454604617265996
5131,1215.0,35,1,0.21448168235880816
5132,1289.0,21,1,0.21441733785410053
5133,1322.0,21,1,0.2143530126527443
5134,1289.0,21,1,0.2142887067489485
5135,1189.0,23,1,0.21422442013692383
5136,1187.9,29,1,0.21416015281088277
5137,1240.2,20,1,0.2140959047650395
5138,1290.2,19,1,0.21403167599361
5139,1239.0,22,1,0.21396746649081194
5140,1237.8000000000002,24,1,0.2139032762508647
5141,1287.8,23,1,0.21383910526798944
5142,1290.2,19,1,0.21377495353640905
5143,1190.2,21,1,0.21371082105034814
5144,1240.2,20,1,0.21364670780403305
5145,1148.4,29,1,0.21358261379169186
5146,1334.4,28,1,0.21351853900755435
5147,1281.9999999999998,33,1,0.2134544834458521
5148,1380.2999999999997,33,1,0.21339044710081836
5149,1283.1999999999998,31,1,0.21332642996668813
5150,1220.8,25,1,0.21326243203769812
5151,1220.8,25,1,0.21319845330808682
5152,1288.2,19,1,0.2131344937720944
5153,1290.2,19,1,0.21307055342396278
5154,1154.3,26,1,0.2130066322579356
5155,1287.8,23,1,0.21294273026825822
5156,1384.3999999999999,27,1,0.21287884744917776
5157,1384.3999999999999,27,1,0.212814983794943
5158,1163.2,33,1,0.21275113929980455
5159,1299.7,31,1,0.2126873139580146
5160,1327.2999999999997,34,1,0.2126235077638272
5161,1435.6,24,1,0.21255972071149806
5162,1384.3999999999999,27,1,0.21249595279528463
5163,1384.3999999999999,27,1,0.21243220400944604
5164,1372.0,20,1,0.2123684743482432
5165,1283.1999999999998,31,1,0.21230476380593874
5166,1322.0,21,1,0.21224107237679696
5167,1110.5,34,1,0.21217740005508393
5168,1239.0,22,1,0.2121137468350674
5169,1237.8,24,1,0.21205011271101687
5170,1199.9,28,1,0.21198649767720357
5171,1255.5,22,1,0.2119229017279004
5172,1289.0,21,1,0.21185932485738204
5173,1322.0,21,1,0.21179576705992484
5174,1187.8,25,1,0.21173222832980687
5175,1255.5,22,1,0.21166870866130794
5176,1214.0,32,1,0.21160520804870955
5177,1087.8,27,1,0.21154172648629493
5178,1139.0,24,1,0.21147826396834904
5179,1155.5,24,1,0.21141482048915855
5180,1337.8,22,1,0.2113513960430118
5181,1354.3,22,1,0.21128799062419892
5182,1212.2,33,1,0.21122460422701167
5183,1233.1000000000001,26,1,0.21116123684574356
5184,1353.8,23,1,0.21109788847468985
5185,1190.2,21,1,0.21103455910814745
5186,1287.0,21,1,0.210971248740415
5187,1372.2999999999997,22,1,0.2109079573657929
5188,1354.3,22,1,0.21084468497858316
5189,1289.0,21,1,0.2107814315730896
5190,1240.2,20,1,0.21071819714361767
5191,1216.6,25,1,0.21065498168447458
5192,1290.2,19,1,0.21059178518996924
5193,1240.2,20,1,0.21052860765441225
5194,1240.2,20,1,0.21046544907211592
5195,1290.1999999999998,19,1,0.2104023094373943
5196,1285.8,23,1,0.2103391887445631
5197,1339.0,20,1,0.21027608698793973
5198,1240.2,20,1,0.21021300416184335
5199,1229.5,32,1,0.2101499402605948
5200,1304.3,23,1,0.21008689527851662
5201,1083.2,35,1,0.21002386920993307
5202,1220.8,25,1,0.2099608620491701
5203,1304.3,23,1,0.20989787379055536
5204,1214.6000000000001,26,1,0.2098349044284182
5205,1067.9,32,1,0.2097719539570897
5206,1340.1999999999998,18,1,0.20970902237090258
5207,1340.1999999999998,18,1,0.2096461096641913
5208,1290.2,19,1,0.20958321583129205
5209,1288.2,19,1,0.20952034086654267
5210,1190.2,21,1,0.20945748476428272
5211,1254.3,24,1,0.20939464751885345
5212,1183.2,33,1,0.2093318291245978
5213,1140.2,22,1,0.20926902957586044
5214,1340.1999999999998,18,1,0.2092062488669877
5215,1156.4,30,1,0.2091434869923276
5216,1238.2,20,1,0.2090807439462299
5217,1318.6,35,1,0.20901801972304604
5218,1263.1,25,1,0.20895531431712913
5219,1215.3,37,1,0.208892627722834
5220,1234.4,30,1,0.20882995993451717
5221,1133.4,29,1,0.20876731094653683
5222,1290.2,19,1,0.20870468075325288
5223,1385.6,25,1,0.2086420693490269
5224,1290.2,19,1,0.2085794767282222
5225,1233.1,26,1,0.20851690288520372
5226,1292.1,38,1,0.20845434781433816
5227,1190.2,21,1,0.20839181150999386
5228,1340.1999999999998,18,1,0.20832929396654087
5229,1369.6,24,1,0.20826679517835092
5230,1253.8,25,1,0.20820431513979742
5231,1290.2,19,1,0.2081418538452555
5232,1339.0,20,1,0.20807941128910193
5233,1188.2,21,1,0.2080169874657152
5234,1267.8,23,1,0.2079545823694755
5235,1383.1999999999998,29,1,0.20789219599476466
5236,1434.3999999999999,26,1,0.20782982833596625
5237,1089.0,25,1,0.20776747938746545
5238,1334.3999999999999,28,1,0.2077051491436492
5239,1155.5,24,1,0.20764283759890612
5240,1384.3999999999999,27,1,0.20758054474762644
5241,1476.7999999999997,32,1,0.20751827058420216
5242,1353.8,23,1,0.20745601510302691
5243,1266.6,25,1,0.207393778298496
5244,1237.8000000000002,24,1,0.20733156016500645
5245,1303.1,25,1,0.20726936069695695
5246,1235.8,24,1,0.20720717988874787
5247,1287.8000000000002,23,1,0.20714501773478125
5248,1355.5,20,1,0.2070828742294608
5249,1272.0,22,1,0.20702074936719198
5250,1267.8999999999999,28,1,0.20695864314238183
5251,1255.5,22,1,0.20689655554943912
5252,1198.4,29,1,0.20683448658277429
5253,1337.8,22,1,0.20677243623679947
5254,1334.4,28,1,0.20671040450592845
5255,1254.3,24,1,0.2066483913845767
5256,1139.0,24,1,0.20658639686716132
5257,1265.0,33,1,0.20652442094810117
5258,1139.0,24,1,0.20646246362181675
5259,1221.9,41,1,0.20640052488273022
5260,1187.8,25,1,0.2063386047252654
5261,1170.8,26,1,0.20627670314384783
5262,1284.4,29,1,0.20621482013290468
5263,1284.4,29,1,0.2061529556868648
5264,1240.2,20,1,0.20609110980015877
5265,1360.2999999999997,33,1,0.20602928246721872
5266,1248.5,34,1,0.20596747368247856
5267,1385.6,25,1,0.20590568344037383
5268,1250.9,30,1,0.20584391173534172
5269,1328.5,32,1,0.20578215856182114
5270,1354.3,22,1,0.2057204239142526
5271,1284.4,29,1,0.20565870778707834
5272,1290.2,19,1,0.20559701017474222
5273,1383.1999999999998,29,1,0.2055353310716898
5274,1190.2,21,1,0.2054736704723683
5275,1239.0,22,1,0.2054120283712266
5276,1215.3999999999999,31,1,0.20535040476271524
5277,1345.3,33,1,0.20528879964128643
5278,1384.3999999999999,27,1,0.20522721300139404
5279,1434.3999999999999,26,1,0.20516564483749364
5280,1413.1999999999998,28,1,0.2051040951440424
5281,1200.9,31,1,0.2050425639154992
5282,1084.3999999999999,33,1,0.20498105114632453
5283,1385.6,25,1,0.20491955683098065
5284,1282.4,29,1,0.20485808096393135
5285,1280.0,33,1,0.20479662353964218
5286,1210.8,35,1,0.2047351845525803
5287,1303.1,25,1,0.20467376399721454
5288,1189.0,23,1,0.20461236186801537
5289,1197.8,24,1,0.20455097815945497
5290,1299.6999999999998,31,1,0.20448961286600714
5291,1139.0,24,1,0.20442826598214733
5292,1237.8,24,1,0.20436693750235269
5293,1239.0,22,1,0.20430562742110198
5294,1235.8,24,1,0.20424433573287565
5295,1339.0,20,1,0.20418306243215578
5296,1350.8999999999999,28,1,0.20412180751342615
5297,1289.0,21,1,0.20406057097117214
5298,1340.1999999999998,18,1,0.2039993527998808
5299,1239.0,22,1,0.20393815299404083
5300,1303.1,25,1,0.20387697154814263
5301,1289.0,21,1,0.2038158084566782
5302,1240.2,20,1,0.20375466371414122
5303,1179.1000000000001,39,1,0.20369353731502698
5304,1339.0,20,1,0.2036324292538325
5305,1234.4,30,1,0.20357133952505635
5306,1236.6,26,1,0.20351026812319883
5307,1255.5,22,1,0.2034492150427619
5308,1240.2,20,1,0.20338818027824906
5309,1234.4,30,1,0.2033271638241656
5310,1304.3,23,1,0.20326616567501835
5311,1292.7,42,1,0.20320518582531585
5312,1139.0,24,1,0.20314422426956827
5313,1139.0,24,1,0.2030832810022874
5314,1303.1,25,1,0.2030223560179867
5315,1290.1999999999998,19,1,0.20296144931118132
5316,1189.0,23,1,0.20290056087638797
5317,1320.8,23,1,0.20283969070812505
5318,1089.0,25,1,0.20277883880091263
5319,1340.1999999999998,18,1,0.20271800514927235
5320,1283.1000000000001,25,1,0.2026571897477276
5321,1240.2,20,1,0.20259639259080328
5322,1354.3,22,1,0.20253561367302605
5323,1339.0,20,1,0.20247485298892415
5324,1197.8,24,1,0.20241411053302746
5325,1119.6,28,1,0.20235338629986757
5326,1239.0,22,1,0.20229268028397762
5327,1239.0,22,1,0.20223199247989243
5328,1247.8,23,1,0.20217132288214848
5329,1170.8,26,1,0.20211067148528383
5330,1189.0,23,1,0.20205003828383825
5331,1290.2,19,1,0.2019894232723531
5332,1340.1999999999998,18,1,0.2019288264453714
5333,1216.1000000000001,27,1,0.2018682477974378
5334,1337.8,22,1,0.2018076873230986
5335,1186.6,27,1,0.20174714501690166
5336,1403.8,22,1,0.2016866208733966
5337,1237.8,24,1,0.20162611488713458
5338,1286.6000000000001,25,1,0.20156562705266845
5339,1240.2,20,1,0.20150515736455266
5340,1339.0,20,1,0.2014447058173433
5341,1290.2,19,1,0.2013842724055981
5342,1370.7999999999997,22,1,0.20132385712387643
5343,1289.0,21,1,0.20126345996673928
5344,1187.8,25,1,0.20120308092874925
5345,1353.1,24,1,0.20114272000447064
5346,1035.8,28,1,0.2010823771884693
5347,1118.4,29,1,0.20102205247531277
5348,1367.8999999999999,27,1,0.2009617458595702
5349,1299.6999999999998,31,1,0.20090145733581233
5350,1317.9,28,1,0.20084118689861158
5351,1335.6,26,1,0.200780934542542
5352,1236.1,37,1,0.20072070026217925
5353,1151.4,31,1,0.2006604840521006
5354,1319.1,26,1,0.20060028590688497
5355,1351.3999999999999,27,1,0.20054010582111292
5356,1233.2,30,1,0.2004799437893666
5357,1203.8,26,1,0.2004197998062298
5358,1287.8,23,1,0.20035967386628792
5359,1431.9999999999998,30,1,0.20029956596412804
5360,1395.4999999999998,30,1,0.20023947609433881
5361,1303.8,24,1,0.2001794042515105
5362,1302.6,26,1,0.20011935043023507
5363,1403.8,22,1,0.200059314625106
5364,1373.3999999999999,36,1,0.1999992968307185
5365,1384.3999999999999,27,1,0.19993929704166927
5366,1283.2,31,1,0.19987931525255678
5367,1335.6,26,1,0.19981935145798102
5368,1284.4,29,1,0.19975940565254363
5369,1165.0,34,1,0.19969947783084788
5370,1334.3999999999999,28,1,0.19963956798749863
5371,1341.9999999999998,31,1,0.1995796761171024
5372,1317.2,29,1,0.19951980221426727
5373,1383.1999999999998,29,1,0.199459946273603
5374,1283.1999999999998,31,1,0.19940010828972093
5375,1400.8999999999999,27,1,0.19934028825723402
5376,1282.0,31,1,0.19928048617075686
5377,1334.4,28,1,0.19922070202490563
5378,1263.3000000000002,35,1,0.19916093581429817
5379,1187.3,26,1,0.19910118753355388
5380,1379.6999999999998,29,1,0.19904145717729382
5381,1433.1999999999998,28,1,0.19898174474014063
5382,1201.4,30,1,0.1989220502167186
5383,1312.6,36,1,0.1988623736016536
5384,1216.7,32,1,0.1988027148895731
5385,1366.1999999999998,30,1,0.19874307407510625
5386,1335.6,26,1,0.19868345115288372
5387,1435.6,24,1,0.19862384611753786
5388,1299.6999999999998,31,1,0.1985642589637026
5389,1300.8999999999999,29,1,0.1985046896860135
5390,1248.5,34,1,0.1984451382791077
5391,1313.2,30,1,0.19838560473762398
5392,1283.2,31,1,0.1983260890562027
5393,1431.9999999999998,30,1,0.19826659122948584
5394,1196.8000000000002,36,1,0.198207111252117
5395,1334.4,28,1,0.1981476491187414
5396,1331.9999999999998,32,1,0.19808820482400577
5397,1330.3,35,1,0.19802877836255858
5398,1333.6,26,1,0.19796936972904983
5399,1262.0,33,1,0.1979099789181311
5400,1281.2,31,1,0.1978506059244557
5401,1334.4,28,1,0.19779125074267837
5402,1189.6,38,1,0.19773191336745558
5403,1302.6,26,1,0.19767259379344534
5404,1225.5,33,1,0.1976132920153073
5405,1140.2,22,1,0.19755400802770273
5406,1339.0,20,1,0.19749474182529442
5407,1190.2,21,1,0.19743549340274683
5408,1255.5,22,1,0.197376262754726
5409,1185.8,25,1,0.1973170498758996
5410,1303.1,25,1,0.19725785476093682
5411,1125.0,36,1,0.19719867740450855
5412,1339.0,20,1,0.19713951780128722
5413,1270.8,24,1,0.19708037594594685
5414,1305.1999999999998,29,1,0.19702125183316307
5415,1137.8000000000002,26,1,0.19696214545761312
5416,1237.8,24,1,0.19690305681397585
5417,1383.1999999999998,29,1,0.19684398589693167
5418,1290.2,19,1,0.1967849327011626
5419,1287.0,21,1,0.19672589722135225
5420,1258.8,24,1,0.19666687945218586
5421,1269.6000000000001,24,1,0.1966078793883502
5422,1237.8,24,1,0.1965488970245337
5423,1383.1999999999998,29,1,0.19648993235542636
5424,1336.1,25,1,0.19643098537571974
5425,1134.6,28,1,0.19637205608010702
5426,1286.4,27,1,0.196313144463283
5427,1139.0,24,1,0.19625425051994402
5428,1255.5,22,1,0.19619537424478806
5429,1319.1,26,1,0.19613651563251464
5430,1290.1999999999998,19,1,0.1960776746778249
5431,1290.2,19,1,0.19601885137542155
5432,1279.0,30,1,0.19596004572000894
5433,1237.8,24,1,0.19590125770629294
5434,1237.0,22,1,0.19584248732898105
5435,1340.1999999999998,18,1,0.19578373458278236
5436,1335.6,26,1,0.19572499946240754
5437,1340.1999999999998,18,1,0.19566628196256883
5438,1287.3,24,1,0.19560758207798007
5439,1165.6,28,1,0.19554889980335668
5440,1302.6,26,1,0.19549023513341568
5441,1339.0,20,1,0.19543158806287567
5442,1303.1,25,1,0.1953729585864568
5443,1187.8,25,1,0.19531434669888087
5444,1183.2,33,1,0.19525575239487122
5445,1237.8,24,1,0.19519717566915276
5446,1139.0,24,1,0.19513861651645203
5447,1416.1999999999998,29,1,0.1950800749314971
5448,1340.1999999999998,18,1,0.19502155090901765
5449,1270.8,24,1,0.19496304444374496
5450,1265.0,34,1,0.19490455553041183
5451,1289.0,21,1,0.1948460841637527
5452,1290.1999999999998,19,1,0.19478763033850358
5453,1240.2,20,1,0.19472919404940203
5454,1340.1999999999998,18,1,0.19467077529118723
5455,1254.3,24,1,0.19461237405859988
5456,1299.1,25,1,0.1945539903463823
5457,1218.4,28,1,0.19449562414927837
5458,1290.2,19,1,0.1944372754620336
5459,1290.2,19,1,0.194378944279395
5460,1340.1999999999998,18,1,0.19432063059611118
5461,1339.0,20,1,0.19426233440693236
5462,1340.1999999999998,18,1,0.19420405570661028
5463,1304.3,23,1,0.1941457944898983
5464,1365.0,32,1,0.19408755075155135
5465,1285.6000000000001,27,1,0.1940293244863259
5466,1185.6,29,1,0.19397111568898
5467,1239.0,22,1,0.19391292435427332
5468,1284.4,29,1,0.19385475047696704
5469,1234.4,30,1,0.19379659405182395
5470,1185.6,29,1,0.1937384550736084
5471,1334.4,28,1,0.19368033353708633
5472,1383.1999999999998,29,1,0.1936222294370252
5473,1284.4,29,1,0.1935641427681941
5474,1266.2,32,1,0.19350607352536364
5475,1434.3999999999999,26,1,0.19344802170330605
5476,1310.8,34,1,0.19338998729679507
5477,1335.6,26,1,0.19333197030060603
5478,1243.8,35,1,0.19327397070951585
5479,1370.8,22,1,0.19321598851830302
5480,1284.4,29,1,0.19315802372174753
5481,1240.2,20,1,0.19310007631463103
5482,1154.8999999999999,29,1,0.19304214629173663
5483,1381.9999999999998,31,1,0.1929842336478491
5484,1189.0,23,1,0.19292633837775477
5485,1287.3,24,1,0.19286846047624145
5486,1263.8000000000002,36,1,0.1928105999380986
5487,1433.1999999999998,28,1,0.19275275675811718
5488,1287.8,23,1,0.19269493093108975
5489,1337.8,22,1,0.19263712245181042
5490,1205.5,23,1,0.19257933131507488
5491,1240.2,20,1,0.19252155751568037
5492,1140.2,22,1,0.19246380104842567
5493,1290.1999999999998,19,1,0.19240606190811116
5494,1322.3,23,1,0.19234834008953874
5495,1220.8,25,1,0.1922906355875119
5496,1290.2,19,1,0.19223294839683563
5497,1237.8,24,1,0.19217527851231658
5498,1252.6000000000001,27,1,0.1921176259287629
5499,1289.0,21,1,0.19205999064098425
5500,1289.0,21,1,0.19200237264379197
5501,1254.3000000000002,24,1,0.19194477193199883
5502,1403.8,22,1,0.19188718850041922
5503,1237.8,24,1,0.1918296223438691
5504,1337.8,22,1,0.19177207345716596
5505,1340.1999999999998,18,1,0.19171454183512882
5506,1240.2,20,1,0.1916570274725783
5507,1233.2,31,1,0.19159953036433652
5508,1321.1,25,1,0.19154205050522724
5509,1355.5,20,1,0.1914845878900757
5510,1137.8,26,1,0.19142714251370868
5511,1348.0,33,1,0.19136971437095457
5512,1296.8000000000002,36,1,0.1913123034566433
5513,1289.0,21,1,0.1912549097656063
5514,1290.2,19,1,0.19119753329267664
5515,1237.8,24,1,0.19114017403268885
5516,1240.2,20,1,0.19108283198047904
5517,1339.0,20,1,0.1910255071308849
5518,1239.0,22,1,0.19096819947874563
5519,1254.3,24,1,0.190910909018902
5520,1340.1999999999998,18,1,0.19085363574619635
5521,1215.0,35,1,0.1907963796554725
5522,1189.0,23,1,0.19073914074157586
5523,1240.2,20,1,0.19068191899935338
5524,1289.0,21,1,0.19062471442365359
5525,1066.6,29,1,0.1905675270093265
5526,1355.5,20,1,0.19051035675122371
5527,1289.0,21,1,0.19045320364419835
5528,1304.3,23,1,0.1903960676831051
5529,1222.0,23,1,0.19033894886280017
5530,1350.9,28,1,0.19028184717814134
5531,1233.2,32,1,0.1902247626239879
5532,1266.2,31,1,0.19016769519520071
5533,1181.6000000000001,29,1,0.19011064488664217
5534,1287.0,21,1,0.1900536116931762
5535,1290.1999999999998,19,1,0.18999659560966825
5536,1290.2,19,1,0.18993959663098536
5537,1354.3,22,1,0.18988261475199608
5538,1240.2,20,1,0.18982564996757048
5539,1289.0,21,1,0.18976870227258022
5540,1358.8,22,1,0.18971177166189845
5541,1287.8,23,1,0.1896548581303999
5542,1287.8,23,1,0.18959796167296078
5543,1340.1999999999998,18,1,0.1895410822844589
5544,1286.1000000000001,25,1,0.18948421995977358
5545,1268.8,24,1,0.18942737469378565
5546,1238.2,20,1,0.18937054648137752
5547,1189.0,23,1,0.18931373531743312
5548,1290.2,19,1,0.1892569411968379
5549,1340.1999999999998,18,1,0.18920016411447885
5550,1289.0,21,1,0.18914340406524452
5551,1435.6,24,1,0.18908666104402494
5552,1222.0,23,1,0.18902993504571175
5553,1305.5,21,1,0.18897322606519804
5554,1240.2,20,1,0.1889165340973785
5555,1187.8000000000002,25,1,0.18885985913714928
5556,1320.8,23,1,0.18880320117940813
5557,1290.2,19,1,0.1887465602190543
5558,1416.1999999999998,29,1,0.1886899362509886
5559,1189.0,23,1,0.1886333292701133
5560,1289.0,21,1,0.18857673927133228
5561,1154.3,26,1,0.1885201662495509
5562,1189.0,23,1,0.18846361019967603
5563,1289.0,21,1,0.18840707111661614
5564,1170.8,26,1,0.18835054899528117
5565,1337.8,22,1,0.1882940438305826
5566,1239.0,22,1,0.18823755561743344
5567,1337.8,22,1,0.1881810843507482
5568,1235.0,22,1,0.188124630025443
5569,1339.0,20,1,0.18806819263643537
5570,1355.5,20,1,0.18801177217864445
5571,1290.2,19,1,0.18795536864699086
5572,1187.0,23,1,0.18789898203639677
5573,1239.0,22,1,0.18784261234178584
5574,1239.0,22,1,0.1877862595580833
5575,1270.8,24,1,0.1877299236802159
5576,1340.1999999999998,18,1,0.18767360470311184
5577,1339.0,20,1,0.18761730262170093
5578,1240.2,20,1,0.1875610174309144
5579,1201.1,27,1,0.18750474912568516
5580,1385.6,25,1,0.18744849770094746
5581,1240.2,20,1,0.18739226315163718
5582,1240.2,20,1,0.1873360454726917
5583,1261.9,27,1,0.1872798446590499
5584,1266.4,28,1,0.1872236607056522
5585,1267.8,23,1,0.1871674936074405
5586,1284.4,29,1,0.18711134335935828
5587,1240.2,20,1,0.18705520995635047
5588,1339.0,20,1,0.18699909339336357
5589,1237.8000000000002,24,1,0.18694299366534556
5590,1190.2,21,1,0.18688691076724595
5591,1255.5,22,1,0.18683084469401579
5592,1189.0,23,1,0.1867747954406076
5593,1290.2,19,1,0.18671876300197543
5594,1340.1999999999998,18,1,0.18666274737307484
5595,1384.8999999999999,26,1,0.18660674854886292
5596,1339.0,20,1,0.18655076652429825
5597,1340.1999999999998,18,1,0.18649480129434096
5598,1284.6000000000001,24,1,0.18643885285395265
5599,1416.1999999999998,29,1,0.18638292119809646
5600,1289.0,21,1,0.18632700632173704
5601,1353.1,24,1,0.18627110821984053
5602,1302.6,25,1,0.18621522688737457
5603,1237.8,24,1,0.18615936231930838
5604,1240.2,20,1,0.1861035145106126
5605,1254.3,24,1,0.18604768345625944
5606,1290.2,19,1,0.18599186915122257
5607,1239.0,22,1,0.1859360715904772
5608,1289.0,21,1,0.18588029076900006
5609,1290.2,19,1,0.18582452668176938
5610,1181.1,27,1,0.18576877932376484
5611,1236.6000000000001,26,1,0.1857130486899677
5612,1340.1999999999998,18,1,0.18565733477536073
5613,1194.6,26,1,0.18560163757492812
5614,1384.3999999999999,27,1,0.18554595708365565
5615,1149.6000000000001,28,1,0.18549029329653055
5616,1402.6,24,1,0.1854346462085416
5617,1219.6000000000001,26,1,0.18537901581467905
5618,1290.2,19,1,0.18532340210993467
5619,1270.8,24,1,0.18526780508930168
5620,1340.1999999999998,18,1,0.1852122247477749
5621,1403.8,22,1,0.1851566610803506
5622,1339.0,20,1,0.18510111408202648
5623,1240.2,20,1,0.1850455837478019
5624,1290.2,19,1,0.18499007007267756
5625,1340.1999999999998,18,1,0.18493457305165575
5626,1254.3,24,1,0.18487909267974026
5627,1290.2,19,1,0.18482362895193635
5628,1290.2,19,1,0.18476818186325078
5629,1335.7999999999997,22,1,0.1847127514086918
5630,1253.1,26,1,0.18465733758326922
5631,1239.0,22,1,0.18460194038199423
5632,1337.8,22,1,0.18454655979987963
5633,1403.8,22,1,0.18449119583193968
5634,1289.0,21,1,0.1844358484731901
5635,1340.1999999999998,18,1,0.18438051771864816
5636,1190.2,21,1,0.18432520356333257
5637,1289.0,21,1,0.18426990600226356
5638,1255.5,22,1,0.18421462503046288
5639,1272.0,22,1,0.18415936064295374
5640,1290.2,19,1,0.18410411283476086
5641,1353.8,23,1,0.18404888160091043
5642,1249.6,25,1,0.18399366693643016
5643,1099.1000000000001,29,1,0.18393846883634923
5644,1290.1999999999998,19,1,0.18388328729569833
5645,1174.1000000000001,28,1,0.18382812230950962
5646,1236.6000000000001,26,1,0.18377297387281677
5647,1290.2,19,1,0.18371784198065494
5648,1254.3,24,1,0.18366272662806074
5649,1340.1999999999998,18,1,0.18360762781007234
5650,1289.0,21,1,0.1835525455217293
5651,1339.0,20,1,0.1834974797580728
5652,1239.0,22,1,0.18344243051414538
5653,1267.8,23,1,0.18338739778499114
5654,1340.1999999999998,18,1,0.18333238156565565
5655,1185.6,29,1,0.18327738185118597
5656,1290.2,19,1,0.18322239863663062
5657,1189.0,23,1,0.18316743191703963
5658,1290.2,19,1,0.18311248168746452
5659,1251.4,28,1,0.18305754794295828
5660,1351.1,24,1,0.1830026306785754
5661,1290.2,19,1,0.18294772988937183
5662,1247.8000000000002,23,1,0.18289284557040503
5663,1139.0,24,1,0.1828379777167339
5664,1289.0,21,1,0.1827831263234189
5665,1239.0,22,1,0.18272829138552188
5666,1298.0,34,1,0.18267347289810623
5667,1339.0,20,1,0.18261867085623681
5668,1301.4,28,1,0.18256388525497996
5669,1290.2,19,1,0.18250911608940348
5670,1198.4,28,1,0.18245436335457668
5671,1184.6,27,1,0.1823996270455703
5672,1279.0,32,1,0.18234490715745663
5673,1253.8,25,1,0.1822902036853094
5674,1239.0,22,1,0.1822355166242038
5675,1339.0,20,1,0.18218084596921655
5676,1217.8,24,1,0.1821261917154258
5677,1170.8,25,1,0.18207155385791118
5678,1217.8,24,1,0.18201693239175382
5679,1340.1999999999998,18,1,0.1819623273120363
5680,1334.3,22,1,0.18190773861384268
5681,1340.1999999999998,18,1,0.18185316629225853
5682,1087.8,27,1,0.18179861034237085
5683,1290.2,19,1,0.18174407075926816
5684,1290.2,19,1,0.18168954753804037
5685,1340.1999999999998,18,1,0.18163504067377897
5686,1187.6,28,1,0.18158055016157684
5687,1339.0,20,1,0.18152607599652837
5688,1290.2,19,1,0.18147161817372942
5689,1340.1999999999998,18,1,0.1814171766882773
5690,1327.8,32,1,0.18136275153527084
5691,1290.2,19,1,0.18130834270981028
5692,1212.0,34,1,0.18125395020699733
5693,1220.8,25,1,0.18119957402193523
5694,1340.1999999999998,18,1,0.18114521414972867
5695,1289.0,21,1,0.18109087058548376
5696,1340.1999999999998,18,1,0.18103654332430813
5697,1305.5,21,1,0.18098223236131084
5698,1235.8,24,1,0.18092793769160245
5699,1289.0,21,1,0.18087365931029498
5700,1238.2,20,1,0.1808193972125019
5701,1269.6000000000001,25,1,0.18076515139333815
5702,1217.8,24,1,0.18071092184792015
5703,1269.6000000000001,26,1,0.1806567085713658
5704,1240.2,20,1,0.1806025115587944
5705,1239.0,22,1,0.18054833080532676
5706,1295.3999999999999,26,1,0.18049416630608517
5707,1334.4,28,1,0.18044001805619334
5708,1287.8,23,1,0.1803858860507765
5709,1466.1999999999998,28,1,0.18033177028496125
5710,1137.8,26,1,0.18027767075387577
5711,1290.2,19,1,0.1802235874526496
5712,1372.0,20,1,0.18016952037641382
5713,1190.2,21,1,0.18011546952030089
5714,1322.2999999999997,23,1,0.18006143487944481
5715,1339.0,20,1,0.180007416448981
5716,1139.0,24,1,0.17995341422404632
5717,1381.9999999999998,31,1,0.1798994281997791
5718,1369.1,25,1,0.17984545837131918
5719,1355.5,20,1,0.17979150473380778
5720,1340.1999999999998,18,1,0.17973756728238766
5721,1340.1999999999998,18,1,0.17968364601220294
5722,1340.1999999999998,18,1,0.17962974091839928
5723,1355.5,20,1,0.17957585199612378
5724,1235.2,30,1,0.17952197924052493
5725,1289.0,21,1,0.17946812264675277
5726,1283.2,31,1,0.17941428220995875
5727,1240.2,20,1,0.17936045792529576
5728,1339.0,20,1,0.1793066497879182
5729,1140.2,22,1,0.1792528577929818
5730,1155.5,24,1,0.1791990819356439
5731,1240.2,20,1,0.17914532221106322
5732,1305.5,21,1,0.1790915786143999
5733,1290.2,19,1,0.17903785114081558
5734,1339.0,20,1,0.17898413978547334
5735,1305.5,21,1,0.1789304445435377
5736,1190.2,21,1,0.17887676541017467
5737,1289.0,21,1,0.17882310238055163
5738,1190.2,21,1,0.17876945544983747
5739,1187.8,25,1,0.1787158246132025
5740,1255.5,22,1,0.17866220986581854
5741,1270.8,24,1,0.1786086112028588
5742,1239.0,22,1,0.17855502861949796
5743,1290.2,19,1,0.1785014621109121
5744,1340.1999999999998,18,1,0.17844791167227886
5745,1285.2,30,1,0.1783943772987772
5746,1239.0,22,1,0.17834085898558757
5747,1239.0,22,1,0.1782873567278919
5748,1287.0,21,1,0.17823387052087353
5749,1348.0,32,1,0.17818040035971727
5750,1235.6000000000001,28,1,0.17812694623960937
5751,1284.4,29,1,0.1780735081557375
5752,1335.6,26,1,0.1780200861032908
5753,1366.1999999999998,29,1,0.1779666800774598
5754,1385.6,25,1,0.17791329007343656
5755,1385.6,25,1,0.17785991608641455
5756,1335.6,26,1,0.17780655811158863
5757,1350.9,28,1,0.17775321614415515
5758,1307.2999999999997,34,1,0.1776998901793119
5759,1263.2,31,1,0.1776465802122581
5760,1335.6,26,1,0.17759328623819443
5761,1285.6000000000001,27,1,0.17754000825232297
5762,1335.6,26,1,0.17748674624984728
5763,1233.2,32,1,0.17743350022597235
5764,1285.6,27,1,0.17738027017590455
5765,1235.6000000000001,28,1,0.17732705609485178
5766,1316.5,33,1,0.17727385797802334
5767,1285.6000000000001,27,1,0.17722067582062995
5768,1284.4,29,1,0.17716750961788377
5769,1290.2,19,1,0.17711435936499842
5770,1185.6,29,1,0.17706122505718894
5771,1384.3999999999999,27,1,0.1770081066896718
5772,1381.4999999999998,31,1,0.1769550042576649
5773,1387.3,22,1,0.17690191775638758
5774,1385.6,25,1,0.17684884718106067
5775,1312.6,35,1,0.17679579252690636
5776,1190.2,21,1,0.1767427537891483
5777,1190.2,21,1,0.17668973096301158
5778,1185.8,25,1,0.1766367240437227
5779,1234.3,24,1,0.17658373302650957
5780,1305.5,21,1,0.1765307579066016
5781,1239.0,22,1,0.17647779867922964
5782,1334.3999999999999,28,1,0.17642485533962587
5783,1255.5,22,1,0.176371927883024
5784,1290.2,19,1,0.1763190163046591
5785,1340.1999999999998,18,1,0.1762661205997677
5786,1337.8,22,1,0.17621324076358777
5787,1221.1000000000001,27,1,0.1761603767913587
5788,1240.2,20,1,0.1761075286783213
5789,1146.6000000000001,27,1,0.1760546964197178
5790,1188.2,21,1,0.1760018800107919
5791,1304.3,23,1,0.17594907944678867
5792,1369.1,25,1,0.17589629472295465
5793,1255.5,22,1,0.17584352583453777
5794,1289.0,21,1,0.17579077277678742
5795,1339.0,20,1,0.1757380355449544
5796,1183.1000000000001,27,1,0.17568531413429092
5797,1284.2999999999997,23,1,0.17563260854005064
5798,1289.0,21,1,0.17557991875748863
5799,1290.2,19,1,0.17552724478186138
5800,1204.3,25,1,0.17547458660842682
5801,1339.0,20,1,0.1754219442324443
5802,1351.9,26,1,0.17536931764917457
5803,1289.0,21,1,0.17531670685387982
5804,1289.0,21,1,0.17526411184182367
5805,1290.1999999999998,19,1,0.17521153260827113
5806,1255.5,22,1,0.17515896914848866
5807,970.8,29,1,0.17510642145774413
5808,1337.8,22,1,0.17505388953130682
5809,1434.3999999999999,26,1,0.17500137336444743
5810,1449.1999999999998,29,1,0.1749488729524381
5811,1290.2,19,1,0.17489638829055237
5812,1187.8000000000002,25,1,0.1748439193740652
5813,1289.0,21,1,0.174791466198253
5814,1337.8,22,1,0.17473902875839353
5815,1284.3,23,1,0.17468660704976602
5816,1353.1,24,1,0.1746342010676511
5817,1240.2,20,1,0.17458181080733082
5818,1339.0,20,1,0.17452943626408862
5819,1139.0,24,1,0.1744770774332094
5820,1290.2,19,1,0.17442473430997943
5821,1270.8,24,1,0.17437240688968644
5822,1467.3999999999999,26,1,0.17432009516761954
5823,1290.2,19,1,0.17426779913906926
5824,1255.5,22,1,0.17421551879932753
5825,1255.5,22,1,0.17416325414368775
5826,1287.8,23,1,0.17411100516744465
5827,1205.5,23,1,0.17405877186589444
5828,1239.0,22,1,0.17400655423433467
5829,1290.1999999999998,19,1,0.17395435226806438
5830,1305.5,21,1,0.17390216596238398
5831,1340.1999999999998,18,1,0.17384999531259526
5832,1187.8,25,1,0.1737978403140015
5833,1354.3,22,1,0.1737457009619073
5834,1166.6,26,1,0.17369357725161874
5835,1271.1000000000001,26,1,0.17364146917844325
5836,1254.3,24,1,0.17358937673768973
5837,1305.5,21,1,0.17353729992466843
5838,1237.8,24,1,0.17348523873469104
5839,1288.2,19,1,0.17343319316307065
5840,1140.2,22,1,0.17338116320512173
5841,1190.2,21,1,0.1733291488561602
5842,1322.0,21,1,0.17327715011150335
5843,1340.1999999999998,18,1,0.17322516696646992
5844,1340.1999999999998,18,1,0.17317319941637999
5845,1266.6,24,1,0.17312124745655508
5846,1355.5,20,1,0.17306931108231813
5847,1240.2,20,1,0.17301739028899343
5848,1339.0,20,1,0.17296548507190673
5849,1240.2,20,1,0.17291359542638515
5850,1339.0,20,1,0.17286172134775724
5851,1353.8,23,1,0.1728098628313529
5852,1289.0,21,1,0.1727580198725035
5853,1339.0,20,1,0.17270619246654176
5854,1240.2,20,1,0.1726543806088018
5855,1339.0,20,1,0.17260258429461917
5856,1340.1999999999998,18,1,0.17255080351933078
5857,1098.4,31,1,0.17249903827827498
5858,1092.0,36,1,0.1724472885667915
5859,1284.4,29,1,0.17239555438022147
5860,1289.0,21,1,0.1723438357139074
5861,1340.1999999999998,18,1,0.17229213256319323
5862,1240.2,20,1,0.17224044492342427
5863,1297.8,22,1,0.17218877278994726
5864,1340.1999999999998,18,1,0.17213711615811028
5865,1290.2,19,1,0.17208547502326285
5866,1339.0,20,1,0.1720338493807559
5867,1305.5,21,1,0.17198223922594166
5868,1304.3,23,1,0.1719306445541739
5869,1190.2,21,1,0.17187906536080766
5870,1305.5,21,1,0.17182750164119942
5871,1340.1999999999998,18,1,0.17177595339070706
5872,1339.0,20,1,0.17172442060468984
5873,1347.3,34,1,0.17167290327850845
5874,1236.6000000000001,26,1,0.1716214014075249
5875,1239.0,22,1,0.17156991498710267
5876,1293.1999999999998,30,1,0.17151844401260655
5877,1284.4,29,1,0.17146698847940278
5878,1435.6,24,1,0.17141554838285897
5879,1285.6,27,1,0.1713641237183441
5880,1434.3999999999999,26,1,0.17131271448122862
5881,1181.9,29,1,0.17126132066688426
5882,1189.0,23,1,0.1712099422706842
5883,1290.2,19,1,0.171158579288003
5884,1189.0,23,1,0.1711072317142166
5885,1189.0,23,1,0.17105589954470235
5886,1190.2,21,1,0.17100458277483893
5887,1290.1999999999998,19,1,0.17095328140000648
5888,1216.6000000000001,26,1,0.17090199541558648
5889,1069.6,28,1,0.1708507248169618
5890,1286.6,25,1,0.17079946959951672
5891,1239.0,22,1,0.17074822975863688
5892,1240.2,20,1,0.1706970052897093
5893,1222.0,23,1,0.1706457961881224
5894,1290.1999999999998,19,1,0.17059460244926597
5895,1355.5,20,1,0.1705434240685312
5896,1239.0,22,1,0.17049226104131066
5897,1289.0,21,1,0.17044111336299828
5898,1089.0,25,1,0.1703899810289894
5899,1289.0,21,1,0.1703388640346807
5900,1089.0,25,1,0.1702877623754703
5901,1240.5,22,1,0.17023667604675766
5902,1204.0,22,1,0.17018560504394364
5903,1287.8000000000002,23,1,0.17013454936243047
5904,1255.5,22,1,0.17008350899762176
5905,1289.0,21,1,0.17003248394492249
5906,1290.2,19,1,0.16998147419973902
5907,1095.4,30,1,0.1699304797574791
5908,1289.0,21,1,0.16987950061355186
5909,1281.6,27,1,0.16982853676336782
5910,1343.1999999999998,29,1,0.16977758820233882
5911,1332.0,32,1,0.16972665492587813
5912,1250.0,33,1,0.16967573692940038
5913,1182.3,25,1,0.16962483420832156
5914,1290.2,19,1,0.16957394675805906
5915,1340.1999999999998,18,1,0.16952307457403165
5916,1267.8,23,1,0.16947221765165946
5917,1349.6,24,1,0.16942137598636398
5918,1290.2,19,1,0.16937054957356806
5919,1340.1999999999998,18,1,0.169319738408696
5920,1289.0,21,1,0.1692689424871734
5921,1290.2,19,1,0.16921816180442725
5922,1346.8,35,1,0.16916739635588593
5923,1218.4,27,1,0.16911664613697916
5924,1189.0,23,1,0.16906591114313807
5925,1302.6,26,1,0.16901519136979515
5926,1289.0,21,1,0.1689644868123842
5927,1289.0,21,1,0.1689137974663405
5928,1289.0,21,1,0.1688631233271006
5929,1372.0,20,1,0.16881246439010247
5930,1339.0,20,1,0.16876182065078546
5931,1290.2,19,1,0.16871119210459024
5932,1381.9999999999998,31,1,0.16866057874695886
5933,1385.6,25,1,0.1686099805733348
5934,1339.0,20,1,0.1685593975791628
5935,1290.2,19,1,0.16850882975988907
5936,1204.3,25,1,0.16845827711096112
5937,1320.8,23,1,0.16840773962782785
5938,1352.6,25,1,0.1683572173059395
5939,1372.0,20,1,0.16830671014074772
5940,1239.0,22,1,0.1682562181277055
5941,1340.1999999999998,18,1,0.1682057412622672
5942,1240.2,20,1,0.1681552795398885
5943,1287.8,23,1,0.16810483295602655
5944,1337.8,22,1,0.16805440150613973
5945,1287.8,23,1,0.1680039851856879
5946,1339.0,20,1,0.16795358399013222
5947,1340.1999999999998,18,1,0.1679031979149352
5948,1233.6,28,1,0.16785282695556072
5949,1290.2,19,1,0.16780247110747407
5950,1370.8,22,1,0.16775213036614184
5951,1384.3999999999999,27,1,0.167701804727032
5952,1289.0,21,1,0.1676514941856139
5953,1305.5,21,1,0.1676011987373582
5954,1197.8,24,1,0.167550918377737
5955,1372.0,20,1,0.16750065310222367
5956,1290.2,19,1,0.167450402906293
5957,1190.2,21,1,0.16740016778542113
5958,1355.5,20,1,0.16734994773508552
5959,1284.9,27,1,0.167299742750765
5960,1355.5,20,1,0.1672495528279398
5961,1252.6000000000001,26,1,0.16719937796209142
5962,1234.3,24,1,0.1671492181487028
5963,1237.0,22,1,0.1670990733832582
5964,1289.0,21,1,0.1670489436612432
5965,1239.0,22,1,0.16699882897814483
5966,1289.0,21,1,0.1669487293294514
5967,1089.0,25,1,0.16689864471065258
5968,1334.2999999999997,22,1,0.16684857511723938
5969,1339.0,20,1,0.1667985205447042
5970,1435.6,24,1,0.1667484809885408
5971,1289.0,21,1,0.16669845644424425
5972,1339.0,20,1,0.16664844690731098
5973,1289.0,21,1,0.16659845237323878
5974,1253.8,25,1,0.16654847283752683
5975,1203.1000000000001,27,1,0.16649850829567558
5976,1222.3,25,1,0.1664485587431869
5977,1290.2,19,1,0.16639862417556395
5978,1290.2,19,1,0.16634870458831127
5979,1286.6000000000001,25,1,0.16629879997693478
5980,1305.5,21,1,0.1662489103369417
5981,1205.5,23,1,0.16619903566384062
5982,1337.8,22,1,0.16614917595314146
5983,1334.4,28,1,0.16609933120035553
5984,1334.3999999999996,26,1,0.16604950140099542
5985,1287.8,23,1,0.16599968655057512
5986,1305.5,21,1,0.16594988664460997
5987,1189.0,23,1,0.1659001016786166
5988,1189.0,23,1,0.16585033164811303
5989,1284.4,29,1,0.1658005765486186
5990,1320.8,23,1,0.16575083637565402
5991,1349.6,24,1,0.16570111112474134
5992,1240.2,20,1,0.16565140079140392
5993,1339.0,20,1,0.1656017053711665
5994,1322.3,23,1,0.16555202485955517
5995,1322.0,21,1,0.1655023592520973
5996,1289.0,21,1,0.16545270854432167
5997,1305.5,21,1,0.1654030727317584
5998,1239.0,22,1,0.16535345180993888
5999,1239.0,22,1,0.1653038457743959
6000,1340.1999999999998,18,1,0.1652542546206636
6001,1240.2,20,1,0.1652046783442774
6002,1289.0,21,1,0.16515511694077412
6003,1339.0,20,1,0.16510557040569188
6004,1305.5,21,1,0.16505603873457017
6005,1287.8,23,1,0.16500652192294982
6006,1190.1999999999998,21,1,0.16495701996637294
6007,1337.8,22,1,0.16490753286038304
6008,1434.3999999999999,26,1,0.16485806060052494
6009,1335.6,26,1,0.16480860318234478
6010,1333.1999999999998,30,1,0.16475916060139006
6011,1215.0,35,1,0.16470973285320964
6012,1434.3999999999999,26,1,0.16466031993335367
6013,1383.1999999999998,29,1,0.16461092183737366
6014,1370.7999999999997,22,1,0.16456153856082245
6015,1184.4,31,1,0.1645121700992542
6016,1124.4,40,1,0.16446281644822444
6017,1334.4,28,1,0.16441347760328998
6018,1335.6,26,1,0.164364153560009
6019,1308.8,23,1,0.164314844313941
6020,1304.3,23,1,0.16426554986064681
6021,1340.1999999999998,18,1,0.16421627019568863
6022,1239.0,22,1,0.16416700531462994
6023,1449.1999999999998,29,1,0.16411775521303557
6024,1290.2,19,1,0.16406851988647167
6025,1240.2,20,1,0.16401929933050574
6026,1190.2,21,1,0.1639700935407066
6027,1367.3999999999999,28,1,0.1639209025126444
6028,1290.2,19,1,0.16387172624189061
6029,1340.1999999999998,18,1,0.16382256472401804
6030,1290.2,19,1,0.16377341795460085
6031,1290.2,19,1,0.16372428592921448
6032,1287.8000000000002,23,1,0.16367516864343573
6033,1304.3,23,1,0.1636260660928427
6034,1239.0,22,1,0.16357697827301484
6035,1239.0,22,1,0.16352790517953295
6036,1297.8,22,1,0.16347884680797908
6037,1290.2,19,1,0.16342980315393668
6038,1289.0,21,1,0.1633807742129905
6039,1314.6,24,1,0.1633317599807266
6040,1304.3,23,1,0.16328276045273238
6041,1340.1999999999998,18,1,0.16323377562459657
6042,1239.0,22,1,0.1631848054919092
6043,1237.8,24,1,0.16313585005026163
6044,1402.6,24,1,0.16308690929524655
6045,1290.2,19,1,0.163037983222458
6046,1189.0,23,1,0.16298907182749126
6047,1337.8,22,1,0.16294017510594302
6048,1372.0,20,1,0.16289129305341124
6049,1167.8,25,1,0.16284242566549523
6050,1289.0,21,1,0.1627935729377956
6051,1340.1999999999998,18,1,0.16274473486591426
6052,1283.6,27,1,0.16269591144545448
6053,1239.0,22,1,0.16264710267202084
6054,1240.2,20,1,0.16259830854121923
6055,1289.0,21,1,0.16254952904865688
6056,1239.0,22,1,0.1625007641899423
6057,1246.6000000000001,25,1,0.16245201396068532
6058,1339.0,20,1,0.16240327835649712
6059,1190.2,21,1,0.16235455737299018
6060,1339.0,20,1,0.1623058510057783
6061,1340.1999999999998,18,1,0.16225715925047657
6062,1289.0,21,1,0.16220848210270142
6063,1340.1999999999998,18,1,0.1621598195580706
6064,1290.2,19,1,0.16211117161220318
6065,1139.0,24,1,0.1620625382607195
6066,1248.4,28,1,0.1620139194992413
6067,1305.5,21,1,0.16196531532339153
6068,1318.8,23,1,0.16191672572879454
6069,1339.0,20,1,0.1618681507110759
6070,1354.3,22,1,0.1618195902658626
6071,1190.2,21,1,0.16177104438878284
6072,1340.1999999999998,18,1,0.1617225130754662
6073,1240.2,20,1,0.16167399632154356
6074,1305.5,21,1,0.1616254941226471
6075,1289.0,21,1,0.1615770064744103
6076,1385.6,25,1,0.161528533372468
6077,1220.8,25,1,0.16148007481245627
6078,1289.0,21,1,0.16143163079001255
6079,1340.1999999999998,18,1,0.16138320130077555
6080,1239.0,22,1,0.1613347863403853
6081,1340.1999999999998,18,1,0.1612863859044832
6082,1339.0,20,1,0.16123799998871186
6083,1321.1,25,1,0.16118962858871524
6084,1240.2,20,1,0.16114127170013864
6085,1253.1000000000001,26,1,0.16109292931862862
6086,1240.2,20,1,0.16104460143983304
6087,1355.5,20,1,0.16099628805940108
6088,1221.1,27,1,0.16094798917298328
6089,1290.2,19,1,0.1608997047762314
6090,1339.0,20,1,0.16085143486479853
6091,1235.8000000000002,24,1,0.16080317943433908
6092,1187.8,25,1,0.16075493848050879
6093,1339.0,20,1,0.16070671199896464
6094,1289.0,21,1,0.16065849998536494
6095,1340.1999999999998,18,1,0.16061030243536933
6096,1239.0,22,1,0.16056211934463874
6097,1240.2,20,1,0.16051395070883534
6098,1290.1999999999998,19,1,0.1604657965236227
6099,1289.0,21,1,0.1604176567846656
6100,1339.0,20,1,0.1603695314876302
6101,1240.2,20,1,0.1603214206281839
6102,1403.8,22,1,0.16027332420199547
6103,1287.8,23,1,0.16022524220473489
6104,1239.0,22,1,0.16017717463207348
6105,1340.1999999999998,18,1,0.16012912147968386
6106,1305.5,21,1,0.16008108274323996
6107,1339.0,20,1,0.160033058418417
6108,1354.3,22,1,0.15998504850089149
6109,1289.0,21,1,0.15993705298634123
6110,1290.2,19,1,0.15988907187044532
6111,1287.0,21,1,0.1598411051488842
6112,1299.7,31,1,0.15979315281733952
6113,1340.1999999999998,18,1,0.15974521487149432
6114,1217.2,28,1,0.15969729130703286
6115,1335.8,22,1,0.15964938211964075
6116,1339.0,20,1,0.15960148730500487
6117,1290.1999999999998,19,1,0.15955360685881337
6118,1290.2,19,1,0.15950574077675572
6119,1305.5,21,1,0.1594578890545227
6120,1335.6,26,1,0.15941005168780636
6121,1165.8,25,1,0.15936222867230002
6122,1196.6000000000001,26,1,0.15931442000369833
6123,1287.8,23,1,0.15926662567769723
6124,1290.2,19,1,0.15921884568999392
6125,1097.7,35,1,0.15917108003628694
6126,1239.0,22,1,0.15912332871227605
6127,1255.5,22,1,0.15907559171366237
6128,1340.1999999999998,18,1,0.15902786903614827
6129,1289.0,21,1,0.15898016067543744
6130,1290.2,19,1,0.15893246662723481
6131,1289.0,21,1,0.15888478688724664
6132,1139.0,24,1,0.15883712145118048
6133,1240.2,20,1,0.15878947031474513
6134,1203.8,26,1,0.15874183347365073
6135,1362.0,31,1,0.15869421092360864
6136,1240.2,20,1,0.15864660266033156
6137,1297.8,22,1,0.15859900867953347
6138,1340.1999999999998,18,1,0.15855142897692961
6139,1385.6,25,1,0.15850386354823653
6140,1189.0,23,1,0.15845631238917207
6141,1169.6000000000001,28,1,0.15840877549545532
6142,1240.2,20,1,0.1583612528628067
6143,1372.0,20,1,0.15831374448694785
6144,1170.8,25,1,0.15826625036360176
6145,1219.6,27,1,0.15821877048849267
6146,1140.2,22,1,0.15817130485734612
6147,1339.0,20,1,0.15812385346588892
6148,1290.2,19,1,0.15807641630984917
6149,1412.5999999999997,34,1,0.1580289933849562
6150,1253.5,22,1,0.15798158468694073
6151,1254.3,24,1,0.15793419021153465
6152,1289.0,21,1,0.15788680995447119
6153,1246.6000000000001,25,1,0.15783944391148486
6154,1289.0,21,1,0.1577920920783114
6155,1339.0,20,1,0.15774475445068792
6156,1289.0,21,1,0.1576974310243527
6157,1370.8,22,1,0.15765012179504542
6158,1305.5,21,1,0.15760282675850693
6159,1198.4,29,1,0.15755554591047938
6160,1467.3999999999999,26,1,0.15750827924670624
6161,1385.6,25,1,0.15746102676293222
6162,1385.6,25,1,0.15741378845490334
6163,1385.6,25,1,0.15736656431836687
6164,1285.6000000000001,27,1,0.15731935434907138
6165,1333.1999999999998,30,1,0.15727215854276666
6166,1304.3,23,1,0.15722497689520384
6167,1381.1999999999998,29,1,0.1571778094021353
6168,1280.8,35,1,0.15713065605931467
6169,1234.4,30,1,0.15708351686249689
6170,1435.6,24,1,0.15703639180743814
6171,1386.1,24,1,0.15698928088989592
6172,1334.3999999999999,28,1,0.15694218410562896
6173,1284.4,29,1,0.15689510145039728
6174,1313.1999999999998,30,1,0.15684803291996216
6175,1372.0,20,1,0.15680097851008618
6176,1134.4,32,1,0.15675393821653316
6177,1269.6,26,1,0.1567069120350682
6178,1305.5,21,1,0.15665989996145768
6179,1385.6,25,1,0.15661290199146924
6180,1337.8,22,1,0.1565659181208718
6181,1187.8,25,1,0.15651894834543556
6182,1239.0,22,1,0.15647199266093192
6183,1294.4,38,1,0.15642505106313365
6184,1340.1999999999998,18,1,0.15637812354781472
6185,1386.1,24,1,0.15633121011075038
6186,1340.1999999999998,18,1,0.15628431074771715
6187,1340.1999999999998,18,1,0.15623742545449285
6188,1304.3,23,1,0.15619055422685652
6189,1289.0,21,1,0.15614369706058848
6190,1384.3999999999999,27,1,0.1560968539514703
6191,1340.1999999999998,18,1,0.15605002489528486
6192,1240.2,20,1,0.15600320988781627
6193,1290.2,19,1,0.15595640892484994
6194,1290.2,19,1,0.15590962200217248
6195,1320.8,22,1,0.15586284911557183
6196,1138.2,22,1,0.15581609026083715
6197,1337.8,22,1,0.1557693454337589
6198,1240.2,20,1,0.15572261463012876
6199,1337.8,22,1,0.15567589784573974
6200,1340.1999999999998,18,1,0.155629195076386
6201,1290.1999999999998,19,1,0.1555825063178631
6202,1239.0,22,1,0.15553583156596776
6203,1240.2,20,1,0.15548917081649796
6204,1434.3999999999999,26,1,0.15544252406525302
6205,1290.1999999999998,19,1,0.15539589130803344
6206,1337.8,22,1,0.15534927254064104
6207,1240.2,20,1,0.15530266775887885
6208,1239.0,22,1,0.1552560769585512
6209,1240.2,20,1,0.15520950013546364
6210,1240.1999999999998,20,1,0.15516293728542302
6211,1355.5,20,1,0.1551163884042374
6212,1290.1999999999998,19,1,0.15506985348771612
6213,1237.8,24,1,0.1550233325316698
6214,1334.3,22,1,0.1549768255319103
6215,1289.0,21,1,0.15493033248425073
6216,1385.6,25,1,0.15488385338450544
6217,1290.2,19,1,0.1548373882284901
6218,1499.1999999999998,28,1,0.15479093701202157
6219,1290.1999999999998,19,1,0.15474449973091797
6220,1290.2,19,1,0.1546980763809987
6221,1355.5,20,1,0.1546516669580844
6222,1272.0,22,1,0.154605271457997
6223,1304.3,23,1,0.1545588898765596
6224,1279.1000000000001,36,1,0.15451252220959663
6225,1239.0,22,1,0.15446616845293376
6226,1239.0,22,1,0.1544198286023979
6227,1249.7,32,1,0.15437350265381716
6228,1339.0,20,1,0.15432719060302102
6229,1305.5,21,1,0.15428089244584012
6230,1189.0,23,1,0.15423460817810636
6231,1334.4,28,1,0.15418833779565294
6232,1240.2,20,1,0.15414208129431425
6233,1340.1999999999998,18,1,0.15409583866992596
6234,1339.0,20,1,0.15404960991832498
6235,1340.1999999999998,18,1,0.1540033950353495
6236,1189.0,23,1,0.15395719401683888
6237,1339.0,20,1,0.15391100685863385
6238,1290.2,19,1,0.15386483355657626
6239,1355.5,20,1,0.1538186741065093
6240,1239.0,22,1,0.15377252850427733
6241,1240.2,20,1,0.15372639674572605
6242,1284.4,29,1,0.15368027882670235
6243,1340.1999999999998,18,1,0.15363417474305435
6244,1340.1999999999998,18,1,0.15358808449063144
6245,1239.0,22,1,0.15354200806528426
6246,1290.2,19,1,0.15349594546286469
6247,1240.2,20,1,0.15344989667922584
6248,1317.8,22,1,0.15340386171022208
6249,1316.6,24,1,0.153357840551709
6250,1372.3,22,1,0.1533118331995435
6251,1372.0,20,1,0.15326583964958365
6252,1237.8,24,1,0.15321985989768877
6253,1339.0,20,1,0.15317389393971947
6254,1275.9,39,1,0.15312794177153757
6255,1372.2999999999997,22,1,0.15308200338900613
6256,1336.6,24,1,0.15303607878798944
6257,1297.8,22,1,0.15299016796435305
6258,1289.0,21,1,0.15294427091396376
6259,1340.1999999999998,18,1,0.15289838763268956
6260,1287.8,23,1,0.15285251811639977
6261,1340.1999999999998,18,1,0.15280666236096485
6262,1340.1999999999998,18,1,0.15276082036225658
6263,1287.8000000000002,23,1,0.15271499211614792
6264,1189.0,23,1,0.1526691776185131
6265,1190.2,21,1,0.15262337686522753
6266,1189.0,23,1,0.15257758985216796
6267,1337.8,22,1,0.1525318165752123
6268,1304.3,23,1,0.15248605703023976
6269,1240.2,20,1,0.1524403112131307
6270,1355.5,20,1,0.15239457911976678
6271,1289.0,21,1,0.15234886074603085
6272,1289.0,21,1,0.15230315608780703
6273,1289.0,21,1,0.1522574651409807
6274,1382.3999999999999,27,1,0.1522117879014384
6275,1384.3999999999999,27,1,0.152166124365068
6276,1111.2,34,1,0.15212047452775848
6277,1400.8999999999999,27,1,0.15207483838540015
6278,1212.0,34,1,0.15202921593388452
6279,1333.1,24,1,0.15198360716910436
6280,1286.6,25,1,0.15193801208695362
6281,1233.2,32,1,0.15189243068332753
6282,1203.5,23,1,0.15184686295412253
6283,1384.3999999999999,27,1,0.1518013088952363
6284,1340.1999999999998,18,1,0.15175576850256772
6285,1385.6,25,1,0.15171024177201695
6286,1287.8000000000002,23,1,0.15166472869948536
6287,1370.8,22,1,0.1516192292808755
6288,1240.2,20,1,0.15157374351209124
6289,1435.6,24,1,0.15152827138903763
6290,1433.1999999999998,28,1,0.15148281290762092
6291,1385.6,25,1,0.15143736806374863
6292,1385.6,25,1,0.15139193685332952
6293,1385.6,25,1,0.15134651927227352
6294,1282.4,29,1,0.15130111531649185
6295,1284.3999999999999,29,1,0.1512557249818969
6296,1352.1999999999998,30,1,0.15121034826440233
6297,1334.3999999999999,28,1,0.15116498515992302
6298,1435.6,24,1,0.15111963566437506
6299,1434.3999999999999,26,1,0.15107429977367576
6300,1435.6,24,1,0.15102897748374366
6301,1166.2,33,1,0.15098366879049854
6302,1384.3999999999999,27,1,0.1509383736898614
6303,1350.8999999999999,28,1,0.15089309217775446
6304,1239.0,22,1,0.15084782425010113
6305,1233.6,28,1,0.1508025699028261
6306,1285.6,27,1,0.15075732913185524
6307,1335.6,26,1,0.15071210193311568
6308,1433.1999999999998,28,1,0.15066688830253575
6309,1385.6,25,1,0.150621688236045
6310,1385.6,25,1,0.15057650172957418
6311,1234.4,30,1,0.1505313287790553
6312,1299.6999999999998,31,1,0.1504861693804216
6313,1384.3999999999999,27,1,0.1504410235296075
6314,1300.9,29,1,0.15039589122254862
6315,1450.8999999999999,26,1,0.15035077245518186
6316,1466.1999999999998,28,1,0.15030566722344532
6317,1383.1999999999998,29,1,0.1502605755232783
6318,1283.1999999999998,31,1,0.1502154973506213
6319,1334.3999999999999,28,1,0.15017043270141614
6320,1416.1999999999998,29,1,0.1501253815716057
6321,1383.1999999999998,29,1,0.15008034395713424
6322,1417.3999999999999,27,1,0.1500353198539471
6323,1350.8999999999999,28,1,0.14999030925799092
6324,1385.6,25,1,0.14994531216521353
6325,1289.0,21,1,0.14990032857156396
6326,1446.7999999999997,33,1,0.1498553584729925
6327,1449.6999999999998,28,1,0.1498104018654506
6328,1340.1999999999998,18,1,0.14976545874489097
6329,1219.6,26,1,0.14972052910726752
6330,1339.0,20,1,0.14967561294853535
6331,1290.1999999999998,19,1,0.1496307102646508
6332,1240.2,20,1,0.14958582105157142
6333,1339.0,20,1,0.14954094530525597
6334,1290.2,19,1,0.1494960830216644
6335,1340.1999999999998,18,1,0.1494512341967579
6336,1290.2,19,1,0.1494063988264989
6337,1285.8,23,1,0.14936157690685095
6338,1290.1999999999998,19,1,0.1493167684337789
6339,1170.8,26,1,0.14927197340324877
6340,1290.2,19,1,0.1492271918112278
6341,1240.2,20,1,0.14918242365368442
6342,1239.0,22,1,0.1491376689265883
6343,1337.8,22,1,0.14909292762591034
6344,1339.0,20,1,0.14904819974762257
6345,1284.4,29,1,0.14900348528769827
6346,1305.5,21,1,0.14895878424211198
6347,1138.2,22,1,0.14891409660683935
6348,1267.8000000000002,23,1,0.1488694223778573
6349,1340.1999999999998,18,1,0.14882476155114396
6350,1340.1999999999998,18,1,0.14878011412267864
6351,1382.0,31,1,0.14873548008844184
6352,1270.8,23,1,0.14869085944441532
6353,1290.2,19,1,0.148646252186582
6354,1287.8,23,1,0.14860165831092603
6355,1187.8,25,1,0.14855707781343275
6356,1240.2,20,1,0.14851251069008872
6357,1339.0,20,1,0.1484679569368817
6358,1240.2,20,1,0.14842341654980062
6359,1285.8,23,1,0.1483788895248357
6360,1290.2,19,1,0.14833437585797823
6361,1255.5,22,1,0.14828987554522086
6362,1339.0,20,1,0.14824538858255729
6363,1340.1999999999998,18,1,0.14820091496598253
6364,1290.1999999999998,19,1,0.14815645469149274
6365,1416.1999999999998,29,1,0.1481120077550853
6366,1340.1999999999998,18,1,0.14806757415275876
6367,1246.6000000000001,25,1,0.14802315388051293
6368,1333.1999999999998,30,1,0.1479787469343488
6369,1340.1999999999998,18,1,0.1479343533102685
6370,1340.1999999999998,18,1,0.14788997300427542
6371,1253.5,22,1,0.14784560601237415
6372,1239.0,22,1,0.14780125233057045
6373,1305.5,21,1,0.14775691195487128
6374,1340.1999999999998,18,1,0.14771258488128483
6375,1238.2,20,1,0.14766827110582045
6376,1240.2,20,1,0.1476239706244887
6377,1289.0,21,1,0.14757968343330136
6378,1290.2,19,1,0.14753540952827138
6379,1216.4,29,1,0.1474911489054129
6380,1339.0,20,1,0.14744690156074128
6381,1289.0,21,1,0.14740266749027306
6382,1290.1999999999998,19,1,0.14735844669002598
6383,1263.1,25,1,0.147314239156019
6384,1289.0,21,1,0.1472700448842722
6385,1339.0,20,1,0.1472258638708069
6386,1269.6,26,1,0.14718169611164567
6387,1287.8,23,1,0.14713754160281217
6388,1290.1999999999998,19,1,0.14709340034033133
6389,1272.0,22,1,0.14704927232022924
6390,1297.7,31,1,0.1470051575385332
6391,1140.2,22,1,0.14696105599127163
6392,1336.4,27,1,0.14691696767447426
6393,1340.1999999999998,18,1,0.14687289258417194
6394,1231.5,35,1,0.14682883071639669
6395,1349.6999999999998,30,1,0.14678478206718176
6396,1190.2,21,1,0.14674074663256162
6397,1337.8,22,1,0.14669672440857184
6398,1339.0,20,1,0.14665271539124927
6399,1284.3,23,1,0.1466087195766319
6400,1275.2,29,1,0.14656473696075892
6401,1334.3,22,1,0.1465207675396707
6402,1290.2,19,1,0.1464768113094088
6403,1290.2,19,1,0.14643286826601598
6404,1222.0,23,1,0.14638893840553618
6405,1189.0,23,1,0.14634502172401453
6406,1340.1999999999998,18,1,0.14630111821749733
6407,1304.3,23,1,0.14625722788203208
6408,1240.2,20,1,0.14621335071366748
6409,1290.1999999999998,19,1,0.1461694867084534
6410,1340.1999999999998,18,1,0.14612563586244087
6411,1305.5,21,1,0.14608179817168215
6412,1240.2,20,1,0.14603797363223064
6413,1240.2,20,1,0.14599416224014097
6414,1339.0,20,1,0.14595036399146893
6415,1240.2,20,1,0.1459065788822715
6416,1289.0,21,1,0.1458628069086068
6417,1333.1999999999998,30,1,0.14581904806653423
6418,1339.0,20,1,0.14577530235211428
6419,1287.0,21,1,0.14573156976140864
6420,1355.5,20,1,0.14568785029048023
6421,1254.3,24,1,0.1456441439353931
6422,1380.1999999999998,28,1,0.14560045069221247
6423,1340.1999999999998,18,1,0.1455567705570048
6424,1205.5,23,1,0.1455131035258377
6425,1289.0,21,1,0.14546944959477998
6426,1340.1999999999998,18,1,0.14542580875990155
6427,1313.1,24,1,0.14538218101727357
6428,1340.1999999999998,18,1,0.14533856636296838
6429,1339.0,20,1,0.1452949647930595
6430,1237.8,24,1,0.1452513763036216
6431,1240.2,20,1,0.14520780089073052
6432,1239.0,22,1,0.1451642385504633
6433,1289.0,21,1,0.14512068927889815
6434,1339.0,20,1,0.1450771530721145
6435,1339.0,20,1,0.14503362992619287
6436,1304.3,23,1,0.14499011983721502
6437,1354.2999999999997,22,1,0.14494662280126386
6438,1197.8,24,1,0.1449031388144235
6439,1384.3999999999999,27,1,0.14485966787277915
6440,1189.0,23,1,0.14481620997241731
6441,1290.2,19,1,0.1447727651094256
6442,1290.2,19,1,0.1447293332798928
6443,1290.2,19,1,0.14468591447990883
6444,1290.2,19,1,0.14464250870556486
6445,1289.0,21,1,0.1445991159529532
6446,1335.6,26,1,0.1445557362181673
6447,1290.1999999999998,19,1,0.14451236949730187
6448,1289.0,21,1,0.1444690157864527
6449,1305.5,21,1,0.14442567508171675
6450,1337.8,22,1,0.14438234737919223
6451,1290.2,19,1,0.14433903267497847
6452,1339.0,20,1,0.14429573096517598
6453,1340.1999999999998,18,1,0.14425244224588643
6454,1322.0,21,1,0.14420916651321267
6455,1270.8,23,1,0.14416590376325872
6456,1339.0,20,1,0.14412265399212976
6457,1419.1,24,1,0.14407941719593212
6458,1337.8,22,1,0.14403619337077334
6459,1284.4,29,1,0.1439929825127621
6460,1435.6,24,1,0.14394978461800828
6461,1307.6,36,1,0.14390659968262287
6462,1284.4,29,1,0.1438634277027181
6463,1187.0,23,1,0.14382026867440728
6464,1384.3999999999999,27,1,0.14377712259380496
6465,1434.3999999999999,26,1,0.1437339894570268
6466,1399.6999999999998,29,1,0.1436908692601897
6467,1216.2,32,1,0.14364776199941165
6468,1433.1999999999998,28,1,0.14360466767081184
6469,1339.0,20,1,0.1435615862705106
6470,1293.2,30,1,0.14351851779462946
6471,1284.4,29,1,0.14347546223929108
6472,1433.1999999999998,28,1,0.1434324196006193
6473,1284.4,29,1,0.14338938987473912
6474,1335.6,26,1,0.1433463730577767
6475,1385.6,25,1,0.14330336914585937
6476,1234.4,30,1,0.1432603781351156
6477,1185.6,29,1,0.14321740002167507
6478,1415.2999999999997,33,1,0.14317443480166858
6479,1339.0,20,1,0.1431314824712281
6480,1287.8,23,1,0.14308854302648671
6481,1339.0,20,1,0.14304561646357877
6482,1240.2,20,1,0.14300270277863972
6483,1290.2,19,1,0.14295980196780614
6484,1240.2,20,1,0.1429169140272158
6485,1290.2,19,1,0.14287403895300763
6486,1289.0,21,1,0.14283117674132173
6487,1433.1999999999998,28,1,0.14278832738829933
6488,1305.5,21,1,0.14274549089008284
6489,1248.5,32,1,0.14270266724281583
6490,1355.5,20,1,0.14265985644264298
6491,1290.2,19,1,0.14261705848571019
6492,1355.5,20,1,0.14257427336816447
6493,1290.2,19,1,0.14253150108615403
6494,1240.2,20,1,0.1424887416358282
6495,1432.6999999999998,29,1,0.14244599501333746
6496,1340.1999999999998,18,1,0.14240326121483346
6497,1304.3,23,1,0.14236054023646902
6498,1337.8,22,1,0.14231783207439808
6499,1220.8,24,1,0.14227513672477576
6500,1239.0,22,1,0.14223245418375832
6501,1239.0,22,1,0.1421897844475032
6502,1304.3,23,1,0.14214712751216893
6503,1240.2,20,1,0.1421044833739153
6504,1355.5,20,1,0.14206185202890312
6505,1304.3,23,1,0.14201923347329445
6506,1339.0,20,1,0.14197662770325248
6507,1339.0,20,1,0.1419340347149415
6508,1289.0,21,1,0.14189145450452703
6509,1340.1999999999998,18,1,0.14184888706817567
6510,1340.1999999999998,18,1,0.14180633240205523
6511,1340.1999999999998,18,1,0.14176379050233462
6512,1339.0,20,1,0.14172126136518393
6513,1289.0,21,1,0.14167874498677438
6514,1290.2,19,1,0.14163624136327835
6515,1399.6999999999998,29,1,0.14159375049086936
6516,1337.8,22,1,0.1415512723657221
6517,1340.1999999999998,18,1,0.1415088069840124
6518,1340.1999999999998,18,1,0.14146635434191718
6519,1339.0,20,1,0.1414239144356146
6520,1217.4,31,1,0.14138148726128394
6521,1290.2,19,1,0.14133907281510555
6522,1289.0,21,1,0.14129667109326102
6523,1290.2,19,1,0.14125428209193305
6524,1239.0,22,1,0.14121190580730547
6525,1305.5,21,1,0.14116954223556327
6526,1289.0,21,1,0.14112719137289262
6527,1289.0,21,1,0.14108485321548075
6528,1339.0,20,1,0.14104252775951612
6529,1290.2,19,1,0.14100021500118826
6530,1340.1999999999998,18,1,0.1409579149366879
6531,1289.0,21,1,0.1409156275622069
6532,1234.3,24,1,0.14087335287393826
6533,1255.5,22,1,0.14083109086807608
6534,1340.1999999999998,18,1,0.14078884154081567
6535,1354.3,22,1,0.14074660488835342
6536,1240.2,20,1,0.14070438090688692
6537,1355.5,20,1,0.14066216959261485
6538,1339.0,20,1,0.14061997094173706
6539,1382.6999999999998,30,1,0.14057778495045453
6540,1340.1999999999998,18,1,0.1405356116149694
6541,1290.2,19,1,0.14049345093148494
6542,1289.0,21,1,0.1404513028962055
6543,1340.1999999999998,18,1,0.14040916750533664
6544,1340.1999999999998,18,1,0.14036704475508505
6545,1340.1999999999998,18,1,0.14032493464165852
6546,1367.3999999999999,28,1,0.14028283716126602
6547,1240.2,20,1,0.14024075231011765
6548,1340.1999999999998,18,1,0.14019868008442463
6549,1355.5,20,1,0.1401566204803993
6550,1255.5,22,1,0.14011457349425518
6551,1340.1999999999998,18,1,0.1400725391222069
6552,1290.2,19,1,0.14003051736047026
6553,1267.6,25,1,0.13998850820526212
6554,1289.0,21,1,0.13994651165280056
6555,1337.8,22,1,0.13990452769930473
6556,1238.2,20,1,0.13986255634099493
6557,1236.6,26,1,0.13982059757409263
6558,1290.2,19,1,0.1397786513948204
6559,1340.1999999999998,18,1,0.13973671779940197
6560,1290.2,19,1,0.13969479678406216
6561,1287.8,23,1,0.13965288834502695
6562,1339.0,20,1,0.13961099247852346
6563,1289.0,21,1,0.13956910918077992
6564,1290.2,19,1,0.1395272384480257
6565,1289.0,21,1,0.1394853802764913
6566,1284.6,25,1,0.13944353466240836
6567,1337.8,22,1,0.13940170160200965
6568,1289.0,21,1,0.13935988109152905
6569,1336.6,24,1,0.1393180731272016
6570,1105.5,25,1,0.13927627770526343
6571,1335.8,22,1,0.13923449482195185
6572,1289.0,21,1,0.13919272447350528
6573,1340.1999999999998,18,1,0.13915096665616322
6574,1185.8,25,1,0.13910922136616638
6575,1239.0,22,1,0.13906748859975654
6576,1290.2,19,1,0.13902576835317662
6577,1340.1999999999998,18,1,0.13898406062267069
6578,1340.1999999999998,18,1,0.13894236540448388
6579,1340.1999999999998,18,1,0.13890068269486253
6580,1290.2,19,1,0.13885901249005408
6581,1339.0,20,1,0.13881735478630708
6582,1289.0,21,1,0.1387757095798712
6583,1287.8000000000002,23,1,0.13873407686699724
6584,1339.0,20,1,0.13869245664393715
6585,1340.1999999999998,18,1,0.13865084890694396
6586,1336.6,24,1,0.1386092536522719
6587,1287.8,23,1,0.13856767087617622
6588,1240.2,20,1,0.13852610057491338
6589,1339.0,20,1,0.13848454274474092
6590,1290.1999999999998,19,1,0.1384429973819175
6591,1308.8,23,1,0.13840146448270293
6592,1339.0,20,1,0.13835994404335814
6593,1289.0,21,1,0.13831843606014513
6594,1296.6,24,1,0.1382769405293271
6595,1340.1999999999998,18,1,0.1382354574471683
6596,1339.0,20,1,0.13819398680993417
6597,1435.6,24,1,0.13815252861389118
6598,1285.8,23,1,0.13811108285530702
6599,1189.0,23,1,0.13806964953045042
6600,1289.0,21,1,0.1380282286355913
6601,1340.1999999999998,18,1,0.13798682016700065
6602,1339.0,20,1,0.13794542412095054
6603,1340.1999999999998,18,1,0.13790404049371427
6604,1189.0,23,1,0.13786266928156615
6605,1340.1999999999998,18,1,0.1378213104807817
6606,1187.0,23,1,0.13777996408763746
6607,1289.0,21,1,0.13773863009841117
6608,1340.1999999999998,18,1,0.13769730850938164
6609,1287.8000000000002,23,1,0.13765599931682884
6610,1240.2,20,1,0.1376147025170338
6611,1290.2,19,1,0.1375734181062787
6612,1371.1,24,1,0.13753214608084682
6613,1340.1999999999998,18,1,0.13749088643702256
6614,1319.6,24,1,0.13744963917109146
6615,1289.0,21,1,0.13740840427934015
6616,1340.1999999999998,18,1,0.13736718175805634
6617,1239.0,22,1,0.13732597160352894
6618,1289.0,21,1,0.13728477381204787
6619,1339.0,20,1,0.13724358837990427
6620,1417.3999999999999,27,1,0.1372024153033903
6621,1290.2,19,1,0.1371612545787993
6622,1295.4,26,1,0.13712010620242565
6623,1339.0,20,1,0.13707897017056492
6624,1189.0,23,1,0.13703784647951375
6625,1289.0,21,1,0.1369967351255699
6626,1283.2,31,1,0.13695563610503222
6627,1196.6,26,1,0.13691454941420073
6628,1467.3999999999999,26,1,0.13687347504937647
6629,1290.2,19,1,0.13683241300686166
6630,1354.3,22,1,0.1367913632829596
6631,1340.1999999999998,18,1,0.1367503258739747
6632,1287.8,23,1,0.13670930077621252
6633,1240.2,20,1,0.13666828798597966
6634,1290.2,19,1,0.13662728749958386
6635,1340.1999999999998,18,1,0.136586299313334
6636,1269.6000000000001,25,1,0.13654532342354
6637,1240.2,20,1,0.13650435982651296
6638,1289.0,21,1,0.136463408518565
6639,1240.2,20,1,0.13642246949600945
6640,1289.0,21,1,0.13638154275516065
6641,1239.0,22,1,0.13634062829233412
6642,1340.1999999999998,18,1,0.1362997261038464
6643,1255.5,22,1,0.13625883618601525
6644,1290.2,19,1,0.13621795853515944
6645,1187.8,25,1,0.1361770931475989
6646,1340.1999999999998,18,1,0.13613624001965463
6647,1340.1999999999998,18,1,0.13609539914764873
6648,1340.1999999999998,18,1,0.13605457052790446
6649,1339.0,20,1,0.1360137541567461
6650,1228.4,28,1,0.13597295003049908
6651,1340.1999999999998,18,1,0.13593215814548995
6652,1289.0,21,1,0.1358913784980463
6653,1340.1999999999998,18,1,0.1358506110844969
6654,1240.2,20,1,0.13580985590117153
6655,1290.2,19,1,0.1357691129444012
6656,1239.0,22,1,0.1357283822105179
6657,1289.0,21,1,0.13568766369585475
6658,1467.3999999999999,26,1,0.135646957396746
6659,1240.2,20,1,0.135606263309527
6660,1261.9,27,1,0.13556558143053413
6661,1305.5,21,1,0.13552491175610498
6662,1289.0,21,1,0.13548425428257815
6663,1190.2,21,1,0.13544360900629338
6664,1416.1999999999998,29,1,0.1354029759235915
6665,1289.0,21,1,0.13536235503081442
6666,1190.2,21,1,0.1353217463243052
6667,1304.3,23,1,0.1352811498004079
6668,1339.0,20,1,0.13524056545546778
6669,1340.1999999999998,18,1,0.13519999328583115
6670,1340.1999999999998,18,1,0.1351594332878454
6671,1214.9,28,1,0.13511888545785905
6672,1340.1999999999998,18,1,0.1350783497922217
6673,1320.8,23,1,0.13503782628728403
6674,1289.0,21,1,0.13499731493939784
6675,1340.1999999999998,18,1,0.13495681574491603
6676,1289.0,21,1,0.13491632870019254
6677,1289.0,21,1,0.13487585380158248
6678,1288.2,19,1,0.134835391045442
6679,1284.9,27,1,0.1347949404281284
6680,1255.5,22,1,0.13475450194599997
6681,1340.1999999999998,18,1,0.13471407559541618
6682,1305.5,21,1,0.13467366137273756
6683,1337.8,22,1,0.13463325927432573
6684,1255.5,22,1,0.13459286929654343
6685,1189.0,23,1,0.13455249143575448
6686,1339.0,20,1,0.13451212568832377
6687,1340.1999999999998,18,1,0.13447177205061728
6688,1340.1999999999998,18,1,0.1344314305190021
6689,1289.0,21,1,0.13439110108984642
6690,1283.1000000000001,25,1,0.13435078375951948
6691,1340.1999999999998,18,1,0.13431047852439162
6692,1204.3000000000002,25,1,0.13427018538083432
6693,1240.2,20,1,0.13422990432522008
6694,1240.2,20,1,0.13418963535392253
6695,1286.6,25,1,0.13414937846331637
6696,1339.0,20,1,0.1341091336497774
6697,1339.0,20,1,0.13406890090968246
6698,1340.1999999999998,18,1,0.13402868023940956
6699,1289.0,21,1,0.13398847163533775
6700,1190.2,21,1,0.13394827509384716
6701,1339.0,20,1,0.133908090611319
6702,1154.3,26,1,0.1338679181841356
6703,1340.1999999999998,18,1,0.13382775780868036
6704,1340.1999999999998,18,1,0.13378760948133778
6705,1289.0,21,1,0.13374747319849337
6706,1290.1999999999998,19,1,0.13370734895653383
6707,1339.0,20,1,0.13366723675184689
6708,1287.8000000000002,23,1,0.13362713658082134
6709,1340.1999999999998,18,1,0.1335870484398471
6710,1290.2,19,1,0.13354697232531515
6711,1290.2,19,1,0.13350690823361755
6712,1355.5,20,1,0.13346685616114748
6713,1287.8000000000002,23,1,0.13342681610429913
6714,1358.7999999999997,22,1,0.13338678805946785
6715,1290.1999999999998,19,1,0.13334677202305
6716,1339.0,20,1,0.1333067679914431
6717,1339.0,20,1,0.13326677596104566
6718,1290.2,19,1,0.13322679592825734
6719,1340.1999999999998,18,1,0.13318682788947886
6720,1289.0,21,1,0.133146871841112
6721,1340.1999999999998,18,1,0.13310692777955968
6722,1467.3999999999999,26,1,0.13306699570122582
6723,1340.1999999999998,18,1,0.13302707560251545
6724,1119.6000000000001,27,1,0.1329871674798347
6725,1340.1999999999998,18,1,0.13294727132959075
6726,1240.2,20,1,0.13290738714819186
6727,1317.8,22,1,0.1328675149320474
6728,1190.2,21,1,0.1328276546775678
6729,1340.1999999999998,18,1,0.13278780638116452
6730,1189.0,23,1,0.13274797003925018
6731,1290.2,19,1,0.1327081456482384
6732,1289.0,21,1,0.13266833320454394
6733,1339.0,20,1,0.13262853270458258
6734,1340.1999999999998,18,1,0.1325887441447712
6735,1290.1999999999998,19,1,0.13254896752152778
6736,1339.0,20,1,0.13250920283127132
6737,1240.2,20,1,0.13246945007042193
6738,1304.3,23,1,0.13242970923540082
6739,1190.2,21,1,0.1323899803226302
6740,1290.1999999999998,19,1,0.13235026332853342
6741,1339.0,20,1,0.13231055824953486
6742,1290.2,19,1,0.13227086508206
6743,1087.0,25,1,0.1322311838225354
6744,1289.0,21,1,0.13219151446738864
6745,1290.2,19,1,0.13215185701304843
6746,1340.1999999999998,18,1,0.1321122114559445
6747,1205.5,23,1,0.13207257779250772
6748,1337.8,22,1,0.13203295601916998
6749,1466.1999999999998,28,1,0.13199334613236424
6750,1339.0,20,1,0.13195374812852453
6751,1336.6,24,1,0.13191416200408598
6752,1337.8,22,1,0.13187458775548477
6753,1340.1999999999998,18,1,0.13183502537915814
6754,1305.5,21,1,0.1317954748715444
6755,1188.2,21,1,0.13175593622908294
6756,1304.3,23,1,0.13171640944821422
6757,1340.1999999999998,18,1,0.13167689452537976
6758,1290.2,19,1,0.13163739145702213
6759,1339.0,20,1,0.13159790023958504
6760,1289.0,21,1,0.13155842086951317
6761,1340.1999999999998,18,1,0.1315189533432523
6762,1339.0,20,1,0.13147949765724934
6763,1290.2,19,1,0.13144005380795218
6764,1340.1999999999998,18,1,0.1314006217918098
6765,1237.8,24,1,0.13136120160527226
6766,1339.0,20,1,0.13132179324479068
6767,1340.1999999999998,18,1,0.13128239670681724
6768,1239.0,22,1,0.1312430119878052
6769,1237.8,24,1,0.13120363908420885
6770,1255.5,22,1,0.1311642779924836
6771,1340.1999999999998,18,1,0.13112492870908585
6772,1239.0,22,1,0.13108559123047311
6773,1289.0,21,1,0.13104626555310397
6774,1355.5,20,1,0.13100695167343804
6775,1498.2999999999997,32,1,0.130967649587936
6776,1340.1999999999998,18,1,0.13092835929305963
6777,1340.1999999999998,18,1,0.1308890807852717
6778,1340.1999999999998,18,1,0.13084981406103613
6779,1340.1999999999998,18,1,0.13081055911681783
6780,1253.5,22,1,0.13077131594908278
6781,1339.0,20,1,0.13073208455429805
6782,1370.8,22,1,0.13069286492893176
6783,1253.1,26,1,0.1306536570694531
6784,1357.6,24,1,0.13061446097233226
6785,1339.0,20,1,0.13057527663404056
6786,1290.2,19,1,0.13053610405105034
6787,1237.0,22,1,0.13049694321983504
6788,1289.0,21,1,0.1304577941368691
6789,1340.1999999999998,18,1,0.13041865679862802
6790,1320.7999999999997,22,1,0.13037953120158843
6791,1339.0,20,1,0.13034041734222795
6792,1340.1999999999998,18,1,0.1303013152170253
6793,1339.0,20,1,0.1302622248224602
6794,1354.3,22,1,0.13022314615501346
6795,1340.1999999999998,18,1,0.13018407921116695
6796,1339.0,20,1,0.1301450239874036
6797,1304.3,23,1,0.13010598048020738
6798,1340.1999999999998,18,1,0.13006694868606333
6799,1340.1999999999998,18,1,0.1300279286014575
6800,1287.8000000000002,23,1,0.12998892022287709
6801,1340.1999999999998,18,1,0.12994992354681023
6802,1240.1999999999998,20,1,0.1299109385697462
6803,1290.1999999999998,19,1,0.12987196528817527
6804,1340.1999999999998,18,1,0.12983300369858883
6805,1290.2,19,1,0.12979405379747924
6806,1336.6,24,1,0.12975511558134
6807,1290.1999999999998,19,1,0.1297161890466656
6808,1339.0,20,1,0.1296772741899516
6809,1340.1999999999998,18,1,0.1296383710076946
6810,1340.1999999999998,18,1,0.1295994794963923
6811,1304.3,23,1,0.12956059965254338
6812,1340.1999999999998,18,1,0.12952173147264762
6813,1289.0,21,1,0.12948287495320582
6814,1053.5,26,1,0.12944403009071986
6815,1239.0,22,1,0.12940519688169266
6816,1339.0,20,1,0.12936637532262815
6817,1290.2,19,1,0.12932756541003138
6818,1339.0,20,1,0.12928876714040838
6819,1239.0,22,1,0.12924998051026626
6820,1263.0,32,1,0.12921120551611318
6821,1339.0,20,1,0.12917244215445833
6822,1234.3,24,1,0.129133690421812
6823,1289.0,21,1,0.12909495031468546
6824,1340.1999999999998,18,1,0.12905622182959106
6825,1434.3999999999999,26,1,0.12901750496304218
6826,1339.0,20,1,0.12897879971155327
6827,1220.8,24,1,0.1289401060716398
6828,1290.2,19,1,0.12890142403981833
6829,1290.2,19,1,0.12886275361260638
6830,1340.1999999999998,18,1,0.1288240947865226
6831,1340.1999999999998,18,1,0.12878544755808666
6832,1239.0,22,1,0.12874681192381923
6833,1340.1999999999998,18,1,0.1287081878802421
6834,1340.1999999999998,18,1,0.12866957542387802
6835,1290.2,19,1,0.12863097455125086
6836,1319.6,25,1,0.1285923852588855
6837,1315.4,26,1,0.12855380754330784
6838,1339.0,20,1,0.12851524140104484
6839,1340.1999999999998,18,1,0.12847668682862454
6840,1304.3,23,1,0.12843814382257596
6841,1240.2,20,1,0.12839961237942918
6842,1117.9,30,1,0.12836109249571537
6843,1337.8,22,1,0.12832258416796666
6844,1307.6,25,1,0.12828408739271627
6845,1284.3,23,1,0.12824560216649847
6846,1340.1999999999998,18,1,0.12820712848584853
6847,1354.3,22,1,0.12816866634730278
6848,1355.5,20,1,0.1281302157473986
6849,1383.6,25,1,0.12809177668267438
6850,1289.0,21,1,0.1280533491496696
6851,1340.1999999999998,18,1,0.1280149331449247
6852,1289.0,21,1,0.12797652866498124
6853,1355.5,20,1,0.12793813570638174
6854,1340.1999999999998,18,1,0.12789975426566982
6855,1290.2,19,1,0.12786138433939012
6856,1290.2,19,1,0.1278230259240883
6857,1290.2,19,1,0.1277846790163111
6858,1339.0,20,1,0.12774634361260623
6859,1340.1999999999998,18,1,0.12770801970952245
6860,1288.2,19,1,0.1276697073036096
6861,1354.3,22,1,0.1276314063914185
6862,1290.2,19,1,0.1275931169695011
6863,1290.2,19,1,0.12755483903441026
6864,1434.3999999999999,26,1,0.12751657258269994
6865,1322.0,21,1,0.12747831761092512
6866,1240.2,20,1,0.12744007411564184
6867,1287.8000000000002,23,1,0.12740184209340716
6868,1340.1999999999998,18,1,0.12736362154077915
6869,1290.1999999999998,19,1,0.12732541245431692
6870,1240.2,20,1,0.12728721483058061
6871,1290.2,19,1,0.12724902866613144
6872,1340.1999999999998,18,1,0.1272108539575316
6873,1304.3,23,1,0.12717269070134435
6874,1270.8,24,1,0.12713453889413395
6875,1290.2,19,1,0.1270963985324657
6876,1190.2,21,1,0.12705826961290598
6877,1284.3000000000002,23,1,0.1270201521320221
6878,1340.1999999999998,18,1,0.1269820460863825
6879,1288.2,19,1,0.12694395147255658
6880,1288.2,19,1,0.1269058682871148
6881,1289.0,21,1,0.1268677965266287
6882,1340.1999999999998,18,1,0.1268297361876707
6883,1340.1999999999998,18,1,0.12679168726681442
6884,1433.1999999999998,28,1,0.12675364976063438
6885,1340.1999999999998,18,1,0.1267156236657062
6886,1290.2,19,1,0.1266776089786065
6887,1369.6,24,1,0.12663960569591293
6888,1267.8,23,1,0.12660161381420415
6889,1340.1999999999998,18,1,0.1265636333300599
6890,1240.1999999999998,20,1,0.1265256642400609
6891,1190.2,21,1,0.1264877065407889
6892,1340.1999999999998,18,1,0.12644976022882665
6893,1272.0,22,1,0.126411825300758
6894,1254.3,24,1,0.1263739017531678
6895,1320.8,23,1,0.12633598958264183
6896,1290.2,19,1,0.12629808878576704
6897,1240.2,20,1,0.12626019935913133
6898,1290.2,19,1,0.1262223212993236
6899,1355.5,20,1,0.1261844546029338
6900,1340.1999999999998,18,1,0.12614659926655292
6901,1340.1999999999998,18,1,0.12610875528677296
6902,1320.0,21,1,0.12607092266018693
6903,1340.1999999999998,18,1,0.12603310138338888
6904,1399.6999999999998,29,1,0.12599529145297386
6905,1340.1999999999998,18,1,0.12595749286553798
6906,1272.0,22,1,0.12591970561767832
6907,1355.5,20,1,0.12588192970599302
6908,1340.1999999999998,18,1,0.12584416512708121
6909,1337.8,22,1,0.1258064118775431
6910,1289.0,21,1,0.12576866995397984
6911,1290.1999999999998,19,1,0.12573093935299365
6912,1290.2,19,1,0.12569322007118774
6913,1237.8,24,1,0.1256555121051664
6914,1240.2,20,1,0.12561781545153486
6915,1290.2,19,1,0.1255801301068994
6916,1289.0,21,1,0.12554245606786732
6917,1290.2,19,1,0.12550479333104697
6918,1137.0,24,1,0.12546714189304767
6919,1304.3,23,1,0.12542950175047976
6920,1187.8,25,1,0.12539187289995463
6921,1340.1999999999998,18,1,0.12535425533808464
6922,1340.1999999999998,18,1,0.1253166490614832
6923,1289.0,21,1,0.12527905406676476
6924,1354.3,22,1,0.12524147035054473
6925,1340.1999999999998,18,1,0.12520389790943956
6926,1339.0,20,1,0.12516633674006672
6927,1340.1999999999998,18,1,0.12512878683904471
6928,1340.1999999999998,18,1,0.125091248202993
6929,1354.3,22,1,0.1250537208285321
6930,1239.0,22,1,0.12501620471228356
6931,1339.0,20,1,0.12497869985086987
6932,1339.0,20,1,0.12494120624091462
6933,1290.2,19,1,0.12490372387904235
6934,1290.2,19,1,0.12486625276187864
6935,1255.5,22,1,0.12482879288605007
6936,1340.1999999999998,18,1,0.12479134424818426
6937,1355.5,20,1,0.1247539068449098
6938,1337.8,22,1,0.12471648067285634
6939,1320.7999999999997,22,1,0.12467906572865449
6940,1140.2,22,1,0.1246416620089359
6941,1290.2,19,1,0.12460426951033322
6942,1305.5,21,1,0.12456688822948013
6943,1300.9,29,1,0.12452951816301129
6944,1205.5,23,1,0.1244921593075624
6945,1340.1999999999998,18,1,0.12445481165977013
6946,1340.1999999999998,18,1,0.1244174752162722
6947,1340.1999999999998,18,1,0.12438014997370732
6948,1339.0,20,1,0.12434283592871521
6949,1240.2,20,1,0.1243055330779366
6950,1305.5,21,1,0.12426824141801322
6951,1289.0,21,1,0.12423096094558782
6952,1290.2,19,1,0.12419369165730415
6953,1303.1,25,1,0.12415643354980696
6954,1240.2,20,1,0.12411918661974203
6955,1340.1999999999998,18,1,0.1240819508637561
6956,1340.1999999999998,18,1,0.12404472627849698
6957,1337.8,22,1,0.12400751286061344
6958,1290.2,19,1,0.12397031060675526
6959,1340.1999999999998,18,1,0.12393311951357323
6960,1333.1,24,1,0.12389593957771916
6961,1435.6,24,1,0.12385877079584585
6962,1205.5,23,1,0.1238216131646071
6963,1189.0,23,1,0.12378446668065772
6964,1320.8,22,1,0.12374733134065352
6965,1290.2,19,1,0.12371020714125133
6966,1290.2,19,1,0.12367309407910897
6967,1287.8,23,1,0.12363599215088523
6968,1304.3,23,1,0.12359890135323998
6969,1290.2,19,1,0.12356182168283401
6970,1290.2,19,1,0.12352475313632917
6971,1339.0,20,1,0.12348769571038827
6972,1240.2,20,1,0.12345064940167516
6973,1354.3,22,1,0.12341361420685466
6974,1290.2,19,1,0.12337659012259261
6975,1449.6999999999998,28,1,0.12333957714555584
6976,1289.0,21,1,0.12330257527241217
6977,1340.1999999999998,18,1,0.12326558449983045
6978,1290.2,19,1,0.1232286048244805
6979,1289.0,21,1,0.12319163624303316
6980,1337.8,22,1,0.12315467875216025
6981,1354.3,22,1,0.12311773234853461
6982,1290.2,19,1,0.12308079702883006
6983,1190.2,21,1,0.12304387278972141
6984,1237.0,22,1,0.1230069596278845
6985,1340.1999999999998,18,1,0.12297005753999614
6986,1239.0,22,1,0.12293316652273414
6987,1240.2,20,1,0.12289628657277733
6988,1340.1999999999998,18,1,0.1228594176868055
6989,1340.1999999999998,18,1,0.12282255986149947
6990,1239.0,22,1,0.12278571309354103
6991,1340.1999999999998,18,1,0.12274887737961297
6992,1308.8,23,1,0.1227120527163991
6993,1290.2,19,1,0.12267523910058419
6994,1290.2,19,1,0.12263843652885402
6995,1334.8999999999999,27,1,0.12260164499789537
6996,1339.0,20,1,0.122564864504396
6997,1240.2,20,1,0.1225280950450447
6998,1319.6,24,1,0.12249133661653118
6999,1290.2,19,1,0.12245458921554622
7000,1290.2,19,1,0.12241785283878157
7001,1340.1999999999998,18,1,0.12238112748292994
7002,1240.2,20,1,0.12234441314468507
7003,1289.0,21,1,0.12230770982074167
7004,1286.6,25,1,0.12227101750779545
7005,1240.2,20,1,0.12223433620254312
7006,1337.6,24,1,0.12219766590168236
7007,1340.1999999999998,18,1,0.12216100660191187
7008,1240.2,20,1,0.1221243582999313
7009,1290.1999999999998,19,1,0.12208772099244133
7010,1355.5,20,1,0.12205109467614361
7011,1187.0,23,1,0.12201447934774078
7012,1355.5,20,1,0.12197787500393646
7013,1140.2,22,1,0.12194128164143528
7014,1339.0,20,1,0.12190469925694285
7015,1290.2,19,1,0.12186812784716577
7016,1239.0,22,1,0.12183156740881163
7017,1355.5,20,1,0.12179501793858899
7018,1337.8,22,1,0.12175847943320742
7019,1339.0,20,1,0.12172195188937746
7020,1283.1000000000001,25,1,0.12168543530381065
7021,1289.0,21,1,0.12164892967321951
7022,1435.6,24,1,0.12161243499431755
7023,1340.1999999999998,18,1,0.12157595126381926
7024,1339.0,20,1,0.12153947847844011
7025,1340.1999999999998,18,1,0.12150301663489659
7026,1281.9,27,1,0.12146656572990612
7027,1290.1999999999998,19,1,0.12143012576018715
7028,1205.5,23,1,0.1213936967224591
7029,1304.3,23,1,0.12135727861344237
7030,1240.2,20,1,0.12132087142985834
7031,1240.2,20,1,0.12128447516842938
7032,1372.0,20,1,0.12124808982587885
7033,1240.2,20,1,0.1212117153989311
7034,1284.3000000000002,23,1,0.12117535188431142
7035,1340.1999999999998,18,1,0.12113899927874612
7036,1240.2,20,1,0.1211026575789625
7037,1288.2,19,1,0.12106632678168883
7038,1337.8,22,1,0.12103000688365433
7039,1340.1999999999998,18,1,0.12099369788158923
7040,1290.2,19,1,0.12095739977222476
7041,1287.8000000000002,23,1,0.1209211125522931
7042,1340.1999999999998,18,1,0.12088483621852741
7043,1340.1999999999998,18,1,0.12084857076766185
7044,1305.5,21,1,0.12081231619643155
7045,1355.5,20,1,0.12077607250157263
7046,1287.8000000000002,23,1,0.12073983967982216
7047,1340.1999999999998,18,1,0.12070361772791821
7048,1450.8999999999999,26,1,0.12066740664259984
7049,1355.5,20,1,0.12063120642060707
7050,1287.8,23,1,0.12059501705868089
7051,1340.1999999999998,18,1,0.1205588385535633
7052,1289.0,21,1,0.12052267090199723
7053,1340.1999999999998,18,1,0.12048651410072662
7054,1290.2,19,1,0.12045036814649641
7055,1340.1999999999998,18,1,0.12041423303605248
7056,1237.0,22,1,0.12037810876614166
7057,1289.0,21,1,0.12034199533351182
7058,1290.2,19,1,0.12030589273491177
7059,1290.1999999999998,19,1,0.12026980096709129
7060,1290.2,19,1,0.12023372002680117
7061,1334.4,28,1,0.12019764991079314
7062,1290.2,19,1,0.12016159061581991
7063,1237.8,24,1,0.12012554213863516
7064,1190.2,21,1,0.12008950447599358
7065,1287.8,23,1,0.12005347762465078
7066,1305.5,21,1,0.1200174615813634
7067,1340.1999999999998,18,1,0.119981456342889
7068,1204.3,25,1,0.11994546190598614
7069,1237.8,24,1,0.11990947826741434
7070,1339.0,20,1,0.11987350542393412
7071,1340.1999999999998,18,1,0.11983754337230694
7072,1240.2,20,1,0.11980159210929525
7073,1355.5,20,1,0.11976565163166247
7074,1270.8,23,1,0.11972972193617298
7075,1340.1999999999998,18,1,0.11969380301959213
7076,1340.1999999999998,18,1,0.11965789487868626
7077,1355.5,20,1,0.11962199751022266
7078,1251.1000000000001,26,1,0.1195861109109696
7079,1384.3999999999999,27,1,0.11955023507769631
7080,1290.2,19,1,0.11951437000717301
7081,1320.8,23,1,0.11947851569617086
7082,1340.1999999999998,18,1,0.11944267214146202
7083,1288.2,19,1,0.11940683933981959
7084,1372.0,20,1,0.11937101728801765
7085,1243.4,27,1,0.11933520598283125
7086,1340.1999999999998,18,1,0.1192994054210364
7087,1290.2,19,1,0.1192636155994101
7088,1290.2,19,1,0.11922783651473028
7089,1339.0,20,1,0.11919206816377587
7090,1340.1999999999998,18,1,0.11915631054332673
7091,1340.1999999999998,18,1,0.11912056365016374
7092,1305.5,21,1,0.11908482748106869
7093,1340.1999999999998,18,1,0.11904910203282437
7094,1337.8,22,1,0.11901338730221453
7095,1240.2,20,1,0.11897768328602387
7096,1340.1999999999998,18,1,0.11894198998103807
7097,1240.2,20,1,0.11890630738404376
7098,1240.2,20,1,0.11887063549182855
7099,1355.5,20,1,0.118834974301181
7100,1135.2,22,1,0.11879932380889066
7101,1335.6,26,1,0.118763684011748
7102,1290.2,19,1,0.11872805490654448
7103,1220.8,25,1,0.11869243649007252
7104,1289.0,21,1,0.1186568287591255
7105,1240.2,20,1,0.11862123171049777
7106,1289.0,21,1,0.11858564534098462
7107,1354.3,22,1,0.11855006964738232
7108,1340.1999999999998,18,1,0.11851450462648812
7109,1290.2,19,1,0.11847895027510018
7110,1339.0,20,1,0.11844340659001765
7111,1340.1999999999998,18,1,0.11840787356804064
7112,1340.1999999999998,18,1,0.11837235120597023
7113,1289.0,21,1,0.11833683950060844
7114,1340.1999999999998,18,1,0.11830133844875826
7115,1219.6000000000001,25,1,0.11826584804722363
7116,1246.6,25,1,0.11823036829280947
7117,1435.6,24,1,0.11819489918232164
7118,1399.6999999999998,29,1,0.11815944071256694
7119,1450.8999999999999,26,1,0.11812399288035318
7120,1287.8,23,1,0.11808855568248908
7121,1384.3999999999999,27,1,0.11805312911578433
7122,1333.2,30,1,0.11801771317704961
7123,1335.6,26,1,0.11798230786309649
7124,1385.6,25,1,0.11794691317073756
7125,1400.8999999999999,27,1,0.11791152909678634
7126,1384.3999999999999,27,1,0.11787615563805731
7127,1365.0,31,1,0.1178407927913659
7128,1385.6,25,1,0.1178054405535285
7129,1383.1999999999998,29,1,0.11777009892136245
7130,1435.6,24,1,0.11773476789168605
7131,1435.6,24,1,0.11769944746131855
7132,1335.6,26,1,0.11766413762708015
7133,1352.6,25,1,0.11762883838579204
7134,1380.1999999999998,28,1,0.1175935497342763
7135,1450.8999999999999,26,1,0.11755827166935602
7136,1435.6,24,1,0.11752300418785522
7137,1335.6,26,1,0.11748774728659886
7138,1396.4999999999998,31,1,0.11745250096241289
7139,1383.6,25,1,0.11741726521212417
7140,1334.4,28,1,0.11738204003256054
7141,1435.6,24,1,0.11734682542055078
7142,1283.6,27,1,0.11731162137292461
7143,1384.3999999999999,27,1,0.11727642788651274
7144,1334.6,24,1,0.11724124495814679
7145,1302.6,26,1,0.11720607258465936
7146,1319.6,24,1,0.11717091076288397
7147,1240.2,20,1,0.1171357594896551
7148,1255.5,22,1,0.1171006187618082
7149,1340.1999999999998,18,1,0.11706548857617967
7150,1316.6,24,1,0.11703036892960682
7151,1270.8000000000002,23,1,0.11699525981892794
7152,1235.6000000000001,28,1,0.11696016124098227
7153,1303.8,24,1,0.11692507319260997
7154,1303.8,24,1,0.1168899956706522
7155,1402.6,24,1,0.116854928671951
7156,1253.8000000000002,25,1,0.11681987219334942
7157,1289.0,21,1,0.11678482623169142
7158,1337.8,22,1,0.11674979078382192
7159,1339.0,20,1,0.11671476584658677
7160,1289.0,21,1,0.1166797514168328
7161,1240.2,20,1,0.11664474749140775
7162,1340.1999999999998,18,1,0.11660975406716034
7163,1237.8,24,1,0.1165747711409402
7164,1255.5,22,1,0.11653979870959792
7165,1254.3000000000002,24,1,0.11650483676998505
7166,1299.6,25,1,0.11646988531895405
7167,1289.0,21,1,0.11643494435335837
7168,1302.6,26,1,0.11640001387005236
7169,1381.5,32,1,0.11636509386589135
7170,1290.2,19,1,0.11633018433773158
7171,1340.1999999999998,18,1,0.11629528528243027
7172,1190.2,21,1,0.11626039669684554
7173,1402.6,24,1,0.11622551857783649
7174,1334.3999999999999,28,1,0.11619065092226313
7175,1289.0,21,1,0.11615579372698646
7176,1305.5,21,1,0.11612094698886838
7177,1340.1999999999998,18,1,0.11608611070477172
7178,1289.0,21,1,0.11605128487156029
7179,1340.1999999999998,18,1,0.11601646948609882
7180,1339.0,20,1,0.115981664545253
7181,1337.8,22,1,0.11594687004588942
7182,1305.5,21,1,0.11591208598487567
7183,1290.2,19,1,0.1158773123590802
7184,1289.0,21,1,0.11584254916537248
7185,1239.0,22,1,0.11580779640062287
7186,1339.0,20,1,0.11577305406170268
7187,1355.5,20,1,0.11573832214548417
7188,1337.8,22,1,0.11570360064884053
7189,1435.6,24,1,0.11566888956864588
7190,1190.2,21,1,0.11563418890177529
7191,1353.1,24,1,0.11559949864510477
7192,1340.1999999999998,18,1,0.11556481879551124
7193,1340.1999999999998,18,1,0.11553014934987259
7194,1340.1999999999998,18,1,0.11549549030506763
7195,1340.1999999999998,18,1,0.11546084165797611
7196,1434.3999999999999,26,1,0.11542620340547873
7197,1239.0,22,1,0.11539157554445709
7198,1290.2,19,1,0.11535695807179375
7199,1340.1999999999998,18,1,0.11532235098437221
7200,1340.1999999999998,18,1,0.1152877542790769
7201,1255.5,22,1,0.11525316795279318
7202,1305.5,21,1,0.11521859200240735
7203,1305.5,21,1,0.11518402642480663
7204,1189.0,23,1,0.11514947121687918
7205,1205.5,23,1,0.11511492637551413
7206,1340.1999999999998,18,1,0.11508039189760147
7207,1270.8,23,1,0.11504586778003219
7208,1434.3999999999999,26,1,0.11501135401969818
7209,1384.3999999999999,27,1,0.11497685061349228
7210,1433.1999999999998,28,1,0.11494235755830823
7211,1384.3999999999999,27,1,0.11490787485104074
7212,1385.6,25,1,0.11487340248858544
7213,1384.3999999999999,27,1,0.11483894046783887
7214,1385.6,25,1,0.11480448878569852
7215,1285.6,27,1,0.11477004743906281
7216,1334.3999999999999,28,1,0.1147356164248311
7217,1340.1999999999998,18,1,0.11470119573990366
7218,1305.5,21,1,0.11466678538118169
7219,1235.6000000000001,28,1,0.11463238534556734
7220,1385.6,25,1,0.11459799562996367
7221,1335.6,26,1,0.11456361623127469
7222,1385.6,25,1,0.1145292471464053
7223,1434.3999999999999,26,1,0.11449488837226139
7224,1234.4,30,1,0.11446053990574971
7225,1385.6,25,1,0.11442620174377799
7226,1385.6,25,1,0.11439187388325486
7227,1243.2,31,1,0.11435755632108989
7228,1435.6,24,1,0.11432324905419357
7229,1385.6,25,1,0.11428895207947731
7230,1449.6999999999998,28,1,0.11425466539385347
7231,1372.0,20,1,0.11422038899423531
7232,1285.6000000000001,27,1,0.11418612287753704
7233,1383.1999999999998,29,1,0.11415186704067379
7234,1433.1999999999998,28,1,0.11411762148056159
7235,1300.9,29,1,0.11408338619411743
7236,1285.6,27,1,0.1140491611782592
7237,1334.3999999999999,28,1,0.11401494642990573
7238,1385.6,25,1,0.11398074194597677
7239,1384.3999999999999,27,1,0.11394654772339298
7240,1183.2,33,1,0.11391236375907597
7241,1335.6,26,1,0.11387819004994826
7242,1285.6,27,1,0.11384402659293327
7243,1385.6,25,1,0.11380987338495539
7244,1339.0,20,1,0.11377573042293991
7245,1334.4,28,1,0.11374159770381304
7246,1385.6,25,1,0.11370747522450189
7247,1435.6,24,1,0.11367336298193455
7248,1333.1999999999998,30,1,0.11363926097303997
7249,1385.6,25,1,0.11360516919474807
7250,1284.4,29,1,0.11357108764398965
7251,1417.3999999999999,27,1,0.11353701631769646
7252,1334.3999999999999,28,1,0.11350295521280115
7253,1296.6,24,1,0.11346890432623732
7254,1434.3999999999999,26,1,0.11343486365493946
7255,1434.3999999999999,26,1,0.11340083319584299
7256,1384.3999999999999,27,1,0.11336681294588424
7257,1384.3999999999999,27,1,0.11333280290200048
7258,1412.0,30,1,0.11329880306112988
7259,1435.6,24,1,0.11326481342021155
7260,1450.8999999999999,26,1,0.1132308339761855
7261,1334.3999999999999,28,1,0.11319686472599265
7262,1450.8999999999999,26,1,0.11316290566657486
7263,1385.6,25,1,0.11312895679487489
7264,1293.2,30,1,0.11309501810783643
7265,1435.6,24,1,0.11306108960240407
7266,1290.2,19,1,0.11302717127552336
7267,1385.6,25,1,0.11299326312414071
7268,1385.6,25,1,0.11295936514520347
7269,1340.1999999999998,18,1,0.11292547733565991
7270,1366.1999999999998,29,1,0.11289159969245922
7271,1334.4,28,1,0.11285773221255149
7272,1385.6,25,1,0.11282387489288773
7273,1334.3999999999999,28,1,0.11279002773041986
7274,1435.6,24,1,0.11275619072210075
7275,1372.0,20,1,0.11272236386488411
7276,1385.6,25,1,0.11268854715572466
7277,1384.3999999999999,27,1,0.11265474059157794
7278,1385.6,25,1,0.11262094416940047
7279,1335.8,22,1,0.11258715788614965
7280,1340.1999999999998,18,1,0.1125533817387838
7281,1434.3999999999999,26,1,0.11251961572426218
7282,1385.6,25,1,0.11248585983954491
7283,1370.7999999999997,22,1,0.11245211408159306
7284,1385.6,25,1,0.11241837844736859
7285,1339.0,20,1,0.11238465293383437
7286,1435.6,24,1,0.11235093753795422
7287,1300.9,29,1,0.11231723225669284
7288,1221.4,38,1,0.11228353708701583
7289,1267.8,23,1,0.11224985202588973
7290,1290.2,19,1,0.11221617707028197
7291,1290.2,19,1,0.1121825122171609
7292,1255.5,22,1,0.11214885746349576
7293,1333.3999999999999,26,1,0.11211521280625672
7294,1290.2,19,1,0.11208157824241485
7295,1240.2,20,1,0.11204795376894214
7296,1237.8,24,1,0.11201433938281145
7297,1340.1999999999998,18,1,0.11198073508099661
7298,1239.0,22,1,0.11194714086047232
7299,1305.5,21,1,0.11191355671821418
7300,1340.1999999999998,18,1,0.11187998265119872
7301,1339.0,20,1,0.11184641865640337
7302,1239.0,22,1,0.11181286473080644
7303,1314.5,34,1,0.1117793208713872
7304,1339.0,20,1,0.1117457870751258
7305,1290.2,19,1,0.11171226333900326
7306,1289.0,21,1,0.11167874966000156
7307,1340.1999999999998,18,1,0.11164524603510356
7308,1290.2,19,1,0.11161175246129304
7309,1337.8,22,1,0.11157826893555466
7310,1339.0,20,1,0.11154479545487399
7311,1190.2,21,1,0.11151133201623753
7312,1340.1999999999998,18,1,0.11147787861663266
7313,1340.1999999999998,18,1,0.11144443525304767
7314,1290.2,19,1,0.11141100192247176
7315,1340.1999999999998,18,1,0.11137757862189503
7316,1340.1999999999998,18,1,0.11134416534830846
7317,1205.5,23,1,0.11131076209870397
7318,1340.1999999999998,18,1,0.11127736887007436
7319,1289.0,21,1,0.11124398565941335
7320,1290.2,19,1,0.11121061246371552
7321,1190.2,21,1,0.11117724927997641
7322,1384.3999999999999,27,1,0.11114389610519242
7323,1449.6999999999998,28,1,0.11111055293636087
7324,1339.0,20,1,0.11107721977047996
7325,1290.1999999999998,19,1,0.11104389660454882
7326,1340.1999999999998,18,1,0.11101058343556745
7327,1339.0,20,1,0.11097728026053678
7328,1290.2,19,1,0.11094398707645863
7329,1289.0,21,1,0.11091070388033569
7330,1239.0,22,1,0.11087743066917159
7331,1340.1999999999998,18,1,0.11084416743997084
7332,1340.1999999999998,18,1,0.11081091418973886
7333,1340.1999999999998,18,1,0.11077767091548195
7334,1240.2,20,1,0.11074443761420731
7335,1340.1999999999998,18,1,0.11071121428292305
7336,1435.6,24,1,0.11067800091863818
7337,1220.8000000000002,24,1,0.11064479751836259
7338,1290.1999999999998,19,1,0.11061160407910708
7339,1447.9999999999998,31,1,0.11057842059788335
7340,1190.2,21,1,0.11054524707170399
7341,1205.5,23,1,0.11051208349758249
7342,1339.0,20,1,0.11047892987253322
7343,1340.1999999999998,18,1,0.11044578619357145
7344,1340.1999999999998,18,1,0.11041265245771338
7345,1340.1999999999998,18,1,0.11037952866197608
7346,1290.2,19,1,0.1103464148033775
7347,1139.0,24,1,0.11031331087893648
7348,1290.2,19,1,0.1102802168856728
7349,1255.5,22,1,0.11024713282060711
7350,1290.2,19,1,0.11021405868076092
7351,1353.8,23,1,0.1101809944631567
7352,1289.0,21,1,0.11014794016481776
7353,1340.1999999999998,18,1,0.11011489578276831
7354,1339.0,20,1,0.11008186131403348
7355,1340.1999999999998,18,1,0.11004883675563927
7356,1289.0,21,1,0.11001582210461258
7357,1238.2,20,1,0.1099828173579812
7358,1290.2,19,1,0.10994982251277381
7359,1340.1999999999998,18,1,0.10991683756601998
7360,1340.1999999999998,18,1,0.10988386251475019
7361,1340.1999999999998,18,1,0.10985089735599576
7362,1340.1999999999998,18,1,0.10981794208678897
7363,1385.6,25,1,0.10978499670416293
7364,1340.1999999999998,18,1,0.10975206120515169
7365,1339.0,20,1,0.10971913558679014
7366,1290.2,19,1,0.10968621984611411
7367,1339.0,20,1,0.10965331398016027
7368,1240.1999999999998,20,1,0.10962041798596624
7369,1334.3999999999999,28,1,0.10958753186057045
7370,1339.0,20,1,0.10955465560101228
7371,1190.2,21,1,0.10952178920433198
7372,1289.0,21,1,0.10948893266757068
7373,1239.0,22,1,0.10945608598777042
7374,1340.1999999999998,18,1,0.10942324916197409
7375,1289.0,21,1,0.1093904221872255
7376,1187.8,25,1,0.10935760506056934
7377,1289.0,21,1,0.10932479777905117
7378,1304.3,23,1,0.10929200033971746
7379,1305.5,21,1,0.10925921273961556
7380,1289.0,21,1,0.10922643497579368
7381,1384.3999999999999,27,1,0.10919366704530094
7382,1240.2,20,1,0.10916090894518735
7383,1290.2,19,1,0.10912816067250379
7384,1305.5,21,1,0.10909542222430205
7385,1239.0,22,1,0.10906269359763476
7386,1434.3999999999999,26,1,0.10902997478955548
7387,1290.2,19,1,0.10899726579711862
7388,1290.2,19,1,0.10896456661737948
7389,1289.0,21,1,0.10893187724739427
7390,1310.9,40,1,0.10889919768422006
7391,1340.1999999999998,18,1,0.1088665279249148
7392,1340.1999999999998,18,1,0.10883386796653734
7393,1240.1999999999998,20,1,0.10880121780614738
7394,1435.6,24,1,0.10876857744080554
7395,1340.1999999999998,18,1,0.1087359468675733
7396,1340.1999999999998,18,1,0.10870332608351303
7397,1290.2,19,1,0.10867071508568799
7398,1301.9,27,1,0.10863811387116229
7399,1287.8,23,1,0.10860552243700095
7400,1296.6,24,1,0.10857294078026986
7401,1340.1999999999998,18,1,0.10854036889803578
7402,1305.5,21,1,0.10850780678736638
7403,1497.9999999999998,30,1,0.10847525444533017
7404,1303.1,25,1,0.10844271186899657
7405,1340.1999999999998,18,1,0.10841017905543587
7406,1290.1999999999998,19,1,0.10837765600171925
7407,1240.2,20,1,0.10834514270491874
7408,1290.2,19,1,0.10831263916210727
7409,1290.2,19,1,0.10828014537035864
7410,1385.6,25,1,0.10824766132674754
7411,1340.1999999999998,18,1,0.10821518702834952
7412,1270.8,23,1,0.10818272247224102
7413,1290.2,19,1,0.10815026765549934
7414,1340.1999999999998,18,1,0.1081178225752027
7415,1290.2,19,1,0.10808538722843014
7416,1340.1999999999998,18,1,0.10805296161226162
7417,1289.0,21,1,0.10802054572377795
7418,1289.0,21,1,0.10798813956006081
7419,1305.5,21,1,0.1079557431181928
7420,1236.6000000000001,26,1,0.10792335639525734
7421,1340.1999999999998,18,1,0.10789097938833876
7422,1340.1999999999998,18,1,0.10785861209452226
7423,1339.0,20,1,0.1078262545108939
7424,1340.1999999999998,18,1,0.10779390663454064
7425,1268.4,27,1,0.10776156846255028
7426,1355.5,20,1,0.10772923999201152
7427,1234.6000000000001,26,1,0.10769692122001392
7428,1339.0,20,1,0.10766461214364792
7429,1340.1999999999998,18,1,0.10763231276000483
7430,1340.1999999999998,18,1,0.10760002306617683
7431,1337.8,22,1,0.10756774305925698
7432,1303.8,24,1,0.1075354727363392
7433,1290.2,19,1,0.10750321209451831
7434,1316.4999999999998,33,1,0.10747096113088996
7435,1240.2,20,1,0.1074387198425507
7436,1340.1999999999998,18,1,0.10740648822659793
7437,1340.1999999999998,18,1,0.10737426628012996
7438,1340.1999999999998,18,1,0.10734205400024592
7439,1340.1999999999998,18,1,0.10730985138404585
7440,1290.2,19,1,0.10727765842863064
7441,1290.1999999999998,19,1,0.10724547513110205
7442,1302.6,26,1,0.10721330148856273
7443,1340.1999999999998,18,1,0.10718113749811617
7444,1340.1999999999998,18,1,0.10714898315686673
7445,1240.2,20,1,0.10711683846191968
7446,1139.0,24,1,0.10708470341038111
7447,1355.5,20,1,0.107052577999358
7448,1290.1999999999998,19,1,0.1070204622259582
7449,1340.1999999999998,18,1,0.1069883560872904
7450,1190.2,21,1,0.10695625958046422
7451,1289.0,21,1,0.10692417270259008
7452,1339.0,20,1,0.10689209545077931
7453,1340.1999999999998,18,1,0.10686002782214409
7454,1234.6000000000001,25,1,0.10682796981379744
7455,1384.3999999999999,27,1,0.10679592142285331
7456,1355.5,20,1,0.10676388264642646
7457,1239.0,22,1,0.10673185348163254
7458,1290.2,19,1,0.10669983392558806
7459,1303.1,25,1,0.10666782397541039
7460,1397.1999999999998,30,1,0.10663582362821776
7461,1340.1999999999998,18,1,0.1066038328811293
7462,1290.2,19,1,0.10657185173126497
7463,1354.3,22,1,0.1065398801757456
7464,1400.8999999999999,27,1,0.10650791821169288
7465,1240.2,20,1,0.10647596583622937
7466,1385.6,25,1,0.1064440230464785
7467,1188.2,21,1,0.10641208983956456
7468,1290.1999999999998,19,1,0.10638016621261269
7469,1340.1999999999998,18,1,0.10634825216274892
7470,1340.1999999999998,18,1,0.10631634768710009
7471,1289.0,21,1,0.10628445278279397
7472,1355.5,20,1,0.10625256744695913
7473,1354.3,22,1,0.10622069167672504
7474,1303.1,25,1,0.10618882546922202
7475,1384.3999999999999,27,1,0.10615696882158127
7476,1290.2,19,1,0.1061251217309348
7477,1290.2,19,1,0.10609328419441552
7478,1290.2,19,1,0.1060614562091572
7479,1290.2,19,1,0.10602963777229446
7480,1290.2,19,1,0.10599782888096278
7481,1273.8000000000002,24,1,0.10596602953229849
7482,1289.0,21,1,0.1059342397234388
7483,1240.2,20,1,0.10590245945152177
7484,1337.8,22,1,0.10587068871368631
7485,1340.1999999999998,18,1,0.1058389275070722
7486,1340.1999999999998,18,1,0.10580717582882009
7487,1267.8000000000002,23,1,0.10577543367607144
7488,1340.1999999999998,18,1,0.10574370104596861
7489,1340.1999999999998,18,1,0.10571197793565483
7490,1288.2,19,1,0.10568026434227414
7491,1240.2,20,1,0.10564856026297145
7492,1289.0,21,1,0.10561686569489256
7493,1355.5,20,1,0.1055851806351841
7494,1355.5,20,1,0.10555350508099355
7495,1240.2,20,1,0.10552183902946925
7496,1339.0,20,1,0.10549018247776042
7497,1254.3,24,1,0.10545853542301709
7498,1339.0,20,1,0.10542689786239018
7499,1289.0,21,1,0.10539526979303146
7500,1339.0,20,1,0.10536365121209355
7501,1290.2,19,1,0.10533204211672993
7502,1340.1999999999998,18,1,0.10530044250409491
7503,1269.6,25,1,0.10526885237134369
7504,1139.0,24,1,0.10523727171563228
7505,1377.3,32,1,0.1052057005341176
7506,1316.1999999999998,31,1,0.10517413882395736
7507,1384.3999999999999,27,1,0.10514258658231018
7508,1384.3999999999999,27,1,0.1051110438063355
7509,1239.0,22,1,0.1050795104931936
7510,1340.1999999999998,18,1,0.10504798664004564
7511,1339.0,20,1,0.10501647224405362
7512,1384.3999999999999,27,1,0.10498496730238041
7513,1290.2,19,1,0.1049534718121897
7514,1290.2,19,1,0.10492198577064604
7515,1290.2,19,1,0.10489050917491485
7516,1290.1999999999998,19,1,0.10485904202216238
7517,1340.1999999999998,18,1,0.10482758430955574
7518,1290.2,19,1,0.10479613603426288
7519,1340.1999999999998,18,1,0.1047646971934526
7520,1337.8,22,1,0.10473326778429458
7521,1170.8,25,1,0.10470184780395929
7522,1305.5,21,1,0.10467043724961811
7523,1435.6,24,1,0.10463903611844323
7524,1339.0,20,1,0.1046076444076077
7525,1285.6000000000001,27,1,0.10457626211428542
7526,1240.2,20,1,0.10454488923565114
7527,1354.3,22,1,0.10451352576888044
7528,1355.5,20,1,0.10448217171114978
7529,1289.0,21,1,0.10445082705963643
7530,1335.6,26,1,0.10441949181151855
7531,1334.4,28,1,0.1043881659639751
7532,1435.6,24,1,0.1043568495141859
7533,1449.6999999999998,28,1,0.10432554245933165
7534,1290.2,19,1,0.10429424479659385
7535,1340.1999999999998,18,1,0.10426295652315488
7536,1289.0,21,1,0.10423167763619794
7537,1340.1999999999998,18,1,0.10420040813290708
7538,1339.0,20,1,0.10416914801046721
7539,1340.1999999999998,18,1,0.10413789726606408
7540,1290.2,19,1,0.10410665589688427
7541,1339.0,20,1,0.1040754239001152
7542,1340.1999999999998,18,1,0.10404420127294517
7543,1328.5,32,1,0.10401298801256328
7544,1384.3999999999999,27,1,0.10398178411615952
7545,1234.4,30,1,0.10395058958092468
7546,1383.1999999999998,29,1,0.10391940440405041
7547,1383.6,25,1,0.1038882285827292
7548,1429.6999999999998,28,1,0.10385706211415438
7549,1385.6,25,1,0.10382590499552014
7550,1385.6,25,1,0.10379475722402148
7551,1339.0,20,1,0.10376361879685428
7552,1385.6,25,1,0.10373248971121522
7553,1385.6,25,1,0.10370136996430186
7554,1384.3999999999999,27,1,0.10367025955331258
7555,1385.6,25,1,0.10363915847544658
7556,1366.1999999999998,29,1,0.10360806672790394
7557,1333.6,26,1,0.10357698430788558
7558,1333.1999999999998,30,1,0.10354591121259321
7559,1433.1999999999998,28,1,0.10351484743922944
7560,1333.1999999999998,30,1,0.10348379298499767
7561,1384.3999999999999,27,1,0.10345274784710218
7562,1434.3999999999999,26,1,0.10342171202274805
7563,1384.3999999999999,27,1,0.10339068550914123
7564,1365.0,32,1,0.10335966830348849
7565,1290.1999999999998,19,1,0.10332866040299744
7566,1290.1999999999998,19,1,0.10329766180487655
7567,1340.1999999999998,18,1,0.10326667250633509
7568,1290.2,19,1,0.1032356925045832
7569,1289.0,21,1,0.10320472179683182
7570,1340.1999999999998,18,1,0.10317376038029277
7571,1303.5,21,1,0.10314280825217868
7572,1340.1999999999998,18,1,0.10311186540970303
7573,1339.0,20,1,0.10308093185008012
7574,1340.1999999999998,18,1,0.1030500075705251
7575,1240.2,20,1,0.10301909256825395
7576,1190.2,21,1,0.10298818684048348
7577,1289.0,21,1,0.10295729038443134
7578,1340.1999999999998,18,1,0.10292640319731601
7579,1340.1999999999998,18,1,0.10289552527635681
7580,1289.0,21,1,0.1028646566187739
7581,1340.1999999999998,18,1,0.10283379722178827
7582,1240.2,20,1,0.10280294708262173
7583,1289.0,21,1,0.10277210619849696
7584,1263.1000000000001,25,1,0.10274127456663741
7585,1355.5,20,1,0.10271045218426743
7586,1355.5,20,1,0.10267963904861215
7587,1290.2,19,1,0.10264883515689756
7588,1435.6,24,1,0.1026180405063505
7589,1235.8,24,1,0.1025872550941986
7590,1340.1999999999998,18,1,0.10255647891767034
7591,1339.0,20,1,0.10252571197399504
7592,1290.2,19,1,0.10249495426040285
7593,1353.8,23,1,0.10246420577412474
7594,1290.2,19,1,0.1024334665123925
7595,1340.1999999999998,18,1,0.10240273647243879
7596,1289.0,21,1,0.10237201565149706
7597,1340.1999999999998,18,1,0.10234130404680161
7598,1290.2,19,1,0.10231060165558757
7599,1402.6,24,1,0.1022799084750909
7600,1340.1999999999998,18,1,0.10224922450254838
7601,1290.1999999999998,19,1,0.10221854973519762
7602,1353.8,23,1,0.10218788417027706
7603,1290.2,19,1,0.10215722780502598
7604,1289.0,21,1,0.10212658063668448
7605,1340.1999999999998,18,1,0.10209594266249347
7606,1372.6,24,1,0.10206531387969472
7607,1289.0,21,1,0.10203469428553082
7608,1255.5,22,1,0.10200408387724516
7609,1290.1999999999998,19,1,0.10197348265208199
7610,1435.6,24,1,0.10194289060728637
7611,1234.4,30,1,0.10191230774010418
7612,1290.1999999999998,19,1,0.10188173404778215
7613,1219.6000000000001,25,1,0.10185116952756783
7614,1289.0,21,1,0.10182061417670957
7615,1240.2,20,1,0.10179006799245656
7616,1290.2,19,1,0.10175953097205882
7617,1339.0,20,1,0.10172900311276721
7618,1340.1999999999998,18,1,0.10169848441183338
7619,1290.1999999999998,19,1,0.10166797486650983
7620,1289.0,21,1,0.10163747447404987
7621,1290.2,19,1,0.10160698323170766
7622,1290.2,19,1,0.10157650113673816
7623,1381.0,33,1,0.10154602818639714
7624,1290.2,19,1,0.10151556437794122
7625,1339.0,20,1,0.10148510970862784
7626,1340.1999999999998,18,1,0.10145466417571526
7627,1290.2,19,1,0.10142422777646255
7628,1289.0,21,1,0.10139380050812961
7629,1385.6,25,1,0.10136338236797718
7630,1240.2,20,1,0.10133297335326678
7631,1239.0,22,1,0.1013025734612608
7632,1317.7999999999997,22,1,0.10127218268922243
7633,1285.6,27,1,0.10124180103441567
7634,1237.8,24,1,0.10121142849410535
7635,1290.2,19,1,0.10118106506555712
7636,1304.3,23,1,0.10115071074603746
7637,1340.1999999999998,18,1,0.10112036553281364
7638,1240.2,20,1,0.1010900294231538
7639,1140.2,22,1,0.10105970241432685
7640,1290.2,19,1,0.10102938450360256
7641,1290.2,19,1,0.10099907568825149
7642,1289.0,21,1,0.10096877596554502
7643,1340.1999999999998,18,1,0.10093848533275536
7644,1340.1999999999998,18,1,0.10090820378715554
7645,1239.0,22,1,0.1008779313260194
7646,1383.1999999999998,29,1,0.10084766794662159
7647,1384.3999999999999,27,1,0.1008174136462376
7648,1233.6,28,1,0.10078716842214373
7649,1285.6,27,1,0.1007569322716171
7650,1290.2,19,1,0.10072670519193562
7651,1335.6,26,1,0.10069648718037805
7652,1384.3999999999999,27,1,0.10066627823422394
7653,1385.6,25,1,0.10063607835075368
7654,1335.6,26,1,0.10060588752724846
7655,1383.6,25,1,0.10057570576099029
7656,1385.6,25,1,0.10054553304926199
7657,1435.6,24,1,0.10051536938934721
7658,1383.1999999999998,29,1,0.10048521477853041
7659,1434.3999999999999,26,1,0.10045506921409686
7660,1234.4,30,1,0.10042493269333264
7661,1335.6,26,1,0.10039480521352465
7662,1384.3999999999999,27,1,0.10036468677196059
7663,1335.6,26,1,0.100334577365929
7664,1285.6,27,1,0.10030447699271923
7665,1433.1999999999998,28,1,0.10027438564962142
7666,1467.3999999999999,26,1,0.10024430333392653
7667,1335.6,26,1,0.10021423004292636
7668,1334.3999999999999,28,1,0.10018416577391348
7669,1384.3999999999999,27,1,0.10015411052418131
7670,1289.0,21,1,0.10012406429102406
7671,1351.3999999999999,27,1,0.10009402707173676
7672,1335.6,26,1,0.10006399886361524
7673,1433.1999999999998,28,1,0.10003397966395615
7674,1384.3999999999999,27,1,0.10000396947005696
7675,1385.6,25,1,0.09997396827921595
7676,1335.6,26,1,0.09994397608873219
7677,1333.2,30,1,0.09991399289590558
7678,1434.3999999999999,26,1,0.09988401869803681
7679,1434.3999999999999,26,1,0.0998540534924274
7680,1335.6,26,1,0.09982409727637968
7681,1300.9,29,1,0.09979415004719677
7682,1384.3999999999999,27,1,0.09976421180218262
7683,1384.3999999999999,27,1,0.09973428253864197
7684,1334.4,28,1,0.09970436225388038
7685,1392.0,30,1,0.09967445094520422
7686,1220.8,25,1,0.09964454860992066
7687,1335.6,26,1,0.09961465524533768
7688,1434.3999999999999,26,1,0.09958477084876408
7689,1384.3999999999999,27,1,0.09955489541750945
7690,1355.5,20,1,0.0995250289488842
7691,1372.0,20,1,0.09949517144019954
7692,1255.5,22,1,0.09946532288876749
7693,1290.2,19,1,0.09943548329190086
7694,1290.2,19,1,0.09940565264691328
7695,1305.5,21,1,0.09937583095111921
7696,1339.0,20,1,0.09934601820183388
7697,1337.8,22,1,0.09931621439637334
7698,1340.1999999999998,18,1,0.09928641953205443
7699,1290.2,19,1,0.09925663360619481
7700,1340.1999999999998,18,1,0.09922685661611295
7701,1340.1999999999998,18,1,0.09919708855912812
7702,1340.1999999999998,18,1,0.09916732943256039
7703,1304.3,23,1,0.09913757923373062
7704,1340.1999999999998,18,1,0.0991078379599605
7705,1290.2,19,1,0.09907810560857253
7706,1305.5,21,1,0.09904838217688995
7707,1467.3999999999999,26,1,0.09901866766223688
7708,1287.8,23,1,0.09898896206193822
7709,1238.2,20,1,0.09895926537331964
7710,1289.0,21,1,0.09892957759370766
7711,1240.2,20,1,0.09889989872042955
7712,1340.1999999999998,18,1,0.09887022875081343
7713,1239.0,22,1,0.09884056768218819
7714,1290.2,19,1,0.09881091551188353
7715,1339.0,20,1,0.09878127223722998
7716,1335.6,26,1,0.09875163785555881
7717,1340.1999999999998,18,1,0.09872201236420214
7718,1290.2,19,1,0.09869239576049288
7719,1340.1999999999998,18,1,0.09866278804176473
7720,1339.0,20,1,0.0986331892053522
7721,1190.2,21,1,0.0986035992485906
7722,1340.1999999999998,18,1,0.09857401816881603
7723,1288.2,19,1,0.09854444596336538
7724,1290.2,19,1,0.09851488262957638
7725,1339.0,20,1,0.0984853281647875
7726,1289.0,21,1,0.09845578256633807
7727,1240.2,20,1,0.09842624583156817
7728,1290.1999999999998,19,1,0.09839671795781871
7729,1340.1999999999998,18,1,0.09836719894243137
7730,1340.1999999999998,18,1,0.09833768878274865
7731,1340.1999999999998,18,1,0.09830818747611383
7732,1190.2,21,1,0.098278695019871
7733,1339.0,20,1,0.09824921141136504
7734,1337.8,22,1,0.09821973664794163
7735,1290.2,19,1,0.09819027072694725
7736,1340.1999999999998,18,1,0.09816081364572916
7737,1334.3999999999999,28,1,0.09813136540163545
7738,1337.7999999999997,22,1,0.09810192599201496
7739,1384.3999999999999,27,1,0.09807249541421736
7740,1287.0,21,1,0.0980430736655931
7741,1355.5,20,1,0.09801366074349342
7742,1340.1999999999998,18,1,0.09798425664527037
7743,1402.6,24,1,0.09795486136827679
7744,1354.3,22,1,0.0979254749098663
7745,1340.1999999999998,18,1,0.09789609726739334
7746,1355.5,20,1,0.09786672843821313
7747,1305.5,21,1,0.09783736841968167
7748,1340.1999999999998,18,1,0.09780801720915577
7749,1340.1999999999998,18,1,0.09777867480399303
7750,1337.8,22,1,0.09774934120155183
7751,1290.2,19,1,0.09772001639919137
7752,1290.2,19,1,0.0976907003942716
7753,1290.1999999999998,19,1,0.09766139318415333
7754,1329.8000000000002,35,1,0.0976320947661981
7755,1289.0,21,1,0.09760280513776824
7756,1339.0,20,1,0.09757352429622691
7757,1335.6,26,1,0.09754425223893805
7758,1340.1999999999998,18,1,0.09751498896326637
7759,1290.1999999999998,19,1,0.09748573446657739
7760,1289.0,21,1,0.09745648874623743
7761,1287.8,23,1,0.09742725179961356
7762,1512.0999999999997,34,1,0.09739802362407368
7763,1499.1999999999998,28,1,0.09736880421698646
7764,1239.0,22,1,0.09733959357572136
7765,1289.0,21,1,0.09731039169764864
7766,1288.2,19,1,0.09728119858013935
7767,1290.2,19,1,0.09725201422056531
7768,1340.1999999999998,18,1,0.09722283861629914
7769,1290.2,19,1,0.09719367176471426
7770,1340.1999999999998,18,1,0.09716451366318485
7771,1240.2,20,1,0.0971353643090859
7772,1289.0,21,1,0.09710622369979317
7773,1290.1999999999998,19,1,0.09707709183268323
7774,1290.2,19,1,0.09704796870513344
7775,1355.5,20,1,0.0970188543145219
7776,1289.0,21,1,0.09698974865822754
7777,1289.0,21,1,0.09696065173363008
7778,1240.2,20,1,0.09693156353811
7779,1289.0,21,1,0.09690248406904857
7780,1304.3,23,1,0.09687341332382786
7781,1340.1999999999998,18,1,0.09684435129983071
7782,1255.5,22,1,0.09681529799444076
7783,1290.2,19,1,0.09678625340504243
7784,1339.0,20,1,0.09675721752902092
7785,1255.5,22,1,0.09672819036376222
7786,1239.0,22,1,0.0966991719066531
7787,1353.1,24,1,0.0966701621550811
7788,1284.3999999999999,29,1,0.09664116110643459
7789,1289.0,21,1,0.09661216875810266
7790,1340.1999999999998,18,1,0.09658318510747524
7791,1340.1999999999998,18,1,0.096554210151943
7792,1290.2,19,1,0.09652524388889742
7793,1339.0,20,1,0.09649628631573076
7794,1290.1999999999998,19,1,0.09646733742983604
7795,1340.1999999999998,18,1,0.0964383972286071
7796,1400.8999999999999,27,1,0.09640946570943852
7797,1290.2,19,1,0.0963805428697257
7798,1340.1999999999998,18,1,0.09635162870686478
7799,1290.1999999999998,19,1,0.09632272321825273
7800,1339.0,20,1,0.09629382640128727
7801,1339.0,20,1,0.09626493825336688
7802,1240.2,20,1,0.09623605877189087
7803,1339.0,20,1,0.09620718795425931
7804,1290.2,19,1,0.09617832579787304
7805,1340.1999999999998,18,1,0.09614947230013368
7806,1339.0,20,1,0.09612062745844364
7807,1340.1999999999998,18,1,0.09609179127020612
7808,1340.1999999999998,18,1,0.09606296373282505
7809,1290.2,19,1,0.0960341448437052
7810,1339.0,20,1,0.0960053346002521
7811,1355.5,20,1,0.09597653299987202
7812,1340.1999999999998,18,1,0.09594774003997206
7813,1037.8,28,1,0.09591895571796007
7814,1340.1999999999998,18,1,0.09589018003124468
7815,1339.0,20,1,0.09586141297723531
7816,1288.2,19,1,0.09583265455334214
7817,1340.1999999999998,18,1,0.09580390475697614
7818,1290.1999999999998,19,1,0.09577516358554905
7819,1355.5,20,1,0.09574643103647339
7820,1340.1999999999998,18,1,0.09571770710716244
7821,1240.2,20,1,0.09568899179503029
7822,1464.4999999999998,31,1,0.09566028509749179
7823,1239.0,22,1,0.09563158701196255
7824,1340.1999999999998,18,1,0.09560289753585896
7825,1290.2,19,1,0.09557421666659821
7826,1435.6,24,1,0.09554554440159824
7827,1340.1999999999998,18,1,0.09551688073827776
7828,1290.2,19,1,0.09548822567405628
7829,1290.2,19,1,0.09545957920635406
7830,1339.0,20,1,0.09543094133259215
7831,1305.5,21,1,0.09540231205019238
7832,1288.2,19,1,0.09537369135657732
7833,1340.1999999999998,18,1,0.09534507924917035
7834,1190.2,21,1,0.0953164757253956
7835,1339.0,20,1,0.09528788078267798
7836,1450.8999999999999,26,1,0.09525929441844318
7837,1240.2,20,1,0.09523071663011765
7838,1240.2,20,1,0.09520214741512861
7839,1305.5,21,1,0.09517358677090408
7840,1240.2,20,1,0.09514503469487282
7841,1339.0,20,1,0.09511649118446436
7842,1339.0,20,1,0.09508795623710903
7843,1340.1999999999998,18,1,0.0950594298502379
7844,1340.1999999999998,18,1,0.09503091202128283
7845,1339.0,20,1,0.09500240274767645
7846,1270.8,23,1,0.09497390202685214
7847,1339.0,20,1,0.0949454098562441
7848,1355.5,20,1,0.09491692623328722
7849,1240.2,20,1,0.09488845115541723
7850,1337.8,22,1,0.09485998462007061
7851,1340.1999999999998,18,1,0.0948315266246846
7852,1339.0,20,1,0.0948030771666972
7853,1290.1999999999998,19,1,0.09477463624354719
7854,1190.2,21,1,0.09474620385267413
7855,1290.2,19,1,0.09471777999151833
7856,1290.2,19,1,0.09468936465752087
7857,1287.8,23,1,0.09466095784812362
7858,1240.2,20,1,0.09463255956076919
7859,1288.2,19,1,0.09460416979290096
7860,1290.2,19,1,0.0945757885419631
7861,1353.8,23,1,0.0945474158054005
7862,1240.2,20,1,0.09451905158065889
7863,1340.1999999999998,18,1,0.09449069586518469
7864,1339.0,20,1,0.09446234865642514
7865,1340.1999999999998,18,1,0.09443400995182821
7866,1290.2,19,1,0.09440567974884266
7867,1289.0,21,1,0.09437735804491801
7868,1340.1999999999998,18,1,0.09434904483750453
7869,1303.1,25,1,0.09432074012405328
7870,1340.1999999999998,18,1,0.09429244390201606
7871,1340.1999999999998,18,1,0.09426415616884547
7872,1340.1999999999998,18,1,0.09423587692199481
7873,1398.0,32,1,0.09420760615891821
7874,1340.1999999999998,18,1,0.09417934387707054
7875,1339.0,20,1,0.09415109007390743
7876,1340.1999999999998,18,1,0.09412284474688526
7877,1339.0,20,1,0.09409460789346119
7878,1340.1999999999998,18,1,0.09406637951109316
7879,1290.2,19,1,0.09403815959723984
7880,1340.1999999999998,18,1,0.09400994814936067
7881,1340.1999999999998,18,1,0.09398174516491586
7882,1323.8,23,1,0.09395355064136639
7883,1335.6,26,1,0.09392536457617398
7884,1340.1999999999998,18,1,0.09389718696680113
7885,1240.2,20,1,0.0938690178107111
7886,1290.2,19,1,0.09384085710536788
7887,1366.1999999999998,30,1,0.09381270484823627
7888,1290.2,19,1,0.0937845610367818
7889,1290.2,19,1,0.09375642566847077
7890,1320.8,22,1,0.09372829874077022
7891,1322.0,21,1,0.093700180251148
7892,1385.6,25,1,0.09367207019707266
7893,1334.4,28,1,0.09364396857601354
7894,1335.6,26,1,0.09361587538544074
7895,1335.6,26,1,0.0935877906228251
7896,1414.1999999999998,29,1,0.09355971428563825
7897,1385.6,25,1,0.09353164637135257
7898,1399.6999999999998,29,1,0.09350358687744116
7899,1514.4999999999998,30,1,0.09347553580137793
7900,1435.6,24,1,0.09344749314063752
7901,1464.9999999999998,30,1,0.09341945889269533
7902,1400.8999999999999,27,1,0.09339143305502752
7903,1383.1999999999998,29,1,0.09336341562511101
7904,1385.6,25,1,0.09333540660042348
7905,1385.6,25,1,0.09330740597844336
7906,1385.6,25,1,0.09327941375664983
7907,1335.6,26,1,0.09325142993252283
7908,1435.6,24,1,0.09322345450354308
7909,1285.6,27,1,0.09319548746719201
7910,1267.8,23,1,0.09316752882095186
7911,1434.3999999999999,26,1,0.09313957856230558
7912,1385.6,25,1,0.09311163668873688
7913,1385.6,25,1,0.09308370319773027
7914,1335.6,26,1,0.09305577808677096
7915,1385.6,25,1,0.09302786135334493
7916,1434.3999999999999,26,1,0.09299995299493892
7917,1385.6,25,1,0.09297205300904045
7918,1350.8999999999999,28,1,0.09294416139313774
7919,1335.6,26,1,0.09291627814471981
7920,1383.1999999999998,29,1,0.0928884032612764
7921,1384.3999999999999,27,1,0.09286053674029802
7922,1450.8999999999999,26,1,0.09283267857927593
7923,1384.3999999999999,27,1,0.09280482877570216
7924,1339.0,20,1,0.09277698732706946
7925,1270.8,24,1,0.09274915423087134
7926,1434.3999999999999,26,1,0.09272132948460207
7927,1435.6,24,1,0.0926935130857567
7928,1335.6,26,1,0.09266570503183097
7929,1285.6,27,1,0.09263790532032143
7930,1284.4,29,1,0.09261011394872534
7931,1385.6,25,1,0.09258233091454073
7932,1340.1999999999998,18,1,0.09255455621526637
7933,1385.6,25,1,0.09252678984840179
7934,1340.1999999999998,18,1,0.09249903181144728
7935,1385.6,25,1,0.09247128210190385
7936,1384.3999999999999,27,1,0.09244354071727329
7937,1335.6,26,1,0.09241580765505811
7938,1435.6,24,1,0.0923880829127616
7939,1435.6,24,1,0.09236036648788777
7940,1435.6,24,1,0.09233265837794141
7941,1299.7,31,1,0.09230495858042803
7942,1400.8999999999999,27,1,0.0922772670928539
7943,1434.3999999999999,26,1,0.09224958391272604
7944,1400.8999999999999,27,1,0.09222190903755223
7945,1385.6,25,1,0.09219424246484097
7946,1433.1999999999998,28,1,0.09216658419210151
7947,1287.8,23,1,0.09213893421684388
7948,1335.6,26,1,0.09211129253657883
7949,1435.6,24,1,0.09208365914881786
7950,1335.6,26,1,0.09205603405107321
7951,1334.4,28,1,0.09202841724085789
7952,1435.6,24,1,0.09200080871568564
7953,1434.3999999999999,26,1,0.09197320847307093
7954,1383.1999999999998,29,1,0.09194561651052902
7955,1334.3999999999999,28,1,0.09191803282557585
7956,1322.0,21,1,0.09189045741572818
7957,1435.6,24,1,0.09186289027850347
7958,1333.1999999999998,30,1,0.09183533141141992
7959,1290.8,33,1,0.09180778081199649
7960,1340.1999999999998,18,1,0.09178023847775289
7961,1287.8,23,1,0.09175270440620957
7962,1339.0,20,1,0.09172517859488771
7963,1290.1999999999998,19,1,0.09169766104130925
7964,1372.2999999999997,22,1,0.09167015174299686
7965,1340.1999999999998,18,1,0.09164265069747397
7966,1289.0,21,1,0.09161515790226474
7967,1289.0,21,1,0.09158767335489407
7968,1434.3999999999999,26,1,0.0915601970528876
7969,1290.2,19,1,0.09153272899377174
7970,1290.2,19,1,0.09150526917507361
7971,1340.1999999999998,18,1,0.0914778175943211
7972,1335.6,26,1,0.0914503742490428
7973,1240.2,20,1,0.09142293913676809
7974,1289.0,21,1,0.09139551225502707
7975,1340.1999999999998,18,1,0.09136809360135056
7976,1240.2,20,1,0.09134068317327017
7977,1289.0,21,1,0.09131328096831819
7978,1290.2,19,1,0.09128588698402769
7979,1339.0,20,1,0.09125850121793248
7980,1339.0,20,1,0.09123112366756711
7981,1340.1999999999998,18,1,0.09120375433046685
7982,1340.1999999999998,18,1,0.0911763932041677
7983,1339.0,20,1,0.09114904028620646
7984,1290.2,19,1,0.0911216955741206
7985,1339.0,20,1,0.09109435906544837
7986,1290.2,19,1,0.09106703075772873
7987,1355.5,20,1,0.09103971064850142
7988,1288.2,19,1,0.09101239873530687
7989,1290.2,19,1,0.09098509501568627
7990,1290.2,19,1,0.09095779948718156
7991,1290.2,19,1,0.09093051214733541
7992,1289.0,21,1,0.09090323299369121
7993,1320.8,22,1,0.09087596202379311
7994,1340.1999999999998,18,1,0.09084869923518597
7995,1340.1999999999998,18,1,0.09082144462541542
7996,1304.3,23,1,0.09079419819202779
7997,1290.2,19,1,0.09076695993257018
7998,1340.1999999999998,18,1,0.09073972984459042
7999,1290.2,19,1,0.09071250792563704
8000,1305.5,21,1,0.09068529417325935
8001,1240.2,20,1,0.09065808858500737
8002,1339.0,20,1,0.09063089115843187
8003,1290.2,19,1,0.09060370189108434
8004,1340.1999999999998,18,1,0.09057652078051702
8005,1290.2,19,1,0.09054934782428287
8006,1340.1999999999998,18,1,0.09052218301993559
8007,1190.2,21,1,0.09049502636502961
8008,1340.1999999999998,18,1,0.0904678778571201
8009,1340.1999999999998,18,1,0.09044073749376297
8010,1447.9999999999998,31,1,0.09041360527251484
8011,1340.1999999999998,18,1,0.0903864811909331
8012,1385.6,25,1,0.09035936524657581
8013,1340.1999999999998,18,1,0.09033225743700184
8014,1340.1999999999998,18,1,0.09030515775977074
8015,1339.0,20,1,0.09027806621244282
8016,1339.0,20,1,0.0902509827925791
8017,1340.1999999999998,18,1,0.09022390749774133
8018,1289.0,21,1,0.09019684032549201
8019,1254.3,24,1,0.09016978127339437
8020,1289.0,21,1,0.09014273033901235
8021,1240.2,20,1,0.09011568751991066
8022,1340.1999999999998,18,1,0.09008865281365469
8023,1240.1999999999998,20,1,0.0900616262178106
8024,1339.0,20,1,0.09003460772994526
8025,1449.1999999999998,29,1,0.09000759734762628
8026,1340.1999999999998,18,1,0.089980595068422
8027,1289.0,21,1,0.08995360088990148
8028,1339.0,20,1,0.08992661480963451
8029,1339.0,20,1,0.08989963682519163
8030,1190.2,21,1,0.08987266693414407
8031,1340.1999999999998,18,1,0.08984570513406383
8032,1239.0,22,1,0.08981875142252362
8033,1340.1999999999998,18,1,0.08979180579709686
8034,1288.2,19,1,0.08976486825535773
8035,1340.1999999999998,18,1,0.08973793879488112
8036,1289.0,21,1,0.08971101741324267
8037,1399.1999999999998,30,1,0.08968410410801869
8038,1287.8,23,1,0.08965719887678629
8039,1339.0,20,1,0.08963030171712326
8040,1290.1999999999998,19,1,0.08960341262660812
8041,1290.1999999999998,19,1,0.08957653160282014
8042,1340.1999999999998,18,1,0.0895496586433393
8043,1340.1999999999998,18,1,0.0895227937457463
8044,1287.0,21,1,0.08949593690762259
8045,1340.1999999999998,18,1,0.0894690881265503
8046,1340.1999999999998,18,1,0.08944224740011233
8047,1339.0,20,1,0.0894154147258923
8048,1317.8,22,1,0.08938859010147454
8049,1290.2,19,1,0.0893617735244441
8050,1290.2,19,1,0.08933496499238677
8051,1339.0,20,1,0.08930816450288906
8052,1240.2,20,1,0.0892813720535382
8053,1139.0,24,1,0.08925458764192214
8054,1340.1999999999998,18,1,0.08922781126562956
8055,1340.1999999999998,18,1,0.08920104292224988
8056,1340.1999999999998,18,1,0.08917428260937321
8057,1339.0,20,1,0.0891475303245904
8058,1288.2,19,1,0.08912078606549302
8059,1340.1999999999998,18,1,0.08909404982967338
8060,1340.1999999999998,18,1,0.08906732161472448
8061,1240.2,20,1,0.08904060141824006
8062,1340.1999999999998,18,1,0.0890138892378146
8063,1290.2,19,1,0.08898718507104326
8064,1290.2,19,1,0.08896048891552195
8065,1340.1999999999998,18,1,0.0889338007688473
8066,1289.0,21,1,0.08890712062861665
8067,1337.8,22,1,0.08888044849242807
8068,1233.2,32,1,0.08885378435788034
8069,1340.1999999999998,18,1,0.08882712822257298
8070,1290.2,19,1,0.08880048008410621
8071,1340.1999999999998,18,1,0.08877383994008098
8072,1339.0,20,1,0.08874720778809896
8073,1339.0,20,1,0.08872058362576253
8074,1290.2,19,1,0.0886939674506748
8075,1340.1999999999998,18,1,0.0886673592604396
8076,1297.8,22,1,0.08864075905266147
8077,1304.3,23,1,0.08861416682494568
8078,1335.6,26,1,0.0885875825748982
8079,1340.1999999999998,18,1,0.08856100630012573
8080,1290.2,19,1,0.0885344379982357
8081,1240.2,20,1,0.08850787766683622
8082,1289.0,21,1,0.08848132530353618
8083,1385.6,25,1,0.08845478090594512
8084,1340.1999999999998,18,1,0.08842824447167334
8085,1354.3,22,1,0.08840171599833184
8086,1240.2,20,1,0.08837519548353234
8087,1339.0,20,1,0.08834868292488729
8088,1499.1999999999998,28,1,0.08832217832000983
8089,1340.1999999999998,18,1,0.08829568166651383
8090,1290.2,19,1,0.08826919296201388
8091,1435.6,24,1,0.08824271220412529
8092,1339.0,20,1,0.08821623939046405
8093,1287.8,23,1,0.08818977451864692
8094,1340.1999999999998,18,1,0.08816331758629133
8095,1320.7999999999997,22,1,0.08813686859101544
8096,1340.1999999999998,18,1,0.08811042753043814
8097,1340.1999999999998,18,1,0.08808399440217901
8098,1289.0,21,1,0.08805756920385836
8099,1340.1999999999998,18,1,0.08803115193309721
8100,1289.0,21,1,0.08800474258751728
8101,1340.1999999999998,18,1,0.08797834116474103
8102,1240.2,20,1,0.0879519476623916
8103,1339.0,20,1,0.08792556207809289
8104,1340.1999999999998,18,1,0.08789918440946946
8105,1413.1999999999998,28,1,0.08787281465414662
8106,1255.5,22,1,0.08784645280975038
8107,1288.2,19,1,0.08782009887390746
8108,1290.2,19,1,0.08779375284424529
8109,1289.0,21,1,0.08776741471839201
8110,1339.0,20,1,0.0877410844939765
8111,1340.1999999999998,18,1,0.08771476216862831
8112,1251.8,25,1,0.08768844773997772
8113,1239.0,22,1,0.08766214120565573
8114,1340.1999999999998,18,1,0.08763584256329403
8115,1290.2,19,1,0.08760955181052504
8116,1339.0,20,1,0.08758326894498189
8117,1339.0,20,1,0.0875569939642984
8118,1340.1999999999998,18,1,0.08753072686610912
8119,1290.2,19,1,0.08750446764804928
8120,1237.0,22,1,0.08747821630775487
8121,1340.1999999999998,18,1,0.08745197284286255
8122,1339.0,20,1,0.08742573725100969
8123,1290.2,19,1,0.08739950952983438
8124,1339.0,20,1,0.08737328967697544
8125,1340.1999999999998,18,1,0.08734707769007236
8126,1305.5,21,1,0.08732087356676534
8127,1340.1999999999998,18,1,0.08729467730469531
8128,1290.2,19,1,0.0872684889015039
8129,1304.3,23,1,0.08724230835483346
8130,1290.2,19,1,0.08721613566232701
8131,1340.1999999999998,18,1,0.08718997082162831
8132,1340.1999999999998,18,1,0.08716381383038183
8133,1289.0,21,1,0.08713766468623271
8134,1384.3999999999999,27,1,0.08711152338682684
8135,1290.2,19,1,0.0870853899298108
8136,1433.1999999999998,28,1,0.08705926431283185
8137,1339.0,20,1,0.08703314653353801
8138,1340.1999999999998,18,1,0.08700703658957795
8139,1340.1999999999998,18,1,0.08698093447860109
8140,1355.5,20,1,0.08695484019825751
8141,1339.0,20,1,0.08692875374619805
8142,1339.0,20,1,0.08690267512007419
8143,1340.1999999999998,18,1,0.08687660431753817
8144,1290.2,19,1,0.08685054133624291
8145,1340.1999999999998,18,1,0.08682448617384204
8146,1340.1999999999998,18,1,0.08679843882798989
8147,1340.1999999999998,18,1,0.0867723992963415
8148,1340.1999999999998,18,1,0.08674636757655259
8149,1239.0,22,1,0.08672034366627962
8150,1290.2,19,1,0.08669432756317974
8151,1303.1,25,1,0.0866683192649108
8152,1447.9999999999998,31,1,0.08664231876913132
8153,1340.1999999999998,18,1,0.08661632607350059
8154,1354.3,22,1,0.08659034117567854
8155,1239.0,22,1,0.08656436407332584
8156,1289.0,21,1,0.08653839476410384
8157,1240.2,20,1,0.0865124332456746
8158,1340.1999999999998,18,1,0.0864864795157009
8159,1290.2,19,1,0.0864605335718462
8160,1131.4,31,1,0.08643459541177465
8161,1340.1999999999998,18,1,0.08640866503315112
8162,1217.9,30,1,0.08638274243364118
8163,1289.0,21,1,0.08635682761091108
8164,1240.2,20,1,0.08633092056262781
8165,1435.6,24,1,0.08630502128645902
8166,1337.8,22,1,0.08627912978007309
8167,1290.2,19,1,0.08625324604113907
8168,1340.1999999999998,18,1,0.08622737006732673
8169,1340.1999999999998,18,1,0.08620150185630653
8170,1290.2,19,1,0.08617564140574964
8171,1340.1999999999998,18,1,0.08614978871332792
8172,1289.0,21,1,0.08612394377671392
8173,1340.1999999999998,18,1,0.08609810659358091
8174,1340.1999999999998,18,1,0.08607227716160284
8175,1340.1999999999998,18,1,0.08604645547845437
8176,1340.1999999999998,18,1,0.08602064154181083
8177,1340.1999999999998,18,1,0.08599483534934829
8178,1340.1999999999998,18,1,0.0859690368987435
8179,1289.0,21,1,0.08594324618767388
8180,1339.0,20,1,0.08591746321381757
8181,1340.1999999999998,18,1,0.08589168797485343
8182,1339.0,20,1,0.08586592046846098
8183,1290.2,19,1,0.08584016069232044
8184,1385.6,25,1,0.08581440864411274
8185,1240.2,20,1,0.08578866432151952
8186,1290.2,19,1,0.08576292772222306
8187,1340.1999999999998,18,1,0.0857371988439064
8188,1340.1999999999998,18,1,0.08571147768425323
8189,1340.1999999999998,18,1,0.08568576424094795
8190,1340.1999999999998,18,1,0.08566005851167567
8191,1340.1999999999998,18,1,0.08563436049412217
8192,1290.2,19,1,0.08560867018597393
8193,1340.1999999999998,18,1,0.08558298758491814
8194,1340.1999999999998,18,1,0.08555731268864267
8195,1340.1999999999998,18,1,0.08553164549483608
8196,1339.0,20,1,0.08550598600118763
8197,1305.5,21,1,0.08548033420538727
8198,1290.2,19,1,0.08545469010512566
8199,1335.6,26,1,0.08542905369809413
8200,1339.0,20,1,0.08540342498198471
8201,1339.0,20,1,0.08537780395449011
8202,1340.1999999999998,18,1,0.08535219061330376
8203,1289.0,21,1,0.08532658495611978
8204,1514.4999999999998,30,1,0.08530098698063295
8205,1269.6000000000001,24,1,0.08527539668453876
8206,1289.0,21,1,0.0852498140655334
8207,1340.1999999999998,18,1,0.08522423912131374
8208,1290.2,19,1,0.08519867184957736
8209,1290.2,19,1,0.08517311224802249
8210,1339.0,20,1,0.08514756031434809
8211,1319.6,24,1,0.08512201604625379
8212,1340.1999999999998,18,1,0.08509647944143992
8213,1340.1999999999998,18,1,0.08507095049760749
8214,1434.3999999999999,26,1,0.08504542921245821
8215,1290.2,19,1,0.08501991558369447
8216,1339.0,20,1,0.08499440960901937
8217,1340.1999999999998,18,1,0.08496891128613666
8218,1289.0,21,1,0.08494342061275083
8219,1340.1999999999998,18,1,0.084917937586567
8220,1290.2,19,1,0.08489246220529104
8221,1289.0,21,1,0.08486699446662946
8222,1289.0,21,1,0.08484153436828948
8223,1240.2,20,1,0.084816081907979
8224,1289.0,21,1,0.0847906370834066
8225,1239.0,22,1,0.08476519989228158
8226,1340.1999999999998,18,1,0.0847397703323139
8227,1385.6,25,1,0.08471434840121421
8228,1334.4,28,1,0.08468893409669385
8229,1339.0,20,1,0.08466352741646485
8230,1290.2,19,1,0.08463812835823992
8231,1340.1999999999998,18,1,0.08461273691973245
8232,1340.1999999999998,18,1,0.08458735309865653
8233,1340.1999999999998,18,1,0.08456197689272693
8234,1289.0,21,1,0.08453660829965912
8235,1290.1999999999998,19,1,0.08451124731716922
8236,1320.8,23,1,0.08448589394297407
8237,1305.5,21,1,0.08446054817479118
8238,1290.2,19,1,0.08443521001033874
8239,1290.2,19,1,0.08440987944733565
8240,1335.8,22,1,0.08438455648350145
8241,1340.1999999999998,18,1,0.0843592411165564
8242,1339.0,20,1,0.08433393334422144
8243,1340.1999999999998,18,1,0.08430863316421817
8244,1340.1999999999998,18,1,0.08428334057426891
8245,1340.1999999999998,18,1,0.08425805557209663
8246,1339.0,20,1,0.084232778155425
8247,1340.1999999999998,18,1,0.08420750832197837
8248,1340.1999999999998,18,1,0.08418224606948178
8249,1290.2,19,1,0.08415699139566094
8250,1419.1,24,1,0.08413174429824224
8251,1339.0,20,1,0.08410650477495278
8252,1361.9999999999998,31,1,0.08408127282352029
8253,1289.0,21,1,0.08405604844167323
8254,1290.2,19,1,0.08403083162714073
8255,1287.8,23,1,0.08400562237765259
8256,1398.8999999999999,27,1,0.08398042069093929
8257,1385.6,25,1,0.08395522656473202
8258,1392.0,30,1,0.0839300399967626
8259,1435.6,24,1,0.08390486098476357
8260,1332.3999999999999,28,1,0.08387968952646815
8261,1435.6,24,1,0.08385452561961021
8262,1334.3999999999999,28,1,0.08382936926192433
8263,1434.3999999999999,26,1,0.08380422045114576
8264,1435.6,24,1,0.08377907918501042
8265,1400.8999999999999,27,1,0.08375394546125492
8266,1335.6,26,1,0.08372881927761655
8267,1400.8999999999999,27,1,0.08370370063183327
8268,1335.6,26,1,0.08367858952164373
8269,1285.6000000000001,27,1,0.08365348594478723
8270,1434.3999999999999,26,1,0.0836283898990038
8271,1334.3999999999999,28,1,0.0836033013820341
8272,1435.6,24,1,0.0835782203916195
8273,1234.4,30,1,0.08355314692550202
8274,1382.0,31,1,0.08352808098142436
8275,1334.3999999999999,28,1,0.08350302255712994
8276,1385.6,25,1,0.0834779716503628
8277,1355.5,20,1,0.0834529282588677
8278,1435.6,24,1,0.08342789238039004
8279,1384.3999999999999,27,1,0.08340286401267592
8280,1435.6,24,1,0.08337784315347212
8281,1384.3999999999999,27,1,0.08335282980052608
8282,1334.3999999999999,28,1,0.08332782395158593
8283,1289.0,21,1,0.08330282560440046
8284,1335.6,26,1,0.08327783475671914
8285,1334.3999999999999,28,1,0.08325285140629213
8286,1435.6,24,1,0.08322787555087025
8287,1340.1999999999998,18,1,0.08320290718820499
8288,1435.6,24,1,0.08317794631604852
8289,1413.1999999999998,28,1,0.08315299293215371
8290,1385.6,25,1,0.08312804703427407
8291,1280.8,35,1,0.08310310862016379
8292,1385.6,25,1,0.08307817768757775
8293,1384.3999999999999,27,1,0.08305325423427148
8294,1435.6,24,1,0.08302833825800121
8295,1435.6,24,1,0.08300342975652382
8296,1435.6,24,1,0.08297852872759687
8297,1385.6,25,1,0.08295363516897859
8298,1385.6,25,1,0.0829287490784279
8299,1435.6,24,1,0.08290387045370437
8300,1435.6,24,1,0.08287899929256826
8301,1385.6,25,1,0.08285413559278049
8302,1435.6,24,1,0.08282927935210266
8303,1384.3999999999999,27,1,0.08280443056829703
8304,1285.6000000000001,27,1,0.08277958923912655
8305,1232.0,34,1,0.08275475536235481
8306,1435.6,24,1,0.08272992893574611
8307,1235.6,28,1,0.0827051099570654
8308,1385.6,25,1,0.08268029842407829
8309,1384.3999999999999,27,1,0.08265549433455106
8310,1385.6,25,1,0.0826306976862507
8311,1290.2,19,1,0.08260590847694482
8312,1285.6,27,1,0.08258112670440174
8313,1340.1999999999998,18,1,0.08255635236639042
8314,1383.1999999999998,29,1,0.0825315854606805
8315,1435.6,24,1,0.0825068259850423
8316,1385.6,25,1,0.0824820739372468
8317,1385.6,25,1,0.08245732931506562
8318,1385.6,25,1,0.0824325921162711
8319,1385.6,25,1,0.08240786233863623
8320,1435.6,24,1,0.08238313997993464
8321,1435.6,24,1,0.08235842503794066
8322,1385.6,25,1,0.08233371751042928
8323,1383.1999999999998,29,1,0.08230901739517615
8324,1400.8999999999999,27,1,0.0822843246899576
8325,1349.6999999999998,30,1,0.08225963939255061
8326,1335.6,26,1,0.08223496150073285
8327,1433.1999999999998,28,1,0.08221029101228264
8328,1385.6,25,1,0.08218562792497895
8329,1412.0,30,1,0.08216097223660146
8330,1289.0,21,1,0.08213632394493048
8331,1305.5,21,1,0.082111683047747
8332,1290.2,19,1,0.08208704954283269
8333,1290.1999999999998,19,1,0.08206242342796985
8334,1290.1999999999998,19,1,0.08203780470094146
8335,1290.2,19,1,0.08201319335953118
8336,1313.1,24,1,0.08198858940152333
8337,1255.5,22,1,0.08196399282470287
8338,1340.1999999999998,18,1,0.08193940362685546
8339,1339.0,20,1,0.08191482180576741
8340,1255.5,22,1,0.08189024735922568
8341,1339.0,20,1,0.08186568028501791
8342,1340.1999999999998,18,1,0.0818411205809324
8343,1289.0,21,1,0.08181656824475812
8344,1272.0,22,1,0.0817920232742847
8345,1303.8,24,1,0.08176748566730241
8346,1340.1999999999998,18,1,0.08174295542160222
8347,1340.1999999999998,18,1,0.08171843253497574
8348,1305.5,21,1,0.08169391700521525
8349,1335.6,26,1,0.08166940883011369
8350,1340.1999999999998,18,1,0.08164490800746466
8351,1240.2,20,1,0.08162041453506241
8352,1340.1999999999998,18,1,0.0815959284107019
8353,1335.6,26,1,0.08157144963217869
8354,1340.1999999999998,18,1,0.08154697819728904
8355,1337.8,22,1,0.08152251410382985
8356,1290.2,19,1,0.08149805734959871
8357,1340.1999999999998,18,1,0.08147360793239383
8358,1355.5,20,1,0.08144916585001412
8359,1290.2,19,1,0.08142473110025912
8360,1290.2,19,1,0.08140030368092904
8361,1340.1999999999998,18,1,0.08137588358982477
8362,1290.2,19,1,0.08135147082474782
8363,1290.2,19,1,0.0813270653835004
8364,1240.1999999999998,20,1,0.08130266726388535
8365,1290.2,19,1,0.0812782764637062
8366,1340.1999999999998,18,1,0.08125389298076709
8367,1351.3999999999999,27,1,0.08122951681287285
8368,1290.1999999999998,19,1,0.08120514795782899
8369,1240.2,20,1,0.08118078641344165
8370,1240.2,20,1,0.08115643217751761
8371,1290.2,19,1,0.08113208524786436
8372,1339.0,20,1,0.08110774562229
8373,1340.1999999999998,18,1,0.08108341329860332
8374,1290.2,19,1,0.08105908827461374
8375,1353.8,23,1,0.08103477054813135
8376,1237.8,24,1,0.08101046011696691
8377,1353.8,23,1,0.08098615697893183
8378,1355.5,20,1,0.08096186113183815
8379,1288.2,19,1,0.0809375725734986
8380,1340.1999999999998,18,1,0.08091329130172654
8381,1240.2,20,1,0.08088901731433602
8382,1340.1999999999998,18,1,0.08086475060914172
8383,1340.1999999999998,18,1,0.08084049118395899
8384,1340.1999999999998,18,1,0.0808162390366038
8385,1340.1999999999998,18,1,0.08079199416489283
8386,1240.2,20,1,0.08076775656664337
8387,1340.1999999999998,18,1,0.08074352623967337
8388,1340.1999999999998,18,1,0.08071930318180147
8389,1339.0,20,1,0.08069508739084694
8390,1240.2,20,1,0.08067087886462969
8391,1340.1999999999998,18,1,0.0806466776009703
8392,1385.6,25,1,0.08062248359769002
8393,1355.5,20,1,0.08059829685261072
8394,1289.0,21,1,0.08057411736355494
8395,1340.1999999999998,18,1,0.08054994512834587
8396,1290.2,19,1,0.08052578014480737
8397,1303.5,21,1,0.08050162241076393
8398,1240.2,20,1,0.0804774719240407
8399,1339.0,20,1,0.08045332868246349
8400,1339.0,20,1,0.08042919268385876
8401,1290.2,19,1,0.08040506392605361
8402,1339.0,20,1,0.0803809424068758
8403,1340.1999999999998,18,1,0.08035682812415373
8404,1340.1999999999998,18,1,0.08033272107571648
8405,1340.1999999999998,18,1,0.08030862125939377
8406,1403.8,22,1,0.08028452867301596
8407,1340.1999999999998,18,1,0.08026044331441405
8408,1240.2,20,1,0.08023636518141973
8409,1340.1999999999998,18,1,0.08021229427186531
8410,1240.2,20,1,0.08018823058358375
8411,1290.2,19,1,0.08016417411440868
8412,1340.1999999999998,18,1,0.08014012486217437
8413,1287.8,23,1,0.08011608282471572
8414,1340.1999999999998,18,1,0.0800920479998683
8415,1340.1999999999998,18,1,0.08006802038546834
8416,1290.2,19,1,0.0800439999793527
8417,1340.1999999999998,18,1,0.0800199867793589
8418,1340.1999999999998,18,1,0.0799959807833251
8419,1289.0,21,1,0.0799719819890901
8420,1240.2,20,1,0.07994799039449338
8421,1239.0,22,1,0.07992400599737504
8422,1340.1999999999998,18,1,0.07990002879557583
8423,1355.5,20,1,0.07987605878693715
8424,1320.0,21,1,0.07985209596930108
8425,1289.0,21,1,0.07982814034051029
8426,1339.0,20,1,0.07980419189840814
8427,1354.3,22,1,0.07978025064083862
8428,1290.2,19,1,0.07975631656564637
8429,1290.2,19,1,0.07973238967067668
8430,1290.2,19,1,0.07970846995377548
8431,1340.1999999999998,18,1,0.07968455741278935
8432,1290.2,19,1,0.07966065204556551
8433,1219.6000000000001,25,1,0.07963675384995184
8434,1288.2,19,1,0.07961286282379686
8435,1340.1999999999998,18,1,0.07958897896494972
8436,1289.0,21,1,0.07956510227126024
8437,1340.1999999999998,18,1,0.07954123274057887
8438,1403.8,22,1,0.0795173703707567
8439,1255.5,22,1,0.07949351515964546
8440,1339.0,20,1,0.07946966710509758
8441,1290.2,19,1,0.07944582620496606
8442,1289.0,21,1,0.07942199245710457
8443,1340.1999999999998,18,1,0.07939816585936744
8444,1340.1999999999998,18,1,0.07937434640960964
8445,1370.8,22,1,0.07935053410568675
8446,1340.1999999999998,18,1,0.07932672894545505
8447,1289.0,21,1,0.07930293092677142
8448,1305.5,21,1,0.07927914004749338
8449,1340.1999999999998,18,1,0.07925535630547914
8450,1340.1999999999998,18,1,0.0792315796985875
8451,1340.1999999999998,18,1,0.07920781022467793
8452,1340.1999999999998,18,1,0.07918404788161053
8453,1290.2,19,1,0.07916029266724604
8454,1340.1999999999998,18,1,0.07913654457944587
8455,1139.0,24,1,0.07911280361607204
8456,1234.3,24,1,0.07908906977498721
8457,1340.1999999999998,18,1,0.07906534305405472
8458,1340.1999999999998,18,1,0.0790416234511385
8459,1402.6,24,1,0.07901791096410317
8460,1290.2,19,1,0.07899420559081394
8461,1189.0,23,1,0.0789705073291367
8462,1290.2,19,1,0.07894681617693797
8463,1340.1999999999998,18,1,0.07892313213208489
8464,1340.1999999999998,18,1,0.07889945519244528
8465,1340.1999999999998,18,1,0.07887578535588755
8466,1290.2,19,1,0.07885212262028078
8467,1290.2,19,1,0.0788284669834947
8468,1340.1999999999998,18,1,0.07880481844339966
8469,1240.2,20,1,0.07878117699786664
8470,1340.1999999999998,18,1,0.07875754264476728
8471,1340.1999999999998,18,1,0.07873391538197386
8472,1403.8,22,1,0.07871029520735927
8473,1339.0,20,1,0.07868668211879706
8474,1337.8,22,1,0.07866307611416143
8475,1289.0,21,1,0.07863947719132719
8476,1285.6000000000001,27,1,0.0786158853481698
8477,1340.1999999999998,18,1,0.07859230058256535
8478,1340.1999999999998,18,1,0.07856872289239059
8479,1290.2,19,1,0.07854515227552288
8480,1290.2,19,1,0.07852158872984022
8481,1339.0,20,1,0.07849803225322127
8482,1304.3,23,1,0.07847448284354532
8483,1240.2,20,1,0.07845094049869225
8484,1267.8,23,1,0.07842740521654265
8485,1340.1999999999998,18,1,0.0784038769949777
8486,1339.0,20,1,0.0783803558318792
8487,1239.0,22,1,0.07835684172512965
8488,1340.1999999999998,18,1,0.07833333467261211
8489,1339.0,20,1,0.07830983467221032
8490,1339.0,20,1,0.07828634172180866
8491,1340.1999999999998,18,1,0.07826285581929213
8492,1340.1999999999998,18,1,0.07823937696254635
8493,1354.3,22,1,0.07821590514945759
8494,1240.2,20,1,0.07819244037791276
8495,1270.8000000000002,23,1,0.07816898264579938
8496,1340.1999999999998,18,1,0.07814553195100565
8497,1340.1999999999998,18,1,0.07812208829142035
8498,1290.2,19,1,0.07809865166493293
8499,1352.8999999999999,26,1,0.07807522206943346
8500,1339.0,20,1,0.07805179950281263
8501,1339.0,20,1,0.07802838396296179
8502,1290.2,19,1,0.0780049754477729
8503,1247.8,23,1,0.07798157395513858
8504,1240.2,20,1,0.07795817948295204
8505,1340.1999999999998,18,1,0.07793479202910716
8506,1239.0,22,1,0.07791141159149843
8507,1240.2,20,1,0.07788803816802099
8508,1340.1999999999998,18,1,0.0778646717565706
8509,1290.2,19,1,0.07784131235504363
8510,1340.1999999999998,18,1,0.07781795996133711
8511,1240.2,20,1,0.07779461457334871
8512,1284.6000000000001,25,1,0.07777127618897671
8513,1340.1999999999998,18,1,0.07774794480612002
8514,1290.2,19,1,0.07772462042267818
8515,1340.1999999999998,18,1,0.07770130303655137
8516,1340.1999999999998,18,1,0.0776779926456404
8517,1340.1999999999998,18,1,0.07765468924784671
8518,1289.0,21,1,0.07763139284107236
8519,1339.0,20,1,0.07760810342322004
8520,1240.2,20,1,0.07758482099219308
8521,1403.8,22,1,0.07756154554589542
8522,1355.5,20,1,0.07753827708223165
8523,1340.1999999999998,18,1,0.07751501559910699
8524,1340.1999999999998,18,1,0.07749176109442726
8525,1435.6,24,1,0.07746851356609893
8526,1290.2,19,1,0.07744527301202911
8527,1290.2,19,1,0.0774220394301255
8528,1339.0,20,1,0.07739881281829647
8529,1340.1999999999998,18,1,0.07737559317445099
8530,1340.1999999999998,18,1,0.07735238049649866
8531,1340.1999999999998,18,1,0.07732917478234971
8532,1355.5,20,1,0.07730597602991501
8533,1340.1999999999998,18,1,0.07728278423710604
8534,1340.1999999999998,18,1,0.07725959940183491
8535,1340.1999999999998,18,1,0.07723642152201436
8536,1340.1999999999998,18,1,0.07721325059555777
8537,1289.0,21,1,0.0771900866203791
8538,1340.1999999999998,18,1,0.07716692959439299
8539,1355.5,20,1,0.07714377951551467
8540,1287.8,23,1,0.07712063638166002
8541,1339.0,20,1,0.07709750019074552
8542,1402.6,24,1,0.0770743709406883
8543,1403.8,22,1,0.07705124862940609
8544,1403.8,22,1,0.07702813325481726
8545,1290.2,19,1,0.07700502481484083
8546,1340.1999999999998,18,1,0.07698192330739638
8547,1240.2,20,1,0.07695882873040416
8548,1352.6,25,1,0.07693574108178504
8549,1290.2,19,1,0.07691266035946051
8550,1339.0,20,1,0.07688958656135267
8551,1340.1999999999998,18,1,0.07686651968538427
8552,1290.2,19,1,0.07684345972947866
8553,1290.2,19,1,0.07682040669155982
8554,1287.8,23,1,0.07679736056955236
8555,1289.0,21,1,0.0767743213613815
8556,1353.8,23,1,0.07675128906497308
8557,1339.0,20,1,0.0767282636782536
8558,1339.0,20,1,0.07670524519915012
8559,1337.8,22,1,0.07668223362559037
8560,1340.1999999999998,18,1,0.0766592289555027
8561,1339.0,20,1,0.07663623118681605
8562,1340.1999999999998,18,1,0.07661324031746
8563,1339.0,20,1,0.07659025634536476
8564,1340.1999999999998,18,1,0.07656727926846116
8565,1340.1999999999998,18,1,0.07654430908468063
8566,1290.2,19,1,0.07652134579195523
8567,1290.2,19,1,0.07649838938821764
8568,1189.0,23,1,0.07647543987140118
8569,1340.1999999999998,18,1,0.07645249723943977
8570,1289.0,21,1,0.07642956149026794
8571,1353.8,23,1,0.07640663262182086
8572,1339.0,20,1,0.07638371063203432
8573,1304.3,23,1,0.07636079551884471
8574,1340.1999999999998,18,1,0.07633788728018906
8575,1240.2,20,1,0.076314985914005
8576,1290.1999999999998,19,1,0.0762920914182308
8577,1339.0,20,1,0.07626920379080533
8578,1290.1999999999998,19,1,0.07624632302966809
8579,1340.1999999999998,18,1,0.07622344913275919
8580,1353.1,24,1,0.07620058209801936
8581,1340.1999999999998,18,1,0.07617772192338995
8582,1340.1999999999998,18,1,0.07615486860681293
8583,1403.8,22,1,0.0761320221462309
8584,1290.1999999999998,19,1,0.07610918253958703
8585,1290.2,19,1,0.07608634978482515
8586,1288.2,19,1,0.0760635238798897
8587,1289.0,21,1,0.07604070482272574
8588,1497.9999999999998,30,1,0.07601789261127892
8589,1305.5,21,1,0.07599508724349553
8590,1289.0,21,1,0.07597228871732249
8591,1340.1999999999998,18,1,0.0759494970307073
8592,1340.1999999999998,18,1,0.07592671218159809
8593,1290.2,19,1,0.07590393416794361
8594,1340.1999999999998,18,1,0.07588116298769323
8595,1340.1999999999998,18,1,0.07585839863879693
8596,1340.1999999999998,18,1,0.0758356411192053
8597,1290.1999999999998,19,1,0.07581289042686953
8598,1289.0,21,1,0.07579014655974148
8599,1340.1999999999998,18,1,0.07576740951577356
8600,1290.2,19,1,0.07574467929291882
8601,1290.2,19,1,0.07572195588913096
8602,1339.0,20,1,0.07569923930236422
8603,1290.2,19,1,0.07567652953057351
8604,1499.1999999999998,28,1,0.07565382657171434
8605,1290.1999999999998,19,1,0.07563113042374282
8606,1340.1999999999998,18,1,0.0756084410846157
8607,1340.1999999999998,18,1,0.07558575855229031
8608,1340.1999999999998,18,1,0.07556308282472463
8609,1340.1999999999998,18,1,0.07554041389987722
8610,1340.1999999999998,18,1,0.07551775177570726
8611,1339.0,20,1,0.07549509645017455
8612,1340.1999999999998,18,1,0.0754724479212395
8613,1290.2,19,1,0.07544980618686313
8614,1340.1999999999998,18,1,0.07542717124500707
8615,1239.0,22,1,0.07540454309363358
8616,1290.2,19,1,0.07538192173070549
8617,1340.1999999999998,18,1,0.07535930715418628
8618,1354.3,22,1,0.07533669936204002
8619,1340.1999999999998,18,1,0.0753140983522314
8620,1340.1999999999998,18,1,0.07529150412272574
8621,1340.1999999999998,18,1,0.07526891667148893
8622,1290.2,19,1,0.07524633599648749
8623,1340.1999999999998,18,1,0.07522376209568854
8624,1340.1999999999998,18,1,0.07520119496705983
8625,1340.1999999999998,18,1,0.07517863460856972
8626,1290.2,19,1,0.07515608101818715
8627,1190.2,21,1,0.07513353419388169
8628,1339.0,20,1,0.07511099413362353
8629,1340.1999999999998,18,1,0.07508846083538344
8630,1340.1999999999998,18,1,0.07506593429713283
8631,1290.2,19,1,0.0750434145168437
8632,1340.1999999999998,18,1,0.07502090149248865
8633,1339.0,20,1,0.07499839522204091
8634,1289.0,21,1,0.0749758957034743
8635,1286.6,25,1,0.07495340293476326
8636,1240.2,20,1,0.07493091691388283
8637,1290.2,19,1,0.07490843763880867
8638,1340.1999999999998,18,1,0.07488596510751702
8639,1339.0,20,1,0.07486349931798476
8640,1237.8,24,1,0.07484104026818937
8641,1339.0,20,1,0.07481858795610892
8642,1290.1999999999998,19,1,0.07479614237972208
8643,1290.1999999999998,19,1,0.07477370353700817
8644,1355.5,20,1,0.07475127142594708
8645,1340.1999999999998,18,1,0.07472884604451929
8646,1290.2,19,1,0.07470642739070595
8647,1340.1999999999998,18,1,0.07468401546248873
8648,1340.1999999999998,18,1,0.07466161025785
8649,1339.0,20,1,0.07463921177477265
8650,1340.1999999999998,18,1,0.07461682001124022
8651,1340.1999999999998,18,1,0.07459443496523685
8652,1267.8,23,1,0.07457205663474728
8653,1289.0,21,1,0.07454968501775686
8654,1340.1999999999998,18,1,0.07452732011225154
8655,1340.1999999999998,18,1,0.07450496191621786
8656,1340.1999999999998,18,1,0.074482610427643
8657,1290.2,19,1,0.0744602656445147
8658,1289.0,21,1,0.07443792756482136
8659,1340.1999999999998,18,1,0.07441559618655191
8660,1340.1999999999998,18,1,0.07439327150769595
8661,1290.2,19,1,0.07437095352624365
8662,1355.5,20,1,0.07434864224018578
8663,1339.0,20,1,0.07432633764751373
8664,1290.2,19,1,0.07430403974621948
8665,1339.0,20,1,0.07428174853429562
8666,1239.0,22,1,0.07425946400973533
8667,1340.1999999999998,18,1,0.07423718617053242
8668,1339.0,20,1,0.07421491501468126
8669,1339.0,20,1,0.07419265054017686
8670,1290.2,19,1,0.07417039274501482
8671,1289.0,21,1,0.07414814162719131
8672,1340.1999999999998,18,1,0.07412589718470315
8673,1340.1999999999998,18,1,0.07410365941554774
8674,1355.5,20,1,0.07408142831772307
8675,1340.1999999999998,18,1,0.07405920388922776
8676,1239.0,22,1,0.074036986128061
8677,1289.0,21,1,0.07401477503222259
8678,1340.1999999999998,18,1,0.07399257059971293
8679,1340.1999999999998,18,1,0.07397037282853301
8680,1340.1999999999998,18,1,0.07394818171668445
8681,1289.0,21,1,0.07392599726216945
8682,1290.2,19,1,0.0739038194629908
8683,1340.1999999999998,18,1,0.0738816483171519
8684,1339.0,20,1,0.07385948382265675
8685,1339.0,20,1,0.07383732597750996
8686,1340.1999999999998,18,1,0.0738151747797167
8687,1340.1999999999998,18,1,0.0737930302272828
8688,1290.2,19,1,0.07377089231821461
8689,1340.1999999999998,18,1,0.07374876105051915
8690,1340.1999999999998,18,1,0.073726636422204
8691,1290.1999999999998,19,1,0.07370451843127734
8692,1339.0,20,1,0.07368240707574797
8693,1340.1999999999998,18,1,0.07366030235362525
8694,1239.0,22,1,0.07363820426291917
8695,1239.0,22,1,0.0736161128016403
8696,1304.3,23,1,0.0735940279677998
8697,1339.0,20,1,0.07357194975940946
8698,1340.1999999999998,18,1,0.07354987817448164
8699,1340.1999999999998,18,1,0.07352781321102929
8700,1339.0,20,1,0.07350575486706598
8701,1339.0,20,1,0.07348370314060586
8702,1339.0,20,1,0.07346165802966367
8703,1339.0,20,1,0.07343961953225478
8704,1287.0,21,1,0.07341758764639511
8705,1339.0,20,1,0.0733955623701012
8706,1320.7999999999997,22,1,0.07337354370139017
8707,1355.5,20,1,0.07335153163827975
8708,1340.1999999999998,18,1,0.07332952617878827
8709,1289.0,21,1,0.07330752732093464
8710,1340.1999999999998,18,1,0.07328553506273836
8711,1290.2,19,1,0.07326354940221953
8712,1340.1999999999998,18,1,0.07324157033739886
8713,1340.1999999999998,18,1,0.07321959786629764
8714,1340.1999999999998,18,1,0.07319763198693775
8715,1340.1999999999998,18,1,0.07317567269734167
8716,1339.0,20,1,0.07315371999553247
8717,1211.8999999999999,28,1,0.0731317738795338
8718,1240.2,20,1,0.07310983434736995
8719,1355.5,20,1,0.07308790139706574
8720,1340.1999999999998,18,1,0.07306597502664662
8721,1339.0,20,1,0.07304405523413864
8722,1339.0,20,1,0.0730221420175684
8723,1290.2,19,1,0.07300023537496314
8724,1340.1999999999998,18,1,0.07297833530435065
8725,1340.1999999999998,18,1,0.07295644180375935
8726,1290.2,19,1,0.07293455487121822
8727,1290.2,19,1,0.07291267450475686
8728,1266.6,24,1,0.07289080070240543
8729,1435.6,24,1,0.07286893346219471
8730,1433.1999999999998,28,1,0.07284707278215605
8731,1335.6,26,1,0.0728252186603214
8732,1467.6999999999998,28,1,0.07280337109472332
8733,1435.6,24,1,0.0727815300833949
8734,1435.6,24,1,0.07275969562436989
8735,1435.6,24,1,0.07273786771568258
8736,1334.4,28,1,0.07271604635536788
8737,1435.6,24,1,0.07269423154146128
8738,1434.3999999999999,26,1,0.07267242327199884
8739,1435.6,24,1,0.07265062154501724
8740,1435.6,24,1,0.07262882635855374
8741,1335.6,26,1,0.07260703771064617
8742,1434.3999999999999,26,1,0.07258525559933297
8743,1435.6,24,1,0.07256348002265317
8744,1384.3999999999999,27,1,0.07254171097864638
8745,1435.6,24,1,0.07251994846535278
8746,1385.6,25,1,0.07249819248081318
8747,1434.3999999999999,26,1,0.07247644302306894
8748,1435.6,24,1,0.07245470009016201
8749,1435.6,24,1,0.07243296368013497
8750,1313.2,30,1,0.07241123379103093
8751,1339.0,20,1,0.07238951042089362
8752,1190.2,21,1,0.07236779356776735
8753,1339.0,20,1,0.07234608322969702
8754,1315.0,31,1,0.0723243794047281
8755,1384.3999999999999,27,1,0.07230268209090669
8756,1435.6,24,1,0.07228099128627942
8757,1350.8999999999999,28,1,0.07225930698889353
8758,1435.6,24,1,0.07223762919679687
8759,1384.3999999999999,27,1,0.07221595790803784
8760,1385.6,25,1,0.07219429312066543
8761,1449.6999999999998,28,1,0.07217263483272923
8762,1385.6,25,1,0.07215098304227942
8763,1334.3999999999999,28,1,0.07212933774736674
8764,1435.6,24,1,0.07210769894604253
8765,1335.6,26,1,0.07208606663635872
8766,1435.6,24,1,0.07206444081636781
8767,1384.3999999999999,27,1,0.0720428214841229
8768,1435.6,24,1,0.07202120863767766
8769,1435.6,24,1,0.07199960227508637
8770,1435.6,24,1,0.07197800239440384
8771,1435.6,24,1,0.07195640899368552
8772,1435.6,24,1,0.07193482207098742
8773,1384.3999999999999,27,1,0.07191324162436613
8774,1435.6,24,1,0.07189166765187882
8775,1384.3999999999999,27,1,0.07187010015158327
8776,1384.3999999999999,27,1,0.0718485391215378
8777,1393.1999999999998,28,1,0.07182698455980134
8778,1434.3999999999999,26,1,0.07180543646443341
8779,1435.6,24,1,0.07178389483349408
8780,1435.6,24,1,0.07176235966504403
8781,1450.8999999999999,26,1,0.07174083095714452
8782,1435.6,24,1,0.07171930870785738
8783,1354.3,22,1,0.07169779291524503
8784,1235.6,28,1,0.07167628357737046
8785,1333.6,26,1,0.07165478069229726
8786,1434.3999999999999,26,1,0.07163328425808957
8787,1385.6,25,1,0.07161179427281214
8788,1385.6,25,1,0.0715903107345303
8789,1384.3999999999999,27,1,0.07156883364130995
8790,1400.8999999999999,27,1,0.07154736299121756
8791,1335.6,26,1,0.0715258987823202
8792,1385.6,25,1,0.07150444101268551
8793,1435.6,24,1,0.0714829896803817
8794,1435.6,24,1,0.07146154478347759
8795,1450.8999999999999,26,1,0.07144010632004255
8796,1450.8999999999999,26,1,0.07141867428814654
8797,1435.6,24,1,0.07139724868586009
8798,1435.6,24,1,0.07137582951125433
8799,1385.6,25,1,0.07135441676240095
8800,1435.6,24,1,0.07133301043737224
8801,1435.6,24,1,0.07131161053424102
8802,1335.6,26,1,0.07129021705108075
8803,1399.6999999999998,29,1,0.07126882998596543
8804,1435.6,24,1,0.07124744933696964
8805,1285.6,27,1,0.07122607510216855
8806,1361.4999999999998,32,1,0.0712047072796379
8807,1434.3999999999999,26,1,0.071183345867454
8808,1340.1999999999998,18,1,0.07116199086369378
8809,1435.6,24,1,0.07114064226643467
8810,1433.1999999999998,28,1,0.07111930007375475
8811,1384.3999999999999,27,1,0.07109796428373262
8812,1234.4,30,1,0.0710766348944475
8813,1284.4,29,1,0.07105531190397917
8814,1433.1999999999998,28,1,0.07103399531040798
8815,1435.6,24,1,0.07101268511181485
8816,1400.8999999999999,27,1,0.07099138130628131
8817,1435.6,24,1,0.07097008389188943
8818,1293.2,30,1,0.07094879286672186
8819,1285.6,27,1,0.07092750822886185
8820,1434.3999999999999,26,1,0.07090622997639319
8821,1334.3999999999999,28,1,0.07088495810740027
8822,1335.6,26,1,0.07086369261996806
8823,1335.6,26,1,0.07084243351218207
8824,1335.6,26,1,0.07082118078212842
8825,1385.6,25,1,0.07079993442789378
8826,1433.1999999999998,28,1,0.07077869444756542
8827,1434.3999999999999,26,1,0.07075746083923115
8828,1367.3999999999999,28,1,0.07073623360097939
8829,1435.6,24,1,0.0707150127308991
8830,1435.6,24,1,0.07069379822707983
8831,1435.6,24,1,0.0706725900876117
8832,1285.6,27,1,0.07065138831058543
8833,1340.1999999999998,18,1,0.07063019289409225
8834,1385.6,25,1,0.07060900383622402
8835,1452.9999999999998,30,1,0.07058782113507316
8836,1334.3999999999999,28,1,0.07056664478873263
8837,1335.6,26,1,0.07054547479529602
8838,1434.3999999999999,26,1,0.07052431115285743
8839,1449.6999999999998,28,1,0.07050315385951157
8840,1333.1999999999998,30,1,0.07048200291335371
8841,1385.6,25,1,0.07046085831247971
8842,1435.6,24,1,0.07043972005498597
8843,1434.3999999999999,26,1,0.07041858813896948
8844,1435.6,24,1,0.0703974625625278
8845,1385.6,25,1,0.07037634332375904
8846,1435.6,24,1,0.07035523042076192
8847,1435.6,24,1,0.07033412385163569
8848,1348.8999999999999,28,1,0.0703130236144802
8849,1385.6,25,1,0.07029192970739587
8850,1435.6,24,1,0.07027084212848365
8851,1385.6,25,1,0.07024976087584511
8852,1450.8999999999999,26,1,0.07022868594758236
8853,1435.6,24,1,0.07020761734179809
8854,1385.6,25,1,0.07018655505659556
8855,1285.6,27,1,0.07016549909007859
8856,1467.3999999999999,26,1,0.07014444944035157
8857,1434.3999999999999,26,1,0.07012340610551947
8858,1385.6,25,1,0.07010236908368782
8859,1395.2999999999997,33,1,0.07008133837296271
8860,1434.3999999999999,26,1,0.07006031397145082
8861,1334.4,28,1,0.07003929587725939
8862,1384.3999999999999,27,1,0.07001828408849621
8863,1435.6,24,1,0.06999727860326967
8864,1384.3999999999999,27,1,0.06997627941968869
8865,1435.6,24,1,0.06995528653586279
8866,1435.6,24,1,0.06993429994990204
8867,1335.6,26,1,0.06991331965991707
8868,1322.0,21,1,0.0698923456640191
8869,1434.3999999999999,26,1,0.06987137796031989
8870,1435.6,24,1,0.0698504165469318
8871,1385.6,25,1,0.06982946142196772
8872,1285.6,27,1,0.06980851258354114
8873,1385.6,25,1,0.06978757002976607
8874,1385.6,25,1,0.06976663375875715
8875,1435.6,24,1,0.06974570376862953
8876,1434.3999999999999,26,1,0.06972478005749894
8877,1385.6,25,1,0.06970386262348169
8878,1435.6,24,1,0.06968295146469465
8879,1464.9999999999998,30,1,0.06966204657925525
8880,1235.6,28,1,0.06964114796528147
8881,1383.6,25,1,0.06962025562089189
8882,1435.6,24,1,0.06959936954420562
8883,1384.3999999999999,27,1,0.06957848973334237
8884,1435.6,24,1,0.06955761618642237
8885,1434.3999999999999,26,1,0.06953674890156644
8886,1335.6,26,1,0.06951588787689597
8887,1383.1999999999998,29,1,0.0694950331105329
8888,1340.1999999999998,18,1,0.06947418460059974
8889,1340.1999999999998,18,1,0.06945334234521956
8890,1340.1999999999998,18,1,0.06943250634251599
8891,1340.1999999999998,18,1,0.06941167659061324
8892,1340.1999999999998,18,1,0.06939085308763607
8893,1340.1999999999998,18,1,0.06937003583170978
8894,1340.1999999999998,18,1,0.06934922482096027
8895,1335.8,22,1,0.06932842005351399
8896,1240.2,20,1,0.06930762152749793
8897,1340.1999999999998,18,1,0.06928682924103968
8898,1340.1999999999998,18,1,0.06926604319226737
8899,1240.2,20,1,0.0692452633793097
8900,1339.0,20,1,0.0692244898002959
8901,1340.1999999999998,18,1,0.0692037224533558
8902,1340.1999999999998,18,1,0.0691829613366198
8903,1238.2,20,1,0.06916220644821881
8904,1240.2,20,1,0.06914145778628435
8905,1340.1999999999998,18,1,0.06912071534894847
8906,1289.0,21,1,0.06909997913434378
8907,1340.1999999999998,18,1,0.06907924914060348
8908,1339.0,20,1,0.06905852536586131
8909,1340.1999999999998,18,1,0.06903780780825156
8910,1339.0,20,1,0.06901709646590909
8911,1289.0,21,1,0.06899639133696932
8912,1290.2,19,1,0.06897569241956823
8913,1240.2,20,1,0.06895499971184237
8914,1340.1999999999998,18,1,0.06893431321192882
8915,1340.1999999999998,18,1,0.06891363291796525
8916,1340.1999999999998,18,1,0.06889295882808986
8917,1290.2,19,1,0.06887229094044144
8918,1340.1999999999998,18,1,0.06885162925315931
8919,1340.1999999999998,18,1,0.06883097376438337
8920,1290.2,19,1,0.06881032447225405
8921,1290.2,19,1,0.06878968137491237
8922,1340.1999999999998,18,1,0.0687690444704999
8923,1340.1999999999998,18,1,0.06874841375715876
8924,1297.8,22,1,0.06872778923303162
8925,1287.8000000000002,23,1,0.06870717089626172
8926,1290.2,19,1,0.06868655874499284
8927,1340.1999999999998,18,1,0.06866595277736934
8928,1339.0,20,1,0.06864535299153612
8929,1240.2,20,1,0.06862475938563867
8930,1339.0,20,1,0.06860417195782298
8931,1340.1999999999998,18,1,0.06858359070623564
8932,1340.1999999999998,18,1,0.06856301562902377
8933,1340.1999999999998,18,1,0.06854244672433506
8934,1320.8,22,1,0.06852188399031776
8935,1354.3,22,1,0.06850132742512068
8936,1340.1999999999998,18,1,0.06848077702689315
8937,1340.1999999999998,18,1,0.06846023279378508
8938,1340.1999999999998,18,1,0.06843969472394694
8939,1290.2,19,1,0.06841916281552976
8940,1340.1999999999998,18,1,0.0683986370666851
8941,1340.1999999999998,18,1,0.0683781174755651
8942,1253.1000000000001,25,1,0.06835760404032244
8943,1290.2,19,1,0.06833709675911034
8944,1304.3,23,1,0.06831659563008262
8945,1340.1999999999998,18,1,0.06829610065139359
8946,1340.1999999999998,18,1,0.06827561182119818
8947,1305.5,21,1,0.06825512913765182
8948,1340.1999999999998,18,1,0.06823465259891053
8949,1287.8,23,1,0.06821418220313086
8950,1434.3999999999999,26,1,0.06819371794846991
8951,1340.1999999999998,18,1,0.06817325983308538
8952,1339.0,20,1,0.06815280785513546
8953,1340.1999999999998,18,1,0.06813236201277892
8954,1316.4,26,1,0.0681119223041751
8955,1340.1999999999998,18,1,0.06809148872748384
8956,1339.0,20,1,0.0680710612808656
8957,1340.1999999999998,18,1,0.06805063996248134
8958,1355.5,20,1,0.0680302247704926
8959,1340.1999999999998,18,1,0.06800981570306146
8960,1340.1999999999998,18,1,0.06798941275835055
8961,1355.5,20,1,0.06796901593452305
8962,1339.0,20,1,0.0679486252297427
8963,1340.1999999999998,18,1,0.06792824064217377
8964,1340.1999999999998,18,1,0.06790786216998113
8965,1339.0,20,1,0.06788748981133014
8966,1340.1999999999998,18,1,0.06786712356438675
8967,1290.2,19,1,0.06784676342731744
8968,1337.8,22,1,0.06782640939828924
8969,1290.1999999999998,19,1,0.06780606147546975
8970,1240.2,20,1,0.06778571965702711
8971,1337.8,22,1,0.06776538394113
8972,1340.1999999999998,18,1,0.06774505432594767
8973,1289.0,21,1,0.06772473080964989
8974,1290.2,19,1,0.06770441339040699
8975,1340.1999999999998,18,1,0.06768410206638988
8976,1340.1999999999998,18,1,0.06766379683576997
8977,1340.1999999999998,18,1,0.06764349769671923
8978,1290.2,19,1,0.06762320464741021
8979,1290.2,19,1,0.06760291768601599
8980,1340.1999999999998,18,1,0.0675826368107102
8981,1339.0,20,1,0.06756236201966698
8982,1340.1999999999998,18,1,0.06754209331106108
8983,1240.2,20,1,0.06752183068306776
8984,1340.1999999999998,18,1,0.06750157413386285
8985,1289.0,21,1,0.06748132366162268
8986,1372.0,20,1,0.0674610792645242
8987,1340.1999999999998,18,1,0.06744084094074485
8988,1255.5,22,1,0.06742060868846263
8989,1340.1999999999998,18,1,0.06740038250585609
8990,1340.1999999999998,18,1,0.06738016239110434
8991,1290.2,19,1,0.06735994834238701
8992,1339.0,20,1,0.0673397403578843
8993,1340.1999999999998,18,1,0.06731953843577694
8994,1340.1999999999998,18,1,0.0672993425742462
8995,1289.0,21,1,0.06727915277147394
8996,1340.1999999999998,18,1,0.06725896902564249
8997,1290.2,19,1,0.0672387913349348
8998,1290.2,19,1,0.06721861969753432
8999,1339.0,20,1,0.06719845411162506
9000,1340.1999999999998,18,1,0.06717829457539158
9001,1289.0,21,1,0.06715814108701897
9002,1340.1999999999998,18,1,0.06713799364469286
9003,1340.1999999999998,18,1,0.06711785224659945
9004,1289.0,21,1,0.06709771689092547
9005,1339.0,20,1,0.0670775875758582
9006,1197.8,24,1,0.06705746429958545
9007,1340.1999999999998,18,1,0.06703734706029557
9008,1290.2,19,1,0.06701723585617748
9009,1339.0,20,1,0.06699713068542064
9010,1340.1999999999998,18,1,0.06697703154621501
9011,1354.3,22,1,0.06695693843675114
9012,1304.3,23,1,0.06693685135522012
9013,1340.1999999999998,18,1,0.06691677029981356
9014,1340.1999999999998,18,1,0.06689669526872362
9015,1340.1999999999998,18,1,0.066876626260143
9016,1340.1999999999998,18,1,0.06685656327226495
9017,1334.3,22,1,0.06683650630328328
9018,1337.8,22,1,0.0668164553513923
9019,1340.1999999999998,18,1,0.06679641041478689
9020,1355.5,20,1,0.06677637149166245
9021,1355.5,20,1,0.06675633858021496
9022,1340.1999999999998,18,1,0.0667363116786409
9023,1339.0,20,1,0.06671629078513731
9024,1340.1999999999998,18,1,0.06669627589790178
9025,1340.1999999999998,18,1,0.0666762670151324
9026,1290.2,19,1,0.06665626413502787
9027,1340.1999999999998,18,1,0.06663626725578736
9028,1340.1999999999998,18,1,0.06661627637561063
9029,1339.0,20,1,0.06659629149269795
9030,1240.2,20,1,0.06657631260525014
9031,1340.1999999999998,18,1,0.06655633971146857
9032,1355.5,20,1,0.06653637280955513
9033,1322.0,21,1,0.06651641189771226
9034,1290.2,19,1,0.06649645697414296
9035,1290.2,19,1,0.06647650803705071
9036,1340.1999999999998,18,1,0.0664565650846396
9037,1339.0,20,1,0.06643662811511421
9038,1339.0,20,1,0.06641669712667968
9039,1340.1999999999998,18,1,0.06639677211754168
9040,1339.0,20,1,0.06637685308590642
9041,1340.1999999999998,18,1,0.06635694002998065
9042,1337.8,22,1,0.06633703294797165
9043,1340.1999999999998,18,1,0.06631713183808725
9044,1340.1999999999998,18,1,0.06629723669853584
9045,1340.1999999999998,18,1,0.06627734752752627
9046,1340.1999999999998,18,1,0.06625746432326801
9047,1339.0,20,1,0.06623758708397104
9048,1340.1999999999998,18,1,0.06621771580784586
9049,1290.2,19,1,0.0661978504931035
9050,1290.1999999999998,19,1,0.06617799113795558
9051,1290.2,19,1,0.0661581377406142
9052,1340.1999999999998,18,1,0.06613829029929202
9053,1384.3999999999999,27,1,0.06611844881220223
9054,1372.0,20,1,0.06609861327755857
9055,1355.5,20,1,0.06607878369357531
9056,1290.2,19,1,0.06605896005846724
9057,1340.1999999999998,18,1,0.06603914237044971
9058,1289.0,21,1,0.06601933062773857
9059,1290.2,19,1,0.06599952482855025
9060,1290.2,19,1,0.06597972497110169
9061,1288.2,19,1,0.06595993105361037
9062,1240.2,20,1,0.06594014307429429
9063,1340.1999999999998,18,1,0.065920361031372
9064,1289.0,21,1,0.06590058492306258
9065,1340.1999999999998,18,1,0.06588081474758567
9066,1340.1999999999998,18,1,0.06586105050316139
9067,1340.1999999999998,18,1,0.06584129218801045
9068,1339.0,20,1,0.06582153980035405
9069,1340.1999999999998,18,1,0.06580179333841395
9070,1240.2,20,1,0.06578205280041242
9071,1340.1999999999998,18,1,0.0657623181845723
9072,1340.1999999999998,18,1,0.06574258948911693
9073,1289.0,21,1,0.06572286671227019
9074,1340.1999999999998,18,1,0.06570314985225652
9075,1290.2,19,1,0.06568343890730084
9076,1339.0,20,1,0.06566373387562865
9077,1435.6,24,1,0.06564403475546597
9078,1339.0,20,1,0.06562434154503934
9079,1290.1999999999998,19,1,0.06560465424257583
9080,1289.0,21,1,0.06558497284630306
9081,1387.2999999999997,22,1,0.06556529735444917
9082,1372.0,20,1,0.06554562776524284
9083,1289.0,21,1,0.06552596407691326
9084,1240.2,20,1,0.06550630628769019
9085,1340.1999999999998,18,1,0.06548665439580388
9086,1290.2,19,1,0.06546700839948515
9087,1340.1999999999998,18,1,0.0654473682969653
9088,1290.2,19,1,0.06542773408647622
9089,1340.1999999999998,18,1,0.06540810576625028
9090,1339.0,20,1,0.06538848333452041
9091,1340.1999999999998,18,1,0.06536886678952006
9092,1340.1999999999998,18,1,0.06534925612948321
9093,1337.8,22,1,0.06532965135264436
9094,1340.1999999999998,18,1,0.06531005245723857
9095,1340.1999999999998,18,1,0.0652904594415014
9096,1340.1999999999998,18,1,0.06527087230366896
9097,1289.0,21,1,0.06525129104197785
9098,1340.1999999999998,18,1,0.06523171565466526
9099,1290.1999999999998,19,1,0.06521214613996887
9100,1290.2,19,1,0.06519258249612687
9101,1340.1999999999998,18,1,0.06517302472137804
9102,1240.2,20,1,0.06515347281396162
9103,1340.1999999999998,18,1,0.06513392677211743
9104,1290.2,19,1,0.0651143865940858
9105,1340.1999999999998,18,1,0.06509485227810759
9106,1289.0,21,1,0.06507532382242416
9107,1287.8,23,1,0.06505580122527743
9108,1340.1999999999998,18,1,0.06503628448490985
9109,1340.1999999999998,18,1,0.06501677359956438
9110,1290.2,19,1,0.06499726856748451
9111,1340.1999999999998,18,1,0.06497776938691427
9112,1290.2,19,1,0.06495827605609819
9113,1290.2,19,1,0.06493878857328136
9114,1340.1999999999998,18,1,0.06491930693670939
9115,1340.1999999999998,18,1,0.06489983114462837
9116,1340.1999999999998,18,1,0.06488036119528498
9117,1190.2,21,1,0.0648608970869264
9118,1339.0,20,1,0.06484143881780031
9119,1340.1999999999998,18,1,0.06482198638615498
9120,1340.1999999999998,18,1,0.06480253979023913
9121,1340.1999999999998,18,1,0.06478309902830207
9122,1290.2,19,1,0.06476366409859358
9123,1340.1999999999998,18,1,0.064744234999364
9124,1340.1999999999998,18,1,0.0647248117288642
9125,1340.1999999999998,18,1,0.06470539428534554
9126,1290.2,19,1,0.06468598266705994
9127,1339.0,20,1,0.06466657687225982
9128,1435.6,24,1,0.06464717689919815
9129,1340.1999999999998,18,1,0.06462778274612839
9130,1334.3999999999999,28,1,0.06460839441130456
9131,1340.1999999999998,18,1,0.06458901189298118
9132,1247.8,23,1,0.06456963518941329
9133,1339.0,20,1,0.06455026429885646
9134,1340.1999999999998,18,1,0.06453089921956681
9135,1340.1999999999998,18,1,0.06451153994980094
9136,1339.0,20,1,0.064492186487816
9137,1290.2,19,1,0.06447283883186966
9138,1290.2,19,1,0.0644534969802201
9139,1340.1999999999998,18,1,0.06443416093112603
9140,1340.1999999999998,18,1,0.06441483068284669
9141,1240.2,20,1,0.06439550623364183
9142,1340.1999999999998,18,1,0.06437618758177174
9143,1340.1999999999998,18,1,0.06435687472549721
9144,1340.1999999999998,18,1,0.06433756766307956
9145,1340.1999999999998,18,1,0.06431826639278064
9146,1355.5,20,1,0.06429897091286281
9147,1339.0,20,1,0.06427968122158895
9148,1355.5,20,1,0.06426039731722247
9149,1340.1999999999998,18,1,0.0642411191980273
9150,1340.1999999999998,18,1,0.0642218468622679
9151,1290.2,19,1,0.06420258030820922
9152,1435.6,24,1,0.06418331953411675
9153,1340.1999999999998,18,1,0.06416406453825652
9154,1339.0,20,1,0.06414481531889504
9155,1340.1999999999998,18,1,0.06412557187429938
9156,1339.0,20,1,0.06410633420273709
9157,1339.0,20,1,0.06408710230247627
9158,1340.1999999999998,18,1,0.06406787617178553
9159,1290.2,19,1,0.064048655808934
9160,1354.2999999999997,22,1,0.06402944121219133
9161,1340.1999999999998,18,1,0.06401023237982767
9162,1340.1999999999998,18,1,0.06399102931011372
9163,1290.2,19,1,0.06397183200132069
9164,1290.2,19,1,0.06395264045172029
9165,1240.2,20,1,0.06393345465958478
9166,1290.2,19,1,0.0639142746231869
9167,1340.1999999999998,18,1,0.06389510034079994
9168,1289.0,21,1,0.0638759318106977
9169,1355.5,20,1,0.06385676903115449
9170,1340.1999999999998,18,1,0.06383761200044515
9171,1355.5,20,1,0.06381846071684502
9172,1287.0,21,1,0.06379931517862997
9173,1340.1999999999998,18,1,0.06378017538407638
9174,1289.0,21,1,0.06376104133146115
9175,1340.1999999999998,18,1,0.06374191301906172
9176,1340.1999999999998,18,1,0.06372279044515601
9177,1240.2,20,1,0.06370367360802247
9178,1340.1999999999998,18,1,0.06368456250594007
9179,1289.0,21,1,0.06366545713718828
9180,1340.1999999999998,18,1,0.06364635750004713
9181,1340.1999999999998,18,1,0.06362726359279712
9182,1290.2,19,1,0.06360817541371928
9183,1340.1999999999998,18,1,0.06358909296109518
9184,1340.1999999999998,18,1,0.06357001623320685
9185,1340.1999999999998,18,1,0.06355094522833689
9186,1370.7999999999997,22,1,0.06353187994476839
9187,1290.1999999999998,19,1,0.06351282038078496
9188,1355.5,20,1,0.06349376653467072
9189,1290.2,19,1,0.06347471840471032
9190,1340.1999999999998,18,1,0.06345567598918891
9191,1290.2,19,1,0.06343663928639216
9192,1270.8,24,1,0.06341760829460624
9193,1340.1999999999998,18,1,0.06339858301211786
9194,1340.1999999999998,18,1,0.06337956343721422
9195,1240.2,20,1,0.06336054956818306
9196,1290.2,19,1,0.0633415414033126
9197,1288.2,19,1,0.06332253894089161
9198,1240.2,20,1,0.06330354217920935
9199,1289.0,21,1,0.06328455111655558
9200,1319.6,24,1,0.06326556575122061
9201,1339.0,20,1,0.06324658608149525
9202,1290.2,19,1,0.06322761210567081
9203,1290.2,19,1,0.06320864382203911
9204,1385.6,25,1,0.0631896812288925
9205,1340.1999999999998,18,1,0.06317072432452384
9206,1340.1999999999998,18,1,0.06315177310722649
9207,1340.1999999999998,18,1,0.06313282757529431
9208,1340.1999999999998,18,1,0.06311388772702173
9209,1305.5,21,1,0.06309495356070362
9210,1339.0,20,1,0.0630760250746354
9211,1340.1999999999998,18,1,0.06305710226711302
9212,1340.1999999999998,18,1,0.06303818513643289
9213,1289.0,21,1,0.06301927368089197
9214,1340.1999999999998,18,1,0.0630003678987877
9215,1340.1999999999998,18,1,0.06298146778841807
9216,1290.2,19,1,0.06296257334808154
9217,1339.0,20,1,0.06294368457607712
9218,1339.0,20,1,0.0629248014707043
9219,1289.0,21,1,0.06290592403026309
9220,1287.0,21,1,0.06288705225305401
9221,1340.1999999999998,18,1,0.06286818613737809
9222,1340.1999999999998,18,1,0.06284932568153688
9223,1340.1999999999998,18,1,0.06283047088383242
9224,1372.0,20,1,0.06281162174256727
9225,1289.0,21,1,0.0627927782560445
9226,1289.0,21,1,0.06277394042256769
9227,1340.1999999999998,18,1,0.06275510824044092
9228,1339.0,20,1,0.06273628170796879
9229,1355.5,20,1,0.0627174608234564
9230,1372.2999999999997,22,1,0.06269864558520936
9231,1290.1999999999998,19,1,0.0626798359915338
9232,1340.1999999999998,18,1,0.06266103204073635
9233,1340.1999999999998,18,1,0.06264223373112413
9234,1370.8,22,1,0.06262344106100479
9235,1340.1999999999998,18,1,0.0626046540286865
9236,1290.2,19,1,0.06258587263247789
9237,1340.1999999999998,18,1,0.06256709687068815
9238,1317.8,22,1,0.06254832674162694
9239,1340.1999999999998,18,1,0.06252956224360445
9240,1339.0,20,1,0.06251080337493137
9241,1339.0,20,1,0.06249205013391889
9242,1290.2,19,1,0.06247330251887872
9243,1435.6,24,1,0.06245456052812306
9244,1290.2,19,1,0.062435824159964626
9245,1340.1999999999998,18,1,0.06241709341271664
9246,1289.0,21,1,0.06239836828469283
9247,1205.5,23,1,0.06237964877420742
9248,1340.1999999999998,18,1,0.06236093487957516
9249,1337.8,22,1,0.06234222659911129
9250,1270.8,23,1,0.06232352393113156
9251,1354.3,22,1,0.062304826873952224
9252,1340.1999999999998,18,1,0.06228613542589004
9253,1190.2,21,1,0.06226744958526227
9254,1340.1999999999998,18,1,0.062248769350386694
9255,1340.1999999999998,18,1,0.06223009471958158
9256,1339.0,20,1,0.06221142569116571
9257,1340.1999999999998,18,1,0.06219276226345836
9258,1290.2,19,1,0.062174104434779325
9259,1305.5,21,1,0.06215545220344889
9260,1340.1999999999998,18,1,0.062136805567787855
9261,1340.1999999999998,18,1,0.06211816452611752
9262,1340.1999999999998,18,1,0.06209952907675969
9263,1340.1999999999998,18,1,0.06208089921803667
9264,1339.0,20,1,0.06206227494827126
9265,1290.2,19,1,0.062043656265786784
9266,1340.1999999999998,18,1,0.06202504316890705
9267,1339.0,20,1,0.06200643565595638
9268,1340.1999999999998,18,1,0.061987833725259595
9269,1290.2,19,1,0.06196923737514202
9270,1340.1999999999998,18,1,0.06195064660392948
9271,1340.1999999999998,18,1,0.0619320614099483
9272,1289.0,21,1,0.06191348179152532
9273,1340.1999999999998,18,1,0.06189490774698786
9274,1340.1999999999998,18,1,0.061876339274663766
9275,1290.2,19,1,0.06185777637288137
9276,1366.1,24,1,0.06183921903996951
9277,1303.1,25,1,0.06182066727425752
9278,1308.8,23,1,0.06180212107407525
9279,1290.2,19,1,0.061783580437753026
9280,1287.0,21,1,0.0617650453636217
9281,1090.2,23,1,0.06174651585001262
9282,1339.0,20,1,0.061727991895257614
9283,1339.0,20,1,0.06170947349768904
9284,1355.5,20,1,0.06169096065563973
9285,1240.2,20,1,0.06167245336744304
9286,1240.2,20,1,0.061653951631432814
9287,1340.1999999999998,18,1,0.061635455445943385
9288,1340.1999999999998,18,1,0.0616169648093096
9289,1340.1999999999998,18,1,0.06159847971986681
9290,1288.2,19,1,0.061580000175950854
9291,1340.1999999999998,18,1,0.06156152617589807
9292,1340.1999999999998,18,1,0.0615430577180453
9293,1287.8,23,1,0.06152459480072989
9294,1290.2,19,1,0.06150613742228967
9295,1266.6,25,1,0.06148768558106298
9296,1370.7999999999997,22,1,0.061469239275388665
9297,1339.0,20,1,0.061450798503606054
9298,1290.2,19,1,0.061432363264054976
9299,1340.1999999999998,18,1,0.06141393355507576
9300,1339.0,20,1,0.06139550937500924
9301,1372.0,20,1,0.06137709072219674
9302,1339.0,20,1,0.061358677594980086
9303,1340.1999999999998,18,1,0.06134026999170159
9304,1340.1999999999998,18,1,0.061321867910704084
9305,1340.1999999999998,18,1,0.061303471350330874
9306,1289.0,21,1,0.06128508030892578
9307,1340.1999999999998,18,1,0.061266694784833105
9308,1340.1999999999998,18,1,0.06124831477639766
9309,1290.1999999999998,19,1,0.06122994028196474
9310,1340.1999999999998,18,1,0.061211571299880155
9311,1190.2,21,1,0.06119320782849019
9312,1339.0,20,1,0.06117484986614165
9313,1339.0,20,1,0.06115649741118181
9314,1340.1999999999998,18,1,0.06113815046195845
9315,1297.8,22,1,0.06111980901681987
9316,1435.6,24,1,0.06110147307411482
9317,1434.3999999999999,26,1,0.06108314263219259
9318,1385.6,25,1,0.06106481768940293
9319,1385.6,25,1,0.06104649824409611
9320,1385.6,25,1,0.06102818429462288
9321,1435.6,24,1,0.061009875839334496
9322,1383.1999999999998,29,1,0.060991572876582696
9323,1285.6000000000001,27,1,0.06097327540471972
9324,1385.6,25,1,0.06095498342209831
9325,1434.3999999999999,26,1,0.06093669692707168
9326,1413.1999999999998,28,1,0.06091841591799356
9327,1435.6,24,1,0.060900140393218165
9328,1435.6,24,1,0.0608818703511002
9329,1385.6,25,1,0.060863605789994876
9330,1385.6,25,1,0.06084534670825788
9331,1435.6,24,1,0.0608270931042454
9332,1385.6,25,1,0.060808844976314134
9333,1385.6,25,1,0.06079060232282124
9334,1435.6,24,1,0.0607723651421244
9335,1385.6,25,1,0.060754133432581764
9336,1429.6999999999998,28,1,0.060735907192551994
9337,1435.6,24,1,0.06071768642039423
9338,1434.3999999999999,26,1,0.06069947111446812
9339,1384.3999999999999,27,1,0.06068126127313378
9340,1383.1999999999998,29,1,0.06066305689475184
9341,1385.6,25,1,0.06064485797768342
9342,1383.6,25,1,0.06062666452029011
9343,1384.3999999999999,27,1,0.060608476520934026
9344,1435.6,24,1,0.06059029397797775
9345,1435.6,24,1,0.06057211688978436
9346,1434.3999999999999,26,1,0.060553945254717426
9347,1435.6,24,1,0.060535779071141015
9348,1435.6,24,1,0.06051761833741968
9349,1384.3999999999999,27,1,0.06049946305191845
9350,1435.6,24,1,0.06048131321300288
9351,1435.6,24,1,0.06046316881903898
9352,1385.6,25,1,0.06044502986839327
9353,1385.6,25,1,0.060426896359432755
9354,1332.0,32,1,0.060408768290524925
9355,1435.6,24,1,0.06039064566003777
9356,1434.3999999999999,26,1,0.06037252846633976
9357,1385.6,25,1,0.06035441670779986
9358,1400.8999999999999,27,1,0.06033631038278752
9359,1435.6,24,1,0.06031820948967269
9360,1435.6,24,1,0.060300114026825787
9361,1435.6,24,1,0.06028202399261774
9362,1435.6,24,1,0.060263939385419955
9363,1435.6,24,1,0.06024586020360433
9364,1435.6,24,1,0.060227786445543254
9365,1435.6,24,1,0.060209718109609595
9366,1385.6,25,1,0.06019165519417671
9367,1399.6999999999998,29,1,0.060173597697618465
9368,1435.6,24,1,0.06015554561830918
9369,1434.3999999999999,26,1,0.06013749895462369
9370,1340.1999999999998,18,1,0.060119457704937304
9371,1435.6,24,1,0.06010142186762583
9372,1435.6,24,1,0.060083391441065545
9373,1402.6,24,1,0.06006536642363323
9374,1355.5,20,1,0.06004734681370614
9375,1450.8999999999999,26,1,0.06002933260966203
9376,1435.6,24,1,0.06001132380987913
9377,1435.6,24,1,0.05999332041273617
9378,1334.4,28,1,0.059975322416612346
9379,1434.3999999999999,26,1,0.05995732981988736
9380,1340.1999999999998,18,1,0.0599393426209414
9381,1435.6,24,1,0.05992136081815512
9382,1340.1999999999998,18,1,0.05990338440990967
9383,1340.1999999999998,18,1,0.0598854133945867
9384,1340.1999999999998,18,1,0.05986744777056833
9385,1372.2999999999997,22,1,0.05984948753623716
9386,1384.3999999999999,27,1,0.05983153268997629
9387,1319.6,25,1,0.0598135832301693
9388,1290.1999999999998,19,1,0.059795639155200246
9389,1340.1999999999998,18,1,0.05977770046345369
9390,1340.1999999999998,18,1,0.05975976715331465
9391,1340.1999999999998,18,1,0.059741839223168655
9392,1339.0,20,1,0.05972391667140171
9393,1339.0,20,1,0.05970599949640029
9394,1190.2,21,1,0.05968808769655137
9395,1339.0,20,1,0.05967018127024241
9396,1240.2,20,1,0.05965228021586134
9397,1339.0,20,1,0.059634384531796585
9398,1240.2,20,1,0.05961649421643705
9399,1340.1999999999998,18,1,0.05959860926817212
9400,1340.1999999999998,18,1,0.05958072968539167
9401,1449.1999999999998,29,1,0.059562855466486056
9402,1305.5,21,1,0.05954498660984611
9403,1290.2,19,1,0.05952712311386316
9404,1290.2,19,1,0.05950926497692901
9405,1340.1999999999998,18,1,0.05949141219743593
9406,1340.1999999999998,18,1,0.0594735647737767
9407,1340.1999999999998,18,1,0.05945572270434457
9408,1354.3,22,1,0.05943788598753327
9409,1339.0,20,1,0.059420054621737016
9410,1240.2,20,1,0.0594022286053505
9411,1435.6,24,1,0.0593844079367689
9412,1340.1999999999998,18,1,0.05936659261438787
9413,1340.1999999999998,18,1,0.05934878263660356
9414,1289.0,21,1,0.05933097800181258
9415,1340.1999999999998,18,1,0.05931317870841204
9416,1340.1999999999998,18,1,0.059295384754799514
9417,1290.2,19,1,0.05927759613937308
9418,1340.1999999999998,18,1,0.059259812860531266
9419,1240.2,20,1,0.05924203491667311
9420,1290.2,19,1,0.05922426230619811
9421,1290.2,19,1,0.05920649502750625
9422,1290.2,19,1,0.059188733078998
9423,1340.1999999999998,18,1,0.059170976459074306
9424,1340.1999999999998,18,1,0.05915322516613659
9425,1399.6999999999998,29,1,0.05913547919858675
9426,1340.1999999999998,18,1,0.05911773855482717
9427,1340.1999999999998,18,1,0.05910000323326073
9428,1340.1999999999998,18,1,0.059082273232290754
9429,1290.2,19,1,0.05906454855032107
9430,1340.1999999999998,18,1,0.059046829185755975
9431,1289.0,21,1,0.05902911513700025
9432,1340.1999999999998,18,1,0.05901140640245915
9433,1340.1999999999998,18,1,0.058993702980538416
9434,1340.1999999999998,18,1,0.05897600486964426
9435,1340.1999999999998,18,1,0.05895831206818337
9436,1340.1999999999998,18,1,0.058940624574562915
9437,1340.1999999999998,18,1,0.05892294238719055
9438,1355.5,20,1,0.05890526550447439
9439,1435.6,24,1,0.05888759392482305
9440,1290.2,19,1,0.05886992764664561
9441,1290.2,19,1,0.05885226666835162
9442,1339.0,20,1,0.05883461098835111
9443,1340.1999999999998,18,1,0.058816960605054605
9444,1289.0,21,1,0.05879931551687309
9445,1340.1999999999998,18,1,0.058781675722218034
9446,1340.1999999999998,18,1,0.05876404121950137
9447,1339.0,20,1,0.058746412007135526
9448,1340.1999999999998,18,1,0.058728788083533386
9449,1340.1999999999998,18,1,0.05871116944710833
9450,1290.2,19,1,0.0586935560962742
9451,1290.2,19,1,0.05867594802944532
9452,1305.5,21,1,0.058658345245036485
9453,1340.1999999999998,18,1,0.058640747741462974
9454,1240.2,20,1,0.058623155517140535
9455,1354.3,22,1,0.05860556857048539
9456,1339.0,20,1,0.05858798689991425
9457,1340.1999999999998,18,1,0.058570410503844275
9458,1340.1999999999998,18,1,0.058552839380693125
9459,1340.1999999999998,18,1,0.05853527352887892
9460,1340.1999999999998,18,1,0.058517712946820254
9461,1290.2,19,1,0.05850015763293621
9462,1340.1999999999998,18,1,0.05848260758564633
9463,1340.1999999999998,18,1,0.05846506280337064
9464,1340.1999999999998,18,1,0.05844752328452963
9465,1339.0,20,1,0.058429989027544274
9466,1290.2,19,1,0.058412460030836014
9467,1340.1999999999998,18,1,0.058394936292826764
9468,1340.1999999999998,18,1,0.05837741781193892
9469,1340.1999999999998,18,1,0.05835990458659534
9470,1339.0,20,1,0.05834239661521936
9471,1239.0,22,1,0.0583248938962348
9472,1339.0,20,1,0.05830739642806593
9473,1340.1999999999998,18,1,0.05828990420913751
9474,1340.1999999999998,18,1,0.05827241723787477
9475,1240.2,20,1,0.05825493551270341
9476,1340.1999999999998,18,1,0.0582374590320496
9477,1340.1999999999998,18,1,0.058219987794339984
9478,1290.2,19,1,0.058202521798001686
9479,1339.0,20,1,0.05818506104146229
9480,1340.1999999999998,18,1,0.058167605523149854
9481,1385.6,25,1,0.05815015524149291
9482,1340.1999999999998,18,1,0.058132710194920466
9483,1339.0,20,1,0.05811527038186199
9484,1240.2,20,1,0.058097835800747434
9485,1240.2,20,1,0.05808040645000721
9486,1340.1999999999998,18,1,0.058062982328072214
9487,1340.1999999999998,18,1,0.0580455634333738
9488,1340.1999999999998,18,1,0.058028149764343784
9489,1339.0,20,1,0.058010741319414486
9490,1435.6,24,1,0.05799333809701866
9491,1340.1999999999998,18,1,0.05797594009558956
9492,1304.3,23,1,0.057958547313560885
9493,1289.0,21,1,0.05794115974936682
9494,1290.1999999999998,19,1,0.05792377740144201
9495,1340.1999999999998,18,1,0.057906400268221574
9496,1340.1999999999998,18,1,0.05788902834814111
9497,1340.1999999999998,18,1,0.05787166163963667
9498,1339.0,20,1,0.05785430014114478
9499,1240.2,20,1,0.05783694385110244
9500,1340.1999999999998,18,1,0.05781959276794711
9501,1354.3,22,1,0.05780224689011673
9502,1240.2,20,1,0.057784906216049696
9503,1340.1999999999998,18,1,0.057767570744184885
9504,1340.1999999999998,18,1,0.05775024047296163
9505,1340.1999999999998,18,1,0.05773291540081974
9506,1290.2,19,1,0.057715595526199495
9507,1355.5,20,1,0.05769828084754164
9508,1340.1999999999998,18,1,0.05768097136328738
9509,1339.0,20,1,0.057663667071878394
9510,1339.0,20,1,0.05764636797175683
9511,1339.0,20,1,0.057629074061365304
9512,1340.1999999999998,18,1,0.0576117853391469
9513,1304.3,23,1,0.05759450180354515
9514,1340.1999999999998,18,1,0.05757722345300409
9515,1372.0,20,1,0.05755995028596819
9516,1340.1999999999998,18,1,0.05754268230088241
9517,1340.1999999999998,18,1,0.057525419496192144
9518,1287.8,23,1,0.057508161870343286
9519,1340.1999999999998,18,1,0.057490909421782185
9520,1290.1999999999998,19,1,0.057473662148955655
9521,1290.2,19,1,0.05745642005031097
9522,1340.1999999999998,18,1,0.05743918312429588
9523,1340.1999999999998,18,1,0.05742195136935859
9524,1340.1999999999998,18,1,0.057404724783947786
9525,1290.1999999999998,19,1,0.057387503366512604
9526,1290.2,19,1,0.057370287115502655
9527,1340.1999999999998,18,1,0.057353076029368004
9528,1289.0,21,1,0.057335870106559196
9529,1340.1999999999998,18,1,0.05731866934552723
9530,1355.5,20,1,0.05730147374472357
9531,1290.2,19,1,0.05728428330260016
9532,1140.2,22,1,0.05726709801760938
9533,1290.2,19,1,0.0572499178882041
9534,1340.1999999999998,18,1,0.05723274291283764
9535,1340.1999999999998,18,1,0.05721557308996379
9536,1499.1999999999998,28,1,0.057198408418036806
9537,1340.1999999999998,18,1,0.0571812488955114
9538,1340.1999999999998,18,1,0.05716409452084275
9539,1340.1999999999998,18,1,0.0571469452924865
9540,1340.1999999999998,18,1,0.05712980120889875
9541,1340.1999999999998,18,1,0.057112662268536084
9542,1339.0,20,1,0.05709552846985552
9543,1340.1999999999998,18,1,0.057078399811314566
9544,1339.0,20,1,0.05706127629137117
9545,1340.1999999999998,18,1,0.05704415790848376
9546,1339.0,20,1,0.05702704466111121
9547,1340.1999999999998,18,1,0.05700993654771288
9548,1290.2,19,1,0.056992833566748564
9549,1340.1999999999998,18,1,0.05697573571667854
9550,1290.2,19,1,0.05695864299596354
9551,1340.1999999999998,18,1,0.05694155540306475
9552,1340.1999999999998,18,1,0.056924472936443836
9553,1339.0,20,1,0.056907395594562905
9554,1340.1999999999998,18,1,0.05689032337588454
9555,1385.6,25,1,0.05687325627887178
9556,1289.0,21,1,0.056856194301988114
9557,1339.0,20,1,0.05683913744369752
9558,1339.0,20,1,0.056822085702464414
9559,1287.8,23,1,0.056805039076753674
9560,1240.2,20,1,0.05678799756503065
9561,1340.1999999999998,18,1,0.05677096116576114
9562,1340.1999999999998,18,1,0.056753929877411416
9563,1340.1999999999998,18,1,0.05673690369844819
9564,1289.0,21,1,0.05671988262733866
9565,1240.2,20,1,0.05670286666255046
9566,1339.0,20,1,0.05668585580255169
9567,1240.2,20,1,0.05666885004581093
9568,1340.1999999999998,18,1,0.05665184939079719
9569,1340.1999999999998,18,1,0.05663485383597995
9570,1270.8,23,1,0.05661786337982916
9571,1289.0,21,1,0.05660087802081521
9572,1240.2,20,1,0.05658389775740897
9573,1340.1999999999998,18,1,0.05656692258808175
9574,1435.6,24,1,0.056549952511305325
9575,1340.1999999999998,18,1,0.056532987525551935
9576,1355.5,20,1,0.05651602762929427
9577,1339.0,20,1,0.05649907282100548
9578,1290.2,19,1,0.05648212309915918
9579,1290.1999999999998,19,1,0.05646517846222944
9580,1290.2,19,1,0.05644823890869077
9581,1340.1999999999998,18,1,0.056431304437018166
9582,1340.1999999999998,18,1,0.05641437504568706
9583,1340.1999999999998,18,1,0.05639745073317336
9584,1290.2,19,1,0.056380531497953405
9585,1238.2,20,1,0.05636361733850402
9586,1290.2,19,1,0.05634670825330247
9587,1287.8,23,1,0.05632980424082648
9588,1335.6,26,1,0.05631290529955423
9589,1340.1999999999998,18,1,0.056296011427964365
9590,1290.2,19,1,0.05627912262453598
9591,1340.1999999999998,18,1,0.056262238887748624
9592,1340.1999999999998,18,1,0.0562453602160823
9593,1339.0,20,1,0.05622848660801748
9594,1340.1999999999998,18,1,0.056211618062035076
9595,1339.0,20,1,0.05619475457661647
9596,1290.2,19,1,0.05617789615024349
9597,1322.0,21,1,0.05616104278139842
9598,1290.2,19,1,0.056144194468564
9599,1450.8999999999999,26,1,0.056127351210223435
9600,1288.2,19,1,0.05611051300486037
9601,1339.0,20,1,0.056093679850958915
9602,1290.2,19,1,0.05607685174700363
9603,1290.2,19,1,0.05606002869147953
9604,1339.0,20,1,0.05604321068287209
9605,1290.2,19,1,0.05602639771966723
9606,1340.1999999999998,18,1,0.05600958980035133
9607,1339.0,20,1,0.05599278692341123
9608,1290.1999999999998,19,1,0.05597598908733421
9609,1339.0,20,1,0.05595919629060801
9610,1340.1999999999998,18,1,0.05594240853172083
9611,1340.1999999999998,18,1,0.05592562580916132
9612,1340.1999999999998,18,1,0.055908848121418574
9613,1290.2,19,1,0.05589207546698215
9614,1340.1999999999998,18,1,0.055875307844342054
9615,1290.2,19,1,0.05585854525198875
9616,1290.2,19,1,0.05584178768841316
9617,1289.0,21,1,0.055825035152106635
9618,1354.3,22,1,0.055808287641561004
9619,1290.2,19,1,0.05579154515526854
9620,1289.0,21,1,0.05577480769172196
9621,1340.1999999999998,18,1,0.055758075249414445
9622,1287.8,23,1,0.05574134782683962
9623,1296.6,24,1,0.05572462542249157
9624,1340.1999999999998,18,1,0.05570790803486483
9625,1290.1999999999998,19,1,0.05569119566245437
9626,1305.5,21,1,0.05567448830375563
9627,1290.2,19,1,0.055657785957264505
9628,1340.1999999999998,18,1,0.055641088621477326
9629,1290.2,19,1,0.05562439629489088
9630,1290.2,19,1,0.055607708976002417
9631,1340.1999999999998,18,1,0.05559102666330962
9632,1340.1999999999998,18,1,0.05557434935531062
9633,1353.1,24,1,0.05555767705050403
9634,1340.1999999999998,18,1,0.05554100974738888
9635,1240.2,20,1,0.05552434744446467
9636,1340.1999999999998,18,1,0.05550769014023133
9637,1290.2,19,1,0.05549103783318927
9638,1339.0,20,1,0.05547439052183931
9639,1289.0,21,1,0.055457748204682765
9640,1288.2,19,1,0.05544111088022136
9641,1340.1999999999998,18,1,0.0554244785469573
9642,1355.5,20,1,0.05540785120339321
9643,1339.0,20,1,0.055391228848032194
9644,1290.2,19,1,0.055374611479377785
9645,1287.8,23,1,0.055357999095933974
9646,1340.1999999999998,18,1,0.055341391696205194
9647,1290.2,19,1,0.055324789278696336
9648,1340.1999999999998,18,1,0.05530819184191273
9649,1290.2,19,1,0.05529159938436015
9650,1339.0,20,1,0.05527501190454485
9651,1340.1999999999998,18,1,0.05525842940097349
9652,1340.1999999999998,18,1,0.0552418518721532
9653,1340.1999999999998,18,1,0.055225279316591554
9654,1340.1999999999998,18,1,0.05520871173279658
9655,1240.2,20,1,0.055192149119276744
9656,1289.0,21,1,0.055175591474540965
9657,1339.0,20,1,0.0551590387970986
9658,1340.1999999999998,18,1,0.055142491085459475
9659,1340.1999999999998,18,1,0.05512594833813384
9660,1290.2,19,1,0.0551094105536324
9661,1340.1999999999998,18,1,0.05509287773046631
9662,1340.1999999999998,18,1,0.05507634986714717
9663,1340.1999999999998,18,1,0.05505982696218703
9664,1355.5,20,1,0.055043309014098374
9665,1340.1999999999998,18,1,0.055026796021394146
9666,1340.1999999999998,18,1,0.05501028798258773
9667,1290.2,19,1,0.05499378489619296
9668,1340.1999999999998,18,1,0.0549772867607241
9669,1337.8,22,1,0.05496079357469589
9670,1340.1999999999998,18,1,0.054944305336623485
9671,1340.1999999999998,18,1,0.0549278220450225
9672,1340.1999999999998,18,1,0.054911343698409
9673,1339.0,20,1,0.05489487029529948
9674,1238.2,20,1,0.05487840183421089
9675,1290.2,19,1,0.054861938313660624
9676,1340.1999999999998,18,1,0.05484547973216653
9677,1339.0,20,1,0.054829026088246885
9678,1435.6,24,1,0.05481257738042041
9679,1340.1999999999998,18,1,0.05479613360720629
9680,1340.1999999999998,18,1,0.05477969476712413
9681,1340.1999999999998,18,1,0.054763260858694
9682,1434.3999999999999,26,1,0.05474683188043639
9683,1290.2,19,1,0.05473040783087226
9684,1339.0,20,1,0.054713988708523
9685,1288.2,19,1,0.05469757451191045
9686,1339.0,20,1,0.05468116523955688
9687,1290.1999999999998,19,1,0.054664760889985016
9688,1340.1999999999998,18,1,0.054648361461718024
9689,1340.1999999999998,18,1,0.05463196695327951
9690,1290.1999999999998,19,1,0.05461557736319353
9691,1340.1999999999998,18,1,0.054599192689984574
9692,1340.1999999999998,18,1,0.05458281293217758
9693,1240.2,20,1,0.054566438088297926
9694,1290.2,19,1,0.05455006815687144
9695,1340.1999999999998,18,1,0.05453370313642438
9696,1339.0,20,1,0.05451734302548346
9697,1323.8,23,1,0.054500987822575814
9698,1340.1999999999998,18,1,0.05448463752622904
9699,1339.0,20,1,0.054468292134971175
9700,1340.1999999999998,18,1,0.05445195164733069
9701,1290.2,19,1,0.05443561606183649
9702,1340.1999999999998,18,1,0.05441928537701794
9703,1240.2,20,1,0.054402959591404836
9704,1340.1999999999998,18,1,0.05438663870352742
9705,1340.1999999999998,18,1,0.054370322711916365
9706,1290.2,19,1,0.05435401161510279
9707,1339.0,20,1,0.05433770541161826
9708,1340.1999999999998,18,1,0.05432140409999478
9709,1383.6,25,1,0.054305107678764786
9710,1340.1999999999998,18,1,0.05428881614646116
9711,1340.1999999999998,18,1,0.05427252950161722
9712,1337.8,22,1,0.05425624774276674
9713,1290.2,19,1,0.05423997086844391
9714,1340.1999999999998,18,1,0.05422369887718338
9715,1435.6,24,1,0.05420743176752023
9716,1290.2,19,1,0.054191169537989976
9717,1340.1999999999998,18,1,0.05417491218712858
9718,1340.1999999999998,18,1,0.054158659713472446
9719,1340.1999999999998,18,1,0.054142412115558404
9720,1499.1999999999998,28,1,0.05412616939192374
9721,1340.1999999999998,18,1,0.05410993154110616
9722,1340.1999999999998,18,1,0.05409369856164383
9723,1337.8,22,1,0.05407747045207534
9724,1355.5,20,1,0.05406124721093972
9725,1339.0,20,1,0.054045028836776435
9726,1340.1999999999998,18,1,0.0540288153281254
9727,1340.1999999999998,18,1,0.05401260668352697
9728,1290.2,19,1,0.05399640290152191
9729,1290.1999999999998,19,1,0.05398020398065146
9730,1290.2,19,1,0.05396400991945727
9731,1290.2,19,1,0.05394782071648143
9732,1450.8999999999999,26,1,0.05393163637026649
9733,1340.1999999999998,18,1,0.05391545687935541
9734,1340.1999999999998,18,1,0.0538992822422916
9735,1340.1999999999998,18,1,0.05388311245761892
9736,1240.2,20,1,0.05386694752388164
9737,1288.2,19,1,0.05385078743962447
9738,1340.1999999999998,18,1,0.05383463220339259
9739,1340.1999999999998,18,1,0.05381848181373157
9740,1238.2,20,1,0.05380233626918745
9741,1340.1999999999998,18,1,0.053786195568306695
9742,1340.1999999999998,18,1,0.053770059709636206
9743,1340.1999999999998,18,1,0.05375392869172332
9744,1340.1999999999998,18,1,0.0537378025131158
9745,1290.1999999999998,19,1,0.05372168117236187
9746,1340.1999999999998,18,1,0.05370556466801016
9747,1340.1999999999998,18,1,0.053689452998609756
9748,1339.0,20,1,0.053673346162710175
9749,1340.1999999999998,18,1,0.05365724415886136
9750,1340.1999999999998,18,1,0.0536411469856137
9751,1340.1999999999998,18,1,0.05362505464151802
9752,1340.1999999999998,18,1,0.05360896712512556
9753,1340.1999999999998,18,1,0.053592884434988025
9754,1419.1,24,1,0.05357680656965753
9755,1289.0,21,1,0.05356073352768663
9756,1384.3999999999999,27,1,0.053544665307628324
9757,1240.2,20,1,0.05352860190803604
9758,1339.0,20,1,0.05351254332746363
9759,1355.5,20,1,0.05349648956446539
9760,1340.1999999999998,18,1,0.053480440617596055
9761,1290.2,19,1,0.05346439648541078
9762,1340.1999999999998,18,1,0.053448357166465156
9763,1290.2,19,1,0.05343232265931522
9764,1340.1999999999998,18,1,0.053416292962517424
9765,1340.1999999999998,18,1,0.05340026807462867
9766,1339.0,20,1,0.05338424799420628
9767,1290.2,19,1,0.05336823271980802
9768,1340.1999999999998,18,1,0.05335222224999208
9769,1290.2,19,1,0.05333621658331709
9770,1337.8,22,1,0.05332021571834209
9771,1340.1999999999998,18,1,0.05330421965362659
9772,1340.1999999999998,18,1,0.05328822838773051
9773,1289.0,21,1,0.05327224191921419
9774,1289.0,21,1,0.053256260246638425
9775,1290.2,19,1,0.053240283368564435
9776,1340.1999999999998,18,1,0.053224311283553864
9777,1340.1999999999998,18,1,0.0532083439901688
9778,1290.2,19,1,0.05319238148697175
9779,1290.2,19,1,0.05317642377252566
9780,1290.2,19,1,0.05316047084539391
9781,1289.0,21,1,0.053144522704140294
9782,1340.1999999999998,18,1,0.05312857934732906
9783,1340.1999999999998,18,1,0.05311264077352486
9784,1339.0,20,1,0.053096706981292804
9785,1340.1999999999998,18,1,0.05308077796919842
9786,1238.2,20,1,0.05306485373580766
9787,1340.1999999999998,18,1,0.05304893427968692
9788,1290.2,19,1,0.053033019599403014
9789,1290.2,19,1,0.0530171096935232
9790,1340.1999999999998,18,1,0.05300120456061514
9791,1340.1999999999998,18,1,0.052985304199246956
9792,1190.2,21,1,0.052969408607987184
9793,1339.0,20,1,0.05295351778540479
9794,1340.1999999999998,18,1,0.05293763173006917
9795,1355.5,20,1,0.05292175044055015
9796,1290.2,19,1,0.052905873915417984
9797,1290.1999999999998,19,1,0.05289000215324336
9798,1340.1999999999998,18,1,0.05287413515259739
9799,1340.1999999999998,18,1,0.05285827291205161
9800,1340.1999999999998,18,1,0.052842415430178
9801,1305.5,21,1,0.052826562705548946
9802,1340.1999999999998,18,1,0.052810714736737284
9803,1290.1999999999998,19,1,0.05279487152231627
9804,1339.0,20,1,0.05277903306085957
9805,1339.0,20,1,0.052763199350941314
9806,1190.2,21,1,0.052747370391136035
9807,1339.0,20,1,0.0527315461800187
9808,1340.1999999999998,18,1,0.052715726716164694
9809,1340.1999999999998,18,1,0.05269991199814985
9810,1290.1999999999998,19,1,0.05268410202455041
9811,1340.1999999999998,18,1,0.05266829679394305
9812,1340.1999999999998,18,1,0.052652496304904865
9813,1339.0,20,1,0.0526367005560134
9814,1237.8,24,1,0.0526209095458466
9815,1335.6,26,1,0.05260512327298285
9816,1335.6,26,1,0.05258934173600095
9817,1385.6,25,1,0.05257356493348015
9818,1435.6,24,1,0.05255779286400011
9819,1435.6,24,1,0.05254202552614091
9820,1339.0,20,1,0.052526262918483065
9821,1385.6,25,1,0.052510505039607525
9822,1384.3999999999999,27,1,0.052494751888095645
9823,1435.6,24,1,0.05247900346252922
9824,1450.8999999999999,26,1,0.05246325976149046
9825,1435.6,24,1,0.05244752078356201
9826,1385.6,25,1,0.05243178652732695
9827,1385.6,25,1,0.052416056991368754
9828,1467.3999999999999,26,1,0.05240033217427134
9829,1285.6,27,1,0.052384612074619065
9830,1546.2999999999997,32,1,0.05236889669099668
9831,1335.6,26,1,0.052353186021989385
9832,1435.6,24,1,0.05233748006618279
9833,1435.6,24,1,0.052321778822162934
9834,1385.6,25,1,0.052306082288516284
9835,1435.6,24,1,0.05229039046382973
9836,1434.3999999999999,26,1,0.052274703346690585
9837,1435.6,24,1,0.05225902093568658
9838,1434.3999999999999,26,1,0.052243343229405874
9839,1435.6,24,1,0.052227670226437053
9840,1435.6,24,1,0.05221200192536912
9841,1435.6,24,1,0.052196338324791515
9842,1434.3999999999999,26,1,0.05218067942329408
9843,1340.1999999999998,18,1,0.052165025219467094
9844,1340.1999999999998,18,1,0.05214937571190126
9845,1339.0,20,1,0.05213373089918769
9846,1339.0,20,1,0.05211809077991794
9847,1290.2,19,1,0.05210245535268397
9848,1339.0,20,1,0.052086824616078164
9849,1340.1999999999998,18,1,0.05207119856869334
9850,1340.1999999999998,18,1,0.05205557720912274
9851,1187.0,23,1,0.05203996053596
9852,1340.1999999999998,18,1,0.052024348547799214
9853,1340.1999999999998,18,1,0.052008741243234874
9854,1340.1999999999998,18,1,0.051993138620861905
9855,1385.6,25,1,0.051977540679275645
9856,1340.1999999999998,18,1,0.051961947417071865
9857,1290.2,19,1,0.05194635883284675
9858,1319.6,24,1,0.0519307749251969
9859,1340.1999999999998,18,1,0.05191519569271934
9860,1340.1999999999998,18,1,0.051899621134011524
9861,1340.1999999999998,18,1,0.05188405124767132
9862,1340.1999999999998,18,1,0.051868486032297025
9863,1340.1999999999998,18,1,0.05185292548648734
9864,1290.2,19,1,0.051837369608841395
9865,1419.1,24,1,0.05182181839795874
9866,1354.3,22,1,0.051806271852439356
9867,1289.0,21,1,0.051790729970883624
9868,1340.1999999999998,18,1,0.05177519275189236
9869,1340.1999999999998,18,1,0.05175966019406679
9870,1355.5,20,1,0.05174413229600857
9871,1288.2,19,1,0.05172860905631977
9872,1289.0,21,1,0.051713090473602875
9873,1340.1999999999998,18,1,0.051697576546460795
9874,1435.6,24,1,0.05168206727349686
9875,1340.1999999999998,18,1,0.05166656265331482
9876,1433.1999999999998,28,1,0.05165106268451883
9877,1290.2,19,1,0.051635567365713474
9878,1290.2,19,1,0.05162007669550376
9879,1240.2,20,1,0.05160459067249511
9880,1339.0,20,1,0.05158910929529336
9881,1290.2,19,1,0.05157363256250477
9882,1290.2,19,1,0.05155816047273602
9883,1340.1999999999998,18,1,0.0515426930245942
9884,1340.1999999999998,18,1,0.05152723021668683
9885,1340.1999999999998,18,1,0.05151177204762183
9886,1340.1999999999998,18,1,0.05149631851600754
9887,1340.1999999999998,18,1,0.05148086962045274
9888,1290.2,19,1,0.05146542535956661
9889,1290.2,19,1,0.05144998573195874
9890,1290.2,19,1,0.051434550736239155
9891,1340.1999999999998,18,1,0.051419120371018284
9892,1340.1999999999998,18,1,0.05140369463490698
9893,1340.1999999999998,18,1,0.05138827352651651
9894,1340.1999999999998,18,1,0.051372857044458556
9895,1297.8,22,1,0.05135744518734522
9896,1340.1999999999998,18,1,0.05134203795378901
9897,1340.1999999999998,18,1,0.05132663534240288
9898,1339.0,20,1,0.05131123735180016
9899,1340.1999999999998,18,1,0.05129584398059462
9900,1385.6,25,1,0.05128045522740044
9901,1340.1999999999998,18,1,0.051265071090832226
9902,1340.1999999999998,18,1,0.05124969156950498
9903,1340.1999999999998,18,1,0.05123431666203413
9904,1339.0,20,1,0.05121894636703552
9905,1340.1999999999998,18,1,0.05120358068312541
9906,1240.2,20,1,0.05118821960892047
9907,1340.1999999999998,18,1,0.051172863143037796
9908,1339.0,20,1,0.05115751128409489
9909,1340.1999999999998,18,1,0.05114216403070966
9910,1340.1999999999998,18,1,0.05112682138150045
9911,1340.1999999999998,18,1,0.05111148333508601
9912,1340.1999999999998,18,1,0.051096149890085485
9913,1339.0,20,1,0.05108082104511846
9914,1435.6,24,1,0.05106549679880493
9915,1316.1999999999998,30,1,0.051050177149765286
9916,1289.0,21,1,0.05103486209662036
9917,1499.1999999999998,28,1,0.05101955163799137
9918,1290.1999999999998,19,1,0.05100424577249998
9919,1340.1999999999998,18,1,0.05098894449876823
9920,1339.0,20,1,0.0509736478154186
9921,1340.1999999999998,18,1,0.050958355721073975
9922,1339.0,20,1,0.05094306821435766
9923,1239.0,22,1,0.05092778529389335
9924,1289.0,21,1,0.05091250695830518
9925,1340.1999999999998,18,1,0.05089723320621769
9926,1340.1999999999998,18,1,0.050881964036255826
9927,1340.1999999999998,18,1,0.05086669944704495
9928,1339.0,20,1,0.05085143943721084
9929,1340.1999999999998,18,1,0.05083618400537968
9930,1290.2,19,1,0.05082093315017807
9931,1340.1999999999998,18,1,0.05080568687023302
9932,1435.6,24,1,0.05079044516417195
9933,1290.1999999999998,19,1,0.0507752080306227
9934,1290.1999999999998,19,1,0.050759975468213515
9935,1434.3999999999999,26,1,0.05074474747557305
9936,1290.2,19,1,0.05072952405133038
9937,1340.1999999999998,18,1,0.05071430519411498
9938,1238.2,20,1,0.05069909090255675
9939,1290.2,19,1,0.05068388117528598
9940,1340.1999999999998,18,1,0.050668676010933396
9941,1340.1999999999998,18,1,0.050653475408130116
9942,1355.5,20,1,0.05063827936550768
9943,1337.8,22,1,0.05062308788169803
9944,1290.2,19,1,0.050607900955333525
9945,1340.1999999999998,18,1,0.05059271858504693
9946,1290.1999999999998,19,1,0.050577540769471414
9947,1340.1999999999998,18,1,0.05056236750724057
9948,1290.2,19,1,0.0505471987969884
9949,1290.1999999999998,19,1,0.05053203463734931
9950,1340.1999999999998,18,1,0.050516875026958105
9951,1435.6,24,1,0.05050171996445002
9952,1340.1999999999998,18,1,0.05048656944846069
9953,1339.0,20,1,0.05047142347762615
9954,1288.2,19,1,0.05045628205058286
9955,1340.1999999999998,18,1,0.05044114516596769
9956,1449.1999999999998,29,1,0.050426012822417904
9957,1340.1999999999998,18,1,0.05041088501857118
9958,1340.1999999999998,18,1,0.050395761753065614
9959,1340.1999999999998,18,1,0.0503806430245397
9960,1289.0,21,1,0.05036552883163234
9961,1339.0,20,1,0.05035041917298285
9962,1340.1999999999998,18,1,0.050335314047230954
9963,1339.0,20,1,0.050320213453016786
9964,1339.0,20,1,0.050305117388980886
9965,1197.8,24,1,0.05029002585376419
9966,1337.8,22,1,0.05027493884600807
9967,1240.2,20,1,0.05025985636435427
9968,1290.2,19,1,0.050244778407444964
9969,1340.1999999999998,18,1,0.050229704973922734
9970,1340.1999999999998,18,1,0.05021463606243056
9971,1290.2,19,1,0.050199571671611834
9972,1339.0,20,1,0.050184511800110354
9973,1339.0,20,1,0.050169456446570324
9974,1340.1999999999998,18,1,0.050154405609636354
9975,1340.1999999999998,18,1,0.05013935928795347
9976,1290.2,19,1,0.05012431748016708
9977,1340.1999999999998,18,1,0.050109280184923034
9978,1340.1999999999998,18,1,0.050094247400867556
9979,1290.2,19,1,0.0500792191266473
9980,1340.1999999999998,18,1,0.05006419536090931
9981,1340.1999999999998,18,1,0.050049176102301036
9982,1449.1999999999998,29,1,0.05003416134947035
9983,1290.2,19,1,0.05001915110106551
9984,1340.1999999999998,18,1,0.05000414535573519
9985,1355.5,20,1,0.04998914411212847
9986,1240.2,20,1,0.049974147368894835
9987,1340.1999999999998,18,1,0.04995915512468417
9988,1290.2,19,1,0.04994416737814677
9989,1340.1999999999998,18,1,0.049929184127933325
9990,1340.1999999999998,18,1,0.04991420537269495
9991,1290.2,19,1,0.04989923111108314
9992,1339.0,20,1,0.049884261341749815
9993,1339.0,20,1,0.04986929606334729
9994,1340.1999999999998,18,1,0.04985433527452829
9995,1289.0,21,1,0.049839378973945934
9996,1290.2,19,1,0.04982442716025375
9997,1355.5,20,1,0.04980947983210568
9998,1340.1999999999998,18,1,0.04979453698815605
9999,1289.0,21,1,0.04977959862705961
10000,1290.2,19,1,0.04976466474747149
10001,1340.1999999999998,18,1,0.04974973534804725
10002,1339.0,20,1,0.049734810427442835
10003,1340.1999999999998,18,1,0.049719889984314605
10004,1340.1999999999998,18,1,0.04970497401731931
10005,1435.6,24,1,0.04969006252511412
10006,1340.1999999999998,18,1,0.04967515550635659
10007,1340.1999999999998,18,1,0.04966025295970468
10008,1340.1999999999998,18,1,0.04964535488381677
10009,1323.8,23,1,0.04963046127735163
10010,1340.1999999999998,18,1,0.049615572138968424
10011,1433.1999999999998,28,1,0.04960068746732674
10012,1289.0,21,1,0.049585807261086544
10013,1354.3,22,1,0.04957093151890822
10014,1290.2,19,1,0.04955606023945255
10015,1340.1999999999998,18,1,0.04954119342138071
10016,1289.0,21,1,0.0495263310633543
10017,1340.1999999999998,18,1,0.0495114731640353
10018,1340.1999999999998,18,1,0.04949661972208609
10019,1236.2,20,1,0.04948177073616947
10020,1290.2,19,1,0.049466926204948615
10021,1340.1999999999998,18,1,0.04945208612708713
10022,1340.1999999999998,18,1,0.04943725050124901
10023,1290.2,19,1,0.049422419326098636
10024,1340.1999999999998,18,1,0.04940759260030081
10025,1340.1999999999998,18,1,0.04939277032252072
10026,1290.2,19,1,0.04937795249142397
10027,1340.1999999999998,18,1,0.049363139105676544
10028,1340.1999999999998,18,1,0.04934833016394484
10029,1340.1999999999998,18,1,0.049333525664895655
10030,1434.3999999999999,26,1,0.04931872560719619
10031,1340.1999999999998,18,1,0.04930392998951403
10032,1340.1999999999998,18,1,0.04928913881051718
10033,1340.1999999999998,18,1,0.049274352068874025
10034,1240.2,20,1,0.049259569763253366
10035,1339.0,20,1,0.04924479189232439
10036,1340.1999999999998,18,1,0.0492300184547567
10037,1340.1999999999998,18,1,0.049215249449220275
10038,1340.1999999999998,18,1,0.04920048487438551
10039,1339.0,20,1,0.0491857247289232
10040,1239.0,22,1,0.04917096901150452
10041,1340.1999999999998,18,1,0.049156217720801074
10042,1340.1999999999998,18,1,0.049141470855484835
10043,1385.6,25,1,0.049126728414228195
10044,1340.1999999999998,18,1,0.04911199039570393
10045,1340.1999999999998,18,1,0.04909725679858522
10046,1340.1999999999998,18,1,0.04908252762154564
10047,1290.2,19,1,0.04906780286325918
10048,1290.2,19,1,0.049053082522400204
10049,1340.1999999999998,18,1,0.04903836659764348
10050,1290.2,19,1,0.049023655087664195
10051,1340.1999999999998,18,1,0.0490089479911379
10052,1340.1999999999998,18,1,0.048994245306740555
10053,1340.1999999999998,18,1,0.04897954703314854
10054,1340.1999999999998,18,1,0.0489648531690386
10055,1339.0,20,1,0.048950163713087885
10056,1290.2,19,1,0.048935478663973964
10057,1355.5,20,1,0.04892079802037477
10058,1340.1999999999998,18,1,0.04890612178096866
10059,1290.2,19,1,0.048891449944434374
10060,1340.1999999999998,18,1,0.048876782509451044
10061,1339.0,20,1,0.048862119474698214
10062,1290.2,19,1,0.04884746083885581
10063,1340.1999999999998,18,1,0.04883280660060415
10064,1290.2,19,1,0.04881815675862397
10065,1339.0,20,1,0.04880351131159639
10066,1290.2,19,1,0.04878887025820291
10067,1340.1999999999998,18,1,0.048774233597125446
10068,1290.2,19,1,0.04875960132704631
10069,1285.6,27,1,0.0487449734466482
10070,1290.2,19,1,0.048730349954614206
10071,1340.1999999999998,18,1,0.048715730849627825
10072,1435.6,24,1,0.04870111613037294
10073,1239.0,22,1,0.048686505795533824
10074,1305.5,21,1,0.04867189984379516
10075,1239.0,22,1,0.04865729827384203
10076,1340.1999999999998,18,1,0.04864270108435988
10077,1337.8,22,1,0.04862810827403457
10078,1340.1999999999998,18,1,0.04861351984155236
10079,1340.1999999999998,18,1,0.0485989357855999
10080,1335.6,26,1,0.048584356104864224
10081,1339.0,20,1,0.048569780798032765
10082,1339.0,20,1,0.04855520986379336
10083,1340.1999999999998,18,1,0.04854064330083422
10084,1188.2,21,1,0.04852608110784397
10085,1289.0,21,1,0.04851152328351162
10086,1340.1999999999998,18,1,0.04849696982652656
10087,1290.1999999999998,19,1,0.04848242073557861
10088,1340.1999999999998,18,1,0.04846787600935794
10089,1340.1999999999998,18,1,0.04845333564655513
10090,1340.1999999999998,18,1,0.04843879964586116
10091,1340.1999999999998,18,1,0.04842426800596741
10092,1340.1999999999998,18,1,0.04840974072556562
10093,1340.1999999999998,18,1,0.048395217803347955
10094,1340.1999999999998,18,1,0.048380699238006954
10095,1290.2,19,1,0.04836618502823555
10096,1339.0,20,1,0.04835167517272708
10097,1305.5,21,1,0.04833716967017526
10098,1289.0,21,1,0.04832266851927421
10099,1340.1999999999998,18,1,0.04830817171871843
10100,1240.2,20,1,0.048293679267202815
10101,1340.1999999999998,18,1,0.048279191163422656
10102,1339.0,20,1,0.04826470740607363
10103,1340.1999999999998,18,1,0.048250227993851806
10104,1340.1999999999998,18,1,0.04823575292545365
10105,1290.2,19,1,0.04822128219957602
10106,1290.2,19,1,0.04820681581491615
10107,1290.2,19,1,0.04819235377017168
10108,1340.1999999999998,18,1,0.048177896064040625
10109,1340.1999999999998,18,1,0.048163442695221416
10110,1340.1999999999998,18,1,0.04814899366241285
10111,1340.1999999999998,18,1,0.04813454896431413
10112,1339.0,20,1,0.04812010859962484
10113,1289.0,21,1,0.048105672567044955
10114,1287.0,21,1,0.048091240865274845
10115,1435.6,24,1,0.048076813493015264
10116,1340.1999999999998,18,1,0.04806239044896736
10117,1339.0,20,1,0.04804797173183267
10118,1340.1999999999998,18,1,0.04803355734031312
10119,1340.1999999999998,18,1,0.04801914727311103
10120,1290.2,19,1,0.0480047415289291
10121,1340.1999999999998,18,1,0.04799034010647042
10122,1339.0,20,1,0.047975943004438484
10123,1340.1999999999998,18,1,0.047961550221537155
10124,1340.1999999999998,18,1,0.047947161756470694
10125,1340.1999999999998,18,1,0.047932777607943754
10126,1340.1999999999998,18,1,0.04791839777466137
10127,1340.1999999999998,18,1,0.04790402225532898
10128,1340.1999999999998,18,1,0.04788965104865238
10129,1289.0,21,1,0.047875284153337784
10130,1340.1999999999998,18,1,0.04786092156809178
10131,1290.2,19,1,0.047846563291621354
10132,1290.2,19,1,0.04783220932263387
10133,1339.0,20,1,0.047817859659837085
10134,1340.1999999999998,18,1,0.04780351430193914
10135,1340.1999999999998,18,1,0.04778917324764856
10136,1340.1999999999998,18,1,0.04777483649567427
10137,1289.0,21,1,0.047760504044725566
10138,1340.1999999999998,18,1,0.04774617589351215
10139,1290.1999999999998,19,1,0.047731852040744094
10140,1340.1999999999998,18,1,0.04771753248513187
10141,1290.1999999999998,19,1,0.047703217225386334
10142,1340.1999999999998,18,1,0.04768890626021872
10143,1290.2,19,1,0.04767459958834065
10144,1339.0,20,1,0.04766029720846415
10145,1385.6,25,1,0.04764599911930162
10146,1384.3999999999999,27,1,0.04763170531956583
10147,1466.1999999999998,28,1,0.04761741580796996
10148,1335.6,26,1,0.04760313058322757
10149,1435.6,24,1,0.047588849644052605
10150,1385.6,25,1,0.04757457298915939
10151,1435.6,24,1,0.047560300617262644
10152,1435.6,24,1,0.04754603252707747
10153,1435.6,24,1,0.047531768717319345
10154,1385.6,25,1,0.04751750918670415
10155,1385.6,25,1,0.04750325393394814
10156,1435.6,24,1,0.04748900295776796
10157,1435.6,24,1,0.04747475625688063
10158,1431.1999999999998,28,1,0.04746051383000356
10159,1335.6,26,1,0.04744627567585456
10160,1435.6,24,1,0.04743204179315181
10161,1434.3999999999999,26,1,0.04741781218061387
10162,1435.6,24,1,0.04740358683695969
10163,1385.6,25,1,0.0473893657609086
10164,1435.6,24,1,0.047375148951180335
10165,1334.4,28,1,0.04736093640649498
10166,1434.3999999999999,26,1,0.047346728125573036
10167,1317.4,29,1,0.047332524107135364
10168,1435.6,24,1,0.047318324349903226
10169,1435.6,24,1,0.04730412885259826
10170,1385.6,25,1,0.04728993761394248
10171,1435.6,24,1,0.0472757506326583
10172,1385.6,25,1,0.0472615679074685
10173,1435.6,24,1,0.04724738943709626
10174,1435.6,24,1,0.047233215220265135
10175,1435.6,24,1,0.04721904525569905
10176,1435.6,24,1,0.047204879542122345
10177,1335.6,26,1,0.04719071807825971
10178,1283.2,31,1,0.04717656086283623
10179,1435.6,24,1,0.04716240789457738
10180,1335.6,26,1,0.04714825917220901
10181,1434.3999999999999,26,1,0.04713411469445735
10182,1435.6,24,1,0.047119974460049015
10183,1385.6,25,1,0.047105838467711
10184,1322.0,21,1,0.04709170671617069
10185,1435.6,24,1,0.04707757920415584
10186,1435.6,24,1,0.04706345593039459
10187,1476.7999999999997,32,1,0.04704933689361548
10188,1434.3999999999999,26,1,0.047035222092547395
10189,1284.4,29,1,0.04702111152591963
10190,1385.6,25,1,0.047007005192461856
10191,1435.6,24,1,0.04699290309090412
10192,1434.3999999999999,26,1,0.04697880521997685
10193,1434.3999999999999,26,1,0.04696471157841085
10194,1384.3999999999999,27,1,0.04695062216493733
10195,1434.3999999999999,26,1,0.046936536978287854
10196,1385.6,25,1,0.04692245601719437
10197,1435.6,24,1,0.04690837928038922
10198,1433.1999999999998,28,1,0.0468943067666051
10199,1434.3999999999999,26,1,0.04688023847457512
10200,1435.6,24,1,0.04686617440303275
10201,1385.6,25,1,0.046852114550711844
10202,1384.3999999999999,27,1,0.04683805891634663
10203,1435.6,24,1,0.04682400749867173
10204,1385.6,25,1,0.04680996029642213
10205,1434.3999999999999,26,1,0.046795917308333206
10206,1435.6,24,1,0.046781878533140704
10207,1385.6,25,1,0.046767843969580766
10208,1335.6,26,1,0.046753813616389896
10209,1385.6,25,1,0.04673978747230498
10210,1417.3999999999999,27,1,0.046725765536063286
10211,1433.1999999999998,28,1,0.04671174780640247
10212,1435.6,24,1,0.04669773428206055
10213,1435.6,24,1,0.04668372496177594
10214,1385.6,25,1,0.04666971984428741
10215,1383.6,25,1,0.046655718928334124
10216,1372.0,20,1,0.046641722212655626
10217,1340.1999999999998,18,1,0.04662772969599183
10218,1384.3999999999999,27,1,0.04661374137708304
10219,1385.6,25,1,0.046599757254669916
10220,1385.6,25,1,0.04658577732749351
10221,1385.6,25,1,0.04657180159429527
10222,1435.6,24,1,0.04655783005381698
10223,1372.0,20,1,0.046543862704800834
10224,1435.6,24,1,0.04652989954598939
10225,1333.6,26,1,0.0465159405761256
10226,1335.6,26,1,0.04650198579395276
10227,1435.6,24,1,0.046488035198214574
10228,1435.6,24,1,0.04647408878765511
10229,1333.6,26,1,0.046460146561018816
10230,1434.3999999999999,26,1,0.04644620851705051
10231,1385.6,25,1,0.0464322746544954
10232,1385.6,25,1,0.046418344972099054
10233,1435.6,24,1,0.046404419468607426
10234,1384.3999999999999,27,1,0.04639049814276684
10235,1435.6,24,1,0.046376580993324014
10236,1435.6,24,1,0.04636266801902602
10237,1372.0,20,1,0.04634875921862031
10238,1449.6999999999998,28,1,0.04633485459085473
10239,1385.6,25,1,0.046320954134477475
10240,1435.6,24,1,0.04630705784823713
10241,1434.3999999999999,26,1,0.046293165730882664
10242,1383.1999999999998,29,1,0.0462792777811634
10243,1335.6,26,1,0.04626539399782905
10244,1435.6,24,1,0.0462515143796297
10245,1434.3999999999999,26,1,0.046237638925315815
10246,1384.3999999999999,27,1,0.046223767633638224
10247,1434.3999999999999,26,1,0.04620990050334813
10248,1434.3999999999999,26,1,0.04619603753319713
10249,1385.6,25,1,0.04618217872193717
10250,1335.6,26,1,0.04616832406832059
10251,1435.6,24,1,0.04615447357110009
10252,1385.6,25,1,0.046140627229028765
10253,1281.6,27,1,0.046126785040860055
10254,1434.3999999999999,26,1,0.0461129470053478
10255,1435.6,24,1,0.0460991131212462
10256,1435.6,24,1,0.04608528338730983
10257,1435.6,24,1,0.04607145780229364
10258,1435.6,24,1,0.04605763636495295
10259,1435.6,24,1,0.046043819074043466
10260,1335.6,26,1,0.04603000592832125
10261,1335.6,26,1,0.046016196926542755
10262,1435.6,24,1,0.046002392067464794
10263,1434.3999999999999,26,1,0.04598859134984456
10264,1385.6,25,1,0.045974794772439605
10265,1385.6,25,1,0.04596100233400788
10266,1385.6,25,1,0.045947214033307676
10267,1384.3999999999999,27,1,0.04593342986909769
10268,1434.3999999999999,26,1,0.04591964984013696
10269,1435.6,24,1,0.04590587394518492
10270,1435.6,24,1,0.04589210218300137
10271,1384.3999999999999,27,1,0.04587833455234647
10272,1435.6,24,1,0.04586457105198077
10273,1435.6,24,1,0.045850811680665175
10274,1435.6,24,1,0.045837056437160975
10275,1385.6,25,1,0.04582330532022983
10276,1384.3999999999999,27,1,0.045809558328633766
10277,1435.6,24,1,0.045795815461135175
10278,1285.6,27,1,0.04578207671649684
10279,1385.6,25,1,0.04576834209348189
10280,1435.6,24,1,0.04575461159085385
10281,1435.6,24,1,0.0457408852073766
10282,1284.4,29,1,0.045727162941814385
10283,1435.6,24,1,0.045713444792931844
10284,1385.6,25,1,0.04569973075949397
10285,1435.6,24,1,0.04568602084026612
10286,1385.6,25,1,0.04567231503401404
10287,1435.6,24,1,0.045658613339503835
10288,1435.6,24,1,0.04564491575550199
10289,1384.3999999999999,27,1,0.04563122228077534
10290,1435.6,24,1,0.04561753291409111
10291,1416.1999999999998,28,1,0.045603847654216885
10292,1335.6,26,1,0.04559016649992062
10293,1372.0,20,1,0.04557648944997065
10294,1340.1999999999998,18,1,0.04556281650313566
10295,1385.6,25,1,0.04554914765818472
10296,1435.6,24,1,0.04553548291388727
10297,1435.6,24,1,0.0455218222690131
10298,1434.3999999999999,26,1,0.0455081657223324
10299,1435.6,24,1,0.0454945132726157
10300,1385.6,25,1,0.045480864918633915
10301,1385.6,25,1,0.04546722065915833
10302,1335.6,26,1,0.04545358049296058
10303,1435.6,24,1,0.045439944418812696
10304,1385.6,25,1,0.04542631243548705
10305,1434.3999999999999,26,1,0.045412684541756405
10306,1331.1999999999998,30,1,0.04539906073639388
10307,1435.6,24,1,0.04538544101817296
10308,1435.6,24,1,0.04537182538586751
10309,1435.6,24,1,0.04535821383825175
10310,1435.6,24,1,0.045344606374100274
10311,1385.6,25,1,0.04533100299218804
10312,1385.6,25,1,0.045317403691290385
10313,1385.6,25,1,0.045303808470183
10314,1335.6,26,1,0.04529021732764194
10315,1435.6,24,1,0.04527663026244365
10316,1285.6,27,1,0.045263047273364915
10317,1435.6,24,1,0.04524946835918291
10318,1435.6,24,1,0.04523589351867515
10319,1384.3999999999999,27,1,0.04522232275061955
10320,1385.6,25,1,0.04520875605379436
10321,1385.6,25,1,0.045195193426978225
10322,1384.3999999999999,27,1,0.04518163486895013
10323,1435.6,24,1,0.04516808037848945
10324,1385.6,25,1,0.045154529954375903
10325,1435.6,24,1,0.045140983595389594
10326,1384.3999999999999,27,1,0.04512744130031098
10327,1434.3999999999999,26,1,0.04511390306792089
10328,1384.3999999999999,27,1,0.04510036889700051
10329,1435.6,24,1,0.045086838786331414
10330,1385.6,25,1,0.04507331273469552
10331,1435.6,24,1,0.04505979074087511
10332,1335.6,26,1,0.045046272803652844
10333,1435.6,24,1,0.04503275892181175
10334,1435.6,24,1,0.04501924909413521
10335,1435.6,24,1,0.045005743319406974
10336,1435.6,24,1,0.04499224159641115
10337,1385.6,25,1,0.04497874392393223
10338,1335.6,26,1,0.04496525030075505
10339,1434.3999999999999,26,1,0.04495176072566483
10340,1435.6,24,1,0.04493827519744713
10341,1435.6,24,1,0.044924793714887896
10342,1385.6,25,1,0.04491131627677343
10343,1435.6,24,1,0.0448978428818904
10344,1238.2,20,1,0.044884373529025835
10345,1435.6,24,1,0.044870908216967126
10346,1435.6,24,1,0.044857446944502034
10347,1435.6,24,1,0.04484398971041868
10348,1434.3999999999999,26,1,0.04483053651350556
10349,1385.6,25,1,0.044817087352551514
10350,1393.1999999999998,28,1,0.04480364222634575
10351,1435.6,24,1,0.04479020113367785
10352,1434.3999999999999,26,1,0.04477676407333775
10353,1435.6,24,1,0.04476333104411575
10354,1435.6,24,1,0.04474990204480252
10355,1385.6,25,1,0.044736477074189075
10356,1335.6,26,1,0.04472305613106682
10357,1385.6,25,1,0.0447096392142275
10358,1435.6,24,1,0.044696226322463235
10359,1334.3999999999999,28,1,0.044682817454566495
10360,1435.6,24,1,0.04466941260933013
10361,1384.3999999999999,27,1,0.04465601178554733
10362,1435.6,24,1,0.04464261498201167
10363,1435.6,24,1,0.04462922219751707
10364,1435.6,24,1,0.044615833430857815
10365,1434.3999999999999,26,1,0.044602448680828556
10366,1385.6,25,1,0.04458906794622431
10367,1450.8999999999999,26,1,0.044575691225840444
10368,1384.3999999999999,27,1,0.04456231851847269
10369,1435.6,24,1,0.04454894982291715
10370,1435.6,24,1,0.04453558513797028
10371,1435.6,24,1,0.044522224462428886
10372,1435.6,24,1,0.04450886779509016
10373,1434.3999999999999,26,1,0.04449551513475163
10374,1385.6,25,1,0.04448216648021121
10375,1435.6,24,1,0.044468821830267145
10376,1435.6,24,1,0.04445548118371807
10377,1385.6,25,1,0.04444214453936295
10378,1435.6,24,1,0.04442881189600115
10379,1435.6,24,1,0.04441548325243235
10380,1435.6,24,1,0.044402158607456624
10381,1434.3999999999999,26,1,0.04438883795987439
10382,1435.6,24,1,0.044375521308486425
10383,1435.6,24,1,0.04436220865209388
10384,1435.6,24,1,0.04434889998949825
10385,1335.6,26,1,0.0443355953195014
10386,1385.6,25,1,0.044322294640905556
10387,1467.3999999999999,26,1,0.044308997952513286
10388,1385.6,25,1,0.04429570525312753
10389,1435.6,24,1,0.04428241654155159
10390,1370.8,22,1,0.044269131816589126
10391,1384.3999999999999,27,1,0.04425585107704415
10392,1435.6,24,1,0.04424257432172104
10393,1435.6,24,1,0.044229301549424525
10394,1435.6,24,1,0.044216032758959696
10395,1335.6,26,1,0.04420276794913201
10396,1385.6,25,1,0.04418950711874727
10397,1435.6,24,1,0.04417625026661165
10398,1384.3999999999999,27,1,0.04416299739153167
10399,1385.6,25,1,0.04414974849231421
10400,1435.6,24,1,0.04413650356776652
10401,1385.6,25,1,0.04412326261669619
10402,1435.6,24,1,0.044110025637911186
10403,1385.6,25,1,0.04409679263021982
10404,1435.6,24,1,0.04408356359243075
10405,1435.6,24,1,0.04407033852335302
10406,1435.6,24,1,0.044057117421796015
10407,1466.1999999999998,28,1,0.04404390028656948
10408,1435.6,24,1,0.04403068711648351
10409,1284.4,29,1,0.04401747791034857
10410,1335.6,26,1,0.044004272666975465
10411,1302.5999999999997,34,1,0.04399107138517537
10412,1384.3999999999999,27,1,0.04397787406375982
10413,1434.3999999999999,26,1,0.04396468070154069
10414,1384.3999999999999,27,1,0.04395149129733023
10415,1435.6,24,1,0.04393830584994103
10416,1450.8999999999999,26,1,0.04392512435818605
10417,1335.6,26,1,0.0439119468208786
10418,1335.6,26,1,0.04389877323683234
10419,1385.6,25,1,0.043885603604861295
10420,1435.6,24,1,0.04387243792377984
10421,1435.6,24,1,0.04385927619240271
10422,1435.6,24,1,0.04384611840954499
10423,1385.6,25,1,0.04383296457402213
10424,1385.6,25,1,0.043819814684649926
10425,1435.6,24,1,0.04380666874024453
10426,1435.6,24,1,0.04379352673962246
10427,1435.6,24,1,0.04378038868160057
10428,1400.8999999999999,27,1,0.04376725456499609
10429,1435.6,24,1,0.043754124388626595
10430,1435.6,24,1,0.04374099815131001
10431,1400.8999999999999,27,1,0.04372787585186462
10432,1434.3999999999999,26,1,0.04371475748910906
10433,1384.3999999999999,27,1,0.043701643061862326
10434,1434.3999999999999,26,1,0.04368853256894377
10435,1435.6,24,1,0.04367542600917309
10436,1435.6,24,1,0.04366232338137034
10437,1435.6,24,1,0.04364922468435593
10438,1384.3999999999999,27,1,0.04363612991695063
10439,1385.6,25,1,0.043623039077975545
10440,1435.6,24,1,0.04360995216625215
10441,1340.1999999999998,18,1,0.04359686918060228
10442,1435.6,24,1,0.0435837901198481
10443,1385.6,25,1,0.04357071498281215
10444,1385.6,25,1,0.043557643768317306
10445,1435.6,24,1,0.043544576475186815
10446,1435.6,24,1,0.04353151310224426
10447,1435.6,24,1,0.04351845364831359
10448,1334.4,28,1,0.043505398112219096
10449,1385.6,25,1,0.04349234649278543
10450,1435.6,24,1,0.0434792987888376
10451,1385.6,25,1,0.04346625499920095
10452,1434.3999999999999,26,1,0.043453215122701186
10453,1435.6,24,1,0.04344017915816438
10454,1434.3999999999999,26,1,0.04342714710441693
10455,1434.3999999999999,26,1,0.04341411896028561
10456,1378.5,31,1,0.04340109472459752
10457,1385.6,25,1,0.04338807439618014
10458,1335.6,26,1,0.04337505797386129
10459,1435.6,24,1,0.043362045456469135
10460,1435.6,24,1,0.04334903684283219
10461,1384.3999999999999,27,1,0.04333603213177935
10462,1435.6,24,1,0.04332303132213981
10463,1384.3999999999999,27,1,0.04331003441274317
10464,1435.6,24,1,0.04329704140241935
10465,1384.3999999999999,27,1,0.043284052289998626
10466,1435.6,24,1,0.04327106707431163
10467,1384.3999999999999,27,1,0.04325808575418934
10468,1435.6,24,1,0.04324510832846308
10469,1434.3999999999999,26,1,0.04323213479596454
10470,1399.6999999999998,29,1,0.043219165155525756
10471,1435.6,24,1,0.0432061994059791
10472,1384.3999999999999,27,1,0.04319323754615731
10473,1435.6,24,1,0.04318027957489346
10474,1435.6,24,1,0.043167325491020994
10475,1435.6,24,1,0.04315437529337369
10476,1385.6,25,1,0.04314142898078568
10477,1434.3999999999999,26,1,0.04312848655209144
10478,1435.6,24,1,0.04311554800612582
10479,1384.3999999999999,27,1,0.04310261334172398
10480,1335.6,26,1,0.04308968255772146
10481,1435.6,24,1,0.04307675565295415
10482,1434.3999999999999,26,1,0.043063832626258264
10483,1334.4,28,1,0.04305091347647039
10484,1435.6,24,1,0.04303799820242745
10485,1435.6,24,1,0.043025086802966725
10486,1385.6,25,1,0.043012179276925834
10487,1435.6,24,1,0.042999275623142756
10488,1385.6,25,1,0.042986375840455816
10489,1435.6,24,1,0.04297347992770368
10490,1385.6,25,1,0.04296058788372537
10491,1435.6,24,1,0.04294769970736025
10492,1385.6,25,1,0.04293481539744805
10493,1385.6,25,1,0.04292193495282882
10494,1450.8999999999999,26,1,0.04290905837234297
10495,1435.6,24,1,0.04289618565483127
10496,1383.1999999999998,29,1,0.04288331679913482
10497,1435.6,24,1,0.04287045180409508
10498,1435.6,24,1,0.04285759066855385
10499,1435.6,24,1,0.042844733391353286
10500,1434.3999999999999,26,1,0.04283187997133588
10501,1385.6,25,1,0.042819030407344486
10502,1434.3999999999999,26,1,0.04280618469822228
10503,1435.6,24,1,0.04279334284281282
10504,1435.6,24,1,0.042780504839959974
10505,1435.6,24,1,0.04276767068850799
10506,1435.6,24,1,0.042754840387301436
10507,1434.3999999999999,26,1,0.042742013935185244
10508,1435.6,24,1,0.04272919133100469
10509,1285.6,27,1,0.04271637257360539
10510,1435.6,24,1,0.04270355766183331
10511,1435.6,24,1,0.042690746594534756
10512,1385.6,25,1,0.042677939370556396
10513,1385.6,25,1,0.04266513598874523
10514,1435.6,24,1,0.04265233644794861
10515,1372.0,20,1,0.042639540747014225
10516,1435.6,24,1,0.04262674888479012
10517,1435.6,24,1,0.042613960860124686
10518,1435.6,24,1,0.04260117667186665
10519,1435.6,24,1,0.042588396318865095
10520,1385.6,25,1,0.04257561979996944
10521,1385.6,25,1,0.04256284711402945
10522,1449.6999999999998,28,1,0.04255007825989525
10523,1340.1999999999998,18,1,0.04253731323641728
10524,1385.6,25,1,0.04252455204244636
10525,1385.6,25,1,0.04251179467683363
10526,1434.3999999999999,26,1,0.04249904113843058
10527,1435.6,24,1,0.042486291426089055
10528,1435.6,24,1,0.04247354553866123
10529,1435.6,24,1,0.04246080347499963
10530,1340.1999999999998,18,1,0.04244806523395713
10531,1385.6,25,1,0.04243533081438695
10532,1449.6999999999998,28,1,0.04242260021514263
10533,1384.3999999999999,27,1,0.04240987343507809
10534,1435.6,24,1,0.04239715047304757
10535,1385.6,25,1,0.042384431327905654
10536,1435.6,24,1,0.04237171599850728
10537,1434.3999999999999,26,1,0.04235900448370773
10538,1435.6,24,1,0.042346296782362625
10539,1435.6,24,1,0.042333592893327915
10540,1433.1999999999998,28,1,0.04232089281545992
10541,1284.4,29,1,0.042308196547615286
10542,1434.3999999999999,26,1,0.042295504088651
10543,1284.3999999999999,29,1,0.042282815437424404
10544,1435.6,24,1,0.04227013059279318
10545,1435.6,24,1,0.042257449553615344
10546,1385.6,25,1,0.04224477231874926
10547,1385.6,25,1,0.04223209888705364
10548,1385.6,25,1,0.042219429257387524
10549,1435.6,24,1,0.04220676342861031
10550,1384.3999999999999,27,1,0.04219410139958173
10551,1435.6,24,1,0.04218144316916185
10552,1290.1999999999998,19,1,0.042168788736211105
10553,1385.6,25,1,0.04215613809959024
10554,1435.6,24,1,0.042143491258160366
10555,1435.6,24,1,0.04213084821078292
10556,1385.6,25,1,0.04211820895631969
10557,1434.3999999999999,26,1,0.042105573493632795
10558,1435.6,24,1,0.042092941821584705
10559,1435.6,24,1,0.04208031393903823
10560,1435.6,24,1,0.04206768984485652
10561,1385.6,25,1,0.04205506953790307
10562,1385.6,25,1,0.0420424530170417
10563,1434.3999999999999,26,1,0.04202984028113659
10564,1435.6,24,1,0.04201723132905225
10565,1385.6,25,1,0.04200462615965354
10566,1435.6,24,1,0.04199202477180564
10567,1450.8999999999999,26,1,0.041979427164374104
10568,1335.6,26,1,0.04196683333622479
10569,1435.6,24,1,0.04195424328622393
10570,1385.6,25,1,0.041941657013238064
10571,1435.6,24,1,0.04192907451613409
10572,1450.8999999999999,26,1,0.04191649579377925
10573,1435.6,24,1,0.04190392084504112
10574,1433.1999999999998,28,1,0.04189134966878761
10575,1435.6,24,1,0.04187878226388698
10576,1435.6,24,1,0.041866218629207815
10577,1434.3999999999999,26,1,0.04185365876361905
10578,1335.6,26,1,0.04184110266598997
10579,1435.6,24,1,0.04182855033519017
10580,1435.6,24,1,0.041816001770089616
10581,1435.6,24,1,0.04180345696955859
10582,1435.6,24,1,0.041790915932467726
10583,1435.6,24,1,0.041778378657687985
10584,1350.8999999999999,28,1,0.04176584514409068
10585,1435.6,24,1,0.041753315390547455
10586,1435.6,24,1,0.04174078939593029
10587,1435.6,24,1,0.04172826715911151
10588,1435.6,24,1,0.04171574867896378
10589,1435.6,24,1,0.04170323395436009
10590,1385.6,25,1,0.041690722984173784
10591,1383.6,25,1,0.04167821576727853
10592,1385.6,25,1,0.04166571230254835
10593,1334.3999999999999,28,1,0.04165321258885758
10594,1435.6,24,1,0.041640716625080926
10595,1435.6,24,1,0.0416282244100934
10596,1435.6,24,1,0.04161573594277038
10597,1334.3999999999999,28,1,0.04160325122198755
10598,1385.6,25,1,0.04159077024662095
10599,1435.6,24,1,0.04157829301554697
10600,1435.6,24,1,0.04156581952764231
10601,1435.6,24,1,0.041553349781784016
10602,1340.1999999999998,18,1,0.04154088377684948
10603,1435.6,24,1,0.04152842151171643
10604,1435.6,24,1,0.041515962985262916
10605,1335.6,26,1,0.04150350819636734
10606,1385.6,25,1,0.04149105714390843
10607,1364.9999999999998,31,1,0.04147860982676526
10608,1385.6,25,1,0.04146616624381723
10609,1334.3999999999999,28,1,0.04145372639394408
10610,1434.3999999999999,26,1,0.0414412902760259
10611,1435.6,24,1,0.0414288578889431
10612,1435.6,24,1,0.041416429231576415
10613,1335.6,26,1,0.04140400430280694
10614,1435.6,24,1,0.0413915831015161
10615,1435.6,24,1,0.04137916562658564
10616,1435.6,24,1,0.041366751876897666
10617,1435.6,24,1,0.041354341851334596
10618,1434.3999999999999,26,1,0.0413419355487792
10619,1435.6,24,1,0.04132953296811457
10620,1435.6,24,1,0.041317134108224136
10621,1435.6,24,1,0.041304738967991673
10622,1435.6,24,1,0.041292347546301275
10623,1435.6,24,1,0.04127995984203739
10624,1385.6,25,1,0.041267575854084776
10625,1435.6,24,1,0.04125519558132855
10626,1385.6,25,1,0.04124281902265415
10627,1385.6,25,1,0.041230446176947357
10628,1467.3999999999999,26,1,0.04121807704309428
10629,1435.6,24,1,0.04120571161998135
10630,1385.6,25,1,0.041193349906495355
10631,1383.1999999999998,29,1,0.041180991901523405
10632,1434.3999999999999,26,1,0.04116863760395295
10633,1384.3999999999999,27,1,0.041156287012671766
10634,1435.6,24,1,0.04114394012656797
10635,1435.6,24,1,0.04113159694453
10636,1435.6,24,1,0.041119257465446646
10637,1383.6,25,1,0.04110692168820701
10638,1434.3999999999999,26,1,0.04109458961170055
10639,1435.6,24,1,0.04108226123481704
10640,1385.6,25,1,0.0410699365564466
10641,1435.6,24,1,0.04105761557547966
10642,1435.6,24,1,0.04104529829080702
10643,1384.3999999999999,27,1,0.041032984701319775
10644,1385.6,25,1,0.04102067480590938
10645,1384.3999999999999,27,1,0.04100836860346761
10646,1385.6,25,1,0.04099606609288657
10647,1435.6,24,1,0.040983767273058705
10648,1355.5,20,1,0.04097147214287679
10649,1435.6,24,1,0.04095918070123393
10650,1434.3999999999999,26,1,0.04094689294702356
10651,1435.6,24,1,0.04093460887913946
10652,1384.3999999999999,27,1,0.04092232849647572
10653,1435.6,24,1,0.04091005179792678
10654,1335.6,26,1,0.04089777878238741
10655,1435.6,24,1,0.040885509448752695
10656,1372.0,20,1,0.04087324379591807
10657,1435.6,24,1,0.040860981822779294
10658,1434.3999999999999,26,1,0.04084872352823246
10659,1435.6,24,1,0.04083646891117399
10660,1435.6,24,1,0.04082421797050064
10661,1384.3999999999999,27,1,0.040811970705109495
10662,1385.6,25,1,0.04079972711389796
10663,1435.6,24,1,0.04078748719576379
10664,1434.3999999999999,26,1,0.04077525094960506
10665,1384.3999999999999,27,1,0.04076301837432018
10666,1434.3999999999999,26,1,0.040750789468807884
10667,1434.3999999999999,26,1,0.04073856423196724
10668,1435.6,24,1,0.04072634266269765
10669,1385.6,25,1,0.04071412475989884
10670,1384.3999999999999,27,1,0.04070191052247087
10671,1435.6,24,1,0.04068969994931413
10672,1450.8999999999999,26,1,0.04067749303932934
10673,1385.6,25,1,0.04066528979141754
10674,1340.1999999999998,18,1,0.040653090204480116
10675,1385.6,25,1,0.04064089427741877
10676,1335.6,26,1,0.04062870200913555
10677,1334.3999999999999,28,1,0.04061651339853281
10678,1435.6,24,1,0.040604328444513255
10679,1435.6,24,1,0.040592147145979904
10680,1385.6,25,1,0.04057996950183611
10681,1434.3999999999999,26,1,0.040567795510985556
10682,1383.1999999999998,29,1,0.040555625172332264
10683,1435.6,24,1,0.04054345848478057
10684,1435.6,24,1,0.04053129544723513
10685,1434.3999999999999,26,1,0.04051913605860096
10686,1417.3999999999999,27,1,0.04050698031778338
10687,1385.6,25,1,0.040494828223688044
10688,1435.6,24,1,0.04048267977522094
10689,1383.1999999999998,29,1,0.04047053497128837
10690,1385.6,25,1,0.04045839381079699
10691,1435.6,24,1,0.04044625629265375
10692,1385.6,25,1,0.04043412241576595
10693,1435.6,24,1,0.04042199217904122
10694,1340.1999999999998,18,1,0.04040986558138751
10695,1385.6,25,1,0.0403977426217131
10696,1434.3999999999999,26,1,0.04038562329892659
10697,1385.6,25,1,0.040373507611936914
10698,1435.6,24,1,0.04036139555965333
10699,1384.3999999999999,27,1,0.040349287140985436
10700,1435.6,24,1,0.04033718235484314
10701,1434.3999999999999,26,1,0.04032508120013669
10702,1385.6,25,1,0.040312983675776654
10703,1400.8999999999999,27,1,0.04030088978067392
10704,1385.6,25,1,0.04028879951373972
10705,1435.6,24,1,0.040276712873885595
10706,1435.6,24,1,0.04026462986002343
10707,1435.6,24,1,0.04025255047106543
10708,1385.6,25,1,0.04024047470592411
10709,1435.6,24,1,0.04022840256351233
10710,1435.6,24,1,0.04021633404274328
10711,1435.6,24,1,0.04020426914253046
10712,1435.6,24,1,0.040192207861787704
10713,1384.3999999999999,27,1,0.04018015019942917
10714,1435.6,24,1,0.040168096154369344
10715,1435.6,24,1,0.04015604572552303
10716,1450.8999999999999,26,1,0.040143998911805374
10717,1385.6,25,1,0.04013195571213184
10718,1435.6,24,1,0.040119916125418195
10719,1384.3999999999999,27,1,0.040107880150580574
10720,1435.6,24,1,0.0400958477865354
10721,1385.6,25,1,0.040083819032199444
10722,1435.6,24,1,0.040071793886489786
10723,1435.6,24,1,0.04005977234832384
10724,1435.6,24,1,0.04004775441661935
10725,1435.6,24,1,0.04003574009029436
10726,1384.3999999999999,27,1,0.04002372936826728
10727,1435.6,24,1,0.0400117222494568
10728,1434.3999999999999,26,1,0.039999718732781964
10729,1435.6,24,1,0.03998771881716213
10730,1385.6,25,1,0.03997572250151698
10731,1372.0,20,1,0.039963729784766526
10732,1385.6,25,1,0.0399517406658311
10733,1435.6,24,1,0.03993975514363135
10734,1435.6,24,1,0.039927773217088264
10735,1340.1999999999998,18,1,0.03991579488512314
10736,1435.6,24,1,0.0399038201466576
10737,1435.6,24,1,0.039891849000613606
10738,1435.6,24,1,0.03987988144591342
10739,1385.6,25,1,0.03986791748147965
10740,1435.6,24,1,0.039855957106235206
10741,1435.6,24,1,0.03984400031910334
10742,1435.6,24,1,0.03983204711900761
10743,1435.6,24,1,0.039820097504871914
10744,1435.6,24,1,0.03980815147562045
10745,1435.6,24,1,0.03979620903017777
10746,1385.6,25,1,0.039784270167468716
10747,1385.6,25,1,0.03977233488641848
10748,1385.6,25,1,0.03976040318595256
10749,1385.6,25,1,0.03974847506499678
10750,1400.8999999999999,27,1,0.03973655052247728
10751,1435.6,24,1,0.039724629557320534
10752,1350.8999999999999,28,1,0.03971271216845334
10753,1435.6,24,1,0.0397007983548028
10754,1385.6,25,1,0.03968888811529636
10755,1385.6,25,1,0.039676981448861774
10756,1384.3999999999999,27,1,0.03966507835442712
10757,1435.6,24,1,0.039653178830920795
10758,1435.6,24,1,0.03964128287727152
10759,1435.6,24,1,0.03962939049240834
10760,1435.6,24,1,0.03961750167526062
10761,1435.6,24,1,0.03960561642475804
10762,1435.6,24,1,0.03959373473983061
10763,1435.6,24,1,0.03958185661940866
10764,1335.6,26,1,0.03956998206242284
10765,1335.6,26,1,0.039558111067804116
10766,1285.6,27,1,0.03954624363448378
10767,1385.6,25,1,0.039534379761393436
10768,1435.6,24,1,0.03952251944746502
10769,1435.6,24,1,0.03951066269163078
10770,1434.3999999999999,26,1,0.03949880949282329
10771,1385.6,25,1,0.039486959849975446
10772,1385.6,25,1,0.03947511376202045
10773,1435.6,24,1,0.039463271227891845
10774,1335.6,26,1,0.03945143224652348
10775,1435.6,24,1,0.03943959681684952
10776,1435.6,24,1,0.03942776493780446
10777,1435.6,24,1,0.03941593660832312
10778,1434.3999999999999,26,1,0.039404111827340625
10779,1416.1999999999998,29,1,0.03939229059379242
10780,1434.3999999999999,26,1,0.03938047290661428
10781,1385.6,25,1,0.0393686587647423
10782,1435.6,24,1,0.03935684816711288
10783,1385.6,25,1,0.039345041112662744
10784,1435.6,24,1,0.039333237600328946
10785,1435.6,24,1,0.03932143762904885
10786,1435.6,24,1,0.039309641197760134
10787,1337.8,22,1,0.039297848305400805
10788,1435.6,24,1,0.03928605895090918
10789,1385.6,25,1,0.03927427313322391
10790,1435.6,24,1,0.03926249085128394
10791,1340.1999999999998,18,1,0.03925071210402856
10792,1435.6,24,1,0.03923893689039735
10793,1385.6,25,1,0.03922716520933023
10794,1435.6,24,1,0.03921539705976743
10795,1372.0,20,1,0.039203632440649505
10796,1385.6,25,1,0.03919187135091731
10797,1385.6,25,1,0.03918011378951204
10798,1434.3999999999999,26,1,0.039168359755375186
10799,1435.6,24,1,0.03915660924744858
10800,1435.6,24,1,0.03914486226467435
10801,1435.6,24,1,0.039133118805994946
10802,1434.3999999999999,26,1,0.03912137887035315
10803,1340.1999999999998,18,1,0.039109642456692045
10804,1340.1999999999998,18,1,0.039097909563955036
10805,1340.1999999999998,18,1,0.039086180191085854
10806,1340.1999999999998,18,1,0.03907445433702853
10807,1340.1999999999998,18,1,0.03906273200072742
10808,1340.1999999999998,18,1,0.039051013181127206
10809,1340.1999999999998,18,1,0.03903929787717287
10810,1290.1999999999998,19,1,0.03902758608780972
10811,1340.1999999999998,18,1,0.03901587781198338
10812,1340.1999999999998,18,1,0.03900417304863979
10813,1340.1999999999998,18,1,0.0389924717967252
10814,1340.1999999999998,18,1,0.038980774055186185
10815,1340.1999999999998,18,1,0.038969079822969634
10816,1340.1999999999998,18,1,0.03895738909902274
10817,1340.1999999999998,18,1,0.038945701882293036
10818,1340.1999999999998,18,1,0.03893401817172835
10819,1340.1999999999998,18,1,0.03892233796627683
10820,1340.1999999999998,18,1,0.03891066126488695
10821,1339.0,20,1,0.03889898806650749
10822,1340.1999999999998,18,1,0.03888731837008754
10823,1340.1999999999998,18,1,0.03887565217457652
10824,1340.1999999999998,18,1,0.038863989478924145
10825,1339.0,20,1,0.03885233028208047
10826,1239.0,22,1,0.038840674582995845
10827,1340.1999999999998,18,1,0.03882902238062095
10828,1340.1999999999998,18,1,0.038817373673906766
10829,1340.1999999999998,18,1,0.03880572846180459
10830,1354.3,22,1,0.03879408674326605
10831,1340.1999999999998,18,1,0.03878244851724307
10832,1290.2,19,1,0.0387708137826879
10833,1340.1999999999998,18,1,0.038759182538553094
10834,1289.0,21,1,0.03874755478379153
10835,1340.1999999999998,18,1,0.03873593051735639
10836,1340.1999999999998,18,1,0.038724309738201186
10837,1339.0,20,1,0.03871269244527973
10838,1340.1999999999998,18,1,0.03870107863754615
10839,1305.5,21,1,0.03868946831395489
10840,1340.1999999999998,18,1,0.0386778614734607
10841,1340.1999999999998,18,1,0.03866625811501866
10842,1340.1999999999998,18,1,0.03865465823758416
10843,1290.2,19,1,0.03864306184011289
10844,1353.8,23,1,0.03863146892156086
10845,1340.1999999999998,18,1,0.03861987948088439
10846,1339.0,20,1,0.03860829351704013
10847,1340.1999999999998,18,1,0.038596711028985015
10848,1340.1999999999998,18,1,0.03858513201567632
10849,1340.1999999999998,18,1,0.03857355647607162
10850,1340.1999999999998,18,1,0.0385619844091288
10851,1339.0,20,1,0.03855041581380606
10852,1340.1999999999998,18,1,0.03853885068906192
10853,1340.1999999999998,18,1,0.0385272890338552
10854,1340.1999999999998,18,1,0.03851573084714505
10855,1355.5,20,1,0.03850417612789091
10856,1340.1999999999998,18,1,0.03849262487505254
10857,1435.6,24,1,0.03848107708759003
10858,1340.1999999999998,18,1,0.03846953276446375
10859,1290.1999999999998,19,1,0.03845799190463441
10860,1290.1999999999998,19,1,0.03844645450706302
10861,1340.1999999999998,18,1,0.038434920570710907
10862,1340.1999999999998,18,1,0.0384233900945397
10863,1340.1999999999998,18,1,0.038411863077511335
10864,1290.2,19,1,0.03840033951858808
10865,1340.1999999999998,18,1,0.03838881941673251
10866,1340.1999999999998,18,1,0.038377302770907486
10867,1290.2,19,1,0.038365789580076214
10868,1339.0,20,1,0.038354279843202194
10869,1340.1999999999998,18,1,0.038342773559249234
10870,1340.1999999999998,18,1,0.03833127072718146
10871,1339.0,20,1,0.03831977134596331
10872,1289.0,21,1,0.03830827541455952
10873,1290.1999999999998,19,1,0.038296782931935155
10874,1340.1999999999998,18,1,0.038285293897055574
10875,1355.5,20,1,0.03827380830888646
10876,1340.1999999999998,18,1,0.038262326166393794
10877,1320.8,23,1,0.038250847468543875
10878,1340.1999999999998,18,1,0.03823937221430331
10879,1340.1999999999998,18,1,0.03822790040263902
10880,1340.1999999999998,18,1,0.03821643203251823
10881,1340.1999999999998,18,1,0.03820496710290848
10882,1435.6,24,1,0.03819350561277761
10883,1340.1999999999998,18,1,0.03818204756109378
10884,1340.1999999999998,18,1,0.038170592946825455
10885,1340.1999999999998,18,1,0.03815914176894141
10886,1340.1999999999998,18,1,0.03814769402641073
10887,1340.1999999999998,18,1,0.03813624971820281
10888,1340.1999999999998,18,1,0.038124808843287346
10889,1290.2,19,1,0.03811337140063436
10890,1340.1999999999998,18,1,0.03810193738921417
10891,1290.1999999999998,19,1,0.03809050680799741
10892,1340.1999999999998,18,1,0.03807907965595501
10893,1290.2,19,1,0.03806765593205822
10894,1340.1999999999998,18,1,0.03805623563527861
10895,1340.1999999999998,18,1,0.038044818764588026
10896,1340.1999999999998,18,1,0.03803340531895865
10897,1340.1999999999998,18,1,0.038021995297362964
10898,1340.1999999999998,18,1,0.03801058869877376
10899,1340.1999999999998,18,1,0.03799918552216413
10900,1339.0,20,1,0.03798778576650748
10901,1290.2,19,1,0.03797638943077753
10902,1340.1999999999998,18,1,0.0379649965139483
10903,1339.0,20,1,0.03795360701499412
10904,1288.2,19,1,0.03794222093288962
10905,1339.0,20,1,0.03793083826660975
10906,1287.8,23,1,0.03791945901512977
10907,1340.1999999999998,18,1,0.03790808317742523
10908,1340.1999999999998,18,1,0.037896710752472
10909,1290.2,19,1,0.037885341739246264
10910,1340.1999999999998,18,1,0.03787397613672449
10911,1340.1999999999998,18,1,0.037862613943883475
10912,1340.1999999999998,18,1,0.03785125515970031
10913,1340.1999999999998,18,1,0.0378398997831524
10914,1290.2,19,1,0.037828547813217456
10915,1290.2,19,1,0.037817199248873494
10916,1340.1999999999998,18,1,0.03780585408909883
10917,1290.2,19,1,0.03779451233287211
10918,1385.6,25,1,0.037783173979172247
10919,1340.1999999999998,18,1,0.0377718390269785
10920,1340.1999999999998,18,1,0.037760507475270405
10921,1340.1999999999998,18,1,0.03774917932302783
10922,1340.1999999999998,18,1,0.03773785456923092
10923,1355.5,20,1,0.03772653321286015
10924,1340.1999999999998,18,1,0.0377152152528963
10925,1340.1999999999998,18,1,0.03770390068832043
10926,1190.2,21,1,0.03769258951811393
10927,1340.1999999999998,18,1,0.037681281741258496
10928,1340.1999999999998,18,1,0.03766997735673612
10929,1435.6,24,1,0.0376586763635291
10930,1290.2,19,1,0.03764737876062004
10931,1290.2,19,1,0.037636084546991855
10932,1340.1999999999998,18,1,0.03762479372162776
10933,1340.1999999999998,18,1,0.037613506283511275
10934,1340.1999999999998,18,1,0.03760222223162622
10935,1290.2,19,1,0.03759094156495674
10936,1340.1999999999998,18,1,0.037579664282487255
10937,1290.2,19,1,0.03756839038320251
10938,1403.8,22,1,0.03755711986608755
10939,1340.1999999999998,18,1,0.03754585273012773
10940,1340.1999999999998,18,1,0.03753458897430869
10941,1339.0,20,1,0.037523328597616395
10942,1290.2,19,1,0.03751207159903711
10943,1340.1999999999998,18,1,0.0375008179775574
10944,1340.1999999999998,18,1,0.037489567732164136
10945,1340.1999999999998,18,1,0.03747832086184449
10946,1385.6,25,1,0.03746707736558594
10947,1290.2,19,1,0.037455837242376264
10948,1339.0,20,1,0.03744460049120355
10949,1290.2,19,1,0.037433367111056194
10950,1240.2,20,1,0.037422137100922875
10951,1339.0,20,1,0.0374109104597926
10952,1240.2,20,1,0.037399687186654665
10953,1290.2,19,1,0.03738846728049867
10954,1239.0,22,1,0.03737725074031452
10955,1340.1999999999998,18,1,0.03736603756509243
10956,1290.2,19,1,0.0373548277538229
10957,1340.1999999999998,18,1,0.03734362130549675
10958,1339.0,20,1,0.03733241821910511
10959,1340.1999999999998,18,1,0.037321218493639376
10960,1340.1999999999998,18,1,0.037310022128091286
10961,1290.2,19,1,0.03729882912145286
10962,1340.1999999999998,18,1,0.037287639472716426
10963,1431.1999999999998,28,1,0.037276453180874615
10964,1339.0,20,1,0.03726527024492035
10965,1289.0,21,1,0.03725409066384688
10966,1340.1999999999998,18,1,0.03724291443664773
10967,1340.1999999999998,18,1,0.037231741562316734
10968,1403.8,22,1,0.03722057203984804
10969,1340.1999999999998,18,1,0.03720940586823609
10970,1340.1999999999998,18,1,0.03719824304647562
10971,1340.1999999999998,18,1,0.03718708357356168
10972,1340.1999999999998,18,1,0.03717592744848961
10973,1288.2,19,1,0.037164774670255064
10974,1340.1999999999998,18,1,0.03715362523785399
10975,1340.1999999999998,18,1,0.03714247915028263
10976,1340.1999999999998,18,1,0.03713133640653755
10977,1339.0,20,1,0.037120197005615585
10978,1340.1999999999998,18,1,0.0371090609465139
10979,1340.1999999999998,18,1,0.03709792822822995
10980,1340.1999999999998,18,1,0.03708679884976148
10981,1339.0,20,1,0.037075672810106555
10982,1340.1999999999998,18,1,0.037064550108263525
10983,1339.0,20,1,0.037053430743231044
10984,1340.1999999999998,18,1,0.037042314714008075
10985,1340.1999999999998,18,1,0.037031202019593874
10986,1340.1999999999998,18,1,0.037020092658988
10987,1340.1999999999998,18,1,0.0370089866311903
10988,1340.1999999999998,18,1,0.03699788393520095
10989,1339.0,20,1,0.03698678457002039
10990,1340.1999999999998,18,1,0.03697568853464938
10991,1290.2,19,1,0.03696459582808899
10992,1340.1999999999998,18,1,0.03695350644934056
10993,1340.1999999999998,18,1,0.03694242039740576
10994,1340.1999999999998,18,1,0.036931337671286535
10995,1355.5,20,1,0.03692025826998515
10996,1434.3999999999999,26,1,0.03690918219250416
10997,1340.1999999999998,18,1,0.03689810943784641
10998,1435.6,24,1,0.03688704000501506
10999,1339.0,20,1,0.03687597389301356
11000,1290.2,19,1,0.03686491110084566
11001,1340.1999999999998,18,1,0.03685385162751541
11002,1340.1999999999998,18,1,0.03684279547202715
11003,1337.8,22,1,0.036831742633385546
11004,1289.0,21,1,0.036820693110595534
11005,1340.1999999999998,18,1,0.036809646902662356
11006,1340.1999999999998,18,1,0.03679860400859156
11007,1340.1999999999998,18,1,0.03678756442738898
11008,1339.0,20,1,0.03677652815806076
11009,1290.2,19,1,0.03676549519961334
11010,1290.2,19,1,0.03675446555105346
11011,1290.2,19,1,0.036743439211388146
11012,1340.1999999999998,18,1,0.03673241617962473
11013,1339.0,20,1,0.03672139645477084
11014,1339.0,20,1,0.03671038003583441
11015,1340.1999999999998,18,1,0.03669936692182366
11016,1339.0,20,1,0.036688357111747116
11017,1340.1999999999998,18,1,0.03667735060461359
11018,1339.0,20,1,0.03666634739943221
11019,1340.1999999999998,18,1,0.03665534749521238
11020,1340.1999999999998,18,1,0.03664435089096382
11021,1340.1999999999998,18,1,0.03663335758569654
11022,1290.2,19,1,0.03662236757842083
11023,1340.1999999999998,18,1,0.0366113808681473
11024,1340.1999999999998,18,1,0.03660039745388686
11025,1270.8,23,1,0.036589417334650695
11026,1339.0,20,1,0.0365784405094503
11027,1340.1999999999998,18,1,0.036567466977297465
11028,1340.1999999999998,18,1,0.03655649673720428
11029,1339.0,20,1,0.036545529788183116
11030,1339.0,20,1,0.03653456612924666
11031,1305.5,21,1,0.036523605759407884
11032,1340.1999999999998,18,1,0.03651264867768007
11033,1340.1999999999998,18,1,0.036501694883076766
11034,1340.1999999999998,18,1,0.03649074437461185
11035,1355.5,20,1,0.03647979715129947
11036,1290.2,19,1,0.03646885321215408
11037,1340.1999999999998,18,1,0.036457912556190436
11038,1290.1999999999998,19,1,0.03644697518242358
11039,1290.2,19,1,0.03643604108986886
11040,1335.7999999999997,22,1,0.036425110277541896
11041,1339.0,20,1,0.03641418274445864
11042,1340.1999999999998,18,1,0.0364032584896353
11043,1435.6,24,1,0.03639233751208841
11044,1340.1999999999998,18,1,0.036381419810834786
11045,1337.8,22,1,0.03637050538489154
11046,1340.1999999999998,18,1,0.036359594233276074
11047,1317.8,22,1,0.03634868635500609
11048,1340.1999999999998,18,1,0.036337781749099594
11049,1340.1999999999998,18,1,0.036326880414574866
11050,1339.0,20,1,0.03631598235045049
11051,1290.2,19,1,0.03630508755574536
11052,1340.1999999999998,18,1,0.036294196029478636
11053,1340.1999999999998,18,1,0.03628330777066979
11054,1340.1999999999998,18,1,0.036272422778338594
11055,1340.1999999999998,18,1,0.03626154105150509
11056,1340.1999999999998,18,1,0.036250662589189644
11057,1340.1999999999998,18,1,0.03623978739041289
11058,1290.2,19,1,0.03622891545419577
11059,1339.0,20,1,0.03621804677955951
11060,1340.1999999999998,18,1,0.03620718136552564
11061,1340.1999999999998,18,1,0.03619631921111598
11062,1340.1999999999998,18,1,0.03618546031535265
11063,1340.1999999999998,18,1,0.03617460467725805
11064,1255.5,22,1,0.03616375229585487
11065,1340.1999999999998,18,1,0.03615290317016611
11066,1339.0,20,1,0.03614205729921506
11067,1290.2,19,1,0.0361312146820253
11068,1340.1999999999998,18,1,0.03612037531762069
11069,1340.1999999999998,18,1,0.0361095392050254
11070,1339.0,20,1,0.0360987063432639
11071,1340.1999999999998,18,1,0.03608787673136092
11072,1340.1999999999998,18,1,0.036077050368341516
11073,1340.1999999999998,18,1,0.03606622725323101
11074,1340.1999999999998,18,1,0.03605540738505504
11075,1337.8,22,1,0.03604459076283953
11076,1340.1999999999998,18,1,0.03603377738561068
11077,1340.1999999999998,18,1,0.036022967252395
11078,1340.1999999999998,18,1,0.03601216036221928
11079,1340.1999999999998,18,1,0.03600135671411061
11080,1435.6,24,1,0.035990556307096376
11081,1340.1999999999998,18,1,0.03597975914020425
11082,1340.1999999999998,18,1,0.03596896521246219
11083,1290.2,19,1,0.035958174522898456
11084,1290.2,19,1,0.03594738707054159
11085,1340.1999999999998,18,1,0.03593660285442043
11086,1340.1999999999998,18,1,0.03592582187356411
11087,1305.5,21,1,0.03591504412700204
11088,1340.1999999999998,18,1,0.035904269613763945
11089,1340.1999999999998,18,1,0.03589349833287982
11090,1340.1999999999998,18,1,0.03588273028337995
11091,1340.1999999999998,18,1,0.03587196546429494
11092,1340.1999999999998,18,1,0.035861203874655655
11093,1370.8,22,1,0.035850445513493256
11094,1290.1999999999998,19,1,0.03583969037983921
11095,1340.1999999999998,18,1,0.03582893847272526
11096,1340.1999999999998,18,1,0.035818189791183445
11097,1340.1999999999998,18,1,0.03580744433424609
11098,1340.1999999999998,18,1,0.035796702100945814
11099,1340.1999999999998,18,1,0.03578596309031553
11100,1290.2,19,1,0.035775227301388435
11101,1340.1999999999998,18,1,0.03576449473319802
11102,1340.1999999999998,18,1,0.035753765384778056
11103,1340.1999999999998,18,1,0.035743039255162624
11104,1340.1999999999998,18,1,0.03573231634338608
11105,1290.2,19,1,0.03572159664848306
11106,1289.0,21,1,0.035710880169488514
11107,1339.0,20,1,0.03570016690543767
11108,1340.1999999999998,18,1,0.035689456855366036
11109,1340.1999999999998,18,1,0.035678750018309426
11110,1239.0,22,1,0.03566804639330393
11111,1340.1999999999998,18,1,0.03565734597938594
11112,1340.1999999999998,18,1,0.03564664877559213
11113,1340.1999999999998,18,1,0.035635954780959454
11114,1340.1999999999998,18,1,0.03562526399452517
11115,1340.1999999999998,18,1,0.03561457641532681
11116,1340.1999999999998,18,1,0.03560389204240221
11117,1340.1999999999998,18,1,0.03559321087478949
11118,1290.2,19,1,0.035582532911527055
11119,1340.1999999999998,18,1,0.0355718581516536
11120,1355.5,20,1,0.0355611865942081
11121,1340.1999999999998,18,1,0.03555051823822984
11122,1240.2,20,1,0.03553985308275837
11123,1340.1999999999998,18,1,0.035529191126833545
11124,1340.1999999999998,18,1,0.035518532369495495
11125,1290.1999999999998,19,1,0.03550787680978465
11126,1340.1999999999998,18,1,0.035497224446741714
11127,1240.2,20,1,0.03548657527940769
11128,1340.1999999999998,18,1,0.03547592930682387
11129,1434.3999999999999,26,1,0.035465286528031825
11130,1340.1999999999998,18,1,0.03545464694207342
11131,1289.0,21,1,0.0354440105479908
11132,1340.1999999999998,18,1,0.0354333773448264
11133,1355.5,20,1,0.03542274733162295
11134,1339.0,20,1,0.03541212050742346
11135,1355.5,20,1,0.03540149687127124
11136,1340.1999999999998,18,1,0.03539087642220986
11137,1355.5,20,1,0.035380259159283195
11138,1240.2,20,1,0.03536964508153541
11139,1340.1999999999998,18,1,0.03535903418801095
11140,1289.0,21,1,0.035348426477754546
11141,1340.1999999999998,18,1,0.03533782194981122
11142,1340.1999999999998,18,1,0.03532722060322628
11143,1340.1999999999998,18,1,0.035316622437045316
11144,1290.1999999999998,19,1,0.035306027450314206
11145,1305.5,21,1,0.03529543564207911
11146,1340.1999999999998,18,1,0.03528484701138649
11147,1340.1999999999998,18,1,0.035274261557283075
11148,1290.2,19,1,0.03526367927881589
11149,1340.1999999999998,18,1,0.03525310017503225
11150,1340.1999999999998,18,1,0.03524252424497974
11151,1289.0,21,1,0.03523195148770625
11152,1339.0,20,1,0.035221381902259936
11153,1340.1999999999998,18,1,0.035210815487689257
11154,1340.1999999999998,18,1,0.03520025224304295
11155,1290.2,19,1,0.035189692167370036
11156,1339.0,20,1,0.03517913525971983
11157,1340.1999999999998,18,1,0.035168581519141914
11158,1340.1999999999998,18,1,0.035158030944686176
11159,1287.8,23,1,0.03514748353540277
11160,1340.1999999999998,18,1,0.03513693929034215
11161,1340.1999999999998,18,1,0.03512639820855505
11162,1340.1999999999998,18,1,0.035115860289092485
11163,1340.1999999999998,18,1,0.03510532553100576
11164,1340.1999999999998,18,1,0.03509479393334646
11165,1435.6,24,1,0.03508426549516646
11166,1340.1999999999998,18,1,0.03507374021551791
11167,1290.2,19,1,0.03506321809345325
11168,1340.1999999999998,18,1,0.035052699128025215
11169,1339.0,20,1,0.03504218331828681
11170,1340.1999999999998,18,1,0.035031670663291326
11171,1340.1999999999998,18,1,0.03502116116209234
11172,1340.1999999999998,18,1,0.03501065481374371
11173,1514.4999999999998,30,1,0.035000151617299594
11174,1340.1999999999998,18,1,0.034989651571814405
11175,1240.2,20,1,0.03497915467634286
11176,1290.2,19,1,0.03496866092993996
11177,1340.1999999999998,18,1,0.03495817033166097
11178,1340.1999999999998,18,1,0.03494768288056148
11179,1340.1999999999998,18,1,0.03493719857569731
11180,1340.1999999999998,18,1,0.0349267174161246
11181,1340.1999999999998,18,1,0.034916239400899766
11182,1290.2,19,1,0.034905764529079494
11183,1339.0,20,1,0.03489529279972077
11184,1340.1999999999998,18,1,0.034884824211880855
11185,1340.1999999999998,18,1,0.034874358764617294
11186,1340.1999999999998,18,1,0.03486389645698791
11187,1339.0,20,1,0.03485343728805081
11188,1290.2,19,1,0.0348429812568644
11189,1339.0,20,1,0.03483252836248734
11190,1290.2,19,1,0.034822078603978596
11191,1240.2,20,1,0.034811631980397405
11192,1340.1999999999998,18,1,0.034801188490803284
11193,1340.1999999999998,18,1,0.03479074813425605
11194,1355.5,20,1,0.03478031090981577
11195,1340.1999999999998,18,1,0.03476987681654283
11196,1290.1999999999998,19,1,0.03475944585349787
11197,1290.1999999999998,19,1,0.03474901801974182
11198,1339.0,20,1,0.034738593314335896
11199,1340.1999999999998,18,1,0.034728171736341594
11200,1339.0,20,1,0.03471775328482069
11201,1340.1999999999998,18,1,0.034707337958835245
11202,1340.1999999999998,18,1,0.034696925757447594
11203,1340.1999999999998,18,1,0.034686516679720364
11204,1416.1999999999998,29,1,0.03467611072471645
11205,1340.1999999999998,18,1,0.03466570789149904
11206,1290.2,19,1,0.03465530817913159
11207,1340.1999999999998,18,1,0.034644911586677846
11208,1340.1999999999998,18,1,0.03463451811320185
11209,1339.0,20,1,0.03462412775776789
11210,1340.1999999999998,18,1,0.03461374051944056
11211,1340.1999999999998,18,1,0.03460335639728473
11212,1337.8,22,1,0.034592975390365543
11213,1340.1999999999998,18,1,0.03458259749774843
11214,1339.0,20,1,0.03457222271849911
11215,1340.1999999999998,18,1,0.03456185105168356
11216,1340.1999999999998,18,1,0.03455148249636805
11217,1240.2,20,1,0.03454111705161914
11218,1355.5,20,1,0.03453075471650366
11219,1290.2,19,1,0.03452039549008871
11220,1340.1999999999998,18,1,0.03451003937144168
11221,1340.1999999999998,18,1,0.03449968635963025
11222,1290.2,19,1,0.03448933645372236
11223,1290.2,19,1,0.03447898965278624
11224,1514.4999999999998,30,1,0.03446864595589041
11225,1340.1999999999998,18,1,0.03445830536210364
11226,1340.1999999999998,18,1,0.03444796787049501
11227,1340.1999999999998,18,1,0.034437633480133865
11228,1290.2,19,1,0.034427302190089826
11229,1340.1999999999998,18,1,0.0344169739994328
11230,1305.5,21,1,0.03440664890723297
11231,1340.1999999999998,18,1,0.034396326912560796
11232,1355.5,20,1,0.034386008014487025
11233,1340.1999999999998,18,1,0.03437569221208268
11234,1340.1999999999998,18,1,0.03436537950441906
11235,1340.1999999999998,18,1,0.03435506989056773
11236,1340.1999999999998,18,1,0.034344763369600566
11237,1340.1999999999998,18,1,0.03433445994058969
11238,1290.2,19,1,0.03432415960260751
11239,1290.2,19,1,0.034313862354726735
11240,1290.2,19,1,0.03430356819602032
11241,1340.1999999999998,18,1,0.03429327712556151
11242,1290.1999999999998,19,1,0.03428298914242384
11243,1435.6,24,1,0.034272704245681115
11244,1290.2,19,1,0.034262422434407414
11245,1339.0,20,1,0.03425214370767709
11246,1290.2,19,1,0.034241868064564786
11247,1340.1999999999998,18,1,0.034231595504145416
11248,1340.1999999999998,18,1,0.03422132602549417
11249,1240.2,20,1,0.03421105962768652
11250,1340.1999999999998,18,1,0.03420079630979822
11251,1339.0,20,1,0.03419053607090528
11252,1340.1999999999998,18,1,0.03418027891008401
11253,1340.1999999999998,18,1,0.03417002482641099
11254,1240.2,20,1,0.03415977381896307
11255,1340.1999999999998,18,1,0.03414952588681738
11256,1340.1999999999998,18,1,0.03413928102905134
11257,1340.1999999999998,18,1,0.03412903924474262
11258,1340.1999999999998,18,1,0.0341188005329692
11259,1340.1999999999998,18,1,0.034108564892809314
11260,1340.1999999999998,18,1,0.034098332323341474
11261,1240.2,20,1,0.034088102823644474
11262,1340.1999999999998,18,1,0.034077876392797385
11263,1340.1999999999998,18,1,0.03406765302987955
11264,1288.2,19,1,0.034057432733970584
11265,1290.2,19,1,0.034047215504150394
11266,1435.6,24,1,0.03403700133949915
11267,1435.6,24,1,0.0340267902390973
11268,1340.1999999999998,18,1,0.03401658220202557
11269,1355.5,20,1,0.034006377227364964
11270,1340.1999999999998,18,1,0.033996175314196755
11271,1339.0,20,1,0.0339859764616025
11272,1317.8,22,1,0.033975780668664024
11273,1340.1999999999998,18,1,0.03396558793446343
11274,1340.1999999999998,18,1,0.03395539825808309
11275,1339.0,20,1,0.033945211638605664
11276,1340.1999999999998,18,1,0.03393502807511408
11277,1340.1999999999998,18,1,0.03392484756669155
11278,1340.1999999999998,18,1,0.033914670112421545
11279,1289.0,21,1,0.033904495711387816
11280,1355.5,20,1,0.0338943243626744
11281,1340.1999999999998,18,1,0.0338841560653656
11282,1290.2,19,1,0.033873990818545995
11283,1240.2,20,1,0.03386382862130043
11284,1340.1999999999998,18,1,0.033853669472714044
11285,1340.1999999999998,18,1,0.03384351337187223
11286,1288.2,19,1,0.033833360317860675
11287,1355.5,20,1,0.03382321030976532
11288,1290.2,19,1,0.03381306334667239
11289,1240.2,20,1,0.03380291942766839
11290,1340.1999999999998,18,1,0.03379277855184009
11291,1340.1999999999998,18,1,0.03378264071827454
11292,1340.1999999999998,18,1,0.03377250592605906
11293,1340.1999999999998,18,1,0.03376237417428124
11294,1290.2,19,1,0.03375224546202896
11295,1340.1999999999998,18,1,0.03374211978839035
11296,1340.1999999999998,18,1,0.033731997152453834
11297,1340.1999999999998,18,1,0.0337218775533081
11298,1340.1999999999998,18,1,0.033711760990042104
11299,1290.2,19,1,0.033701647461745095
11300,1340.1999999999998,18,1,0.03369153696750657
11301,1340.1999999999998,18,1,0.03368142950641632
11302,1290.2,19,1,0.033671325077564394
11303,1290.2,19,1,0.033661223680041125
11304,1340.1999999999998,18,1,0.03365112531293711
11305,1339.0,20,1,0.03364102997534323
11306,1340.1999999999998,18,1,0.033630937666350634
11307,1339.0,20,1,0.03362084838505073
11308,1289.0,21,1,0.03361076213053522
11309,1340.1999999999998,18,1,0.03360067890189606
11310,1340.1999999999998,18,1,0.03359059869822549
11311,1290.2,19,1,0.03358052151861603
11312,1340.1999999999998,18,1,0.033570447362160444
11313,1340.1999999999998,18,1,0.0335603762279518
11314,1340.1999999999998,18,1,0.033550308115083416
11315,1290.2,19,1,0.033540243022648894
11316,1340.1999999999998,18,1,0.0335301809497421
11317,1340.1999999999998,18,1,0.033520121895457174
11318,1290.2,19,1,0.033510065858888535
11319,1340.1999999999998,18,1,0.03350001283913087
11320,1435.6,24,1,0.033489962835279136
11321,1340.1999999999998,18,1,0.03347991584642855
11322,1340.1999999999998,18,1,0.03346987187167463
11323,1340.1999999999998,18,1,0.03345983091011313
11324,1339.0,20,1,0.033449792960840094
11325,1340.1999999999998,18,1,0.03343975802295184
11326,1340.1999999999998,18,1,0.03342972609554496
11327,1340.1999999999998,18,1,0.0334196971777163
11328,1290.2,19,1,0.033409671268562986
11329,1340.1999999999998,18,1,0.03339964836718242
11330,1340.1999999999998,18,1,0.03338962847267227
11331,1339.0,20,1,0.03337961158413047
11332,1290.2,19,1,0.03336959770065523
11333,1355.5,20,1,0.03335958682134503
11334,1340.1999999999998,18,1,0.03334957894529863
11335,1340.1999999999998,18,1,0.03333957407161504
11336,1339.0,20,1,0.03332957219939355
11337,1340.1999999999998,18,1,0.033319573327733734
11338,1340.1999999999998,18,1,0.033309577455735415
11339,1340.1999999999998,18,1,0.033299584582498695
11340,1340.1999999999998,18,1,0.03328959470712395
11341,1290.2,19,1,0.03327960782871181
11342,1290.1999999999998,19,1,0.0332696239463632
11343,1340.1999999999998,18,1,0.03325964305917929
11344,1340.1999999999998,18,1,0.03324966516626154
11345,1340.1999999999998,18,1,0.03323969026671166
11346,1290.2,19,1,0.03322971835963165
11347,1340.1999999999998,18,1,0.03321974944412376
11348,1340.1999999999998,18,1,0.03320978351929052
11349,1339.0,20,1,0.033199820584234735
11350,1340.1999999999998,18,1,0.03318986063805947
11351,1290.2,19,1,0.033179903679868054
11352,1340.1999999999998,18,1,0.03316994970876409
11353,1340.1999999999998,18,1,0.03315999872385147
11354,1340.1999999999998,18,1,0.03315005072423431
11355,1340.1999999999998,18,1,0.03314010570901704
11356,1340.1999999999998,18,1,0.03313016367730434
11357,1340.1999999999998,18,1,0.033120224628201154
11358,1340.1999999999998,18,1,0.033110288560812697
11359,1340.1999999999998,18,1,0.033100355474244454
11360,1340.1999999999998,18,1,0.033090425367602185
11361,1340.1999999999998,18,1,0.03308049823999191
11362,1340.1999999999998,18,1,0.03307057409051991
11363,1340.1999999999998,18,1,0.03306065291829276
11364,1340.1999999999998,18,1,0.03305073472241727
11365,1340.1999999999998,18,1,0.033040819502000544
11366,1340.1999999999998,18,1,0.03303090725614995
11367,1290.2,19,1,0.0330209979839731
11368,1340.1999999999998,18,1,0.03301109168457791
11369,1340.1999999999998,18,1,0.03300118835707253
11370,1337.8,22,1,0.03299128800056541
11371,1340.1999999999998,18,1,0.03298139061416524
11372,1340.1999999999998,18,1,0.03297149619698099
11373,1340.1999999999998,18,1,0.032961604748121896
11374,1340.1999999999998,18,1,0.03295171626669746
11375,1340.1999999999998,18,1,0.032941830751817454
11376,1340.1999999999998,18,1,0.03293194820259191
11377,1403.8,22,1,0.032922068618131135
11378,1289.0,21,1,0.0329121919975457
11379,1270.8,23,1,0.03290231833994644
11380,1340.1999999999998,18,1,0.032892447644444454
11381,1290.2,19,1,0.03288257991015112
11382,1339.0,20,1,0.03287271513617808
11383,1290.2,19,1,0.03286285332163723
11384,1290.2,19,1,0.03285299446564074
11385,1340.1999999999998,18,1,0.03284313856730105
11386,1340.1999999999998,18,1,0.03283328562573086
11387,1340.1999999999998,18,1,0.03282343564004314
11388,1340.1999999999998,18,1,0.03281358860935113
11389,1340.1999999999998,18,1,0.032803744532768325
11390,1340.1999999999998,18,1,0.03279390340940849
11391,1340.1999999999998,18,1,0.03278406523838567
11392,1340.1999999999998,18,1,0.03277423001881416
11393,1340.1999999999998,18,1,0.032764397749808515
11394,1290.2,19,1,0.03275456843048357
11395,1340.1999999999998,18,1,0.032744742059954424
11396,1340.1999999999998,18,1,0.032734918637336435
11397,1339.0,20,1,0.032725098161745236
11398,1340.1999999999998,18,1,0.032715280632296714
11399,1340.1999999999998,18,1,0.03270546604810703
11400,1340.1999999999998,18,1,0.0326956544082926
11401,1340.1999999999998,18,1,0.03268584571197011
11402,1340.1999999999998,18,1,0.03267603995825652
11403,1340.1999999999998,18,1,0.032666237146269046
11404,1290.2,19,1,0.03265643727512517
11405,1340.1999999999998,18,1,0.032646640343942636
11406,1340.1999999999998,18,1,0.03263684635183946
11407,1339.0,20,1,0.03262705529793391
11408,1340.1999999999998,18,1,0.03261726718134453
11409,1340.1999999999998,18,1,0.032607482001190125
11410,1340.1999999999998,18,1,0.03259769975658977
11411,1340.1999999999998,18,1,0.032587920446662796
11412,1340.1999999999998,18,1,0.0325781440705288
11413,1290.2,19,1,0.03256837062730764
11414,1340.1999999999998,18,1,0.032558600116119454
11415,1340.1999999999998,18,1,0.03254883253608462
11416,1340.1999999999998,18,1,0.0325390678863238
11417,1289.0,21,1,0.0325293061659579
11418,1340.1999999999998,18,1,0.032519547374108115
11419,1435.6,24,1,0.032509791509895886
11420,1355.5,20,1,0.03250003857244292
11421,1340.1999999999998,18,1,0.03249028856087119
11422,1340.1999999999998,18,1,0.03248054147430293
11423,1340.1999999999998,18,1,0.032470797311860644
11424,1340.1999999999998,18,1,0.03246105607266709
11425,1240.2,20,1,0.03245131775584529
11426,1290.2,19,1,0.032441582360518535
11427,1339.0,20,1,0.03243184988581038
11428,1340.1999999999998,18,1,0.03242212033084464
11429,1340.1999999999998,18,1,0.03241239369474539
11430,1290.2,19,1,0.03240266997663697
11431,1340.1999999999998,18,1,0.032392949175643976
11432,1290.2,19,1,0.03238323129089128
11433,1290.2,19,1,0.032373516321504016
11434,1340.1999999999998,18,1,0.032363804266607565
11435,1340.1999999999998,18,1,0.03235409512532758
11436,1340.1999999999998,18,1,0.032344388896789984
11437,1340.1999999999998,18,1,0.032334685580120946
11438,1340.1999999999998,18,1,0.03232498517444691
11439,1385.6,25,1,0.03231528767889458
11440,1340.1999999999998,18,1,0.03230559309259091
11441,1340.1999999999998,18,1,0.03229590141466313
11442,1340.1999999999998,18,1,0.03228621264423873
11443,1290.2,19,1,0.032276526780445465
11444,1340.1999999999998,18,1,0.03226684382241133
11445,1340.1999999999998,18,1,0.03225716376926461
11446,1340.1999999999998,18,1,0.03224748662013383
11447,1340.1999999999998,18,1,0.032237812374147794
11448,1340.1999999999998,18,1,0.03222814103043555
11449,1290.1999999999998,19,1,0.03221847258812642
11450,1290.2,19,1,0.032208807046349985
11451,1340.1999999999998,18,1,0.03219914440423608
11452,1290.1999999999998,19,1,0.03218948466091481
11453,1339.0,20,1,0.03217982781551654
11454,1339.0,20,1,0.032170173867171886
11455,1340.1999999999998,18,1,0.032160522815011736
11456,1290.2,19,1,0.03215087465816723
11457,1340.1999999999998,18,1,0.032141229395769785
11458,1340.1999999999998,18,1,0.032131587026951056
11459,1340.1999999999998,18,1,0.03212194755084297
11460,1340.1999999999998,18,1,0.03211231096657772
11461,1339.0,20,1,0.03210267727328775
11462,1240.2,20,1,0.03209304647010577
11463,1340.1999999999998,18,1,0.032083418556164735
11464,1340.1999999999998,18,1,0.03207379353059789
11465,1340.1999999999998,18,1,0.03206417139253871
11466,1340.1999999999998,18,1,0.03205455214112095
11467,1340.1999999999998,18,1,0.032044935775478615
11468,1340.1999999999998,18,1,0.032035322294745976
11469,1340.1999999999998,18,1,0.032025711698057555
11470,1240.2,20,1,0.03201610398454814
11471,1340.1999999999998,18,1,0.032006499153352776
11472,1290.2,19,1,0.031996897203606774
11473,1340.1999999999998,18,1,0.031987298134445695
11474,1514.4999999999998,30,1,0.03197770194500536
11475,1290.2,19,1,0.031968108634421864
11476,1340.1999999999998,18,1,0.031958518201831536
11477,1290.1999999999998,19,1,0.031948930646370985
11478,1340.1999999999998,18,1,0.031939345967177075
11479,1340.1999999999998,18,1,0.03192976416338692
11480,1373.8,22,1,0.03192018523413791
11481,1339.0,20,1,0.03191060917856767
11482,1340.1999999999998,18,1,0.0319010359958141
11483,1340.1999999999998,18,1,0.03189146568501536
11484,1340.1999999999998,18,1,0.031881898245309855
11485,1340.1999999999998,18,1,0.031872333675836265
11486,1340.1999999999998,18,1,0.03186277197573351
11487,1340.1999999999998,18,1,0.031853213144140795
11488,1340.1999999999998,18,1,0.031843657180197556
11489,1340.1999999999998,18,1,0.0318341040830435
11490,1340.1999999999998,18,1,0.031824553851818586
11491,1340.1999999999998,18,1,0.031815006485663044
11492,1340.1999999999998,18,1,0.031805461983717344
11493,1340.1999999999998,18,1,0.03179592034512223
11494,1340.1999999999998,18,1,0.03178638156901869
11495,1340.1999999999998,18,1,0.03177684565454798
11496,1340.1999999999998,18,1,0.03176731260085162
11497,1290.2,19,1,0.03175778240707136
11498,1340.1999999999998,18,1,0.03174825507234924
11499,1290.2,19,1,0.03173873059582754
11500,1290.2,19,1,0.03172920897664879
11501,1240.2,20,1,0.0317196902139558
11502,1339.0,20,1,0.03171017430689162
11503,1340.1999999999998,18,1,0.03170066125459955
11504,1355.5,20,1,0.031691151056223166
11505,1339.0,20,1,0.0316816437109063
11506,1240.2,20,1,0.03167213921779303
11507,1339.0,20,1,0.03166263757602769
11508,1340.1999999999998,18,1,0.03165313878475488
11509,1339.0,20,1,0.031643642843119456
11510,1340.1999999999998,18,1,0.03163414975026652
11511,1340.1999999999998,18,1,0.03162465950534144
11512,1339.0,20,1,0.03161517210748984
11513,1340.1999999999998,18,1,0.031605687555857596
11514,1340.1999999999998,18,1,0.03159620584959084
11515,1340.1999999999998,18,1,0.03158672698783596
11516,1339.0,20,1,0.03157725096973961
11517,1355.5,20,1,0.031567777794448686
11518,1340.1999999999998,18,1,0.03155830746111035
11519,1340.1999999999998,18,1,0.03154883996887202
11520,1340.1999999999998,18,1,0.031539375316881356
11521,1340.1999999999998,18,1,0.03152991350428629
11522,1340.1999999999998,18,1,0.031520454530235005
11523,1340.1999999999998,18,1,0.03151099839387594
11524,1340.1999999999998,18,1,0.03150154509435778
11525,1340.1999999999998,18,1,0.03149209463082947
11526,1340.1999999999998,18,1,0.031482647002440224
11527,1435.6,24,1,0.03147320220833949
11528,1340.1999999999998,18,1,0.03146376024767699
11529,1340.1999999999998,18,1,0.03145432111960269
11530,1339.0,20,1,0.03144488482326681
11531,1340.1999999999998,18,1,0.03143545135781983
11532,1340.1999999999998,18,1,0.03142602072241249
11533,1290.2,19,1,0.031416592916195765
11534,1340.1999999999998,18,1,0.03140716793832091
11535,1340.1999999999998,18,1,0.03139774578793941
11536,1339.0,20,1,0.03138832646420303
11537,1290.2,19,1,0.031378909966263774
11538,1340.1999999999998,18,1,0.031369496293273895
11539,1340.1999999999998,18,1,0.03136008544438591
11540,1340.1999999999998,18,1,0.031350677418752596
11541,1340.1999999999998,18,1,0.03134127221552697
11542,1340.1999999999998,18,1,0.03133186983386231
11543,1340.1999999999998,18,1,0.031322470272912156
11544,1290.2,19,1,0.031313073531830285
11545,1340.1999999999998,18,1,0.031303679609770735
11546,1340.1999999999998,18,1,0.03129428850588781
11547,1290.2,19,1,0.03128490021933604
11548,1340.1999999999998,18,1,0.03127551474927024
11549,1340.1999999999998,18,1,0.03126613209484546
11550,1290.2,19,1,0.031256752255217006
11551,1340.1999999999998,18,1,0.031247375229540443
11552,1340.1999999999998,18,1,0.031238001016971582
11553,1340.1999999999998,18,1,0.031228629616666493
11554,1340.1999999999998,18,1,0.031219261027781494
11555,1340.1999999999998,18,1,0.031209895249473162
11556,1340.1999999999998,18,1,0.03120053228089832
11557,1340.1999999999998,18,1,0.031191172121214052
11558,1340.1999999999998,18,1,0.03118181476957769
11559,1340.1999999999998,18,1,0.031172460225146817
11560,1340.1999999999998,18,1,0.031163108487079275
11561,1340.1999999999998,18,1,0.03115375955453315
11562,1340.1999999999998,18,1,0.03114441342666679
11563,1340.1999999999998,18,1,0.031135070102638794
11564,1340.1999999999998,18,1,0.031125729581608003
11565,1337.8,22,1,0.03111639186273352
11566,1340.1999999999998,18,1,0.0311070569451747
11567,1340.1999999999998,18,1,0.031097724828091148
11568,1340.1999999999998,18,1,0.03108839551064272
11569,1340.1999999999998,18,1,0.03107906899198953
11570,1340.1999999999998,18,1,0.031069745271291933
11571,1290.2,19,1,0.031060424347710548
11572,1290.2,19,1,0.031051106220406237
11573,1305.5,21,1,0.031041790888540116
11574,1340.1999999999998,18,1,0.031032478351273554
11575,1340.1999999999998,18,1,0.031023168607768173
11576,1340.1999999999998,18,1,0.031013861657185844
11577,1340.1999999999998,18,1,0.03100455749868869
11578,1340.1999999999998,18,1,0.030995256131439084
11579,1340.1999999999998,18,1,0.030985957554599652
11580,1340.1999999999998,18,1,0.030976661767333272
11581,1340.1999999999998,18,1,0.030967368768803072
11582,1340.1999999999998,18,1,0.030958078558172432
11583,1340.1999999999998,18,1,0.03094879113460498
11584,1340.1999999999998,18,1,0.0309395064972646
11585,1339.0,20,1,0.030930224645315422
11586,1340.1999999999998,18,1,0.030920945577921827
11587,1290.2,19,1,0.03091166929424845
11588,1355.5,20,1,0.03090239579346018
11589,1340.1999999999998,18,1,0.030893125074722142
11590,1340.1999999999998,18,1,0.030883857137199728
11591,1340.1999999999998,18,1,0.03087459198005857
11592,1340.1999999999998,18,1,0.03086532960246455
11593,1340.1999999999998,18,1,0.030856070003583813
11594,1340.1999999999998,18,1,0.030846813182582738
11595,1340.1999999999998,18,1,0.030837559138627964
11596,1340.1999999999998,18,1,0.030828307870886376
11597,1340.1999999999998,18,1,0.03081905937852511
11598,1337.8,22,1,0.030809813660711553
11599,1340.1999999999998,18,1,0.03080057071661334
11600,1340.1999999999998,18,1,0.030791330545398357
11601,1290.2,19,1,0.03078209314623474
11602,1340.1999999999998,18,1,0.03077285851829087
11603,1340.1999999999998,18,1,0.030763626660735382
11604,1340.1999999999998,18,1,0.030754397572737163
11605,1340.1999999999998,18,1,0.03074517125346534
11606,1340.1999999999998,18,1,0.030735947702089303
11607,1340.1999999999998,18,1,0.03072672691777868
11608,1240.2,20,1,0.030717508899703348
11609,1340.1999999999998,18,1,0.03070829364703344
11610,1290.2,19,1,0.03069908115893933
11611,1340.1999999999998,18,1,0.030689871434591648
11612,1290.1999999999998,19,1,0.03068066447316127
11613,1340.1999999999998,18,1,0.030671460273819322
11614,1340.1999999999998,18,1,0.03066225883573718
11615,1340.1999999999998,18,1,0.03065306015808646
11616,1289.0,21,1,0.030643864240039034
11617,1340.1999999999998,18,1,0.030634671080767024
11618,1340.1999999999998,18,1,0.030625480679442794
11619,1340.1999999999998,18,1,0.03061629303523896
11620,1340.1999999999998,18,1,0.03060710814732839
11621,1340.1999999999998,18,1,0.030597926014884192
11622,1340.1999999999998,18,1,0.03058874663707973
11623,1340.1999999999998,18,1,0.030579570013088607
11624,1340.1999999999998,18,1,0.03057039614208468
11625,1340.1999999999998,18,1,0.030561225023242055
11626,1355.5,20,1,0.030552056655735082
11627,1288.2,19,1,0.030542891038738362
11628,1340.1999999999998,18,1,0.03053372817142674
11629,1349.1999999999998,31,1,0.030524568052975314
11630,1340.1999999999998,18,1,0.030515410682559422
11631,1340.1999999999998,18,1,0.030506256059354656
11632,1435.6,24,1,0.03049710418253685
11633,1340.1999999999998,18,1,0.03048795505128209
11634,1290.1999999999998,19,1,0.030478808664766707
11635,1340.1999999999998,18,1,0.03046966502216728
11636,1340.1999999999998,18,1,0.03046052412266063
11637,1340.1999999999998,18,1,0.030451385965423832
11638,1340.1999999999998,18,1,0.030442250549634207
11639,1340.1999999999998,18,1,0.03043311787446932
11640,1290.2,19,1,0.03042398793910698
11641,1340.1999999999998,18,1,0.030414860742725248
11642,1290.2,19,1,0.03040573628450243
11643,1434.3999999999999,26,1,0.030396614563617082
11644,1340.1999999999998,18,1,0.030387495579247997
11645,1290.2,19,1,0.030378379330574225
11646,1290.2,19,1,0.030369265816775053
11647,1290.2,19,1,0.03036015503703002
11648,1355.5,20,1,0.030351046990518913
11649,1290.2,19,1,0.03034194167642176
11650,1289.0,21,1,0.030332839093918835
11651,1340.1999999999998,18,1,0.03032373924219066
11652,1340.1999999999998,18,1,0.030314642120418
11653,1497.9999999999998,30,1,0.03030554772778188
11654,1340.1999999999998,18,1,0.030296456063463546
11655,1340.1999999999998,18,1,0.03028736712664451
11656,1340.1999999999998,18,1,0.030278280916506518
11657,1340.1999999999998,18,1,0.030269197432231568
11658,1499.1999999999998,28,1,0.0302601166730019
11659,1340.1999999999998,18,1,0.030251038638
11660,1340.1999999999998,18,1,0.0302419633264086
11661,1340.1999999999998,18,1,0.03023289073741068
11662,1340.1999999999998,18,1,0.030223820870189457
11663,1340.1999999999998,18,1,0.0302147537239284
11664,1340.1999999999998,18,1,0.030205689297811224
11665,1339.0,20,1,0.03019662759102188
11666,1290.1999999999998,19,1,0.030187568602744574
11667,1290.2,19,1,0.030178512332163752
11668,1205.5,23,1,0.030169458778464105
11669,1289.0,21,1,0.030160407940830566
11670,1340.1999999999998,18,1,0.03015135981844832
11671,1340.1999999999998,18,1,0.030142314410502784
11672,1339.0,20,1,0.030133271716179636
11673,1340.1999999999998,18,1,0.03012423173466478
11674,1290.2,19,1,0.030115194465144383
11675,1340.1999999999998,18,1,0.03010615990680484
11676,1340.1999999999998,18,1,0.0300971280588328
11677,1340.1999999999998,18,1,0.03008809892041515
11678,1289.0,21,1,0.030079072490739028
11679,1340.1999999999998,18,1,0.030070048768991806
11680,1340.1999999999998,18,1,0.03006102775436111
11681,1340.1999999999998,18,1,0.0300520094460348
11682,1340.1999999999998,18,1,0.030042993843200992
11683,1340.1999999999998,18,1,0.03003398094504803
11684,1290.2,19,1,0.030024970750764518
11685,1339.0,20,1,0.03001596325953929
11686,1339.0,20,1,0.030006958470561427
11687,1340.1999999999998,18,1,0.02999795638302026
11688,1340.1999999999998,18,1,0.029988956996105355
11689,1340.1999999999998,18,1,0.029979960309006525
11690,1339.0,20,1,0.029970966320913825
11691,1340.1999999999998,18,1,0.02996197503101755
11692,1340.1999999999998,18,1,0.029952986438508248
11693,1340.1999999999998,18,1,0.029944000542576697
11694,1403.8,22,1,0.029935017342413925
11695,1340.1999999999998,18,1,0.029926036837211203
11696,1499.1999999999998,28,1,0.02991705902616004
11697,1340.1999999999998,18,1,0.02990808390845219
11698,1290.2,19,1,0.029899111483279655
11699,1240.2,20,1,0.029890141749834672
11700,1497.9999999999998,30,1,0.02988117470730972
11701,1239.0,22,1,0.029872210354897528
11702,1340.1999999999998,18,1,0.02986324869179106
11703,1290.2,19,1,0.029854289717183524
11704,1340.1999999999998,18,1,0.029845333430268368
11705,1240.2,20,1,0.029836379830239287
11706,1340.1999999999998,18,1,0.029827428916290217
11707,1340.1999999999998,18,1,0.02981848068761533
11708,1340.1999999999998,18,1,0.029809535143409047
11709,1340.1999999999998,18,1,0.029800592282866026
11710,1340.1999999999998,18,1,0.029791652105181168
11711,1339.0,20,1,0.029782714609549614
11712,1340.1999999999998,18,1,0.02977377979516675
11713,1340.1999999999998,18,1,0.0297648476612282
11714,1340.1999999999998,18,1,0.029755918206929834
11715,1340.1999999999998,18,1,0.029746991431467754
11716,1289.0,21,1,0.029738067334038314
11717,1340.1999999999998,18,1,0.029729145913838104
11718,1339.0,20,1,0.029720227170063954
11719,1340.1999999999998,18,1,0.029711311101912937
11720,1340.1999999999998,18,1,0.029702397708582365
11721,1340.1999999999998,18,1,0.029693486989269793
11722,1240.2,20,1,0.02968457894317301
11723,1340.1999999999998,18,1,0.029675673569490062
11724,1340.1999999999998,18,1,0.029666770867419215
11725,1355.5,20,1,0.02965787083615899
11726,1290.2,19,1,0.029648973474908143
11727,1340.1999999999998,18,1,0.029640078782865672
11728,1340.1999999999998,18,1,0.029631186759230814
11729,1290.2,19,1,0.029622297403203046
11730,1340.1999999999998,18,1,0.029613410713982085
11731,1340.1999999999998,18,1,0.02960452669076789
11732,1290.2,19,1,0.02959564533276066
11733,1340.1999999999998,18,1,0.029586766639160832
11734,1340.1999999999998,18,1,0.029577890609169086
11735,1340.1999999999998,18,1,0.029569017241986337
11736,1340.1999999999998,18,1,0.02956014653681374
11737,1290.2,19,1,0.0295512784928527
11738,1240.2,20,1,0.029542413109304846
11739,1340.1999999999998,18,1,0.029533550385372056
11740,1290.2,19,1,0.029524690320256446
11741,1290.2,19,1,0.02951583291316037
11742,1340.1999999999998,18,1,0.029506978163286422
11743,1290.2,19,1,0.029498126069837437
11744,1340.1999999999998,18,1,0.029489276632016486
11745,1290.2,19,1,0.029480429849026882
11746,1339.0,20,1,0.029471585720072177
11747,1340.1999999999998,18,1,0.029462744244356156
11748,1340.1999999999998,18,1,0.02945390542108285
11749,1340.1999999999998,18,1,0.02944506924945653
11750,1340.1999999999998,18,1,0.029436235728681693
11751,1290.2,19,1,0.02942740485796309
11752,1339.0,20,1,0.0294185766365057
11753,1340.1999999999998,18,1,0.02940975106351475
11754,1340.1999999999998,18,1,0.029400928138195698
11755,1290.1999999999998,19,1,0.02939210785975424
11756,1340.1999999999998,18,1,0.029383290227396316
11757,1290.2,19,1,0.0293744752403281
11758,1340.1999999999998,18,1,0.029365662897756002
11759,1285.2,19,1,0.029356853198886677
11760,1340.1999999999998,18,1,0.029348046142927013
11761,1340.1999999999998,18,1,0.029339241729084135
11762,1340.1999999999998,18,1,0.02933043995656541
11763,1340.1999999999998,18,1,0.02932164082457844
11764,1340.1999999999998,18,1,0.029312844332331067
11765,1340.1999999999998,18,1,0.02930405047903137
11766,1340.1999999999998,18,1,0.02929525926388766
11767,1340.1999999999998,18,1,0.029286470686108495
11768,1339.0,20,1,0.029277684744902662
11769,1340.1999999999998,18,1,0.029268901439479193
11770,1340.1999999999998,18,1,0.02926012076904735
11771,1340.1999999999998,18,1,0.029251342732816637
11772,1340.1999999999998,18,1,0.029242567329996794
11773,1339.0,20,1,0.029233794559797795
11774,1340.1999999999998,18,1,0.02922502442142986
11775,1290.2,19,1,0.02921625691410343
11776,1340.1999999999998,18,1,0.0292074920370292
11777,1289.0,21,1,0.029198729789418093
11778,1290.2,19,1,0.029189970170481267
11779,1340.1999999999998,18,1,0.029181213179430125
11780,1340.1999999999998,18,1,0.029172458815476296
11781,1340.1999999999998,18,1,0.029163707077831655
11782,1339.0,20,1,0.029154957965708307
11783,1340.1999999999998,18,1,0.029146211478318595
11784,1340.1999999999998,18,1,0.0291374676148751
11785,1290.1999999999998,19,1,0.029128726374590637
11786,1290.2,19,1,0.02911998775667826
11787,1340.1999999999998,18,1,0.02911125176035126
11788,1340.1999999999998,18,1,0.029102518384823153
11789,1290.2,19,1,0.029093787629307706
11790,1340.1999999999998,18,1,0.029085059493018914
11791,1340.1999999999998,18,1,0.02907633397517101
11792,1290.1999999999998,19,1,0.029067611074978458
11793,1340.1999999999998,18,1,0.029058890791655963
11794,1340.1999999999998,18,1,0.029050173124418467
11795,1340.1999999999998,18,1,0.029041458072481142
11796,1435.6,24,1,0.0290327456350594
11797,1238.2,20,1,0.029024035811368882
11798,1340.1999999999998,18,1,0.029015328600625473
11799,1353.1,24,1,0.029006624002045286
11800,1340.1999999999998,18,1,0.028997922014844673
11801,1240.2,20,1,0.02898922263824022
11802,1340.1999999999998,18,1,0.02898052587144875
11803,1403.8,22,1,0.028971831713687318
11804,1340.1999999999998,18,1,0.02896314016417321
11805,1340.1999999999998,18,1,0.02895445122212396
11806,1340.1999999999998,18,1,0.028945764886757326
11807,1340.1999999999998,18,1,0.0289370811572913
11808,1340.1999999999998,18,1,0.028928400032944116
11809,1340.1999999999998,18,1,0.028919721512934232
11810,1339.0,20,1,0.028911045596480354
11811,1340.1999999999998,18,1,0.02890237228280141
11812,1340.1999999999998,18,1,0.02889370157111657
11813,1285.7999999999997,23,1,0.028885033460645238
11814,1449.1999999999998,29,1,0.028876367950607044
11815,1340.1999999999998,18,1,0.028867705040221864
11816,1340.1999999999998,18,1,0.028859044728709798
11817,1340.1999999999998,18,1,0.028850387015291187
11818,1340.1999999999998,18,1,0.0288417318991866
11819,1340.1999999999998,18,1,0.028833079379616842
11820,1340.1999999999998,18,1,0.02882442945580296
11821,1290.2,19,1,0.02881578212696622
11822,1290.2,19,1,0.028807137392328132
11823,1402.6,24,1,0.028798495251110435
11824,1340.1999999999998,18,1,0.028789855702535103
11825,1340.1999999999998,18,1,0.028781218745824344
11826,1340.1999999999998,18,1,0.028772584380200597
11827,1290.2,19,1,0.02876395260488654
11828,1335.6,26,1,0.028755323419105073
11829,1340.1999999999998,18,1,0.02874669682207934
11830,1340.1999999999998,18,1,0.028738072813032717
11831,1340.1999999999998,18,1,0.02872945139118881
11832,1340.1999999999998,18,1,0.028720832555771455
11833,1385.6,25,1,0.028712216306004724
11834,1340.1999999999998,18,1,0.028703602641112925
11835,1340.1999999999998,18,1,0.02869499156032059
11836,1340.1999999999998,18,1,0.028686383062852497
11837,1403.8,22,1,0.028677777147933643
11838,1340.1999999999998,18,1,0.028669173814789263
11839,1240.2,20,1,0.02866057306264483
11840,1290.2,19,1,0.028651974890726035
11841,1355.5,20,1,0.028643379298258817
11842,1340.1999999999998,18,1,0.02863478628446934
11843,1340.1999999999998,18,1,0.028626195848584
11844,1340.1999999999998,18,1,0.028617607989829423
11845,1340.1999999999998,18,1,0.028609022707432475
11846,1340.1999999999998,18,1,0.028600440000620245
11847,1288.2,19,1,0.02859185986862006
11848,1340.1999999999998,18,1,0.028583282310659472
11849,1340.1999999999998,18,1,0.028574707325966276
11850,1340.1999999999998,18,1,0.028566134913768488
11851,1340.1999999999998,18,1,0.028557565073294357
11852,1340.1999999999998,18,1,0.028548997803772368
11853,1449.1999999999998,29,1,0.02854043310443124
11854,1340.1999999999998,18,1,0.02853187097449991
11855,1340.1999999999998,18,1,0.02852331141320756
11856,1340.1999999999998,18,1,0.0285147544197836
11857,1355.5,20,1,0.028506199993457666
11858,1340.1999999999998,18,1,0.02849764813345963
11859,1435.6,24,1,0.02848909883901959
11860,1340.1999999999998,18,1,0.028480552109367886
11861,1290.1999999999998,19,1,0.028472007943735077
11862,1340.1999999999998,18,1,0.028463466341351957
11863,1339.0,20,1,0.02845492730144955
11864,1290.2,19,1,0.028446390823259116
11865,1340.1999999999998,18,1,0.028437856906012138
11866,1340.1999999999998,18,1,0.028429325548940336
11867,1340.1999999999998,18,1,0.028420796751275654
11868,1340.1999999999998,18,1,0.028412270512250273
11869,1290.2,19,1,0.0284037468310966
11870,1340.1999999999998,18,1,0.02839522570704727
11871,1340.1999999999998,18,1,0.02838670713933516
11872,1340.1999999999998,18,1,0.02837819112719336
11873,1339.0,20,1,0.028369677669855202
11874,1340.1999999999998,18,1,0.028361166766554247
11875,1435.6,24,1,0.028352658416524283
11876,1340.1999999999998,18,1,0.02834415261899933
11877,1240.1999999999998,20,1,0.02833564937321363
11878,1340.1999999999998,18,1,0.028327148678401668
11879,1340.1999999999998,18,1,0.02831865053379815
11880,1340.1999999999998,18,1,0.02831015493863801
11881,1340.1999999999998,18,1,0.02830166189215642
11882,1340.1999999999998,18,1,0.028293171393588775
11883,1340.1999999999998,18,1,0.0282846834421707
11884,1290.2,19,1,0.028276198037138052
11885,1289.0,21,1,0.028267715177726912
11886,1340.1999999999998,18,1,0.028259234863173596
11887,1340.1999999999998,18,1,0.028250757092714646
11888,1340.1999999999998,18,1,0.028242281865586832
11889,1340.1999999999998,18,1,0.028233809181027157
11890,1340.1999999999998,18,1,0.02822533903827285
11891,1435.6,24,1,0.028216871436561368
11892,1337.8,22,1,0.0282084063751304
11893,1339.0,20,1,0.028199943853217863
11894,1340.1999999999998,18,1,0.028191483870061897
11895,1340.1999999999998,18,1,0.02818302642490088
11896,1340.1999999999998,18,1,0.028174571516973407
11897,1290.2,19,1,0.028166119145518316
11898,1340.1999999999998,18,1,0.02815766930977466
11899,1340.1999999999998,18,1,0.02814922200898173
11900,1340.1999999999998,18,1,0.028140777242379036
11901,1340.1999999999998,18,1,0.028132335009206325
11902,1339.0,20,1,0.028123895308703562
11903,1340.1999999999998,18,1,0.028115458140110954
11904,1290.2,19,1,0.028107023502668922
11905,1339.0,20,1,0.02809859139561812
11906,1340.1999999999998,18,1,0.028090161818199438
11907,1340.1999999999998,18,1,0.02808173476965398
11908,1340.1999999999998,18,1,0.028073310249223084
11909,1450.8999999999999,26,1,0.028064888256148317
11910,1290.2,19,1,0.028056468789671475
11911,1340.1999999999998,18,1,0.028048051849034576
11912,1340.1999999999998,18,1,0.028039637433479866
11913,1340.1999999999998,18,1,0.02803122554224982
11914,1340.1999999999998,18,1,0.028022816174587146
11915,1339.0,20,1,0.02801440932973477
11916,1340.1999999999998,18,1,0.02800600500693585
11917,1340.1999999999998,18,1,0.027997603205433774
11918,1339.0,20,1,0.027989203924472145
11919,1340.1999999999998,18,1,0.027980807163294805
11920,1290.2,19,1,0.027972412921145818
11921,1340.1999999999998,18,1,0.027964021197269474
11922,1340.1999999999998,18,1,0.027955631990910293
11923,1290.2,19,1,0.027947245301313022
11924,1340.1999999999998,18,1,0.02793886112772263
11925,1340.1999999999998,18,1,0.027930479469384314
11926,1340.1999999999998,18,1,0.0279221003255435
11927,1340.1999999999998,18,1,0.027913723695445838
11928,1340.1999999999998,18,1,0.027905349578337204
11929,1340.1999999999998,18,1,0.027896977973463705
11930,1339.0,20,1,0.027888608880071667
11931,1339.0,20,1,0.027880242297407647
11932,1340.1999999999998,18,1,0.027871878224718424
11933,1340.1999999999998,18,1,0.02786351666125101
11934,1340.1999999999998,18,1,0.027855157606252637
11935,1340.1999999999998,18,1,0.027846801058970763
11936,1340.1999999999998,18,1,0.027838447018653074
11937,1340.1999999999998,18,1,0.02783009548454748
11938,1340.1999999999998,18,1,0.02782174645590212
11939,1340.1999999999998,18,1,0.02781339993196535
11940,1290.2,19,1,0.027805055911985763
11941,1340.1999999999998,18,1,0.02779671439521217
11942,1340.1999999999998,18,1,0.027788375380893605
11943,1340.1999999999998,18,1,0.027780038868279337
11944,1339.0,20,1,0.027771704856618853
11945,1290.2,19,1,0.02776337334516187
11946,1339.0,20,1,0.02775504433315832
11947,1340.1999999999998,18,1,0.027746717819858373
11948,1340.1999999999998,18,1,0.027738393804512415
11949,1340.1999999999998,18,1,0.027730072286371064
11950,1340.1999999999998,18,1,0.027721753264685154
11951,1355.5,20,1,0.02771343673870575
11952,1340.1999999999998,18,1,0.02770512270768414
11953,1340.1999999999998,18,1,0.027696811170871836
11954,1340.1999999999998,18,1,0.027688502127520574
11955,1340.1999999999998,18,1,0.027680195576882317
11956,1340.1999999999998,18,1,0.027671891518209254
11957,1340.1999999999998,18,1,0.02766358995075379
11958,1340.1999999999998,18,1,0.027655290873768567
11959,1340.1999999999998,18,1,0.027646994286506438
11960,1340.1999999999998,18,1,0.027638700188220486
11961,1340.1999999999998,18,1,0.027630408578164022
11962,1340.1999999999998,18,1,0.027622119455590573
11963,1340.1999999999998,18,1,0.027613832819753898
11964,1340.1999999999998,18,1,0.027605548669907973
11965,1340.1999999999998,18,1,0.027597267005307003
11966,1340.1999999999998,18,1,0.027588987825205413
11967,1340.1999999999998,18,1,0.027580711128857852
11968,1290.2,19,1,0.027572436915519197
11969,1340.1999999999998,18,1,0.02756416518444454
11970,1340.1999999999998,18,1,0.027555895934889208
11971,1340.1999999999998,18,1,0.027547629166108742
11972,1340.1999999999998,18,1,0.02753936487735891
11973,1340.1999999999998,18,1,0.027531103067895704
11974,1339.0,20,1,0.027522843736975337
11975,1240.2,20,1,0.027514586883854244
11976,1340.1999999999998,18,1,0.02750633250778909
11977,1339.0,20,1,0.027498080608036754
11978,1290.2,19,1,0.027489831183854344
11979,1340.1999999999998,18,1,0.027481584234499187
11980,1340.1999999999998,18,1,0.02747333975922884
11981,1340.1999999999998,18,1,0.02746509775730107
11982,1340.1999999999998,18,1,0.02745685822797388
11983,1340.1999999999998,18,1,0.027448621170505488
11984,1340.1999999999998,18,1,0.027440386584154337
11985,1340.1999999999998,18,1,0.027432154468179093
11986,1355.5,20,1,0.02742392482183864
11987,1340.1999999999998,18,1,0.02741569764439209
11988,1340.1999999999998,18,1,0.027407472935098775
11989,1340.1999999999998,18,1,0.027399250693218247
11990,1340.1999999999998,18,1,0.027391030918010283
11991,1340.1999999999998,18,1,0.02738281360873488
11992,1340.1999999999998,18,1,0.02737459876465226
11993,1340.1999999999998,18,1,0.027366386385022867
11994,1340.1999999999998,18,1,0.027358176469107362
11995,1340.1999999999998,18,1,0.027349969016166632
11996,1340.1999999999998,18,1,0.027341764025461783
11997,1340.1999999999998,18,1,0.027333561496254145
11998,1340.1999999999998,18,1,0.02732536142780527
11999,1340.1999999999998,18,1,0.02731716381937693
12000,1340.1999999999998,18,1,0.027308968670231117
12001,1340.1999999999998,18,1,0.027300775979630047
12002,1340.1999999999998,18,1,0.02729258574683616
12003,1340.1999999999998,18,1,0.02728439797111211
12004,1290.2,19,1,0.027276212651720776
12005,1290.2,19,1,0.02726802978792526
12006,1337.8,22,1,0.02725984937898888
12007,1340.1999999999998,18,1,0.027251671424175186
12008,1340.1999999999998,18,1,0.027243495922747933
12009,1340.1999999999998,18,1,0.02723532287397111
12010,1340.1999999999998,18,1,0.02722715227710892
12011,1340.1999999999998,18,1,0.02721898413142579
12012,1340.1999999999998,18,1,0.027210818436186363
12013,1340.1999999999998,18,1,0.027202655190655508
12014,1339.0,20,1,0.027194494394098313
12015,1340.1999999999998,18,1,0.027186336045780083
12016,1340.1999999999998,18,1,0.02717818014496635
12017,1290.2,19,1,0.02717002669092286
12018,1290.2,19,1,0.027161875682915584
12019,1340.1999999999998,18,1,0.02715372712021071
12020,1340.1999999999998,18,1,0.027145581002074644
12021,1340.1999999999998,18,1,0.027137437327774024
12022,1289.0,21,1,0.027129296096575693
12023,1290.2,19,1,0.02712115730774672
12024,1340.1999999999998,18,1,0.027113020960554398
12025,1339.0,20,1,0.02710488705426623
12026,1290.2,19,1,0.027096755588149952
12027,1290.1999999999998,19,1,0.027088626561473508
12028,1339.0,20,1,0.027080499973505066
12029,1340.1999999999998,18,1,0.027072375823513014
12030,1339.0,20,1,0.027064254110765962
12031,1340.1999999999998,18,1,0.027056134834532734
12032,1340.1999999999998,18,1,0.027048017994082376
12033,1340.1999999999998,18,1,0.02703990358868415
12034,1340.1999999999998,18,1,0.027031791617607548
12035,1340.1999999999998,18,1,0.027023682080122267
12036,1339.0,20,1,0.02701557497549823
12037,1290.2,19,1,0.02700747030300558
12038,1499.1999999999998,28,1,0.02699936806191468
12039,1340.1999999999998,18,1,0.026991268251496107
12040,1497.9999999999998,30,1,0.02698317087102066
12041,1240.2,20,1,0.026975075919759353
12042,1290.2,19,1,0.026966983396983425
12043,1340.1999999999998,18,1,0.02695889330196433
12044,1340.1999999999998,18,1,0.026950805633973743
12045,1340.1999999999998,18,1,0.026942720392283553
12046,1290.1999999999998,19,1,0.02693463757616587
12047,1340.1999999999998,18,1,0.02692655718489302
12048,1340.1999999999998,18,1,0.026918479217737556
12049,1340.1999999999998,18,1,0.026910403673972235
12050,1340.1999999999998,18,1,0.026902330552870043
12051,1340.1999999999998,18,1,0.026894259853704184
12052,1340.1999999999998,18,1,0.026886191575748074
12053,1290.2,19,1,0.02687812571827535
12054,1339.0,20,1,0.02687006228055987
12055,1340.1999999999998,18,1,0.026862001261875705
12056,1340.1999999999998,18,1,0.026853942661497144
12057,1340.1999999999998,18,1,0.026845886478698695
12058,1340.1999999999998,18,1,0.026837832712755087
12059,1340.1999999999998,18,1,0.02682978136294126
12060,1290.2,19,1,0.02682173242853238
12061,1340.1999999999998,18,1,0.02681368590880382
12062,1340.1999999999998,18,1,0.02680564180303118
12063,1340.1999999999998,18,1,0.026797600110490274
12064,1340.1999999999998,18,1,0.026789560830457127
12065,1340.1999999999998,18,1,0.026781523962207992
12066,1340.1999999999998,18,1,0.02677348950501933
12067,1340.1999999999998,18,1,0.026765457458167826
12068,1340.1999999999998,18,1,0.026757427820930376
12069,1340.1999999999998,18,1,0.0267494005925841
12070,1290.2,19,1,0.026741375772406324
12071,1340.1999999999998,18,1,0.026733353359674604
12072,1340.1999999999998,18,1,0.026725333353666704
12073,1340.1999999999998,18,1,0.026717315753660605
12074,1340.1999999999998,18,1,0.026709300558934508
12075,1340.1999999999998,18,1,0.02670128776876683
12076,1290.2,19,1,0.0266932773824362
12077,1340.1999999999998,18,1,0.02668526939922147
12078,1340.1999999999998,18,1,0.026677263818401704
12079,1340.1999999999998,18,1,0.026669260639256183
12080,1340.1999999999998,18,1,0.026661259861064407
12081,1340.1999999999998,18,1,0.026653261483106087
12082,1290.2,19,1,0.026645265504661158
12083,1340.1999999999998,18,1,0.02663727192500976
12084,1340.1999999999998,18,1,0.02662928074343226
12085,1290.2,19,1,0.02662129195920923
12086,1340.1999999999998,18,1,0.02661330557162147
12087,1340.1999999999998,18,1,0.026605321579949985
12088,1340.1999999999998,18,1,0.026597339983476
12089,1290.2,19,1,0.02658936078148096
12090,1340.1999999999998,18,1,0.026581383973246515
12091,1340.1999999999998,18,1,0.026573409558054543
12092,1339.0,20,1,0.026565437535187128
12093,1340.1999999999998,18,1,0.026557467903926574
12094,1340.1999999999998,18,1,0.0265495006635554
12095,1340.1999999999998,18,1,0.02654153581335633
12096,1339.0,20,1,0.026533573352612326
12097,1340.1999999999998,18,1,0.026525613280606545
12098,1340.1999999999998,18,1,0.026517655596622364
12099,1340.1999999999998,18,1,0.026509700299943376
12100,1339.0,20,1,0.026501747389853395
12101,1435.6,24,1,0.02649379686563644
12102,1435.6,24,1,0.02648584872657675
12103,1435.6,24,1,0.02647790297195878
12104,1435.6,24,1,0.02646995960106719
12105,1435.6,24,1,0.02646201861318687
12106,1435.6,24,1,0.026454080007602916
12107,1435.6,24,1,0.026446143783600638
12108,1435.6,24,1,0.026438209940465557
12109,1435.6,24,1,0.02643027847748342
12110,1467.6999999999998,28,1,0.026422349393940173
12111,1435.6,24,1,0.026414422689121992
12112,1435.6,24,1,0.026406498362315255
12113,1435.6,24,1,0.02639857641280656
12114,1435.6,24,1,0.026390656839882717
12115,1385.6,25,1,0.026382739642830753
12116,1435.6,24,1,0.026374824820937906
12117,1385.6,25,1,0.026366912373491626
12118,1435.6,24,1,0.02635900229977958
12119,1435.6,24,1,0.026351094599089644
12120,1434.3999999999999,26,1,0.02634318927070992
12121,1435.6,24,1,0.02633528631392871
12122,1385.6,25,1,0.02632738572803453
12123,1435.6,24,1,0.02631948751231612
12124,1384.3999999999999,27,1,0.026311591666062426
12125,1435.6,24,1,0.026303698188562607
12126,1385.6,25,1,0.02629580707910604
12127,1435.6,24,1,0.026287918336982307
12128,1434.3999999999999,26,1,0.026280031961481213
12129,1385.6,25,1,0.02627214795189277
12130,1435.6,24,1,0.0262642663075072
12131,1435.6,24,1,0.02625638702761495
12132,1435.6,24,1,0.026248510111506668
12133,1435.6,24,1,0.026240635558473217
12134,1435.6,24,1,0.026232763367805677
12135,1435.6,24,1,0.026224893538795337
12136,1385.6,25,1,0.0262170260707337
12137,1435.6,24,1,0.02620916096291248
12138,1435.6,24,1,0.02620129821462361
12139,1435.6,24,1,0.026193437825159222
12140,1435.6,24,1,0.026185579793811677
12141,1434.3999999999999,26,1,0.026177724119873534
12142,1434.3999999999999,26,1,0.026169870802637572
12143,1335.6,26,1,0.02616201984139678
12144,1435.6,24,1,0.026154171235444362
12145,1435.6,24,1,0.02614632498407373
12146,1467.3999999999999,26,1,0.02613848108657851
12147,1435.6,24,1,0.02613063954225254
12148,1434.3999999999999,26,1,0.026122800350389865
12149,1385.6,25,1,0.02611496351028475
12150,1385.6,25,1,0.026107129021231665
12151,1385.6,25,1,0.026099296882525297
12152,1435.6,24,1,0.02609146709346054
12153,1435.6,24,1,0.026083639653332505
12154,1435.6,24,1,0.026075814561436508
12155,1435.6,24,1,0.02606799181706808
12156,1435.6,24,1,0.026060171419522958
12157,1435.6,24,1,0.0260523533680971
12158,1435.6,24,1,0.026044537662086673
12159,1435.6,24,1,0.026036724300788048
12160,1385.6,25,1,0.026028913283497813
12161,1450.8999999999999,26,1,0.026021104609512763
12162,1435.6,24,1,0.02601329827812991
12163,1385.6,25,1,0.026005494288646472
12164,1335.6,26,1,0.02599769264035988
12165,1435.6,24,1,0.025989893332567772
12166,1385.6,25,1,0.025982096364568004
12167,1435.6,24,1,0.025974301735658633
12168,1435.6,24,1,0.025966509445137936
12169,1435.6,24,1,0.025958719492304397
12170,1435.6,24,1,0.025950931876456706
12171,1372.0,20,1,0.02594314659689377
12172,1435.6,24,1,0.025935363652914704
12173,1335.6,26,1,0.02592758304381883
12174,1435.6,24,1,0.025919804768905687
12175,1435.6,24,1,0.025912028827475016
12176,1434.3999999999999,26,1,0.025904255218826774
12177,1434.3999999999999,26,1,0.025896483942261128
12178,1467.3999999999999,26,1,0.02588871499707845
12179,1435.6,24,1,0.02588094838257933
12180,1434.3999999999999,26,1,0.025873184098064557
12181,1435.6,24,1,0.02586542214283514
12182,1435.6,24,1,0.02585766251619229
12183,1417.3999999999999,27,1,0.025849905217437432
12184,1435.6,24,1,0.025842150245872202
12185,1435.6,24,1,0.02583439760079844
12186,1435.6,24,1,0.025826647281518202
12187,1435.6,24,1,0.025818899287333746
12188,1435.6,24,1,0.025811153617547548
12189,1385.6,25,1,0.025803410271462286
12190,1435.6,24,1,0.025795669248380847
12191,1385.6,25,1,0.025787930547606332
12192,1435.6,24,1,0.02578019416844205
12193,1434.3999999999999,26,1,0.02577246011019152
12194,1435.6,24,1,0.025764728372158464
12195,1435.6,24,1,0.025756998953646817
12196,1435.6,24,1,0.025749271853960726
12197,1435.6,24,1,0.025741547072404537
12198,1435.6,24,1,0.025733824608282815
12199,1435.6,24,1,0.02572610446090033
12200,1385.6,25,1,0.02571838662956206
12201,1435.6,24,1,0.025710671113573193
12202,1435.6,24,1,0.025702957912239123
12203,1435.6,24,1,0.02569524702486545
12204,1435.6,24,1,0.025687538450757993
12205,1435.6,24,1,0.025679832189222766
12206,1435.6,24,1,0.025672128239565998
12207,1434.3999999999999,26,1,0.02566442660109413
12208,1435.6,24,1,0.025656727273113803
12209,1435.6,24,1,0.02564903025493187
12210,1435.6,24,1,0.025641335545855393
12211,1435.6,24,1,0.025633643145191638
12212,1435.6,24,1,0.02562595305224808
12213,1435.6,24,1,0.02561826526633241
12214,1435.6,24,1,0.025610579786752508
12215,1335.6,26,1,0.025602896612816485
12216,1435.6,24,1,0.025595215743832642
12217,1435.6,24,1,0.025587537179109495
12218,1435.6,24,1,0.025579860917955763
12219,1466.1999999999998,28,1,0.025572186959680377
12220,1446.4999999999998,30,1,0.025564515303592474
12221,1435.6,24,1,0.025556845949001396
12222,1435.6,24,1,0.025549178895216698
12223,1435.6,24,1,0.025541514141548136
12224,1385.6,25,1,0.02553385168730567
12225,1435.6,24,1,0.02552619153179948
12226,1435.6,24,1,0.02551853367433994
12227,1435.6,24,1,0.02551087811423764
12228,1435.6,24,1,0.02550322485080337
12229,1435.6,24,1,0.02549557388334813
12230,1435.6,24,1,0.025487925211183128
12231,1435.6,24,1,0.025480278833619772
12232,1435.6,24,1,0.025472634749969688
12233,1385.6,25,1,0.0254649929595447
12234,1435.6,24,1,0.025457353461656836
12235,1435.6,24,1,0.02544971625561834
12236,1435.6,24,1,0.025442081340741655
12237,1385.6,25,1,0.025434448716339434
12238,1435.6,24,1,0.025426818381724534
12239,1383.6,25,1,0.02541919033621002
12240,1349.7,30,1,0.025411564579109158
12241,1435.6,24,1,0.025403941109735425
12242,1435.6,24,1,0.025396319927402506
12243,1340.1999999999998,18,1,0.025388701031424286
12244,1435.6,24,1,0.02538108442111486
12245,1434.3999999999999,26,1,0.025373470095788525
12246,1385.6,25,1,0.02536585805475979
12247,1435.6,24,1,0.02535824829734336
12248,1435.6,24,1,0.02535064082285416
12249,1385.6,25,1,0.025343035630607306
12250,1435.6,24,1,0.025335432719918123
12251,1435.6,24,1,0.02532783209010215
12252,1435.6,24,1,0.02532023374047512
12253,1435.6,24,1,0.025312637670352977
12254,1434.3999999999999,26,1,0.025305043879051872
12255,1435.6,24,1,0.025297452365888158
12256,1435.6,24,1,0.02528986313017839
12257,1385.6,25,1,0.025282276171239338
12258,1433.1999999999998,28,1,0.025274691488387967
12259,1435.6,24,1,0.02526710908094145
12260,1435.6,24,1,0.025259528948217168
12261,1435.6,24,1,0.025251951089532702
12262,1450.8999999999999,26,1,0.025244375504205843
12263,1435.6,24,1,0.025236802191554584
12264,1385.6,25,1,0.02522923115089712
12265,1383.6,25,1,0.02522166238155185
12266,1435.6,24,1,0.025214095882837385
12267,1370.8,22,1,0.025206531654072536
12268,1435.6,24,1,0.025198969694576315
12269,1385.6,25,1,0.025191410003667942
12270,1434.3999999999999,26,1,0.02518385258066684
12271,1435.6,24,1,0.025176297424892642
12272,1435.6,24,1,0.025168744535665175
12273,1435.6,24,1,0.025161193912304477
12274,1435.6,24,1,0.025153645554130785
12275,1435.6,24,1,0.025146099460464547
12276,1435.6,24,1,0.02513855563062641
12277,1435.6,24,1,0.02513101406393722
12278,1433.1999999999998,28,1,0.02512347475971804
12279,1435.6,24,1,0.025115937717290125
12280,1385.6,25,1,0.02510840293597494
12281,1435.6,24,1,0.025100870415094147
12282,1385.6,25,1,0.02509334015396962
12283,1385.6,25,1,0.02508581215192343
12284,1435.6,24,1,0.025078286408277854
12285,1435.6,24,1,0.025070762922355373
12286,1435.6,24,1,0.025063241693478667
12287,1385.6,25,1,0.025055722720970623
12288,1435.6,24,1,0.025048206004154333
12289,1435.6,24,1,0.025040691542353086
12290,1435.6,24,1,0.025033179334890382
12291,1435.6,24,1,0.025025669381089917
12292,1434.3999999999999,26,1,0.02501816168027559
12293,1467.3999999999999,26,1,0.025010656231771507
12294,1385.6,25,1,0.025003153034901977
12295,1435.6,24,1,0.02499565208899151
12296,1435.6,24,1,0.024988153393364812
12297,1435.6,24,1,0.024980656947346802
12298,1385.6,25,1,0.0249731627502626
12299,1385.6,25,1,0.02496567080143752
12300,1435.6,24,1,0.02495818110019709
12301,1384.3999999999999,27,1,0.024950693645867033
12302,1385.6,25,1,0.024943208437773274
12303,1435.6,24,1,0.024935725475241942
12304,1435.6,24,1,0.02492824475759937
12305,1385.6,25,1,0.024920766284172093
12306,1384.3999999999999,27,1,0.02491329005428684
12307,1435.6,24,1,0.024905816067270554
12308,1434.3999999999999,26,1,0.024898344322450375
12309,1435.6,24,1,0.02489087481915364
12310,1435.6,24,1,0.024883407556707895
12311,1435.6,24,1,0.024875942534440882
12312,1435.6,24,1,0.02486847975168055
12313,1385.6,25,1,0.024861019207755047
12314,1435.6,24,1,0.02485356090199272
12315,1435.6,24,1,0.024846104833722123
12316,1450.8999999999999,26,1,0.02483865100227201
12317,1385.6,25,1,0.024831199406971326
12318,1435.6,24,1,0.024823750047149234
12319,1385.6,25,1,0.02481630292213509
12320,1335.6,26,1,0.02480885803125845
12321,1339.0,20,1,0.024801415373849073
12322,1372.0,20,1,0.024793974949236918
12323,1435.6,24,1,0.02478653675675215
12324,1385.6,25,1,0.024779100795725123
12325,1435.6,24,1,0.024771667065486405
12326,1435.6,24,1,0.02476423556536676
12327,1435.6,24,1,0.02475680629469715
12328,1434.3999999999999,26,1,0.024749379252808745
12329,1435.6,24,1,0.024741954439032904
12330,1385.6,25,1,0.024734531852701195
12331,1435.6,24,1,0.024727111493145385
12332,1435.6,24,1,0.024719693359697443
12333,1435.6,24,1,0.024712277451689534
12334,1435.6,24,1,0.024704863768454027
12335,1435.6,24,1,0.024697452309323492
12336,1335.6,26,1,0.024690043073630697
12337,1435.6,24,1,0.02468263606070861
12338,1435.6,24,1,0.024675231269890397
12339,1435.6,24,1,0.02466782870050943
12340,1435.6,24,1,0.02466042835189928
12341,1435.6,24,1,0.02465303022339371
12342,1435.6,24,1,0.024645634314326693
12343,1385.6,25,1,0.024638240624032394
12344,1385.6,25,1,0.024630849151845186
12345,1435.6,24,1,0.024623459897099634
12346,1435.6,24,1,0.024616072859130506
12347,1435.6,24,1,0.02460868803727277
12348,1435.6,24,1,0.024601305430861586
12349,1435.6,24,1,0.02459392503923233
12350,1435.6,24,1,0.02458654686172056
12351,1434.3999999999999,26,1,0.024579170897662046
12352,1435.6,24,1,0.024571797146392748
12353,1435.6,24,1,0.024564425607248832
12354,1435.6,24,1,0.02455705627956666
12355,1385.6,25,1,0.02454968916268279
12356,1417.3999999999999,27,1,0.024542324255933987
12357,1385.6,25,1,0.024534961558657208
12358,1434.3999999999999,26,1,0.02452760107018961
12359,1435.6,24,1,0.024520242789868554
12360,1435.6,24,1,0.024512886717031595
12361,1435.6,24,1,0.024505532851016486
12362,1435.6,24,1,0.02449818119116118
12363,1385.6,25,1,0.024490831736803834
12364,1435.6,24,1,0.024483484487282794
12365,1435.6,24,1,0.02447613944193661
12366,1385.6,25,1,0.02446879660010403
12367,1435.6,24,1,0.024461455961124
12368,1434.3999999999999,26,1,0.024454117524335663
12369,1435.6,24,1,0.024446781289078363
12370,1435.6,24,1,0.02443944725469164
12371,1435.6,24,1,0.02443211542051523
12372,1435.6,24,1,0.024424785785889077
12373,1435.6,24,1,0.024417458350153312
12374,1285.6000000000001,27,1,0.024410133112648266
12375,1385.6,25,1,0.024402810072714474
12376,1450.8999999999999,26,1,0.02439548922969266
12377,1383.6,25,1,0.02438817058292375
12378,1435.6,24,1,0.024380854131748876
12379,1434.3999999999999,26,1,0.024373539875509352
12380,1434.3999999999999,26,1,0.0243662278135467
12381,1435.6,24,1,0.024358917945202636
12382,1435.6,24,1,0.024351610269819076
12383,1435.6,24,1,0.02434430478673813
12384,1434.3999999999999,26,1,0.02433700149530211
12385,1435.6,24,1,0.02432970039485352
12386,1435.6,24,1,0.024322401484735065
12387,1435.6,24,1,0.024315104764289646
12388,1435.6,24,1,0.02430781023286036
12389,1435.6,24,1,0.024300517889790502
12390,1435.6,24,1,0.024293227734423568
12391,1435.6,24,1,0.024285939766103243
12392,1435.6,24,1,0.024278653984173414
12393,1435.6,24,1,0.024271370387978164
12394,1435.6,24,1,0.02426408897686177
12395,1384.3999999999999,27,1,0.024256809750168713
12396,1435.6,24,1,0.024249532707243664
12397,1435.6,24,1,0.024242257847431493
12398,1435.6,24,1,0.024234985170077265
12399,1385.6,25,1,0.02422771467452624
12400,1435.6,24,1,0.024220446360123885
12401,1385.6,25,1,0.02421318022621585
12402,1385.6,25,1,0.024205916272147986
12403,1435.6,24,1,0.024198654497266343
12404,1435.6,24,1,0.024191394900917165
12405,1435.6,24,1,0.02418413748244689
12406,1435.6,24,1,0.024176882241202156
12407,1385.6,25,1,0.024169629176529796
12408,1435.6,24,1,0.02416237828777684
12409,1435.6,24,1,0.024155129574290505
12410,1435.6,24,1,0.02414788303541822
12411,1467.3999999999999,26,1,0.024140638670507593
12412,1435.6,24,1,0.02413339647890644
12413,1435.6,24,1,0.02412615645996277
12414,1434.3999999999999,26,1,0.02411891861302478
12415,1435.6,24,1,0.024111682937440874
12416,1385.6,25,1,0.02410444943255964
12417,1435.6,24,1,0.024097218097729873
12418,1385.6,25,1,0.024089988932300556
12419,1435.6,24,1,0.024082761935620867
12420,1385.6,25,1,0.02407553710704018
12421,1435.6,24,1,0.024068314445908068
12422,1434.3999999999999,26,1,0.024061093951574297
12423,1435.6,24,1,0.024053875623388826
12424,1435.6,24,1,0.024046659460701808
12425,1435.6,24,1,0.024039445462863598
12426,1435.6,24,1,0.02403223362922474
12427,1435.6,24,1,0.02402502395913597
12428,1435.6,24,1,0.024017816451948233
12429,1435.6,24,1,0.02401061110701265
12430,1435.6,24,1,0.024003407923680546
12431,1384.3999999999999,27,1,0.023996206901303444
12432,1435.6,24,1,0.023989008039233053
12433,1435.6,24,1,0.023981811336821285
12434,1434.3999999999999,26,1,0.02397461679342024
12435,1435.6,24,1,0.023967424408382215
12436,1435.6,24,1,0.023960234181059702
12437,1385.6,25,1,0.023953046110805384
12438,1435.6,24,1,0.023945860196972143
12439,1435.6,24,1,0.02393867643891305
12440,1385.6,25,1,0.02393149483598138
12441,1434.3999999999999,26,1,0.023924315387530586
12442,1434.3999999999999,26,1,0.023917138092914327
12443,1385.6,25,1,0.023909962951486452
12444,1435.6,24,1,0.023902789962601007
12445,1435.6,24,1,0.023895619125612225
12446,1435.6,24,1,0.02388845043987454
12447,1435.6,24,1,0.02388128390474258
12448,1434.3999999999999,26,1,0.023874119519571156
12449,1435.6,24,1,0.023866957283715285
12450,1435.6,24,1,0.023859797196530173
12451,1385.6,25,1,0.023852639257371213
12452,1435.6,24,1,0.023845483465594
12453,1385.6,25,1,0.023838329820554324
12454,1385.6,25,1,0.023831178321608158
12455,1372.0,20,1,0.023824028968111678
12456,1435.6,24,1,0.023816881759421246
12457,1400.8999999999999,27,1,0.023809736694893422
12458,1335.6,26,1,0.023802593773884956
12459,1434.3999999999999,26,1,0.02379545299575279
12460,1435.6,24,1,0.023788314359854065
12461,1434.3999999999999,26,1,0.023781177865546108
12462,1435.6,24,1,0.023774043512186444
12463,1385.6,25,1,0.02376691129913279
12464,1340.1999999999998,18,1,0.02375978122574305
12465,1434.3999999999999,26,1,0.02375265329137533
12466,1435.6,24,1,0.023745527495387917
12467,1320.8,23,1,0.0237384038371393
12468,1435.6,24,1,0.02373128231598816
12469,1435.6,24,1,0.023724162931293362
12470,1385.6,25,1,0.023717045682413975
12471,1435.6,24,1,0.02370993056870925
12472,1435.6,24,1,0.023702817589538638
12473,1435.6,24,1,0.023695706744261778
12474,1435.6,24,1,0.0236885980322385
12475,1435.6,24,1,0.02368149145282883
12476,1435.6,24,1,0.023674387005392983
12477,1435.6,24,1,0.023667284689291367
12478,1435.6,24,1,0.02366018450388458
12479,1385.6,25,1,0.023653086448533416
12480,1435.6,24,1,0.023645990522598855
12481,1435.6,24,1,0.023638896725442077
12482,1450.8999999999999,26,1,0.023631805056424447
12483,1385.6,25,1,0.02362471551490752
12484,1385.6,25,1,0.02361762810025305
12485,1435.6,24,1,0.023610542811822975
12486,1385.6,25,1,0.02360345964897943
12487,1435.6,24,1,0.023596378611084736
12488,1435.6,24,1,0.023589299697501412
12489,1434.3999999999999,26,1,0.02358222290759216
12490,1435.6,24,1,0.023575148240719886
12491,1435.6,24,1,0.02356807569624767
12492,1435.6,24,1,0.0235610052735388
12493,1435.6,24,1,0.02355393697195674
12494,1450.8999999999999,26,1,0.023546870790865152
12495,1385.6,25,1,0.023539806729627893
12496,1435.6,24,1,0.023532744787609004
12497,1385.6,25,1,0.023525684964172722
12498,1435.6,24,1,0.02351862725868347
12499,1372.0,20,1,0.023511571670505868
12500,1435.6,24,1,0.023504518199004718
12501,1435.6,24,1,0.023497466843545017
12502,1435.6,24,1,0.023490417603491954
12503,1385.6,25,1,0.02348337047821091
12504,1385.6,25,1,0.023476325467067446
12505,1383.6,25,1,0.023469282569427326
12506,1435.6,24,1,0.023462241784656498
12507,1435.6,24,1,0.0234552031121211
12508,1435.6,24,1,0.023448166551187467
12509,1434.3999999999999,26,1,0.02344113210122211
12510,1435.6,24,1,0.023434099761591744
12511,1435.6,24,1,0.023427069531663267
12512,1435.6,24,1,0.02342004141080377
12513,1435.6,24,1,0.02341301539838053
12514,1385.6,25,1,0.023405991493761016
12515,1284.4,29,1,0.023398969696312888
12516,1435.6,24,1,0.023391950005403995
12517,1435.6,24,1,0.023384932420402373
12518,1435.6,24,1,0.023377916940676254
12519,1435.6,24,1,0.023370903565594053
12520,1435.6,24,1,0.023363892294524374
12521,1435.6,24,1,0.02335688312683602
12522,1435.6,24,1,0.023349876061897968
12523,1384.3999999999999,27,1,0.0233428710990794
12524,1434.3999999999999,26,1,0.023335868237749677
12525,1435.6,24,1,0.023328867477278352
12526,1340.1999999999998,18,1,0.023321868817035168
12527,1435.6,24,1,0.02331487225639006
12528,1435.6,24,1,0.023307877794713144
12529,1435.6,24,1,0.02330088543137473
12530,1385.6,25,1,0.02329389516574532
12531,1435.6,24,1,0.023286906997195597
12532,1435.6,24,1,0.02327992092509644
12533,1385.6,25,1,0.02327293694881891
12534,1385.6,25,1,0.023265955067734264
12535,1450.8999999999999,26,1,0.023258975281213946
12536,1435.6,24,1,0.023251997588629583
12537,1435.6,24,1,0.023245021989352993
12538,1435.6,24,1,0.023238048482756186
12539,1385.6,25,1,0.02323107706821136
12540,1435.6,24,1,0.023224107745090896
12541,1435.6,24,1,0.02321714051276737
12542,1435.6,24,1,0.023210175370613543
12543,1435.6,24,1,0.023203212318002358
12544,1435.6,24,1,0.023196251354306956
12545,1435.6,24,1,0.023189292478900666
12546,1385.6,25,1,0.023182335691156998
12547,1435.6,24,1,0.023175380990449652
12548,1435.6,24,1,0.023168428376152517
12549,1433.1999999999998,28,1,0.02316147784763967
12550,1385.6,25,1,0.02315452940428538
12551,1434.3999999999999,26,1,0.023147583045464094
12552,1385.6,25,1,0.023140638770550455
12553,1435.6,24,1,0.02313369657891929
12554,1435.6,24,1,0.023126756469945615
12555,1435.6,24,1,0.023119818443004633
12556,1435.6,24,1,0.023112882497471732
12557,1435.6,24,1,0.02310594863272249
12558,1435.6,24,1,0.023099016848132675
12559,1385.6,25,1,0.023092087143078237
12560,1434.3999999999999,26,1,0.023085159516935315
12561,1435.6,24,1,0.023078233969080236
12562,1435.6,24,1,0.023071310498889514
12563,1385.6,25,1,0.02306438910573985
12564,1435.6,24,1,0.023057469789008127
12565,1435.6,24,1,0.023050552548071424
12566,1384.3999999999999,27,1,0.023043637382307004
12567,1385.6,25,1,0.02303672429109231
12568,1435.6,24,1,0.023029813273804985
12569,1385.6,25,1,0.023022904329822843
12570,1435.6,24,1,0.023015997458523896
12571,1435.6,24,1,0.02300909265928634
12572,1385.6,25,1,0.023002189931488556
12573,1335.6,26,1,0.02299528927450911
12574,1435.6,24,1,0.022988390687726755
12575,1385.6,25,1,0.022981494170520436
12576,1434.3999999999999,26,1,0.02297459972226928
12577,1435.6,24,1,0.0229677073423526
12578,1435.6,24,1,0.022960817030149898
12579,1434.3999999999999,26,1,0.022953928785040854
12580,1435.6,24,1,0.022947042606405343
12581,1385.6,25,1,0.022940158493623422
12582,1435.6,24,1,0.022933276446075335
12583,1435.6,24,1,0.022926396463141513
12584,1467.3999999999999,26,1,0.02291951854420257
12585,1435.6,24,1,0.022912642688639313
12586,1435.6,24,1,0.02290576889583272
12587,1384.3999999999999,27,1,0.02289889716516397
12588,1385.6,25,1,0.022892027496014423
12589,1435.6,24,1,0.02288515988776562
12590,1435.6,24,1,0.02287829433979929
12591,1435.6,24,1,0.02287143085149735
12592,1385.6,25,1,0.022864569422241902
12593,1435.6,24,1,0.02285771005141523
12594,1435.6,24,1,0.022850852738399804
12595,1435.6,24,1,0.022843997482578284
12596,1435.6,24,1,0.022837144283333513
12597,1435.6,24,1,0.022830293140048512
12598,1435.6,24,1,0.022823444052106498
12599,1435.6,24,1,0.022816597018890866
12600,1435.6,24,1,0.0228097520397852
12601,1385.6,25,1,0.022802909114173264
12602,1435.6,24,1,0.022796068241439014
12603,1435.6,24,1,0.022789229420966582
12604,1435.6,24,1,0.02278239265214029
12605,1383.6,25,1,0.02277555793434465
12606,1435.6,24,1,0.022768725266964347
12607,1434.3999999999999,26,1,0.02276189464938426
12608,1435.6,24,1,0.022755066080989445
12609,1434.3999999999999,26,1,0.02274823956116515
12610,1435.6,24,1,0.0227414150892968
12611,1434.3999999999999,26,1,0.02273459266477001
12612,1450.8999999999999,26,1,0.02272777228697058
12613,1435.6,24,1,0.02272095395528449
12614,1435.6,24,1,0.022714137669097904
12615,1385.6,25,1,0.022707323427797174
12616,1435.6,24,1,0.022700511230768834
12617,1435.6,24,1,0.022693701077399604
12618,1435.6,24,1,0.022686892967076384
12619,1435.6,24,1,0.022680086899186262
12620,1435.6,24,1,0.022673282873116506
12621,1435.6,24,1,0.02266648088825457
12622,1385.6,25,1,0.022659680943988094
12623,1435.6,24,1,0.022652883039704898
12624,1434.3999999999999,26,1,0.022646087174792988
12625,1435.6,24,1,0.022639293348640552
12626,1434.3999999999999,26,1,0.02263250156063596
12627,1385.6,25,1,0.02262571181016777
12628,1435.6,24,1,0.02261892409662472
12629,1385.6,25,1,0.022612138419395734
12630,1385.6,25,1,0.022605354777869915
12631,1434.3999999999999,26,1,0.022598573171436556
12632,1434.3999999999999,26,1,0.022591793599485127
12633,1340.1999999999998,18,1,0.022585016061405283
12634,1296.6,24,1,0.022578240556586863
12635,1435.6,24,1,0.02257146708441989
12636,1435.6,24,1,0.022564695644294565
12637,1435.6,24,1,0.022557926235601277
12638,1434.3999999999999,26,1,0.022551158857730597
12639,1435.6,24,1,0.022544393510073278
12640,1435.6,24,1,0.022537630192020257
12641,1417.3999999999999,27,1,0.02253086890296265
12642,1385.6,25,1,0.022524109642291762
12643,1435.6,24,1,0.022517352409399075
12644,1383.1999999999998,29,1,0.022510597203676257
12645,1435.6,24,1,0.022503844024515156
12646,1435.6,24,1,0.022497092871307803
12647,1367.3999999999999,28,1,0.02249034374344641
12648,1335.6,26,1,0.02248359664032338
12649,1435.6,24,1,0.022476851561331283
12650,1385.6,25,1,0.022470108505862885
12651,1435.6,24,1,0.022463367473311128
12652,1434.3999999999999,26,1,0.022456628463069134
12653,1435.6,24,1,0.022449891474530213
12654,1340.1999999999998,18,1,0.022443156507087857
12655,1435.6,24,1,0.02243642356013573
12656,1435.6,24,1,0.02242969263306769
12657,1435.6,24,1,0.02242296372527777
12658,1435.6,24,1,0.022416236836160185
12659,1385.6,25,1,0.02240951196510934
12660,1435.6,24,1,0.022402789111519807
12661,1435.6,24,1,0.02239606827478635
12662,1450.8999999999999,26,1,0.022389349454303917
12663,1435.6,24,1,0.022382632649467625
12664,1435.6,24,1,0.022375917859672786
12665,1385.6,25,1,0.022369205084314885
12666,1385.6,25,1,0.02236249432278959
12667,1435.6,24,1,0.022355785574492755
12668,1435.6,24,1,0.022349078838820407
12669,1335.6,26,1,0.02234237411516876
12670,1435.6,24,1,0.02233567140293421
12671,1385.6,25,1,0.022328970701513334
12672,1435.6,24,1,0.02232227201030288
12673,1435.6,24,1,0.02231557532869979
12674,1340.1999999999998,18,1,0.02230888065610118
12675,1433.1999999999998,28,1,0.02230218799190435
12676,1435.6,24,1,0.02229549733550678
12677,1435.6,24,1,0.022288808686306127
12678,1435.6,24,1,0.022282122043700236
12679,1435.6,24,1,0.022275437407087127
12680,1435.6,24,1,0.022268754775865002
12681,1434.3999999999999,26,1,0.022262074149432244
12682,1385.6,25,1,0.022255395527187416
12683,1384.3999999999999,27,1,0.02224871890852926
12684,1435.6,24,1,0.0222420442928567
12685,1435.6,24,1,0.022235371679568842
12686,1435.6,24,1,0.022228701068064974
12687,1435.6,24,1,0.022222032457744557
12688,1435.6,24,1,0.022215365848007235
12689,1335.6,26,1,0.022208701238252835
12690,1435.6,24,1,0.02220203862788136
12691,1466.1999999999998,28,1,0.022195378016292993
12692,1435.6,24,1,0.022188719402888107
12693,1434.3999999999999,26,1,0.02218206278706724
12694,1385.6,25,1,0.02217540816823112
12695,1385.6,25,1,0.02216875554578065
12696,1435.6,24,1,0.02216210491911692
12697,1435.6,24,1,0.022155456287641186
12698,1435.6,24,1,0.022148809650754893
12699,1434.3999999999999,26,1,0.022142165007859666
12700,1434.3999999999999,26,1,0.02213552235835731
12701,1435.6,24,1,0.022128881701649804
12702,1435.6,24,1,0.02212224303713931
12703,1434.3999999999999,26,1,0.022115606364228168
12704,1435.6,24,1,0.0221089716823189
12705,1435.6,24,1,0.022102338990814208
12706,1435.6,24,1,0.022095708289116965
12707,1385.6,25,1,0.02208907957663023
12708,1435.6,24,1,0.022082452852757242
12709,1435.6,24,1,0.022075828116901414
12710,1384.3999999999999,27,1,0.022069205368466346
12711,1435.6,24,1,0.022062584606855805
12712,1435.6,24,1,0.022055965831473748
12713,1383.1999999999998,29,1,0.022049349041724307
12714,1435.6,24,1,0.02204273423701179
12715,1385.6,25,1,0.022036121416740686
12716,1435.6,24,1,0.022029510580315666
12717,1435.6,24,1,0.02202290172714157
12718,1435.6,24,1,0.022016294856623427
12719,1435.6,24,1,0.022009689968166442
12720,1435.6,24,1,0.022003087061175992
12721,1435.6,24,1,0.02199648613505764
12722,1435.6,24,1,0.021989887189217124
12723,1435.6,24,1,0.02198329022306036
12724,1435.6,24,1,0.021976695235993444
12725,1435.6,24,1,0.02197010222742265
12726,1340.1999999999998,18,1,0.021963511196754423
12727,1435.6,24,1,0.021956922143395396
12728,1385.6,25,1,0.02195033506675238
12729,1435.6,24,1,0.021943749966232353
12730,1435.6,24,1,0.021937166841242483
12731,1435.6,24,1,0.02193058569119011
12732,1434.3999999999999,26,1,0.021924006515482753
12733,1435.6,24,1,0.02191742931352811
12734,1435.6,24,1,0.02191085408473405
12735,1385.6,25,1,0.02190428082850863
12736,1384.3999999999999,27,1,0.02189770954426008
12737,1435.6,24,1,0.0218911402313968
12738,1435.6,24,1,0.021884572889327384
12739,1435.6,24,1,0.021878007517460586
12740,1340.1999999999998,18,1,0.02187144411520535
12741,1435.6,24,1,0.021864882681970788
12742,1385.6,25,1,0.021858323217166197
12743,1467.3999999999999,26,1,0.021851765720201047
12744,1435.6,24,1,0.021845210190484986
12745,1385.6,25,1,0.02183865662742784
12746,1435.6,24,1,0.021832105030439614
12747,1435.6,24,1,0.021825555398930482
12748,1435.6,24,1,0.021819007732310804
12749,1435.6,24,1,0.02181246202999111
12750,1435.6,24,1,0.021805918291382113
12751,1435.6,24,1,0.0217993765158947
12752,1385.6,25,1,0.02179283670293993
12753,1435.6,24,1,0.02178629885192905
12754,1435.6,24,1,0.021779762962273474
12755,1435.6,24,1,0.021773229033384793
12756,1385.6,25,1,0.021766697064674777
12757,1435.6,24,1,0.021760167055555377
12758,1385.6,25,1,0.02175363900543871
12759,1384.3999999999999,27,1,0.021747112913737078
12760,1435.6,24,1,0.021740588779862957
12761,1434.3999999999999,26,1,0.021734066603228998
12762,1434.3999999999999,26,1,0.02172754638324803
12763,1435.6,24,1,0.021721028119333057
12764,1335.6,26,1,0.021714511810897258
12765,1350.8999999999999,28,1,0.021707997457353988
12766,1435.6,24,1,0.021701485058116782
12767,1385.6,25,1,0.02169497461259935
12768,1435.6,24,1,0.02168846612021557
12769,1385.6,25,1,0.021681959580379506
12770,1435.6,24,1,0.021675454992505394
12771,1385.6,25,1,0.021668952356007642
12772,1435.6,24,1,0.021662451670300842
12773,1385.6,25,1,0.02165595293479975
12774,1435.6,24,1,0.021649456148919312
12775,1435.6,24,1,0.021642961312074636
12776,1435.6,24,1,0.021636468423681013
12777,1435.6,24,1,0.02162997748315391
12778,1435.6,24,1,0.021623488489908964
12779,1435.6,24,1,0.021617001443361993
12780,1435.6,24,1,0.021610516342928987
12781,1435.6,24,1,0.02160403318802611
12782,1435.6,24,1,0.021597551978069705
12783,1434.3999999999999,26,1,0.021591072712476286
12784,1435.6,24,1,0.021584595390662542
12785,1434.3999999999999,26,1,0.021578120012045343
12786,1434.3999999999999,26,1,0.02157164657604173
12787,1435.6,24,1,0.02156517508206892
12788,1435.6,24,1,0.0215587055295443
12789,1385.6,25,1,0.02155223791788544
12790,1385.6,25,1,0.021545772246510074
12791,1435.6,24,1,0.02153930851483612
12792,1449.6999999999998,28,1,0.021532846722281673
12793,1435.6,24,1,0.02152638686826499
12794,1435.6,24,1,0.02151992895220451
12795,1434.3999999999999,26,1,0.02151347297351885
12796,1435.6,24,1,0.021507018931626796
12797,1434.3999999999999,26,1,0.02150056682594731
12798,1434.3999999999999,26,1,0.021494116655899526
12799,1435.6,24,1,0.02148766842090276
12800,1385.6,25,1,0.021481222120376488
12801,1434.3999999999999,26,1,0.021474777753740376
12802,1385.6,25,1,0.021468335320414256
12803,1435.6,24,1,0.021461894819818132
12804,1434.3999999999999,26,1,0.021455456251372188
12805,1435.6,24,1,0.021449019614496776
12806,1450.8999999999999,26,1,0.02144258490861243
12807,1450.8999999999999,26,1,0.021436152133139846
12808,1435.6,24,1,0.021429721287499905
12809,1340.1999999999998,18,1,0.021423292371113654
12810,1385.6,25,1,0.02141686538340232
12811,1435.6,24,1,0.021410440323787302
12812,1435.6,24,1,0.021404017191690168
12813,1435.6,24,1,0.021397595986532663
12814,1435.6,24,1,0.021391176707736704
12815,1435.6,24,1,0.021384759354724385
12816,1435.6,24,1,0.021378343926917967
12817,1435.6,24,1,0.02137193042373989
12818,1385.6,25,1,0.02136551884461277
12819,1435.6,24,1,0.021359109188959384
12820,1435.6,24,1,0.021352701456202695
12821,1435.6,24,1,0.021346295645765834
12822,1435.6,24,1,0.021339891757072106
12823,1434.3999999999999,26,1,0.021333489789544986
12824,1435.6,24,1,0.02132708974260812
12825,1385.6,25,1,0.02132069161568534
12826,1435.6,24,1,0.021314295408200633
12827,1435.6,24,1,0.021307901119578174
12828,1435.6,24,1,0.0213015087492423
12829,1385.6,25,1,0.021295118296617527
12830,1435.6,24,1,0.02128872976112854
12831,1385.6,25,1,0.021282343142200205
12832,1435.6,24,1,0.021275958439257545
12833,1435.6,24,1,0.02126957565172577
12834,1435.6,24,1,0.021263194779030253
12835,1435.6,24,1,0.021256815820596544
12836,1435.6,24,1,0.021250438775850367
12837,1335.6,26,1,0.021244063644217614
12838,1435.6,24,1,0.02123769042512435
12839,1435.6,24,1,0.021231319117996812
12840,1435.6,24,1,0.021224949722261414
12841,1435.6,24,1,0.021218582237344737
12842,1435.6,24,1,0.021212216662673533
12843,1434.3999999999999,26,1,0.021205852997674732
12844,1435.6,24,1,0.02119949124177543
12845,1467.3999999999999,26,1,0.0211931313944029
12846,1385.6,25,1,0.02118677345498458
12847,1435.6,24,1,0.021180417422948086
12848,1435.6,24,1,0.021174063297721202
12849,1435.6,24,1,0.021167711078731888
12850,1435.6,24,1,0.02116136076540827
12851,1435.6,24,1,0.021155012357178645
12852,1434.3999999999999,26,1,0.021148665853471492
12853,1384.3999999999999,27,1,0.02114232125371545
12854,1435.6,24,1,0.021135978557339338
12855,1435.6,24,1,0.021129637763772136
12856,1385.6,25,1,0.021123298872443005
12857,1435.6,24,1,0.021116961882781272
12858,1435.6,24,1,0.02111062679421644
12859,1435.6,24,1,0.021104293606178177
12860,1435.6,24,1,0.021097962318096325
12861,1435.6,24,1,0.021091632929400896
12862,1435.6,24,1,0.021085305439522077
12863,1435.6,24,1,0.02107897984789022
12864,1434.3999999999999,26,1,0.021072656153935856
12865,1385.6,25,1,0.021066334357089676
12866,1435.6,24,1,0.02106001445678255
12867,1434.3999999999999,26,1,0.02105369645244552
12868,1450.8999999999999,26,1,0.021047380343509788
12869,1435.6,24,1,0.021041066129406736
12870,1435.6,24,1,0.021034753809567916
12871,1435.6,24,1,0.021028443383425046
12872,1435.6,24,1,0.021022134850410018
12873,1435.6,24,1,0.021015828209954894
12874,1355.5,20,1,0.02100952346149191
12875,1435.6,24,1,0.021003220604453463
12876,1385.6,25,1,0.020996919638272125
12877,1435.6,24,1,0.020990620562380644
12878,1435.6,24,1,0.02098432337621193
12879,1435.6,24,1,0.020978028079199067
12880,1435.6,24,1,0.02097173467077531
12881,1435.6,24,1,0.020965443150374078
12882,1384.3999999999999,27,1,0.020959153517428965
12883,1435.6,24,1,0.020952865771373737
12884,1384.3999999999999,27,1,0.020946579911642324
12885,1385.6,25,1,0.020940295937668833
12886,1435.6,24,1,0.02093401384888753
12887,1435.6,24,1,0.020927733644732865
12888,1435.6,24,1,0.020921455324639446
12889,1435.6,24,1,0.020915178888042056
12890,1435.6,24,1,0.020908904334375644
12891,1435.6,24,1,0.020902631663075332
12892,1435.6,24,1,0.020896360873576412
12893,1385.6,25,1,0.02089009196531434
12894,1385.6,25,1,0.020883824937724744
12895,1435.6,24,1,0.020877559790243427
12896,1435.6,24,1,0.020871296522306355
12897,1385.6,25,1,0.020865035133349665
12898,1385.6,25,1,0.02085877562280966
12899,1435.6,24,1,0.020852517990122818
12900,1385.6,25,1,0.02084626223472578
12901,1435.6,24,1,0.020840008356055366
12902,1435.6,24,1,0.02083375635354855
12903,1435.6,24,1,0.020827506226642485
12904,1435.6,24,1,0.020821257974774493
12905,1435.6,24,1,0.020815011597382062
12906,1435.6,24,1,0.020808767093902846
12907,1435.6,24,1,0.020802524463774678
12908,1435.6,24,1,0.020796283706435548
12909,1385.6,25,1,0.020790044821323617
12910,1385.6,25,1,0.02078380780787722
12911,1435.6,24,1,0.020777572665534857
12912,1435.6,24,1,0.020771339393735197
12913,1434.3999999999999,26,1,0.020765107991917078
12914,1435.6,24,1,0.020758878459519504
12915,1435.6,24,1,0.02075265079598165
12916,1385.6,25,1,0.020746425000742856
12917,1435.6,24,1,0.020740201073242634
12918,1435.6,24,1,0.02073397901292066
12919,1435.6,24,1,0.020727758819216784
12920,1385.6,25,1,0.02072154049157102
12921,1435.6,24,1,0.02071532402942355
12922,1435.6,24,1,0.020709109432214726
12923,1435.6,24,1,0.020702896699385062
12924,1435.6,24,1,0.020696685830375247
12925,1385.6,25,1,0.020690476824626134
12926,1435.6,24,1,0.020684269681578746
12927,1435.6,24,1,0.020678064400674274
12928,1435.6,24,1,0.02067186098135407
12929,1435.6,24,1,0.020665659423059667
12930,1435.6,24,1,0.02065945972523275
12931,1435.6,24,1,0.020653261887315182
12932,1385.6,25,1,0.02064706590874899
12933,1289.0,21,1,0.020640871788976365
12934,1435.6,24,1,0.02063467952743967
12935,1435.6,24,1,0.02062848912358144
12936,1435.6,24,1,0.020622300576844367
12937,1435.6,24,1,0.020616113886671315
12938,1335.6,26,1,0.020609929052505315
12939,1435.6,24,1,0.020603746073789564
12940,1435.6,24,1,0.020597564949967426
12941,1435.6,24,1,0.020591385680482438
12942,1435.6,24,1,0.020585208264778294
12943,1434.3999999999999,26,1,0.020579032702298862
12944,1385.6,25,1,0.020572858992488174
12945,1435.6,24,1,0.02056668713479043
12946,1435.6,24,1,0.020560517128649994
12947,1435.6,24,1,0.0205543489735114
12948,1385.6,25,1,0.02054818266881935
12949,1435.6,24,1,0.020542018214018704
12950,1385.6,25,1,0.0205358556085545
12951,1435.6,24,1,0.020529694851871935
12952,1385.6,25,1,0.020523535943416375
12953,1385.6,25,1,0.02051737888263335
12954,1435.6,24,1,0.020511223668968563
12955,1435.6,24,1,0.020505070301867875
12956,1435.6,24,1,0.020498918780777316
12957,1435.6,24,1,0.020492769105143083
12958,1435.6,24,1,0.020486621274411542
12959,1435.6,24,1,0.02048047528802922
12960,1435.6,24,1,0.020474331145442812
12961,1288.2,19,1,0.02046818884609918
12962,1435.6,24,1,0.02046204838944535
12963,1435.6,24,1,0.02045590977492852
12964,1435.6,24,1,0.02044977300199604
12965,1416.1999999999998,28,1,0.02044363807009544
12966,1417.3999999999999,27,1,0.02043750497867441
12967,1385.6,25,1,0.020431373727180808
12968,1435.6,24,1,0.020425244315062655
12969,1435.6,24,1,0.020419116741768138
12970,1384.3999999999999,27,1,0.02041299100674561
12971,1435.6,24,1,0.020406867109443585
12972,1435.6,24,1,0.02040074504931075
12973,1383.6,25,1,0.02039462482579596
12974,1385.6,25,1,0.020388506438348223
12975,1450.8999999999999,26,1,0.02038238988641672
12976,1434.3999999999999,26,1,0.020376275169450793
12977,1435.6,24,1,0.02037016228689996
12978,1435.6,24,1,0.02036405123821389
12979,1435.6,24,1,0.020357942022842426
12980,1385.6,25,1,0.020351834640235576
12981,1435.6,24,1,0.020345729089843504
12982,1435.6,24,1,0.02033962537111655
12983,1340.1999999999998,18,1,0.020333523483505218
12984,1435.6,24,1,0.020327423426460167
12985,1413.1999999999998,28,1,0.02032132519943223
12986,1385.6,25,1,0.0203152288018724
12987,1385.6,25,1,0.02030913423323184
12988,1384.3999999999999,27,1,0.02030304149296187
12989,1435.6,24,1,0.020296950580513982
12990,1435.6,24,1,0.02029086149533983
12991,1435.6,24,1,0.020284774236891227
12992,1385.6,25,1,0.020278688804620162
12993,1435.6,24,1,0.020272605197978775
12994,1467.3999999999999,26,1,0.020266523416419383
12995,1435.6,24,1,0.02026044345939446
12996,1435.6,24,1,0.020254365326356643
12997,1434.3999999999999,26,1,0.020248289016758736
12998,1435.6,24,1,0.02024221453005371
12999,1435.6,24,1,0.020236141865694696
13000,1435.6,24,1,0.02023007102313499
13001,1385.6,25,1,0.02022400200182805
13002,1383.6,25,1,0.0202179348012275
13003,1435.6,24,1,0.020211869420787135
13004,1385.6,25,1,0.020205805859960898
13005,1435.6,24,1,0.02019974411820291
13006,1385.6,25,1,0.020193684194967452
13007,1435.6,24,1,0.020187626089708963
13008,1435.6,24,1,0.02018156980188205
13009,1435.6,24,1,0.020175515330941488
13010,1384.3999999999999,27,1,0.020169462676342207
13011,1385.6,25,1,0.020163411837539304
13012,1435.6,24,1,0.020157362813988042
13013,1385.6,25,1,0.020151315605143848
13014,1435.6,24,1,0.020145270210462304
13015,1435.6,24,1,0.020139226629399164
13016,1435.6,24,1,0.020133184861410344
13017,1435.6,24,1,0.02012714490595192
13018,1450.8999999999999,26,1,0.020121106762480134
13019,1435.6,24,1,0.020115070430451392
13020,1435.6,24,1,0.020109035909322257
13021,1385.6,25,1,0.020103003198549463
13022,1435.6,24,1,0.0200969722975899
13023,1385.6,25,1,0.020090943205900623
13024,1435.6,24,1,0.020084915922938852
13025,1435.6,24,1,0.02007889044816197
13026,1435.6,24,1,0.020072866781027522
13027,1385.6,25,1,0.020066844920993216
13028,1435.6,24,1,0.020060824867516917
13029,1435.6,24,1,0.020054806620056664
13030,1385.6,25,1,0.02004879017807065
13031,1435.6,24,1,0.02004277554101723
13032,1435.6,24,1,0.020036762708354926
13033,1450.8999999999999,26,1,0.020030751679542422
13034,1435.6,24,1,0.02002474245403856
13035,1450.8999999999999,26,1,0.02001873503130235
13036,1435.6,24,1,0.02001272941079296
13037,1435.6,24,1,0.020006725591969723
13038,1385.6,25,1,0.020000723574292133
13039,1435.6,24,1,0.019994723357219846
13040,1435.6,24,1,0.01998872494021268
13041,1435.6,24,1,0.019982728322730618
13042,1435.6,24,1,0.0199767335042338
13043,1435.6,24,1,0.01997074048418253
13044,1435.6,24,1,0.019964749262037278
13045,1435.6,24,1,0.019958759837258668
13046,1435.6,24,1,0.019952772209307492
13047,1435.6,24,1,0.0199467863776447
13048,1435.6,24,1,0.019940802341731408
13049,1435.6,24,1,0.01993482010102889
13050,1435.6,24,1,0.01992883965499858
13051,1435.6,24,1,0.01992286100310208
13052,1435.6,24,1,0.01991688414480115
13053,1435.6,24,1,0.01991090907955771
13054,1435.6,24,1,0.01990493580683384
13055,1290.2,19,1,0.01989896432609179
13056,1435.6,24,1,0.019892994636793965
13057,1400.8999999999999,27,1,0.019887026738402928
13058,1385.6,25,1,0.019881060630381406
13059,1435.6,24,1,0.01987509631219229
13060,1435.6,24,1,0.019869133783298635
13061,1385.6,25,1,0.019863173043163648
13062,1435.6,24,1,0.0198572140912507
13063,1435.6,24,1,0.019851256927023324
13064,1434.3999999999999,26,1,0.019845301549945217
13065,1435.6,24,1,0.019839347959480235
13066,1435.6,24,1,0.01983339615509239
13067,1434.3999999999999,26,1,0.019827446136245864
13068,1435.6,24,1,0.01982149790240499
13069,1435.6,24,1,0.01981555145303427
13070,1435.6,24,1,0.019809606787598362
13071,1435.6,24,1,0.019803663905562083
13072,1435.6,24,1,0.019797722806390416
13073,1434.3999999999999,26,1,0.0197917834895485
13074,1435.6,24,1,0.019785845954501634
13075,1385.6,25,1,0.019779910200715282
13076,1435.6,24,1,0.019773976227655067
13077,1435.6,24,1,0.019768044034786773
13078,1367.3999999999999,28,1,0.019762113621576337
13079,1435.6,24,1,0.019756184987489864
13080,1435.6,24,1,0.019750258131993617
13081,1435.6,24,1,0.01974433305455402
13082,1435.6,24,1,0.019738409754637656
13083,1434.3999999999999,26,1,0.019732488231711264
13084,1434.3999999999999,26,1,0.019726568485241753
13085,1435.6,24,1,0.01972065051469618
13086,1385.6,25,1,0.019714734319541773
13087,1435.6,24,1,0.01970881989924591
13088,1385.6,25,1,0.019702907253276135
13089,1435.6,24,1,0.019696996381100153
13090,1385.6,25,1,0.019691087282185823
13091,1435.6,24,1,0.019685179956001168
13092,1385.6,25,1,0.019679274402014366
13093,1434.3999999999999,26,1,0.019673370619693764
13094,1435.6,24,1,0.019667468608507856
13095,1435.6,24,1,0.019661568367925306
13096,1435.6,24,1,0.019655669897414928
13097,1435.6,24,1,0.019649773196445702
13098,1435.6,24,1,0.01964387826448677
13099,1435.6,24,1,0.019637985101007425
13100,1385.6,25,1,0.019632093705477124
13101,1385.6,25,1,0.019626204077365483
13102,1435.6,24,1,0.019620316216142273
13103,1435.6,24,1,0.01961443012127743
13104,1435.6,24,1,0.01960854579224105
13105,1385.6,25,1,0.019602663228503375
13106,1435.6,24,1,0.019596782429534824
13107,1435.6,24,1,0.019590903394805965
13108,1434.3999999999999,26,1,0.019585026123787524
13109,1435.6,24,1,0.019579150615950388
13110,1435.6,24,1,0.019573276870765603
13111,1435.6,24,1,0.019567404887704372
13112,1435.6,24,1,0.01956153466623806
13113,1435.6,24,1,0.01955566620583819
13114,1435.6,24,1,0.019549799505976437
13115,1435.6,24,1,0.019543934566124646
13116,1435.6,24,1,0.01953807138575481
13117,1435.6,24,1,0.019532209964339086
13118,1435.6,24,1,0.019526350301349783
13119,1435.6,24,1,0.01952049239625938
13120,1434.3999999999999,26,1,0.019514636248540503
13121,1435.6,24,1,0.01950878185766594
13122,1385.6,25,1,0.01950292922310864
13123,1385.6,25,1,0.01949707834434171
13124,1385.6,25,1,0.019491229220838405
13125,1435.6,24,1,0.019485381852072155
13126,1435.6,24,1,0.019479536237516533
13127,1435.6,24,1,0.019473692376645278
13128,1435.6,24,1,0.019467850268932285
13129,1435.6,24,1,0.019462009913851604
13130,1435.6,24,1,0.01945617131087745
13131,1435.6,24,1,0.019450334459484186
13132,1434.3999999999999,26,1,0.01944449935914634
13133,1435.6,24,1,0.0194386660093386
13134,1435.6,24,1,0.019432834409535797
13135,1435.6,24,1,0.019427004559212938
13136,1435.6,24,1,0.019421176457845173
13137,1385.6,25,1,0.01941535010490782
13138,1435.6,24,1,0.01940952549987635
13139,1385.6,25,1,0.01940370264222639
13140,1434.3999999999999,26,1,0.019397881531433722
13141,1385.6,25,1,0.019392062166974294
13142,1467.3999999999999,26,1,0.019386244548324202
13143,1435.6,24,1,0.019380428674959704
13144,1434.3999999999999,26,1,0.019374614546357218
13145,1435.6,24,1,0.019368802161993312
13146,1435.6,24,1,0.019362991521344713
13147,1435.6,24,1,0.01935718262388831
13148,1435.6,24,1,0.019351375469101144
13149,1435.6,24,1,0.019345570056460416
13150,1435.6,24,1,0.019339766385443477
13151,1434.3999999999999,26,1,0.019333964455527843
13152,1435.6,24,1,0.019328164266191186
13153,1450.8999999999999,26,1,0.019322365816911328
13154,1435.6,24,1,0.019316569107166254
13155,1385.6,25,1,0.019310774136434103
13156,1385.6,25,1,0.019304980904193175
13157,1435.6,24,1,0.019299189409921917
13158,1435.6,24,1,0.019293399653098942
13159,1435.6,24,1,0.019287611633203014
13160,1435.6,24,1,0.019281825349713053
13161,1449.6999999999998,28,1,0.019276040802108138
13162,1434.3999999999999,26,1,0.019270257989867506
13163,1435.6,24,1,0.019264476912470546
13164,1435.6,24,1,0.019258697569396806
13165,1435.6,24,1,0.019252919960125986
13166,1435.6,24,1,0.019247144084137947
13167,1435.6,24,1,0.019241369940912707
13168,1435.6,24,1,0.019235597529930433
13169,1435.6,24,1,0.019229826850671455
13170,1435.6,24,1,0.019224057902616255
13171,1435.6,24,1,0.01921829068524547
13172,1385.6,25,1,0.019212525198039898
13173,1435.6,24,1,0.019206761440480488
13174,1435.6,24,1,0.019200999412048343
13175,1434.3999999999999,26,1,0.01919523911222473
13176,1435.6,24,1,0.019189480540491063
13177,1435.6,24,1,0.019183723696328918
13178,1435.6,24,1,0.01917796857922002
13179,1435.6,24,1,0.019172215188646254
13180,1435.6,24,1,0.019166463524089662
13181,1435.6,24,1,0.019160713585032435
13182,1435.6,24,1,0.019154965370956924
13183,1435.6,24,1,0.019149218881345638
13184,1435.6,24,1,0.019143474115681236
13185,1435.6,24,1,0.01913773107344653
13186,1435.6,24,1,0.019131989754124498
13187,1435.6,24,1,0.019126250157198262
13188,1435.6,24,1,0.019120512282151104
13189,1435.6,24,1,0.01911477612846646
13190,1435.6,24,1,0.01910904169562792
13191,1435.6,24,1,0.01910330898311923
13192,1435.6,24,1,0.019097577990424296
13193,1435.6,24,1,0.01909184871702717
13194,1435.6,24,1,0.01908612116241206
13195,1385.6,25,1,0.019080395326063336
13196,1435.6,24,1,0.01907467120746552
13197,1435.6,24,1,0.01906894880610328
13198,1434.3999999999999,26,1,0.01906322812146145
13199,1385.6,25,1,0.019057509153025013
13200,1435.6,24,1,0.019051791900279107
13201,1435.6,24,1,0.019046076362709025
13202,1435.6,24,1,0.019040362539800213
13203,1435.6,24,1,0.019034650431038275
13204,1435.6,24,1,0.019028940035908964
13205,1435.6,24,1,0.019023231353898194
13206,1435.6,24,1,0.019017524384492026
13207,1385.6,25,1,0.019011819127176678
13208,1435.6,24,1,0.019006115581438526
13209,1435.6,24,1,0.019000413746764096
13210,1435.6,24,1,0.018994713622640068
13211,1340.1999999999998,18,1,0.018989015208553277
13212,1435.6,24,1,0.018983318503990713
13213,1435.6,24,1,0.018977623508439515
13214,1435.6,24,1,0.018971930221386983
13215,1385.6,25,1,0.018966238642320568
13216,1435.6,24,1,0.01896054877072787
13217,1435.6,24,1,0.018954860606096652
13218,1435.6,24,1,0.018949174147914825
13219,1435.6,24,1,0.018943489395670452
13220,1435.6,24,1,0.01893780634885175
13221,1435.6,24,1,0.018932125006947097
13222,1435.6,24,1,0.018926445369445013
13223,1435.6,24,1,0.01892076743583418
13224,1435.6,24,1,0.01891509120560343
13225,1435.6,24,1,0.01890941667824175
13226,1435.6,24,1,0.018903743853238276
13227,1435.6,24,1,0.018898072730082306
13228,1385.6,25,1,0.01889240330826328
13229,1434.3999999999999,26,1,0.018886735587270803
13230,1435.6,24,1,0.018881069566594622
13231,1385.6,25,1,0.018875405245724643
13232,1435.6,24,1,0.018869742624150927
13233,1435.6,24,1,0.018864081701363684
13234,1435.6,24,1,0.018858422476853275
13235,1385.6,25,1,0.01885276495011022
13236,1435.6,24,1,0.018847109120625188
13237,1435.6,24,1,0.018841454987889
13238,1434.3999999999999,26,1,0.018835802551392635
13239,1434.3999999999999,26,1,0.018830151810627218
13240,1435.6,24,1,0.01882450276508403
13241,1435.6,24,1,0.018818855414254505
13242,1435.6,24,1,0.01881320975763023
13243,1435.6,24,1,0.01880756579470294
13244,1435.6,24,1,0.018801923524964532
13245,1435.6,24,1,0.018796282947907042
13246,1435.6,24,1,0.01879064406302267
13247,1435.6,24,1,0.018785006869803764
13248,1435.6,24,1,0.018779371367742822
13249,1435.6,24,1,0.0187737375563325
13250,1435.6,24,1,0.018768105435065602
13251,1435.6,24,1,0.018762475003435083
13252,1435.6,24,1,0.018756846260934053
13253,1435.6,24,1,0.018751219207055775
13254,1435.6,24,1,0.018745593841293658
13255,1435.6,24,1,0.01873997016314127
13256,1435.6,24,1,0.018734348172092328
13257,1385.6,25,1,0.0187287278676407
13258,1435.6,24,1,0.018723109249280407
13259,1435.6,24,1,0.018717492316505623
13260,1435.6,24,1,0.01871187706881067
13261,1435.6,24,1,0.01870626350569003
13262,1385.6,25,1,0.018700651626638323
13263,1385.6,25,1,0.018695041431150333
13264,1435.6,24,1,0.018689432918720987
13265,1435.6,24,1,0.018683826088845373
13266,1435.6,24,1,0.01867822094101872
13267,1385.6,25,1,0.018672617474736416
13268,1435.6,24,1,0.018667015689493995
13269,1385.6,25,1,0.018661415584787146
13270,1435.6,24,1,0.01865581716011171
13271,1435.6,24,1,0.018650220414963677
13272,1435.6,24,1,0.018644625348839188
13273,1435.6,24,1,0.018639031961234537
13274,1435.6,24,1,0.018633440251646167
13275,1385.6,25,1,0.018627850219570672
13276,1417.3999999999999,27,1,0.018622261864504802
13277,1383.6,25,1,0.018616675185945453
13278,1435.6,24,1,0.01861109018338967
13279,1385.6,25,1,0.018605506856334653
13280,1435.6,24,1,0.018599925204277754
13281,1450.8999999999999,26,1,0.01859434522671647
13282,1435.6,24,1,0.018588766923148457
13283,1435.6,24,1,0.018583190293071514
13284,1435.6,24,1,0.018577615335983594
13285,1434.3999999999999,26,1,0.018572042051382798
13286,1435.6,24,1,0.018566470438767385
13287,1434.3999999999999,26,1,0.018560900497635757
13288,1450.8999999999999,26,1,0.018555332227486468
13289,1435.6,24,1,0.018549765627818224
13290,1435.6,24,1,0.01854420069812988
13291,1435.6,24,1,0.018538637437920443
13292,1385.6,25,1,0.01853307584668907
13293,1435.6,24,1,0.018527515923935062
13294,1435.6,24,1,0.01852195766915788
13295,1385.6,25,1,0.018516401081857134
13296,1434.3999999999999,26,1,0.018510846161532576
13297,1435.6,24,1,0.01850529290768412
13298,1435.6,24,1,0.018499741319811813
13299,1435.6,24,1,0.01849419139741587
13300,1435.6,24,1,0.018488643139996645
13301,1435.6,24,1,0.018483096547054646
13302,1385.6,25,1,0.01847755161809053
13303,1435.6,24,1,0.018472008352605103
13304,1435.6,24,1,0.01846646675009932
13305,1435.6,24,1,0.01846092681007429
13306,1435.6,24,1,0.01845538853203127
13307,1384.3999999999999,27,1,0.01844985191547166
13308,1435.6,24,1,0.01844431695989702
13309,1435.6,24,1,0.01843878366480905
13310,1435.6,24,1,0.018433252029709607
13311,1435.6,24,1,0.018427722054100693
13312,1435.6,24,1,0.018422193737484462
13313,1435.6,24,1,0.01841666707936322
13314,1435.6,24,1,0.01841114207923941
13315,1435.6,24,1,0.01840561873661564
13316,1335.6,26,1,0.018400097050994654
13317,1435.6,24,1,0.018394577021879355
13318,1435.6,24,1,0.018389058648772792
13319,1435.6,24,1,0.018383541931178162
13320,1435.6,24,1,0.01837802686859881
13321,1435.6,24,1,0.01837251346053823
13322,1385.6,25,1,0.018367001706500068
13323,1435.6,24,1,0.018361491605988118
13324,1384.3999999999999,27,1,0.018355983158506322
13325,1435.6,24,1,0.01835047636355877
13326,1435.6,24,1,0.018344971220649705
13327,1435.6,24,1,0.01833946772928351
13328,1385.6,25,1,0.018333965888964725
13329,1435.6,24,1,0.018328465699198035
13330,1435.6,24,1,0.018322967159488276
13331,1435.6,24,1,0.01831747026934043
13332,1385.6,25,1,0.01831197502825963
13333,1435.6,24,1,0.01830648143575115
13334,1435.6,24,1,0.018300989491320425
13335,1435.6,24,1,0.01829549919447303
13336,1435.6,24,1,0.01829001054471469
13337,1435.6,24,1,0.018284523541551276
13338,1385.6,25,1,0.01827903818448881
13339,1435.6,24,1,0.018273554473033464
13340,1435.6,24,1,0.018268072406691555
13341,1435.6,24,1,0.01826259198496955
13342,1385.6,25,1,0.018257113207374057
13343,1435.6,24,1,0.018251636073411844
13344,1385.6,25,1,0.01824616058258982
13345,1435.6,24,1,0.018240686734415045
13346,1434.3999999999999,26,1,0.01823521452839472
13347,1435.6,24,1,0.0182297439640362
13348,1435.6,24,1,0.01822427504084699
13349,1435.6,24,1,0.018218807758334735
13350,1435.6,24,1,0.018213342116007235
13351,1435.6,24,1,0.018207878113372433
13352,1435.6,24,1,0.018202415749938423
13353,1435.6,24,1,0.018196955025213443
13354,1435.6,24,1,0.01819149593870588
13355,1435.6,24,1,0.01818603848992427
13356,1435.6,24,1,0.018180582678377293
13357,1435.6,24,1,0.01817512850357378
13358,1385.6,25,1,0.018169675965022707
13359,1435.6,24,1,0.0181642250622332
13360,1435.6,24,1,0.018158775794714532
13361,1435.6,24,1,0.01815332816197612
13362,1385.6,25,1,0.01814788216352753
13363,1435.6,24,1,0.01814243779887847
13364,1435.6,24,1,0.018136995067538807
13365,1435.6,24,1,0.018131553969018548
13366,1383.6,25,1,0.018126114502827844
13367,1435.6,24,1,0.018120676668476995
13368,1434.3999999999999,26,1,0.018115240465476454
13369,1435.6,24,1,0.01810980589333681
13370,1435.6,24,1,0.01810437295156881
13371,1335.6,26,1,0.01809894163968334
13372,1435.6,24,1,0.018093511957191437
13373,1385.6,25,1,0.01808808390360428
13374,1385.6,25,1,0.018082657478433198
13375,1384.3999999999999,27,1,0.01807723268118967
13376,1435.6,24,1,0.018071809511385314
13377,1435.6,24,1,0.0180663879685319
13378,1385.6,25,1,0.01806096805214134
13379,1435.6,24,1,0.018055549761725697
13380,1435.6,24,1,0.01805013309679718
13381,1435.6,24,1,0.018044718056868143
13382,1435.6,24,1,0.018039304641451082
13383,1435.6,24,1,0.018033892850058648
13384,1435.6,24,1,0.018028482682203632
13385,1435.6,24,1,0.01802307413739897
13386,1435.6,24,1,0.01801766721515775
13387,1435.6,24,1,0.018012261914993204
13388,1435.6,24,1,0.018006858236418708
13389,1434.3999999999999,26,1,0.018001456178947783
13390,1435.6,24,1,0.0179960557420941
13391,1435.6,24,1,0.01799065692537147
13392,1385.6,25,1,0.01798525972829386
13393,1435.6,24,1,0.01797986415037537
13394,1385.6,25,1,0.017974470191130257
13395,1435.6,24,1,0.01796907785007292
13396,1385.6,25,1,0.017963687126717896
13397,1435.6,24,1,0.017958298020579883
13398,1435.6,24,1,0.017952910531173708
13399,1435.6,24,1,0.017947524658014358
13400,1435.6,24,1,0.017942140400616955
13401,1385.6,25,1,0.01793675775849677
13402,1435.6,24,1,0.01793137673116922
13403,1450.8999999999999,26,1,0.01792599731814987
13404,1435.6,24,1,0.017920619518954427
13405,1435.6,24,1,0.01791524333309874
13406,1434.3999999999999,26,1,0.017909868760098813
13407,1435.6,24,1,0.017904495799470784
13408,1435.6,24,1,0.017899124450730945
13409,1435.6,24,1,0.017893754713395726
13410,1435.6,24,1,0.01788838658698171
13411,1435.6,24,1,0.017883020071005614
13412,1435.6,24,1,0.017877655164984314
13413,1435.6,24,1,0.01787229186843482
13414,1435.6,24,1,0.01786693018087429
13415,1435.6,24,1,0.01786157010182003
13416,1435.6,24,1,0.017856211630789483
13417,1435.6,24,1,0.017850854767300247
13418,1435.6,24,1,0.01784549951087006
13419,1435.6,24,1,0.017840145861016798
13420,1435.6,24,1,0.01783479381725849
13421,1435.6,24,1,0.017829443379113314
13422,1385.6,25,1,0.01782409454609958
13423,1435.6,24,1,0.01781874731773575
13424,1385.6,25,1,0.01781340169354043
13425,1435.6,24,1,0.017808057673032368
13426,1435.6,24,1,0.017802715255730458
13427,1435.6,24,1,0.01779737444115374
13428,1435.6,24,1,0.017792035228821394
13429,1435.6,24,1,0.017786697618252748
13430,1384.3999999999999,27,1,0.01778136160896727
13431,1435.6,24,1,0.01777602720048458
13432,1435.6,24,1,0.017770694392324437
13433,1435.6,24,1,0.01776536318400674
13434,1435.6,24,1,0.01776003357505154
13435,1435.6,24,1,0.017754705564979024
13436,1435.6,24,1,0.01774937915330953
13437,1435.6,24,1,0.01774405433956354
13438,1385.6,25,1,0.017738731123261672
13439,1435.6,24,1,0.017733409503924696
13440,1435.6,24,1,0.01772808948107352
13441,1435.6,24,1,0.0177227710542292
13442,1435.6,24,1,0.01771745422291293
13443,1385.6,25,1,0.01771213898664606
13444,1435.6,24,1,0.017706825344950064
13445,1435.6,24,1,0.01770151329734658
13446,1385.6,25,1,0.017696202843357378
13447,1340.1999999999998,18,1,0.017690893982504372
13448,1435.6,24,1,0.01768558671430962
13449,1385.6,25,1,0.017680281038295328
13450,1435.6,24,1,0.01767497695398384
13451,1435.6,24,1,0.017669674460897643
13452,1435.6,24,1,0.017664373558559373
13453,1435.6,24,1,0.017659074246491806
13454,1435.6,24,1,0.01765377652421786
13455,1435.6,24,1,0.017648480391260594
13456,1434.3999999999999,26,1,0.017643185847143215
13457,1385.6,25,1,0.017637892891389072
13458,1435.6,24,1,0.017632601523521658
13459,1434.3999999999999,26,1,0.017627311743064603
13460,1340.1999999999998,18,1,0.017622023549541684
13461,1435.6,24,1,0.017616736942476823
13462,1435.6,24,1,0.01761145192139408
13463,1435.6,24,1,0.017606168485817662
13464,1434.3999999999999,26,1,0.017600886635271918
13465,1435.6,24,1,0.017595606369281338
13466,1435.6,24,1,0.017590327687370556
13467,1384.3999999999999,27,1,0.017585050589064344
13468,1435.6,24,1,0.017579775073887624
13469,1435.6,24,1,0.017574501141365457
13470,1435.6,24,1,0.01756922879102305
13471,1435.6,24,1,0.017563958022385744
13472,1435.6,24,1,0.01755868883497903
13473,1340.1999999999998,18,1,0.017553421228328536
13474,1435.6,24,1,0.01754815520196004
13475,1435.6,24,1,0.01754289075539945
13476,1435.6,24,1,0.01753762788817283
13477,1435.6,24,1,0.01753236659980638
13478,1435.6,24,1,0.01752710688982644
13479,1435.6,24,1,0.01752184875775949
13480,1435.6,24,1,0.01751659220313216
13481,1435.6,24,1,0.017511337225471223
13482,1435.6,24,1,0.017506083824303582
13483,1340.1999999999998,18,1,0.01750083199915629
13484,1435.6,24,1,0.017495581749556545
13485,1435.6,24,1,0.01749033307503168
13486,1435.6,24,1,0.01748508597510917
13487,1385.6,25,1,0.01747984044931664
13488,1435.6,24,1,0.017474596497181846
13489,1435.6,24,1,0.017469354118232694
13490,1435.6,24,1,0.017464113311997223
13491,1434.3999999999999,26,1,0.017458874078003624
13492,1435.6,24,1,0.017453636415780224
13493,1435.6,24,1,0.017448400324855493
13494,1467.3999999999999,26,1,0.017443165804758038
13495,1435.6,24,1,0.017437932855016613
13496,1385.6,25,1,0.017432701475160108
13497,1450.8999999999999,26,1,0.01742747166471756
13498,1435.6,24,1,0.017422243423218145
13499,1435.6,24,1,0.01741701675019118
13500,1435.6,24,1,0.017411791645166125
13501,1385.6,25,1,0.017406568107672576
13502,1435.6,24,1,0.017401346137240276
13503,1435.6,24,1,0.017396125733399104
13504,1435.6,24,1,0.017390906895679084
13505,1385.6,25,1,0.01738568962361038
13506,1435.6,24,1,0.0173804739167233
13507,1435.6,24,1,0.017375259774548284
13508,1435.6,24,1,0.01737004719661592
13509,1385.6,25,1,0.017364836182456937
13510,1435.6,24,1,0.0173596267316022
13511,1435.6,24,1,0.017354418843582717
13512,1435.6,24,1,0.017349212517929643
13513,1435.6,24,1,0.017344007754174266
13514,1385.6,25,1,0.017338804551848015
13515,1435.6,24,1,0.01733360291048246
13516,1435.6,24,1,0.017328402829609315
13517,1434.3999999999999,26,1,0.017323204308760432
13518,1435.6,24,1,0.017318007347467804
13519,1435.6,24,1,0.017312811945263566
13520,1385.6,25,1,0.017307618101679988
13521,1385.6,25,1,0.017302425816249484
13522,1385.6,25,1,0.01729723508850461
13523,1435.6,24,1,0.01729204591797806
13524,1435.6,24,1,0.01728685830420267
13525,1435.6,24,1,0.01728167224671141
13526,1435.6,24,1,0.017276487745037396
13527,1435.6,24,1,0.017271304798713884
13528,1434.3999999999999,26,1,0.01726612340727427
13529,1435.6,24,1,0.01726094357025209
13530,1335.6,26,1,0.017255765287181014
13531,1435.6,24,1,0.01725058855759486
13532,1435.6,24,1,0.017245413381027582
13533,1435.6,24,1,0.017240239757013276
13534,1435.6,24,1,0.01723506768508617
13535,1434.3999999999999,26,1,0.017229897164780645
13536,1435.6,24,1,0.01722472819563121
13537,1435.6,24,1,0.017219560777172523
13538,1434.3999999999999,26,1,0.017214394908939373
13539,1435.6,24,1,0.017209230590466692
13540,1385.6,25,1,0.017204067821289554
13541,1435.6,24,1,0.017198906600943167
13542,1385.6,25,1,0.017193746928962885
13543,1435.6,24,1,0.017188588804884195
13544,1435.6,24,1,0.017183432228242732
13545,1385.6,25,1,0.01717827719857426
13546,1434.3999999999999,26,1,0.017173123715414688
13547,1435.6,24,1,0.017167971778300064
13548,1435.6,24,1,0.017162821386766575
13549,1435.6,24,1,0.017157672540350544
13550,1435.6,24,1,0.01715252523858844
13551,1435.6,24,1,0.017147379481016863
13552,1435.6,24,1,0.017142235267172557
13553,1335.6,26,1,0.017137092596592407
13554,1435.6,24,1,0.01713195146881343
13555,1435.6,24,1,0.017126811883372783
13556,1435.6,24,1,0.017121673839807772
13557,1385.6,25,1,0.01711653733765583
13558,1340.1999999999998,18,1,0.017111402376454535
13559,1435.6,24,1,0.0171062689557416
13560,1435.6,24,1,0.017101137075054878
13561,1435.6,24,1,0.017096006733932363
13562,1434.3999999999999,26,1,0.017090877931912184
13563,1434.3999999999999,26,1,0.01708575066853261
13564,1435.6,24,1,0.017080624943332054
13565,1435.6,24,1,0.017075500755849054
13566,1435.6,24,1,0.0170703781056223
13567,1340.1999999999998,18,1,0.017065256992190615
13568,1467.3999999999999,26,1,0.01706013741509296
13569,1435.6,24,1,0.017055019373868434
13570,1385.6,25,1,0.017049902868056275
13571,1435.6,24,1,0.017044787897195858
13572,1435.6,24,1,0.0170396744608267
13573,1385.6,25,1,0.017034562558488453
13574,1383.1999999999998,29,1,0.017029452189720906
13575,1435.6,24,1,0.01702434335406399
13576,1450.8999999999999,26,1,0.017019236051057773
13577,1434.3999999999999,26,1,0.017014130280242457
13578,1435.6,24,1,0.017009026041158386
13579,1435.6,24,1,0.01700392333334604
13580,1435.6,24,1,0.016998822156346037
13581,1435.6,24,1,0.016993722509699133
13582,1435.6,24,1,0.016988624392946225
13583,1435.6,24,1,0.01698352780562834
13584,1435.6,24,1,0.01697843274728665
13585,1450.8999999999999,26,1,0.016973339217462465
13586,1434.3999999999999,26,1,0.016968247215697226
13587,1435.6,24,1,0.016963156741532516
13588,1435.6,24,1,0.016958067794510055
13589,1435.6,24,1,0.016952980374171703
13590,1435.6,24,1,0.016947894480059452
13591,1435.6,24,1,0.016942810111715435
13592,1435.6,24,1,0.01693772726868192
13593,1435.6,24,1,0.016932645950501316
13594,1435.6,24,1,0.016927566156716166
13595,1434.3999999999999,26,1,0.01692248788686915
13596,1384.3999999999999,27,1,0.016917411140503092
13597,1385.6,25,1,0.01691233591716094
13598,1435.6,24,1,0.016907262216385794
13599,1435.6,24,1,0.01690219003772088
13600,1435.6,24,1,0.016897119380709563
13601,1434.3999999999999,26,1,0.01689205024489535
13602,1385.6,25,1,0.01688698262982188
13603,1435.6,24,1,0.016881916535032935
13604,1435.6,24,1,0.016876851960072426
13605,1385.6,25,1,0.016871788904484406
13606,1435.6,24,1,0.016866727367813063
13607,1435.6,24,1,0.01686166734960272
13608,1435.6,24,1,0.01685660884939784
13609,1435.6,24,1,0.01685155186674302
13610,1435.6,24,1,0.016846496401183
13611,1434.3999999999999,26,1,0.016841442452262646
13612,1435.6,24,1,0.016836390019526967
13613,1435.6,24,1,0.01683133910252111
13614,1435.6,24,1,0.016826289700790354
13615,1435.6,24,1,0.016821241813880117
13616,1435.6,24,1,0.016816195441335953
13617,1435.6,24,1,0.016811150582703552
13618,1435.6,24,1,0.01680610723752874
13619,1434.3999999999999,26,1,0.01680106540535748
13620,1435.6,24,1,0.016796025085735872
13621,1435.6,24,1,0.016790986278210154
13622,1435.6,24,1,0.01678594898232669
13623,1435.6,24,1,0.016780913197631992
13624,1435.6,24,1,0.016775878923672702
13625,1435.6,24,1,0.0167708461599956
13626,1435.6,24,1,0.016765814906147602
13627,1435.6,24,1,0.016760785161675756
13628,1435.6,24,1,0.016755756926127255
13629,1340.1999999999998,18,1,0.016750730199049418
13630,1435.6,24,1,0.016745704979989704
13631,1385.6,25,1,0.01674068126849571
13632,1435.6,24,1,0.01673565906411516
13633,1435.6,24,1,0.016730638366395927
13634,1435.6,24,1,0.01672561917488601
13635,1435.6,24,1,0.016720601489133544
13636,1385.6,25,1,0.016715585308686803
13637,1385.6,25,1,0.0167105706330942
13638,1435.6,24,1,0.01670555746190427
13639,1435.6,24,1,0.016700545794665702
13640,1434.3999999999999,26,1,0.016695535630927304
13641,1435.6,24,1,0.016690526970238026
13642,1435.6,24,1,0.016685519812146957
13643,1434.3999999999999,26,1,0.016680514156203315
13644,1435.6,24,1,0.016675510001956453
13645,1435.6,24,1,0.016670507348955865
13646,1435.6,24,1,0.016665506196751178
13647,1435.6,24,1,0.016660506544892154
13648,1435.6,24,1,0.016655508392928686
13649,1435.6,24,1,0.01665051174041081
13650,1385.6,25,1,0.016645516586888686
13651,1434.3999999999999,26,1,0.01664052293191262
13652,1435.6,24,1,0.016635530775033047
13653,1435.6,24,1,0.01663054011580054
13654,1434.3999999999999,26,1,0.0166255509537658
13655,1435.6,24,1,0.01662056328847967
13656,1435.6,24,1,0.016615577119493127
13657,1435.6,24,1,0.016610592446357278
13658,1434.3999999999999,26,1,0.01660560926862337
13659,1435.6,24,1,0.016600627585842784
13660,1435.6,24,1,0.016595647397567033
13661,1435.6,24,1,0.016590668703347765
13662,1435.6,24,1,0.01658569150273676
13663,1435.6,24,1,0.01658071579528594
13664,1435.6,24,1,0.016575741580547355
13665,1435.6,24,1,0.016570768858073192
13666,1434.3999999999999,26,1,0.016565797627415772
13667,1434.3999999999999,26,1,0.016560827888127547
13668,1435.6,24,1,0.01655585963976111
13669,1384.3999999999999,27,1,0.016550892881869183
13670,1435.6,24,1,0.016545927614004623
13671,1435.6,24,1,0.016540963835720422
13672,1435.6,24,1,0.016536001546569708
13673,1435.6,24,1,0.016531040746105737
13674,1435.6,24,1,0.016526081433881904
13675,1385.6,25,1,0.01652112360945174
13676,1435.6,24,1,0.016516167272368907
13677,1435.6,24,1,0.016511212422187196
13678,1434.3999999999999,26,1,0.01650625905846054
13679,1385.6,25,1,0.016501307180743004
13680,1435.6,24,1,0.01649635678858878
13681,1383.6,25,1,0.016491407881552206
13682,1435.6,24,1,0.01648646045918774
13683,1435.6,24,1,0.016481514521049987
13684,1435.6,24,1,0.016476570066693674
13685,1435.6,24,1,0.016471627095673666
13686,1435.6,24,1,0.016466685607544964
13687,1435.6,24,1,0.016461745601862702
13688,1385.6,25,1,0.016456807078182145
13689,1384.3999999999999,27,1,0.01645187003605869
13690,1435.6,24,1,0.016446934475047872
13691,1435.6,24,1,0.016442000394705357
13692,1385.6,25,1,0.016437067794586945
13693,1435.6,24,1,0.01643213667424857
13694,1384.3999999999999,27,1,0.016427207033246297
13695,1385.6,25,1,0.016422278871136325
13696,1435.6,24,1,0.016417352187474983
13697,1435.6,24,1,0.01641242698181874
13698,1435.6,24,1,0.0164075032537242
13699,1435.6,24,1,0.016402581002748082
13700,1435.6,24,1,0.01639766022844726
13701,1435.6,24,1,0.016392740930378725
13702,1435.6,24,1,0.016387823108099612
13703,1435.6,24,1,0.016382906761167184
13704,1385.6,25,1,0.016377991889138833
13705,1435.6,24,1,0.01637307849157209
13706,1435.6,24,1,0.01636816656802462
13707,1435.6,24,1,0.016363256118054212
13708,1385.6,25,1,0.016358347141218796
13709,1435.6,24,1,0.01635343963707643
13710,1435.6,24,1,0.01634853360518531
13711,1435.6,24,1,0.016343629045103756
13712,1385.6,25,1,0.016338725956390226
13713,1435.6,24,1,0.01633382433860331
13714,1385.6,25,1,0.01632892419130173
13715,1435.6,24,1,0.01632402551404434
13716,1435.6,24,1,0.016319128306390127
13717,1435.6,24,1,0.01631423256789821
13718,1384.3999999999999,27,1,0.01630933829812784
13719,1434.3999999999999,26,1,0.016304445496638405
13720,1385.6,25,1,0.016299554162989414
13721,1435.6,24,1,0.016294664296740518
13722,1435.6,24,1,0.016289775897451498
13723,1435.6,24,1,0.016284888964682262
13724,1435.6,24,1,0.016280003497992857
13725,1434.3999999999999,26,1,0.01627511949694346
13726,1435.6,24,1,0.016270236961094378
13727,1435.6,24,1,0.01626535589000605
13728,1340.1999999999998,18,1,0.01626047628323905
13729,1435.6,24,1,0.01625559814035408
13730,1435.6,24,1,0.016250721460911974
13731,1435.6,24,1,0.016245846244473703
13732,1435.6,24,1,0.016240972490600362
13733,1435.6,24,1,0.016236100198853184
13734,1435.6,24,1,0.016231229368793527
13735,1435.6,24,1,0.01622635999998289
13736,1435.6,24,1,0.016221492091982898
13737,1435.6,24,1,0.016216625644355304
13738,1435.6,24,1,0.016211760656661998
13739,1434.3999999999999,26,1,0.016206897128465
13740,1385.6,25,1,0.01620203505932646
13741,1435.6,24,1,0.016197174448808662
13742,1435.6,24,1,0.01619231529647402
13743,1435.6,24,1,0.01618745760188508
13744,1435.6,24,1,0.016182601364604515
13745,1435.6,24,1,0.016177746584195133
13746,1435.6,24,1,0.016172893260219874
13747,1435.6,24,1,0.01616804139224181
13748,1435.6,24,1,0.016163190979824136
13749,1435.6,24,1,0.01615834202253019
13750,1385.6,25,1,0.01615349451992343
13751,1435.6,24,1,0.016148648471567457
13752,1434.3999999999999,26,1,0.016143803877025988
13753,1435.6,24,1,0.016138960735862882
13754,1435.6,24,1,0.016134119047642125
13755,1435.6,24,1,0.016129278811927834
13756,1384.3999999999999,27,1,0.016124440028284257
13757,1435.6,24,1,0.016119602696275773
13758,1435.6,24,1,0.01611476681546689
13759,1435.6,24,1,0.01610993238542225
13760,1435.6,24,1,0.016105099405706622
13761,1435.6,24,1,0.01610026787588491
13762,1435.6,24,1,0.016095437795522145
13763,1385.6,25,1,0.01609060916418349
13764,1385.6,25,1,0.016085781981434233
13765,1434.3999999999999,26,1,0.016080956246839802
13766,1385.6,25,1,0.01607613195996575
13767,1435.6,24,1,0.016071309120377762
13768,1435.6,24,1,0.01606648772764165
13769,1385.6,25,1,0.01606166778132336
13770,1385.6,25,1,0.016056849280988963
13771,1434.3999999999999,26,1,0.016052032226204667
13772,1435.6,24,1,0.016047216616536807
13773,1435.6,24,1,0.016042402451551845
13774,1435.6,24,1,0.01603758973081638
13775,1435.6,24,1,0.016032778453897136
13776,1434.3999999999999,26,1,0.016027968620360968
13777,1435.6,24,1,0.01602316022977486
13778,1435.6,24,1,0.01601835328170593
13779,1385.6,25,1,0.016013547775721417
13780,1385.6,25,1,0.0160087437113887
13781,1435.6,24,1,0.016003941088275284
13782,1435.6,24,1,0.0159991399059488
13783,1385.6,25,1,0.01599434016397702
13784,1385.6,25,1,0.015989541861927827
13785,1435.6,24,1,0.01598474499936925
13786,1385.6,25,1,0.01597994957586944
13787,1435.6,24,1,0.01597515559099668
13788,1435.6,24,1,0.015970363044319383
13789,1385.6,25,1,0.015965571935406087
13790,1435.6,24,1,0.015960782263825465
13791,1435.6,24,1,0.01595599402914632
13792,1435.6,24,1,0.015951207230937577
13793,1435.6,24,1,0.015946421868768296
13794,1340.1999999999998,18,1,0.015941637942207664
13795,1435.6,24,1,0.015936855450825002
13796,1435.6,24,1,0.015932074394189755
13797,1435.6,24,1,0.0159272947718715
13798,1435.6,24,1,0.015922516583439936
13799,1435.6,24,1,0.015917739828464905
13800,1435.6,24,1,0.015912964506516365
13801,1435.6,24,1,0.015908190617164412
13802,1435.6,24,1,0.015903418159979265
13803,1435.6,24,1,0.015898647134531273
13804,1435.6,24,1,0.015893877540390913
13805,1434.3999999999999,26,1,0.015889109377128795
13806,1435.6,24,1,0.015884342644315656
13807,1385.6,25,1,0.01587957734152236
13808,1385.6,25,1,0.015874813468319905
13809,1435.6,24,1,0.01587005102427941
13810,1435.6,24,1,0.01586529000897213
13811,1435.6,24,1,0.01586053042196944
13812,1435.6,24,1,0.01585577226284285
13813,1435.6,24,1,0.015851015531163998
13814,1434.3999999999999,26,1,0.01584626022650465
13815,1435.6,24,1,0.015841506348436698
13816,1384.3999999999999,27,1,0.015836753896532167
13817,1435.6,24,1,0.015832002870363206
13818,1435.6,24,1,0.015827253269502097
13819,1435.6,24,1,0.015822505093521247
13820,1385.6,25,1,0.015817758341993192
13821,1435.6,24,1,0.015813013014490594
13822,1434.3999999999999,26,1,0.01580826911058625
13823,1435.6,24,1,0.015803526629853074
13824,1435.6,24,1,0.015798785571864118
13825,1435.6,24,1,0.01579404593619256
13826,1435.6,24,1,0.015789307722411702
13827,1435.6,24,1,0.015784570930094978
13828,1435.6,24,1,0.01577983555881595
13829,1450.8999999999999,26,1,0.015775101608148306
13830,1435.6,24,1,0.015770369077665863
13831,1435.6,24,1,0.015765637966942563
13832,1435.6,24,1,0.01576090827555248
13833,1435.6,24,1,0.015756180003069817
13834,1435.6,24,1,0.015751453149068895
13835,1434.3999999999999,26,1,0.015746727713124173
13836,1435.6,24,1,0.015742003694810235
13837,1435.6,24,1,0.01573728109370179
13838,1385.6,25,1,0.01573255990937368
13839,1434.3999999999999,26,1,0.01572784014140087
13840,1435.6,24,1,0.01572312178935845
13841,1435.6,24,1,0.01571840485282164
13842,1435.6,24,1,0.015713689331365795
13843,1435.6,24,1,0.015708975224566386
13844,1435.6,24,1,0.015704262531999018
13845,1435.6,24,1,0.015699551253239418
13846,1467.3999999999999,26,1,0.015694841387863447
13847,1435.6,24,1,0.01569013293544709
13848,1435.6,24,1,0.015685425895566457
13849,1385.6,25,1,0.015680720267797786
13850,1435.6,24,1,0.015676016051717447
13851,1435.6,24,1,0.015671313246901932
13852,1435.6,24,1,0.01566661185292786
13853,1435.6,24,1,0.01566191186937198
13854,1435.6,24,1,0.01565721329581117
13855,1435.6,24,1,0.015652516131822426
13856,1435.6,24,1,0.01564782037698288
13857,1435.6,24,1,0.015643126030869783
13858,1435.6,24,1,0.01563843309306052
13859,1435.6,24,1,0.015633741563132603
13860,1385.6,25,1,0.015629051440663663
13861,1435.6,24,1,0.015624362725231464
13862,1435.6,24,1,0.015619675416413896
13863,1435.6,24,1,0.015614989513788972
13864,1340.1999999999998,18,1,0.015610305016934837
13865,1435.6,24,1,0.015605621925429757
13866,1335.6,26,1,0.015600940238852128
13867,1435.6,24,1,0.015596259956780472
13868,1435.6,24,1,0.015591581078793439
13869,1435.6,24,1,0.015586903604469802
13870,1435.6,24,1,0.01558222753338846
13871,1435.6,24,1,0.015577552865128444
13872,1385.6,25,1,0.015572879599268907
13873,1435.6,24,1,0.015568207735389127
13874,1435.6,24,1,0.015563537273068511
13875,1335.6,26,1,0.015558868211886592
13876,1435.6,24,1,0.015554200551423026
13877,1435.6,24,1,0.0155495342912576
13878,1435.6,24,1,0.015544869430970222
13879,1435.6,24,1,0.015540205970140933
13880,1435.6,24,1,0.01553554390834989
13881,1434.3999999999999,26,1,0.015530883245177386
13882,1435.6,24,1,0.015526223980203833
13883,1467.3999999999999,26,1,0.015521566113009772
13884,1435.6,24,1,0.015516909643175869
13885,1435.6,24,1,0.015512254570282916
13886,1385.6,25,1,0.015507600893911832
13887,1435.6,24,1,0.01550294861364366
13888,1435.6,24,1,0.015498297729059567
13889,1435.6,24,1,0.01549364823974085
13890,1435.6,24,1,0.015489000145268928
13891,1435.6,24,1,0.015484353445225347
13892,1435.6,24,1,0.01547970813919178
13893,1450.8999999999999,26,1,0.015475064226750023
13894,1435.6,24,1,0.015470421707481998
13895,1435.6,24,1,0.015465780580969753
13896,1435.6,24,1,0.015461140846795464
13897,1435.6,24,1,0.015456502504541425
13898,1435.6,24,1,0.015451865553790063
13899,1435.6,24,1,0.015447229994123927
13900,1385.6,25,1,0.01544259582512569
13901,1385.6,25,1,0.015437963046378152
13902,1435.6,24,1,0.015433331657464239
13903,1400.8999999999999,27,1,0.015428701657967
13904,1435.6,24,1,0.01542407304746961
13905,1435.6,24,1,0.01541944582555537
13906,1435.6,24,1,0.015414819991807703
13907,1434.3999999999999,26,1,0.01541019554581016
13908,1434.3999999999999,26,1,0.015405572487146418
13909,1435.6,24,1,0.015400950815400275
13910,1435.6,24,1,0.015396330530155655
13911,1435.6,24,1,0.01539171163099661
13912,1385.6,25,1,0.015387094117507312
13913,1435.6,24,1,0.01538247798927206
13914,1435.6,24,1,0.015377863245875279
13915,1435.6,24,1,0.015373249886901516
13916,1435.6,24,1,0.015368637911935447
13917,1434.3999999999999,26,1,0.015364027320561866
13918,1467.3999999999999,26,1,0.015359418112365698
13919,1435.6,24,1,0.015354810286931989
13920,1435.6,24,1,0.01535020384384591
13921,1385.6,25,1,0.015345598782692756
13922,1435.6,24,1,0.015340995103057949
13923,1435.6,24,1,0.015336392804527033
13924,1435.6,24,1,0.015331791886685675
13925,1435.6,24,1,0.01532719234911967
13926,1434.3999999999999,26,1,0.015322594191414934
13927,1435.6,24,1,0.01531799741315751
13928,1435.6,24,1,0.015313402013933563
13929,1435.6,24,1,0.015308807993329383
13930,1435.6,24,1,0.015304215350931384
13931,1435.6,24,1,0.015299624086326106
13932,1435.6,24,1,0.015295034199100208
13933,1335.6,26,1,0.015290445688840477
13934,1435.6,24,1,0.015285858555133825
13935,1435.6,24,1,0.015281272797567285
13936,1435.6,24,1,0.015276688415728015
13937,1434.3999999999999,26,1,0.015272105409203297
13938,1435.6,24,1,0.015267523777580536
13939,1385.6,25,1,0.015262943520447263
13940,1435.6,24,1,0.01525836463739113
13941,1435.6,24,1,0.015253787127999912
13942,1385.6,25,1,0.015249210991861512
13943,1435.6,24,1,0.015244636228563955
13944,1435.6,24,1,0.015240062837695386
13945,1435.6,24,1,0.015235490818844077
13946,1435.6,24,1,0.015230920171598423
13947,1435.6,24,1,0.015226350895546944
13948,1435.6,24,1,0.01522178299027828
13949,1435.6,24,1,0.015217216455381197
13950,1435.6,24,1,0.015212651290444582
13951,1435.6,24,1,0.015208087495057449
13952,1435.6,24,1,0.015203525068808931
13953,1385.6,25,1,0.015198964011288289
13954,1435.6,24,1,0.015194404322084902
13955,1435.6,24,1,0.015189846000788277
13956,1435.6,24,1,0.015185289046988041
13957,1435.6,24,1,0.015180733460273946
13958,1385.6,25,1,0.015176179240235864
13959,1435.6,24,1,0.015171626386463794
13960,1435.6,24,1,0.015167074898547855
13961,1385.6,25,1,0.015162524776078292
13962,1435.6,24,1,0.015157976018645469
13963,1385.6,25,1,0.015153428625839876
13964,1435.6,24,1,0.015148882597252125
13965,1435.6,24,1,0.01514433793247295
13966,1434.3999999999999,26,1,0.015139794631093209
13967,1435.6,24,1,0.01513525269270388
13968,1435.6,24,1,0.01513071211689607
13969,1435.6,24,1,0.015126172903261003
13970,1385.6,25,1,0.015121635051390026
13971,1435.6,24,1,0.01511709856087461
13972,1435.6,24,1,0.015112563431306347
13973,1435.6,24,1,0.015108029662276956
13974,1385.6,25,1,0.015103497253378274
13975,1435.6,24,1,0.015098966204202261
13976,1435.6,24,1,0.015094436514341001
13977,1435.6,24,1,0.015089908183386699
13978,1466.1999999999998,28,1,0.015085381210931684
13979,1435.6,24,1,0.015080855596568405
13980,1435.6,24,1,0.015076331339889434
13981,1435.6,24,1,0.015071808440487468
13982,1385.6,25,1,0.015067286897955322
13983,1435.6,24,1,0.015062766711885936
13984,1435.6,24,1,0.01505824788187237
13985,1435.6,24,1,0.01505373040750781
13986,1435.6,24,1,0.015049214288385558
13987,1435.6,24,1,0.015044699524099044
13988,1435.6,24,1,0.015040186114241814
13989,1435.6,24,1,0.015035674058407542
13990,1435.6,24,1,0.01503116335619002
13991,1435.6,24,1,0.015026654007183164
13992,1435.6,24,1,0.01502214601098101
13993,1435.6,24,1,0.015017639367177716
13994,1435.6,24,1,0.015013134075367564
13995,1435.6,24,1,0.015008630135144954
13996,1435.6,24,1,0.01500412754610441
13997,1435.6,24,1,0.01499962630784058
13998,1434.3999999999999,26,1,0.014995126419948228
13999,1385.6,25,1,0.014990627882022245
14000,1435.6,24,1,0.014986130693657639
14001,1435.6,24,1,0.014981634854449541
14002,1435.6,24,1,0.014977140363993207
14003,1435.6,24,1,0.01497264722188401
14004,1385.6,25,1,0.014968155427717445
14005,1435.6,24,1,0.01496366498108913
14006,1435.6,24,1,0.014959175881594804
14007,1434.3999999999999,26,1,0.014954688128830326
14008,1450.8999999999999,26,1,0.014950201722391677
14009,1435.6,24,1,0.01494571666187496
14010,1434.3999999999999,26,1,0.014941232946876399
14011,1450.8999999999999,26,1,0.014936750576992336
14012,1384.3999999999999,27,1,0.01493226955181924
14013,1435.6,24,1,0.014927789870953695
14014,1435.6,24,1,0.01492331153399241
14015,1385.6,25,1,0.014918834540532212
14016,1385.6,25,1,0.014914358890170053
14017,1435.6,24,1,0.014909884582503002
14018,1435.6,24,1,0.014905411617128252
14019,1385.6,25,1,0.014900939993643114
14020,1435.6,24,1,0.014896469711645021
14021,1435.6,24,1,0.014892000770731528
14022,1435.6,24,1,0.01488753317050031
14023,1435.6,24,1,0.01488306691054916
14024,1435.6,24,1,0.014878601990475996
14025,1434.3999999999999,26,1,0.014874138409878853
14026,1435.6,24,1,0.01486967616835589
14027,1385.6,25,1,0.014865215265505384
14028,1435.6,24,1,0.014860755700925734
14029,1385.6,25,1,0.014856297474215456
14030,1435.6,24,1,0.014851840584973191
14031,1435.6,24,1,0.0148473850327977
14032,1435.6,24,1,0.014842930817287861
14033,1435.6,24,1,0.014838477938042676
14034,1384.3999999999999,27,1,0.014834026394661264
14035,1385.6,25,1,0.014829576186742867
14036,1435.6,24,1,0.014825127313886844
14037,1435.6,24,1,0.014820679775692678
14038,1435.6,24,1,0.01481623357175997
14039,1435.6,24,1,0.014811788701688443
14040,1435.6,24,1,0.014807345165077937
14041,1435.6,24,1,0.014802902961528414
14042,1435.6,24,1,0.014798462090639956
14043,1434.3999999999999,26,1,0.014794022552012764
14044,1435.6,24,1,0.01478958434524716
14045,1435.6,24,1,0.014785147469943586
14046,1435.6,24,1,0.014780711925702603
14047,1435.6,24,1,0.014776277712124893
14048,1435.6,24,1,0.014771844828811257
14049,1435.6,24,1,0.014767413275362613
14050,1434.3999999999999,26,1,0.014762983051380005
14051,1435.6,24,1,0.014758554156464591
14052,1435.6,24,1,0.014754126590217652
14053,1435.6,24,1,0.014749700352240587
14054,1435.6,24,1,0.014745275442134914
14055,1435.6,24,1,0.014740851859502274
14056,1435.6,24,1,0.014736429603944425
14057,1434.3999999999999,26,1,0.014732008675063241
14058,1435.6,24,1,0.014727589072460722
14059,1435.6,24,1,0.014723170795738984
14060,1435.6,24,1,0.014718753844500262
14061,1435.6,24,1,0.014714338218346912
14062,1385.6,25,1,0.014709923916881409
14063,1435.6,24,1,0.014705510939706345
14064,1435.6,24,1,0.014701099286424433
14065,1435.6,24,1,0.014696688956638506
14066,1435.6,24,1,0.014692279949951514
14067,1435.6,24,1,0.01468787226596653
14068,1450.8999999999999,26,1,0.01468346590428674
14069,1435.6,24,1,0.014679060864515455
14070,1340.1999999999998,18,1,0.0146746571462561
14071,1435.6,24,1,0.014670254749112224
14072,1434.3999999999999,26,1,0.01466585367268749
14073,1435.6,24,1,0.014661453916585684
14074,1435.6,24,1,0.014657055480410708
14075,1435.6,24,1,0.014652658363766585
14076,1385.6,25,1,0.014648262566257456
14077,1435.6,24,1,0.014643868087487579
14078,1435.6,24,1,0.014639474927061333
14079,1435.6,24,1,0.014635083084583216
14080,1435.6,24,1,0.014630692559657842
14081,1435.6,24,1,0.014626303351889944
14082,1435.6,24,1,0.014621915460884378
14083,1435.6,24,1,0.014617528886246114
14084,1435.6,24,1,0.014613143627580242
14085,1435.6,24,1,0.014608759684491967
14086,1435.6,24,1,0.01460437705658662
14087,1385.6,25,1,0.014599995743469645
14088,1385.6,25,1,0.014595615744746604
14089,1435.6,24,1,0.01459123706002318
14090,1435.6,24,1,0.014586859688905175
14091,1435.6,24,1,0.014582483630998504
14092,1435.6,24,1,0.014578108885909205
14093,1435.6,24,1,0.014573735453243433
14094,1435.6,24,1,0.01456936333260746
14095,1435.6,24,1,0.014564992523607679
14096,1435.6,24,1,0.014560623025850596
14097,1435.6,24,1,0.014556254838942842
14098,1435.6,24,1,0.01455188796249116
14099,1435.6,24,1,0.014547522396102412
14100,1435.6,24,1,0.014543158139383582
14101,1435.6,24,1,0.014538795191941766
14102,1435.6,24,1,0.014534433553384185
14103,1435.6,24,1,0.01453007322331817
14104,1435.6,24,1,0.014525714201351176
14105,1435.6,24,1,0.014521356487090771
14106,1435.6,24,1,0.014517000080144645
14107,1435.6,24,1,0.014512644980120603
14108,1435.6,24,1,0.014508291186626566
14109,1435.6,24,1,0.014503938699270578
14110,1385.6,25,1,0.014499587517660797
14111,1450.8999999999999,26,1,0.0144952376414055
14112,1450.8999999999999,26,1,0.014490889070113078
14113,1435.6,24,1,0.014486541803392044
14114,1435.6,24,1,0.014482195840851027
14115,1435.6,24,1,0.014477851182098773
14116,1435.6,24,1,0.014473507826744144
14117,1385.6,25,1,0.014469165774396121
14118,1435.6,24,1,0.014464825024663803
14119,1435.6,24,1,0.014460485577156405
14120,1385.6,25,1,0.014456147431483258
14121,1434.3999999999999,26,1,0.014451810587253814
14122,1435.6,24,1,0.014447475044077639
14123,1450.8999999999999,26,1,0.014443140801564416
14124,1435.6,24,1,0.014438807859323947
14125,1435.6,24,1,0.01443447621696615
14126,1385.6,25,1,0.01443014587410106
14127,1384.3999999999999,27,1,0.014425816830338832
14128,1435.6,24,1,0.014421489085289731
14129,1435.6,24,1,0.014417162638564145
14130,1434.3999999999999,26,1,0.014412837489772576
14131,1435.6,24,1,0.014408513638525645
14132,1435.6,24,1,0.014404191084434088
14133,1435.6,24,1,0.014399869827108759
14134,1435.6,24,1,0.014395549866160626
14135,1435.6,24,1,0.014391231201200779
14136,1435.6,24,1,0.014386913831840419
14137,1435.6,24,1,0.014382597757690867
14138,1435.6,24,1,0.01437828297836356
14139,1435.6,24,1,0.014373969493470052
14140,1435.6,24,1,0.014369657302622012
14141,1435.6,24,1,0.014365346405431226
14142,1435.6,24,1,0.014361036801509597
14143,1385.6,25,1,0.014356728490469145
14144,1435.6,24,1,0.014352421471922006
14145,1435.6,24,1,0.014348115745480429
14146,1435.6,24,1,0.014343811310756785
14147,1385.6,25,1,0.014339508167363558
14148,1435.6,24,1,0.014335206314913349
14149,1385.6,25,1,0.014330905753018874
14150,1434.3999999999999,26,1,0.01432660648129297
14151,1435.6,24,1,0.014322308499348582
14152,1435.6,24,1,0.014318011806798777
14153,1435.6,24,1,0.014313716403256738
14154,1435.6,24,1,0.014309422288335762
14155,1435.6,24,1,0.014305129461649262
14156,1384.3999999999999,27,1,0.014300837922810767
14157,1435.6,24,1,0.014296547671433924
14158,1435.6,24,1,0.014292258707132494
14159,1435.6,24,1,0.014287971029520355
14160,1385.6,25,1,0.014283684638211499
14161,1435.6,24,1,0.014279399532820036
14162,1435.6,24,1,0.01427511571296019
14163,1435.6,24,1,0.014270833178246303
14164,1434.3999999999999,26,1,0.01426655192829283
14165,1434.3999999999999,26,1,0.014262271962714342
14166,1434.3999999999999,26,1,0.01425799328112553
14167,1435.6,24,1,0.014253715883141192
14168,1435.6,24,1,0.01424943976837625
14169,1435.6,24,1,0.014245164936445738
14170,1434.3999999999999,26,1,0.014240891386964804
14171,1435.6,24,1,0.014236619119548715
14172,1435.6,24,1,0.014232348133812852
14173,1435.6,24,1,0.01422807842937271
14174,1435.6,24,1,0.014223810005843898
14175,1385.6,25,1,0.014219542862842145
14176,1435.6,24,1,0.014215276999983293
14177,1435.6,24,1,0.014211012416883299
14178,1435.6,24,1,0.014206749113158234
14179,1385.6,25,1,0.014202487088424287
14180,1435.6,24,1,0.01419822634229776
14181,1434.3999999999999,26,1,0.01419396687439507
14182,1435.6,24,1,0.014189708684332752
14183,1435.6,24,1,0.014185451771727453
14184,1435.6,24,1,0.014181196136195935
14185,1435.6,24,1,0.014176941777355076
14186,1435.6,24,1,0.01417268869482187
14187,1435.6,24,1,0.014168436888213422
14188,1435.6,24,1,0.014164186357146958
14189,1435.6,24,1,0.014159937101239814
14190,1435.6,24,1,0.014155689120109442
14191,1435.6,24,1,0.01415144241337341
14192,1434.3999999999999,26,1,0.0141471969806494
14193,1435.6,24,1,0.014142952821555204
14194,1385.6,25,1,0.014138709935708739
14195,1435.6,24,1,0.014134468322728027
14196,1435.6,24,1,0.01413022798223121
14197,1435.6,24,1,0.014125988913836542
14198,1435.6,24,1,0.014121751117162391
14199,1435.6,24,1,0.014117514591827243
14200,1435.6,24,1,0.014113279337449694
14201,1435.6,24,1,0.01410904535364846
14202,1435.6,24,1,0.014104812640042366
14203,1435.6,24,1,0.014100581196250354
14204,1435.6,24,1,0.014096351021891478
14205,1435.6,24,1,0.01409212211658491
14206,1385.6,25,1,0.014087894479949936
14207,1435.6,24,1,0.01408366811160595
14208,1435.6,24,1,0.01407944301117247
14209,1450.8999999999999,26,1,0.014075219178269118
14210,1434.3999999999999,26,1,0.014070996612515638
14211,1435.6,24,1,0.014066775313531883
14212,1435.6,24,1,0.014062555280937824
14213,1435.6,24,1,0.014058336514353544
14214,1435.6,24,1,0.014054119013399239
14215,1435.6,24,1,0.014049902777695219
14216,1435.6,24,1,0.01404568780686191
14217,1385.6,25,1,0.014041474100519851
14218,1435.6,24,1,0.014037261658289696
14219,1435.6,24,1,0.01403305047979221
14220,1435.6,24,1,0.014028840564648272
14221,1435.6,24,1,0.014024631912478878
14222,1435.6,24,1,0.014020424522905134
14223,1435.6,24,1,0.014016218395548263
14224,1435.6,24,1,0.014012013530029599
14225,1435.6,24,1,0.01400780992597059
14226,1435.6,24,1,0.0140036075829928
14227,1435.6,24,1,0.013999406500717902
14228,1449.6999999999998,28,1,0.013995206678767688
14229,1385.6,25,1,0.013991008116764058
14230,1434.3999999999999,26,1,0.013986810814329028
14231,1385.6,25,1,0.01398261477108473
14232,1435.6,24,1,0.013978419986653405
14233,1435.6,24,1,0.013974226460657409
14234,1435.6,24,1,0.013970034192719213
14235,1435.6,24,1,0.013965843182461397
14236,1450.8999999999999,26,1,0.013961653429506659
14237,1435.6,24,1,0.013957464933477806
14238,1435.6,24,1,0.013953277693997764
14239,1434.3999999999999,26,1,0.013949091710689565
14240,1435.6,24,1,0.013944906983176358
14241,1434.3999999999999,26,1,0.013940723511081405
14242,1435.6,24,1,0.013936541294028082
14243,1435.6,24,1,0.013932360331639873
14244,1435.6,24,1,0.01392818062354038
14245,1435.6,24,1,0.013924002169353319
14246,1434.3999999999999,26,1,0.013919824968702513
14247,1435.6,24,1,0.013915649021211902
14248,1435.6,24,1,0.01391147432650554
14249,1435.6,24,1,0.013907300884207588
14250,1435.6,24,1,0.013903128693942326
14251,1340.1999999999998,18,1,0.013898957755334144
14252,1435.6,24,1,0.013894788068007544
14253,1435.6,24,1,0.013890619631587142
14254,1435.6,24,1,0.013886452445697667
14255,1434.3999999999999,26,1,0.013882286509963957
14256,1435.6,24,1,0.013878121824010969
14257,1435.6,24,1,0.013873958387463766
14258,1435.6,24,1,0.013869796199947527
14259,1435.6,24,1,0.013865635261087543
14260,1435.6,24,1,0.013861475570509218
14261,1435.6,24,1,0.013857317127838066
14262,1435.6,24,1,0.013853159932699715
14263,1435.6,24,1,0.013849003984719905
14264,1435.6,24,1,0.01384484928352449
14265,1435.6,24,1,0.013840695828739433
14266,1435.6,24,1,0.013836543619990812
14267,1435.6,24,1,0.013832392656904816
14268,1435.6,24,1,0.013828242939107746
14269,1435.6,24,1,0.013824094466226013
14270,1435.6,24,1,0.013819947237886146
14271,1435.6,24,1,0.013815801253714781
14272,1435.6,24,1,0.013811656513338667
14273,1434.3999999999999,26,1,0.013807513016384667
14274,1434.3999999999999,26,1,0.013803370762479752
14275,1435.6,24,1,0.013799229751251009
14276,1385.6,25,1,0.013795089982325634
14277,1435.6,24,1,0.013790951455330937
14278,1435.6,24,1,0.013786814169894338
14279,1435.6,24,1,0.01378267812564337
14280,1435.6,24,1,0.013778543322205678
14281,1435.6,24,1,0.013774409759209016
14282,1435.6,24,1,0.013770277436281253
14283,1435.6,24,1,0.01376614635305037
14284,1434.3999999999999,26,1,0.013762016509144456
14285,1435.6,24,1,0.013757887904191713
14286,1435.6,24,1,0.013753760537820455
14287,1384.3999999999999,27,1,0.013749634409659109
14288,1435.6,24,1,0.013745509519336212
14289,1435.6,24,1,0.013741385866480412
14290,1435.6,24,1,0.013737263450720467
14291,1435.6,24,1,0.013733142271685251
14292,1435.6,24,1,0.013729022329003747
14293,1385.6,25,1,0.013724903622305046
14294,1435.6,24,1,0.013720786151218354
14295,1435.6,24,1,0.01371666991537299
14296,1435.6,24,1,0.013712554914398378
14297,1435.6,24,1,0.013708441147924058
14298,1333.6,26,1,0.013704328615579681
14299,1435.6,24,1,0.013700217316995007
14300,1435.6,24,1,0.01369610725179991
14301,1435.6,24,1,0.01369199841962437
14302,1435.6,24,1,0.013687890820098483
14303,1435.6,24,1,0.013683784452852454
14304,1435.6,24,1,0.013679679317516598
14305,1435.6,24,1,0.013675575413721344
14306,1435.6,24,1,0.013671472741097227
14307,1435.6,24,1,0.0136673712992749
14308,1435.6,24,1,0.013663271087885117
14309,1335.6,26,1,0.013659172106558752
14310,1435.6,24,1,0.013655074354926786
14311,1434.3999999999999,26,1,0.013650977832620308
14312,1384.3999999999999,27,1,0.013646882539270521
14313,1400.8999999999999,27,1,0.01364278847450874
14314,1385.6,25,1,0.013638695637966389
14315,1435.6,24,1,0.013634604029274999
14316,1335.6,26,1,0.013630513648066217
14317,1435.6,24,1,0.013626424493971797
14318,1435.6,24,1,0.013622336566623606
14319,1434.3999999999999,26,1,0.013618249865653619
14320,1435.6,24,1,0.013614164390693923
14321,1385.6,25,1,0.013610080141376716
14322,1435.6,24,1,0.013605997117334304
14323,1434.3999999999999,26,1,0.013601915318199103
14324,1435.6,24,1,0.013597834743603644
14325,1385.6,25,1,0.013593755393180564
14326,1435.6,24,1,0.01358967726656261
14327,1435.6,24,1,0.013585600363382641
14328,1385.6,25,1,0.013581524683273626
14329,1435.6,24,1,0.013577450225868645
14330,1435.6,24,1,0.013573376990800884
14331,1435.6,24,1,0.013569304977703645
14332,1435.6,24,1,0.013565234186210334
14333,1435.6,24,1,0.013561164615954472
14334,1435.6,24,1,0.013557096266569686
14335,1385.6,25,1,0.013553029137689715
14336,1435.6,24,1,0.013548963228948408
14337,1435.6,24,1,0.013544898539979724
14338,1435.6,24,1,0.01354083507041773
14339,1435.6,24,1,0.013536772819896604
14340,1435.6,24,1,0.013532711788050636
14341,1435.6,24,1,0.013528651974514222
14342,1435.6,24,1,0.013524593378921868
14343,1435.6,24,1,0.013520536000908192
14344,1450.8999999999999,26,1,0.01351647984010792
14345,1435.6,24,1,0.013512424896155888
14346,1435.6,24,1,0.013508371168687042
14347,1435.6,24,1,0.013504318657336437
14348,1435.6,24,1,0.013500267361739236
14349,1385.6,25,1,0.013496217281530715
14350,1435.6,24,1,0.013492168416346257
14351,1450.8999999999999,26,1,0.013488120765821354
14352,1434.3999999999999,26,1,0.013484074329591608
14353,1385.6,25,1,0.013480029107292731
14354,1435.6,24,1,0.013475985098560544
14355,1435.6,24,1,0.013471942303030976
14356,1435.6,24,1,0.013467900720340067
14357,1435.6,24,1,0.013463860350123966
14358,1435.6,24,1,0.013459821192018929
14359,1435.6,24,1,0.013455783245661324
14360,1435.6,24,1,0.013451746510687626
14361,1435.6,24,1,0.01344771098673442
14362,1435.6,24,1,0.0134436766734384
14363,1435.6,24,1,0.01343964357043637
14364,1335.6,26,1,0.013435611677365239
14365,1434.3999999999999,26,1,0.01343158099386203
14366,1435.6,24,1,0.01342755151956387
14367,1384.3999999999999,27,1,0.013423523254108002
14368,1435.6,24,1,0.01341949619713177
14369,1435.6,24,1,0.013415470348272632
14370,1435.6,24,1,0.01341144570716815
14371,1349.6,24,1,0.013407422273456
14372,1434.3999999999999,26,1,0.013403400046773963
14373,1435.6,24,1,0.01339937902675993
14374,1435.6,24,1,0.013395359213051903
14375,1435.6,24,1,0.013391340605287988
14376,1435.6,24,1,0.013387323203106403
14377,1435.6,24,1,0.013383307006145472
14378,1435.6,24,1,0.013379292014043628
14379,1435.6,24,1,0.013375278226439415
14380,1435.6,24,1,0.013371265642971484
14381,1435.6,24,1,0.013367254263278592
14382,1435.6,24,1,0.013363244086999609
14383,1385.6,25,1,0.013359235113773509
14384,1435.6,24,1,0.013355227343239377
14385,1385.6,25,1,0.013351220775036405
14386,1435.6,24,1,0.013347215408803894
14387,1435.6,24,1,0.013343211244181254
14388,1385.6,25,1,0.013339208280808
14389,1385.6,25,1,0.013335206518323758
14390,1435.6,24,1,0.013331205956368261
14391,1435.6,24,1,0.01332720659458135
14392,1435.6,24,1,0.013323208432602977
14393,1435.6,24,1,0.013319211470073197
14394,1434.3999999999999,26,1,0.013315215706632175
14395,1435.6,24,1,0.013311221141920185
14396,1435.6,24,1,0.01330722777557761
14397,1435.6,24,1,0.013303235607244938
14398,1435.6,24,1,0.013299244636562766
14399,1435.6,24,1,0.013295254863171797
14400,1435.6,24,1,0.013291266286712846
14401,1435.6,24,1,0.013287278906826832
14402,1435.6,24,1,0.013283292723154785
14403,1435.6,24,1,0.013279307735337838
14404,1435.6,24,1,0.013275323943017238
14405,1435.6,24,1,0.013271341345834332
14406,1435.6,24,1,0.013267359943430583
14407,1435.6,24,1,0.013263379735447554
14408,1435.6,24,1,0.01325940072152692
14409,1435.6,24,1,0.013255422901310463
14410,1435.6,24,1,0.01325144627444007
14411,1435.6,24,1,0.013247470840557739
14412,1435.6,24,1,0.013243496599305573
14413,1435.6,24,1,0.013239523550325781
14414,1435.6,24,1,0.013235551693260683
14415,1435.6,24,1,0.013231581027752706
14416,1435.6,24,1,0.01322761155344438
14417,1435.6,24,1,0.013223643269978347
14418,1435.6,24,1,0.013219676176997354
14419,1435.6,24,1,0.013215710274144254
14420,1435.6,24,1,0.013211745561062012
14421,1435.6,24,1,0.013207782037393694
14422,1385.6,25,1,0.013203819702782477
14423,1435.6,24,1,0.013199858556871643
14424,1340.1999999999998,18,1,0.013195898599304581
14425,1435.6,24,1,0.01319193982972479
14426,1435.6,24,1,0.013187982247775874
14427,1435.6,24,1,0.013184025853101541
14428,1385.6,25,1,0.01318007064534561
14429,1435.6,24,1,0.013176116624152008
14430,1385.6,25,1,0.013172163789164762
14431,1434.3999999999999,26,1,0.013168212140028014
14432,1435.6,24,1,0.013164261676386006
14433,1435.6,24,1,0.013160312397883091
14434,1435.6,24,1,0.013156364304163727
14435,1435.6,24,1,0.013152417394872478
14436,1385.6,25,1,0.013148471669654016
14437,1435.6,24,1,0.013144527128153121
14438,1385.6,25,1,0.013140583770014676
14439,1435.6,24,1,0.013136641594883673
14440,1435.6,24,1,0.013132700602405208
14441,1435.6,24,1,0.013128760792224487
14442,1435.6,24,1,0.01312482216398682
14443,1435.6,24,1,0.013120884717337624
14444,1434.3999999999999,26,1,0.013116948451922423
14445,1340.1999999999998,18,1,0.013113013367386846
14446,1435.6,24,1,0.013109079463376631
14447,1434.3999999999999,26,1,0.013105146739537618
14448,1434.3999999999999,26,1,0.013101215195515757
14449,1435.6,24,1,0.013097284830957102
14450,1385.6,25,1,0.013093355645507817
14451,1435.6,24,1,0.013089427638814165
14452,1450.8999999999999,26,1,0.013085500810522522
14453,1435.6,24,1,0.013081575160279366
14454,1435.6,24,1,0.013077650687731283
14455,1435.6,24,1,0.013073727392524964
14456,1435.6,24,1,0.013069805274307207
14457,1435.6,24,1,0.013065884332724915
14458,1435.6,24,1,0.013061964567425099
14459,1435.6,24,1,0.013058045978054872
14460,1385.6,25,1,0.013054128564261457
14461,1435.6,24,1,0.013050212325692178
14462,1435.6,24,1,0.013046297261994471
14463,1435.6,24,1,0.013042383372815873
14464,1435.6,24,1,0.013038470657804028
14465,1435.6,24,1,0.013034559116606687
14466,1435.6,24,1,0.013030648748871705
14467,1435.6,24,1,0.013026739554247043
14468,1435.6,24,1,0.01302283153238077
14469,1435.6,24,1,0.013018924682921056
14470,1435.6,24,1,0.01301501900551618
14471,1435.6,24,1,0.013011114499814526
14472,1385.6,25,1,0.013007211165464582
14473,1435.6,24,1,0.013003309002114943
14474,1435.6,24,1,0.012999408009414308
14475,1435.6,24,1,0.012995508187011484
14476,1450.8999999999999,26,1,0.01299160953455538
14477,1385.6,25,1,0.012987712051695015
14478,1433.1999999999998,28,1,0.012983815738079506
14479,1481.4999999999998,30,1,0.012979920593358084
14480,1435.6,24,1,0.012976026617180076
14481,1435.6,24,1,0.012972133809194923
14482,1435.6,24,1,0.012968242169052164
14483,1435.6,24,1,0.01296435169640145
14484,1434.3999999999999,26,1,0.01296046239089253
14485,1435.6,24,1,0.012956574252175262
14486,1435.6,24,1,0.01295268727989961
14487,1435.6,24,1,0.01294880147371564
14488,1435.6,24,1,0.012944916833273527
14489,1434.3999999999999,26,1,0.012941033358223546
14490,1435.6,24,1,0.01293715104821608
14491,1450.8999999999999,26,1,0.012933269902901615
14492,1435.6,24,1,0.012929389921930745
14493,1435.6,24,1,0.012925511104954166
14494,1435.6,24,1,0.01292163345162268
14495,1435.6,24,1,0.012917756961587194
14496,1434.3999999999999,26,1,0.012913881634498718
14497,1435.6,24,1,0.012910007470008368
14498,1435.6,24,1,0.012906134467767366
14499,1435.6,24,1,0.012902262627427037
14500,1435.6,24,1,0.012898391948638809
14501,1385.6,25,1,0.012894522431054217
14502,1435.6,24,1,0.012890654074324902
14503,1435.6,24,1,0.012886786878102605
14504,1417.3999999999999,27,1,0.012882920842039175
14505,1435.6,24,1,0.012879055965786564
14506,1435.6,24,1,0.012875192248996829
14507,1435.6,24,1,0.01287132969132213
14508,1435.6,24,1,0.012867468292414735
14509,1435.6,24,1,0.01286360805192701
14510,1435.6,24,1,0.012859748969511432
14511,1435.6,24,1,0.012855891044820579
14512,1435.6,24,1,0.012852034277507134
14513,1435.6,24,1,0.012848178667223882
14514,1435.6,24,1,0.012844324213623715
14515,1435.6,24,1,0.012840470916359628
14516,1340.1999999999998,18,1,0.012836618775084721
14517,1435.6,24,1,0.012832767789452196
14518,1435.6,24,1,0.01282891795911536
14519,1435.6,24,1,0.012825069283727626
14520,1435.6,24,1,0.012821221762942508
14521,1435.6,24,1,0.012817375396413627
14522,1435.6,24,1,0.012813530183794703
14523,1435.6,24,1,0.012809686124739565
14524,1435.6,24,1,0.012805843218902144
14525,1435.6,24,1,0.012802001465936474
14526,1435.6,24,1,0.012798160865496693
14527,1385.6,25,1,0.012794321417237044
14528,1435.6,24,1,0.012790483120811874
14529,1435.6,24,1,0.012786645975875631
14530,1435.6,24,1,0.012782809982082869
14531,1385.6,25,1,0.012778975139088244
14532,1435.6,24,1,0.012775141446546519
14533,1385.6,25,1,0.012771308904112556
14534,1435.6,24,1,0.012767477511441323
14535,1435.6,24,1,0.01276364726818789
14536,1435.6,24,1,0.012759818174007434
14537,1435.6,24,1,0.012755990228555232
14538,1385.6,25,1,0.012752163431486666
14539,1435.6,24,1,0.01274833778245722
14540,1385.6,25,1,0.012744513281122484
14541,1435.6,24,1,0.012740689927138147
14542,1435.6,24,1,0.012736867720160005
14543,1435.6,24,1,0.012733046659843957
14544,1435.6,24,1,0.012729226745846004
14545,1435.6,24,1,0.012725407977822251
14546,1435.6,24,1,0.012721590355428905
14547,1435.6,24,1,0.012717773878322276
14548,1435.6,24,1,0.012713958546158779
14549,1435.6,24,1,0.012710144358594931
14550,1435.6,24,1,0.012706331315287353
14551,1435.6,24,1,0.012702519415892767
14552,1435.6,24,1,0.012698708660068
14553,1435.6,24,1,0.01269489904746998
14554,1435.6,24,1,0.01269109057775574
14555,1435.6,24,1,0.012687283250582413
14556,1435.6,24,1,0.012683477065607239
14557,1434.3999999999999,26,1,0.012679672022487556
14558,1385.6,25,1,0.01267586812088081
14559,1435.6,24,1,0.012672065360444547
14560,1435.6,24,1,0.012668263740836414
14561,1385.6,25,1,0.012664463261714163
14562,1435.6,24,1,0.012660663922735649
14563,1385.6,25,1,0.012656865723558829
14564,1435.6,24,1,0.012653068663841761
14565,1435.6,24,1,0.01264927274324261
14566,1435.6,24,1,0.012645477961419637
14567,1435.6,24,1,0.012641684318031211
14568,1435.6,24,1,0.012637891812735802
14569,1435.6,24,1,0.012634100445191983
14570,1435.6,24,1,0.012630310215058426
14571,1435.6,24,1,0.01262652112199391
14572,1435.6,24,1,0.012622733165657311
14573,1435.6,24,1,0.012618946345707614
14574,1435.6,24,1,0.012615160661803902
14575,1435.6,24,1,0.012611376113605362
14576,1385.6,25,1,0.01260759270077128
14577,1435.6,24,1,0.01260381042296105
14578,1435.6,24,1,0.012600029279834161
14579,1435.6,24,1,0.012596249271050212
14580,1435.6,24,1,0.012592470396268898
14581,1384.3999999999999,27,1,0.012588692655150018
14582,1435.6,24,1,0.012584916047353473
14583,1435.6,24,1,0.012581140572539267
14584,1435.6,24,1,0.012577366230367506
14585,1385.6,25,1,0.012573593020498396
14586,1435.6,24,1,0.012569820942592246
14587,1435.6,24,1,0.012566049996309468
14588,1435.6,24,1,0.012562280181310576
14589,1435.6,24,1,0.012558511497256184
14590,1385.6,25,1,0.012554743943807007
14591,1435.6,24,1,0.012550977520623865
14592,1435.6,24,1,0.012547212227367679
14593,1435.6,24,1,0.01254344806369947
14594,1435.6,24,1,0.012539685029280361
14595,1435.6,24,1,0.012535923123771577
14596,1435.6,24,1,0.012532162346834446
14597,1385.6,25,1,0.012528402698130396
14598,1435.6,24,1,0.012524644177320958
14599,1435.6,24,1,0.012520886784067762
14600,1435.6,24,1,0.012517130518032542
14601,1435.6,24,1,0.012513375378877133
14602,1435.6,24,1,0.01250962136626347
14603,1435.6,24,1,0.01250586847985359
14604,1435.6,24,1,0.012502116719309635
14605,1435.6,24,1,0.012498366084293843
14606,1435.6,24,1,0.012494616574468556
14607,1435.6,24,1,0.012490868189496216
14608,1435.6,24,1,0.012487120929039367
14609,1435.6,24,1,0.012483374792760656
14610,1450.8999999999999,26,1,0.012479629780322828
14611,1383.6,25,1,0.012475885891388731
14612,1435.6,24,1,0.012472143125621315
14613,1385.6,25,1,0.01246840148268363
14614,1435.6,24,1,0.012464660962238826
14615,1435.6,24,1,0.012460921563950154
14616,1435.6,24,1,0.01245718328748097
14617,1435.6,24,1,0.012453446132494725
14618,1435.6,24,1,0.012449710098654978
14619,1435.6,24,1,0.012445975185625381
14620,1435.6,24,1,0.012442241393069695
14621,1435.6,24,1,0.012438508720651774
14622,1435.6,24,1,0.012434777168035578
14623,1435.6,24,1,0.012431046734885168
14624,1434.3999999999999,26,1,0.012427317420864703
14625,1435.6,24,1,0.012423589225638444
14626,1435.6,24,1,0.012419862148870753
14627,1434.3999999999999,26,1,0.012416136190226091
14628,1434.3999999999999,26,1,0.012412411349369023
14629,1435.6,24,1,0.012408687625964213
14630,1385.6,25,1,0.012404965019676424
14631,1435.6,24,1,0.012401243530170521
14632,1435.6,24,1,0.01239752315711147
14633,1384.3999999999999,27,1,0.012393803900164337
14634,1435.6,24,1,0.012390085758994288
14635,1435.6,24,1,0.01238636873326659
14636,1385.6,25,1,0.01238265282264661
14637,1384.3999999999999,27,1,0.012378938026799817
14638,1435.6,24,1,0.012375224345391777
14639,1435.6,24,1,0.01237151177808816
14640,1435.6,24,1,0.012367800324554734
14641,1435.6,24,1,0.012364089984457368
14642,1435.6,24,1,0.012360380757462031
14643,1435.6,24,1,0.012356672643234793
14644,1435.6,24,1,0.012352965641441822
14645,1435.6,24,1,0.01234925975174939
14646,1435.6,24,1,0.012345554973823865
14647,1435.6,24,1,0.012341851307331718
14648,1434.3999999999999,26,1,0.01233814875193952
14649,1435.6,24,1,0.012334447307313938
14650,1435.6,24,1,0.012330746973121745
14651,1435.6,24,1,0.01232704774902981
14652,1435.6,24,1,0.0123233496347051
14653,1435.6,24,1,0.012319652629814689
14654,1435.6,24,1,0.012315956734025744
14655,1435.6,24,1,0.012312261947005536
14656,1435.6,24,1,0.012308568268421435
14657,1435.6,24,1,0.01230487569794091
14658,1435.6,24,1,0.012301184235231528
14659,1435.6,24,1,0.01229749387996096
14660,1435.6,24,1,0.012293804631796973
14661,1435.6,24,1,0.012290116490407434
14662,1435.6,24,1,0.012286429455460312
14663,1435.6,24,1,0.012282743526623674
14664,1435.6,24,1,0.012279058703565687
14665,1435.6,24,1,0.012275374985954619
14666,1435.6,24,1,0.012271692373458832
14667,1435.6,24,1,0.012268010865746795
14668,1435.6,24,1,0.012264330462487072
14669,1435.6,24,1,0.012260651163348325
14670,1435.6,24,1,0.012256972967999321
14671,1385.6,25,1,0.012253295876108922
14672,1340.1999999999998,18,1,0.01224961988734609
14673,1385.6,25,1,0.012245945001379887
14674,1435.6,24,1,0.012242271217879474
14675,1435.6,24,1,0.01223859853651411
14676,1435.6,24,1,0.012234926956953157
14677,1385.6,25,1,0.012231256478866071
14678,1435.6,24,1,0.012227587101922411
14679,1435.6,24,1,0.012223918825791835
14680,1435.6,24,1,0.012220251650144098
14681,1435.6,24,1,0.012216585574649054
14682,1385.6,25,1,0.01221292059897666
14683,1434.3999999999999,26,1,0.012209256722796968
14684,1450.8999999999999,26,1,0.012205593945780129
14685,1435.6,24,1,0.012201932267596395
14686,1435.6,24,1,0.012198271687916117
14687,1435.6,24,1,0.012194612206409742
14688,1435.6,24,1,0.01219095382274782
14689,1435.6,24,1,0.012187296536600997
14690,1435.6,24,1,0.012183640347640017
14691,1435.6,24,1,0.012179985255535725
14692,1435.6,24,1,0.012176331259959065
14693,1385.6,25,1,0.012172678360581078
14694,1435.6,24,1,0.012169026557072905
14695,1435.6,24,1,0.012165375849105783
14696,1435.6,24,1,0.012161726236351051
14697,1435.6,24,1,0.012158077718480147
14698,1435.6,24,1,0.012154430295164604
14699,1435.6,24,1,0.012150783966076054
14700,1467.3999999999999,26,1,0.012147138730886232
14701,1435.6,24,1,0.012143494589266966
14702,1385.6,25,1,0.012139851540890187
14703,1385.6,25,1,0.01213620958542792
14704,1435.6,24,1,0.012132568722552292
14705,1435.6,24,1,0.012128928951935528
14706,1435.6,24,1,0.012125290273249947
14707,1435.6,24,1,0.012121652686167973
14708,1435.6,24,1,0.012118016190362122
14709,1435.6,24,1,0.012114380785505014
14710,1434.3999999999999,26,1,0.012110746471269364
14711,1435.6,24,1,0.012107113247327984
14712,1435.6,24,1,0.012103481113353786
14713,1435.6,24,1,0.01209985006901978
14714,1435.6,24,1,0.012096220113999074
14715,1435.6,24,1,0.012092591247964874
14716,1435.6,24,1,0.012088963470590484
14717,1385.6,25,1,0.012085336781549308
14718,1435.6,24,1,0.012081711180514845
14719,1435.6,24,1,0.012078086667160691
14720,1435.6,24,1,0.012074463241160543
14721,1385.6,25,1,0.012070840902188195
14722,1434.3999999999999,26,1,0.012067219649917539
14723,1385.6,25,1,0.012063599484022565
14724,1435.6,24,1,0.012059980404177358
14725,1385.6,25,1,0.012056362410056105
14726,1435.6,24,1,0.012052745501333088
14727,1435.6,24,1,0.012049129677682688
14728,1435.6,24,1,0.012045514938779384
14729,1435.6,24,1,0.012041901284297751
14730,1435.6,24,1,0.012038288713912462
14731,1435.6,24,1,0.012034677227298288
14732,1435.6,24,1,0.0120310668241301
14733,1434.3999999999999,26,1,0.01202745750408286
14734,1435.6,24,1,0.012023849266831636
14735,1435.6,24,1,0.012020242112051587
14736,1434.3999999999999,26,1,0.012016636039417971
14737,1435.6,24,1,0.012013031048606146
14738,1435.6,24,1,0.012009427139291564
14739,1435.6,24,1,0.012005824311149776
14740,1434.3999999999999,26,1,0.012002222563856432
14741,1435.6,24,1,0.011998621897087275
14742,1435.6,24,1,0.011995022310518149
14743,1435.6,24,1,0.011991423803824994
14744,1434.3999999999999,26,1,0.011987826376683847
14745,1435.6,24,1,0.011984230028770842
14746,1435.6,24,1,0.01198063475976221
14747,1435.6,24,1,0.011977040569334282
14748,1435.6,24,1,0.011973447457163482
14749,1435.6,24,1,0.011969855422926334
14750,1435.6,24,1,0.011966264466299456
14751,1435.6,24,1,0.011962674586959567
14752,1435.6,24,1,0.01195908578458348
14753,1435.6,24,1,0.011955498058848105
14754,1435.6,24,1,0.011951911409430452
14755,1435.6,24,1,0.011948325836007623
14756,1450.8999999999999,26,1,0.011944741338256822
14757,1385.6,25,1,0.011941157915855346
14758,1434.3999999999999,26,1,0.01193757556848059
14759,1335.6,26,1,0.011933994295810046
14760,1435.6,24,1,0.011930414097521304
14761,1435.6,24,1,0.011926834973292048
14762,1435.6,24,1,0.01192325692280006
14763,1435.6,24,1,0.011919679945723221
14764,1435.6,24,1,0.011916104041739504
14765,1435.6,24,1,0.011912529210526983
14766,1435.6,24,1,0.011908955451763825
14767,1385.6,25,1,0.011905382765128297
14768,1434.3999999999999,26,1,0.011901811150298758
14769,1435.6,24,1,0.011898240606953669
14770,1435.6,24,1,0.011894671134771584
14771,1435.6,24,1,0.011891102733431153
14772,1435.6,24,1,0.011887535402611124
14773,1435.6,24,1,0.01188396914199034
14774,1435.6,24,1,0.011880403951247743
14775,1435.6,24,1,0.01187683983006237
14776,1435.6,24,1,0.011873276778113352
14777,1435.6,24,1,0.011869714795079919
14778,1434.3999999999999,26,1,0.011866153880641396
14779,1334.2999999999997,22,1,0.011862594034477203
14780,1340.1999999999998,18,1,0.01185903525626686
14781,1290.2,19,1,0.01185547754568998
14782,1340.1999999999998,18,1,0.011851920902426274
14783,1340.1999999999998,18,1,0.011848365326155547
14784,1340.1999999999998,18,1,0.0118448108165577
14785,1340.1999999999998,18,1,0.011841257373312734
14786,1340.1999999999998,18,1,0.011837704996100741
14787,1340.1999999999998,18,1,0.011834153684601912
14788,1340.1999999999998,18,1,0.011830603438496531
14789,1340.1999999999998,18,1,0.011827054257464982
14790,1334.3,22,1,0.011823506141187743
14791,1290.1999999999998,19,1,0.011819959089345387
14792,1340.1999999999998,18,1,0.011816413101618583
14793,1340.1999999999998,18,1,0.011812868177688098
14794,1340.1999999999998,18,1,0.011809324317234792
14795,1340.1999999999998,18,1,0.011805781519939622
14796,1340.1999999999998,18,1,0.01180223978548364
14797,1340.1999999999998,18,1,0.011798699113547997
14798,1340.1999999999998,18,1,0.011795159503813933
14799,1340.1999999999998,18,1,0.011791620955962789
14800,1340.1999999999998,18,1,0.011788083469676
14801,1340.1999999999998,18,1,0.011784547044635099
14802,1340.1999999999998,18,1,0.01178101168052171
14803,1340.1999999999998,18,1,0.011777477377017554
14804,1340.1999999999998,18,1,0.01177394413380445
14805,1340.1999999999998,18,1,0.01177041195056431
14806,1340.1999999999998,18,1,0.01176688082697914
14807,1340.1999999999998,18,1,0.011763350762731047
14808,1290.2,19,1,0.011759821757502228
14809,1340.1999999999998,18,1,0.011756293810974977
14810,1435.6,24,1,0.011752766922831686
14811,1340.1999999999998,18,1,0.011749241092754837
14812,1340.1999999999998,18,1,0.011745716320427011
14813,1340.1999999999998,18,1,0.011742192605530883
14814,1340.1999999999998,18,1,0.011738669947749223
14815,1340.1999999999998,18,1,0.011735148346764899
14816,1340.1999999999998,18,1,0.01173162780226087
14817,1340.1999999999998,18,1,0.011728108313920193
14818,1340.1999999999998,18,1,0.011724589881426018
14819,1340.1999999999998,18,1,0.01172107250446159
14820,1340.1999999999998,18,1,0.011717556182710252
14821,1340.1999999999998,18,1,0.011714040915855439
14822,1340.1999999999998,18,1,0.011710526703580682
14823,1340.1999999999998,18,1,0.011707013545569609
14824,1340.1999999999998,18,1,0.01170350144150594
14825,1340.1999999999998,18,1,0.011699990391073488
14826,1340.1999999999998,18,1,0.011696480393956167
14827,1340.1999999999998,18,1,0.011692971449837981
14828,1340.1999999999998,18,1,0.01168946355840303
14829,1339.0,20,1,0.011685956719335509
14830,1340.1999999999998,18,1,0.011682450932319708
14831,1322.3,23,1,0.011678946197040012
14832,1340.1999999999998,18,1,0.0116754425131809
14833,1340.1999999999998,18,1,0.011671939880426946
14834,1355.5,20,1,0.011668438298462818
14835,1340.1999999999998,18,1,0.01166493776697328
14836,1340.1999999999998,18,1,0.01166143828564319
14837,1340.1999999999998,18,1,0.011657939854157497
14838,1339.0,20,1,0.011654442472201251
14839,1240.2,20,1,0.011650946139459592
14840,1340.1999999999998,18,1,0.011647450855617754
14841,1340.1999999999998,18,1,0.011643956620361069
14842,1340.1999999999998,18,1,0.011640463433374961
14843,1340.1999999999998,18,1,0.011636971294344949
14844,1340.1999999999998,18,1,0.011633480202956646
14845,1340.1999999999998,18,1,0.01162999015889576
14846,1340.1999999999998,18,1,0.011626501161848091
14847,1340.1999999999998,18,1,0.011623013211499538
14848,1340.1999999999998,18,1,0.011619526307536088
14849,1340.1999999999998,18,1,0.011616040449643828
14850,1340.1999999999998,18,1,0.011612555637508936
14851,1340.1999999999998,18,1,0.011609071870817684
14852,1340.1999999999998,18,1,0.011605589149256438
14853,1340.1999999999998,18,1,0.011602107472511662
14854,1339.0,20,1,0.011598626840269908
14855,1340.1999999999998,18,1,0.011595147252217828
14856,1340.1999999999998,18,1,0.011591668708042163
14857,1340.1999999999998,18,1,0.01158819120742975
14858,1290.2,19,1,0.011584714750067521
14859,1290.2,19,1,0.011581239335642502
14860,1340.1999999999998,18,1,0.01157776496384181
14861,1340.1999999999998,18,1,0.011574291634352658
14862,1340.1999999999998,18,1,0.011570819346862353
14863,1340.1999999999998,18,1,0.011567348101058294
14864,1340.1999999999998,18,1,0.011563877896627977
14865,1340.1999999999998,18,1,0.01156040873325899
14866,1340.1999999999998,18,1,0.011556940610639011
14867,1289.0,21,1,0.01155347352845582
14868,1340.1999999999998,18,1,0.011550007486397285
14869,1340.1999999999998,18,1,0.011546542484151366
14870,1340.1999999999998,18,1,0.011543078521406121
14871,1340.1999999999998,18,1,0.0115396155978497
14872,1340.1999999999998,18,1,0.011536153713170346
14873,1340.1999999999998,18,1,0.011532692867056396
14874,1340.1999999999998,18,1,0.01152923305919628
14875,1340.1999999999998,18,1,0.01152577428927852
14876,1340.1999999999998,18,1,0.011522316556991737
14877,1340.1999999999998,18,1,0.01151885986202464
14878,1290.2,19,1,0.011515404204066033
14879,1290.2,19,1,0.011511949582804814
14880,1340.1999999999998,18,1,0.011508495997929972
14881,1355.5,20,1,0.011505043449130593
14882,1340.1999999999998,18,1,0.011501591936095854
14883,1340.1999999999998,18,1,0.011498141458515026
14884,1340.1999999999998,18,1,0.011494692016077472
14885,1340.1999999999998,18,1,0.011491243608472649
14886,1340.1999999999998,18,1,0.011487796235390108
14887,1340.1999999999998,18,1,0.011484349896519492
14888,1340.1999999999998,18,1,0.011480904591550536
14889,1340.1999999999998,18,1,0.011477460320173072
14890,1340.1999999999998,18,1,0.01147401708207702
14891,1340.1999999999998,18,1,0.011470574876952397
14892,1340.1999999999998,18,1,0.011467133704489312
14893,1340.1999999999998,18,1,0.011463693564377965
14894,1340.1999999999998,18,1,0.011460254456308652
14895,1290.2,19,1,0.01145681637997176
14896,1340.1999999999998,18,1,0.01145337933505777
14897,1340.1999999999998,18,1,0.011449943321257252
14898,1339.0,20,1,0.011446508338260875
14899,1340.1999999999998,18,1,0.011443074385759398
14900,1340.1999999999998,18,1,0.011439641463443671
14901,1340.1999999999998,18,1,0.011436209571004639
14902,1340.1999999999998,18,1,0.011432778708133338
14903,1340.1999999999998,18,1,0.011429348874520897
14904,1340.1999999999998,18,1,0.011425920069858542
14905,1340.1999999999998,18,1,0.011422492293837584
14906,1340.1999999999998,18,1,0.011419065546149434
14907,1340.1999999999998,18,1,0.01141563982648559
14908,1340.1999999999998,18,1,0.011412215134537645
14909,1340.1999999999998,18,1,0.011408791469997284
14910,1340.1999999999998,18,1,0.011405368832556285
14911,1340.1999999999998,18,1,0.011401947221906518
14912,1340.1999999999998,18,1,0.011398526637739947
14913,1340.1999999999998,18,1,0.011395107079748626
14914,1340.1999999999998,18,1,0.011391688547624701
14915,1340.1999999999998,18,1,0.011388271041060414
14916,1340.1999999999998,18,1,0.011384854559748097
14917,1340.1999999999998,18,1,0.011381439103380173
14918,1340.1999999999998,18,1,0.011378024671649159
14919,1290.2,19,1,0.011374611264247663
14920,1340.1999999999998,18,1,0.01137119888086839
14921,1340.1999999999998,18,1,0.01136778752120413
14922,1340.1999999999998,18,1,0.011364377184947769
14923,1340.1999999999998,18,1,0.011360967871792286
14924,1340.1999999999998,18,1,0.011357559581430749
14925,1340.1999999999998,18,1,0.011354152313556319
14926,1340.1999999999998,18,1,0.011350746067862252
14927,1290.1999999999998,19,1,0.011347340844041895
14928,1340.1999999999998,18,1,0.011343936641788682
14929,1340.1999999999998,18,1,0.011340533460796146
14930,1340.1999999999998,18,1,0.011337131300757907
14931,1340.1999999999998,18,1,0.01133373016136768
14932,1340.1999999999998,18,1,0.01133033004231927
14933,1340.1999999999998,18,1,0.011326930943306574
14934,1340.1999999999998,18,1,0.011323532864023583
14935,1290.1999999999998,19,1,0.011320135804164376
14936,1340.1999999999998,18,1,0.011316739763423128
14937,1340.1999999999998,18,1,0.011313344741494102
14938,1340.1999999999998,18,1,0.011309950738071653
14939,1340.1999999999998,18,1,0.011306557752850232
14940,1340.1999999999998,18,1,0.011303165785524377
14941,1355.5,20,1,0.01129977483578872
14942,1340.1999999999998,18,1,0.011296384903337984
14943,1340.1999999999998,18,1,0.011292995987866983
14944,1290.2,19,1,0.011289608089070624
14945,1290.1999999999998,19,1,0.011286221206643902
14946,1340.1999999999998,18,1,0.01128283534028191
14947,1340.1999999999998,18,1,0.011279450489679826
14948,1340.1999999999998,18,1,0.011276066654532922
14949,1340.1999999999998,18,1,0.011272683834536563
14950,1340.1999999999998,18,1,0.011269302029386204
14951,1340.1999999999998,18,1,0.011265921238777388
14952,1340.1999999999998,18,1,0.011262541462405755
14953,1340.1999999999998,18,1,0.011259162699967034
14954,1340.1999999999998,18,1,0.011255784951157043
14955,1340.1999999999998,18,1,0.011252408215671696
14956,1340.1999999999998,18,1,0.011249032493206995
14957,1340.1999999999998,18,1,0.011245657783459033
14958,1340.1999999999998,18,1,0.011242284086123995
14959,1340.1999999999998,18,1,0.011238911400898157
14960,1340.1999999999998,18,1,0.011235539727477888
14961,1340.1999999999998,18,1,0.011232169065559645
14962,1340.1999999999998,18,1,0.011228799414839978
14963,1339.0,20,1,0.011225430775015525
14964,1340.1999999999998,18,1,0.011222063145783022
14965,1340.1999999999998,18,1,0.011218696526839288
14966,1339.0,20,1,0.011215330917881237
14967,1290.2,19,1,0.011211966318605873
14968,1340.1999999999998,18,1,0.011208602728710292
14969,1340.1999999999998,18,1,0.011205240147891678
14970,1340.1999999999998,18,1,0.011201878575847311
14971,1340.1999999999998,18,1,0.011198518012274557
14972,1340.1999999999998,18,1,0.011195158456870875
14973,1339.0,20,1,0.011191799909333814
14974,1340.1999999999998,18,1,0.011188442369361014
14975,1340.1999999999998,18,1,0.011185085836650207
14976,1340.1999999999998,18,1,0.011181730310899212
14977,1340.1999999999998,18,1,0.011178375791805943
14978,1340.1999999999998,18,1,0.011175022279068402
14979,1355.5,20,1,0.011171669772384681
14980,1340.1999999999998,18,1,0.011168318271452966
14981,1340.1999999999998,18,1,0.01116496777597153
14982,1340.1999999999998,18,1,0.011161618285638738
14983,1340.1999999999998,18,1,0.011158269800153046
14984,1340.1999999999998,18,1,0.011154922319213001
14985,1340.1999999999998,18,1,0.011151575842517237
14986,1340.1999999999998,18,1,0.011148230369764481
14987,1340.1999999999998,18,1,0.011144885900653552
14988,1340.1999999999998,18,1,0.011141542434883356
14989,1340.1999999999998,18,1,0.01113819997215289
14990,1340.1999999999998,18,1,0.011134858512161245
14991,1340.1999999999998,18,1,0.011131518054607596
14992,1340.1999999999998,18,1,0.011128178599191215
14993,1340.1999999999998,18,1,0.011124840145611457
14994,1340.1999999999998,18,1,0.011121502693567775
14995,1340.1999999999998,18,1,0.011118166242759705
14996,1288.2,19,1,0.011114830792886877
14997,1340.1999999999998,18,1,0.01111149634364901
14998,1340.1999999999998,18,1,0.011108162894745916
14999,1340.1999999999998,18,1,0.011104830445877492
15000,1339.0,20,1,0.011101498996743729
15001,1340.1999999999998,18,1,0.011098168547044707
15002,1340.1999999999998,18,1,0.011094839096480593
15003,1340.1999999999998,18,1,0.011091510644751649
15004,1340.1999999999998,18,1,0.011088183191558224
15005,1340.1999999999998,18,1,0.011084856736600757
15006,1340.1999999999998,18,1,0.011081531279579776
15007,1340.1999999999998,18,1,0.011078206820195903
15008,1340.1999999999998,18,1,0.011074883358149844
15009,1340.1999999999998,18,1,0.0110715608931424
15010,1340.1999999999998,18,1,0.011068239424874457
15011,1340.1999999999998,18,1,0.011064918953046995
15012,1340.1999999999998,18,1,0.011061599477361081
15013,1340.1999999999998,18,1,0.011058280997517874
15014,1340.1999999999998,18,1,0.01105496351321862
15015,1340.1999999999998,18,1,0.011051647024164654
15016,1340.1999999999998,18,1,0.011048331530057406
15017,1340.1999999999998,18,1,0.011045017030598389
15018,1340.1999999999998,18,1,0.01104170352548921
15019,1340.1999999999998,18,1,0.011038391014431563
15020,1340.1999999999998,18,1,0.011035079497127235
15021,1340.1999999999998,18,1,0.011031768973278098
15022,1340.1999999999998,18,1,0.011028459442586114
15023,1340.1999999999998,18,1,0.01102515090475334
15024,1340.1999999999998,18,1,0.011021843359481913
15025,1340.1999999999998,18,1,0.011018536806474069
15026,1340.1999999999998,18,1,0.011015231245432126
15027,1340.1999999999998,18,1,0.011011926676058497
15028,1340.1999999999998,18,1,0.01100862309805568
15029,1340.1999999999998,18,1,0.011005320511126264
15030,1340.1999999999998,18,1,0.011002018914972926
15031,1340.1999999999998,18,1,0.010998718309298435
15032,1340.1999999999998,18,1,0.010995418693805646
15033,1340.1999999999998,18,1,0.010992120068197506
15034,1340.1999999999998,18,1,0.010988822432177046
15035,1290.2,19,1,0.010985525785447394
15036,1340.1999999999998,18,1,0.01098223012771176
15037,1340.1999999999998,18,1,0.010978935458673447
15038,1340.1999999999998,18,1,0.010975641778035845
15039,1340.1999999999998,18,1,0.010972349085502434
15040,1340.1999999999998,18,1,0.010969057380776784
15041,1340.1999999999998,18,1,0.010965766663562552
15042,1290.2,19,1,0.010962476933563484
15043,1340.1999999999998,18,1,0.010959188190483415
15044,1340.1999999999998,18,1,0.01095590043402627
15045,1340.1999999999998,18,1,0.010952613663896063
15046,1340.1999999999998,18,1,0.010949327879796895
15047,1340.1999999999998,18,1,0.010946043081432957
15048,1340.1999999999998,18,1,0.010942759268508528
15049,1290.2,19,1,0.010939476440727975
15050,1340.1999999999998,18,1,0.010936194597795757
15051,1340.1999999999998,18,1,0.01093291373941642
15052,1340.1999999999998,18,1,0.010929633865294594
15053,1340.1999999999998,18,1,0.010926354975135007
15054,1290.2,19,1,0.010923077068642466
15055,1340.1999999999998,18,1,0.010919800145521874
15056,1340.1999999999998,18,1,0.010916524205478218
15057,1340.1999999999998,18,1,0.010913249248216576
15058,1340.1999999999998,18,1,0.010909975273442112
15059,1340.1999999999998,18,1,0.010906702280860079
15060,1340.1999999999998,18,1,0.010903430270175821
15061,1340.1999999999998,18,1,0.010900159241094769
15062,1339.0,20,1,0.010896889193322441
15063,1340.1999999999998,18,1,0.010893620126564444
15064,1340.1999999999998,18,1,0.010890352040526475
15065,1340.1999999999998,18,1,0.010887084934914318
15066,1355.5,20,1,0.010883818809433845
15067,1340.1999999999998,18,1,0.010880553663791015
15068,1340.1999999999998,18,1,0.010877289497691877
15069,1340.1999999999998,18,1,0.01087402631084257
15070,1340.1999999999998,18,1,0.010870764102949319
15071,1340.1999999999998,18,1,0.010867502873718434
15072,1340.1999999999998,18,1,0.010864242622856318
15073,1340.1999999999998,18,1,0.010860983350069462
15074,1340.1999999999998,18,1,0.010857725055064441
15075,1340.1999999999998,18,1,0.010854467737547922
15076,1340.1999999999998,18,1,0.010851211397226657
15077,1340.1999999999998,18,1,0.01084795603380749
15078,1340.1999999999998,18,1,0.010844701646997348
15079,1340.1999999999998,18,1,0.01084144823650325
15080,1340.1999999999998,18,1,0.010838195802032298
15081,1340.1999999999998,18,1,0.01083494434329169
15082,1340.1999999999998,18,1,0.010831693859988702
15083,1340.1999999999998,18,1,0.010828444351830705
15084,1339.0,20,1,0.010825195818525157
15085,1340.1999999999998,18,1,0.0108219482597796
15086,1340.1999999999998,18,1,0.010818701675301667
15087,1340.1999999999998,18,1,0.010815456064799077
15088,1290.2,19,1,0.010812211427979638
15089,1340.1999999999998,18,1,0.010808967764551244
15090,1290.2,19,1,0.010805725074221879
15091,1340.1999999999998,18,1,0.010802483356699612
15092,1340.1999999999998,18,1,0.010799242611692603
15093,1340.1999999999998,18,1,0.010796002838909096
15094,1340.1999999999998,18,1,0.010792764038057423
15095,1340.1999999999998,18,1,0.010789526208846007
15096,1340.1999999999998,18,1,0.010786289350983354
15097,1340.1999999999998,18,1,0.01078305346417806
15098,1340.1999999999998,18,1,0.010779818548138807
15099,1340.1999999999998,18,1,0.010776584602574366
15100,1339.0,20,1,0.010773351627193594
15101,1340.1999999999998,18,1,0.010770119621705437
15102,1340.1999999999998,18,1,0.010766888585818925
15103,1340.1999999999998,18,1,0.01076365851924318
15104,1340.1999999999998,18,1,0.010760429421687407
15105,1340.1999999999998,18,1,0.010757201292860901
15106,1340.1999999999998,18,1,0.010753974132473044
15107,1290.2,19,1,0.010750747940233302
15108,1340.1999999999998,18,1,0.010747522715851233
15109,1340.1999999999998,18,1,0.010744298459036478
15110,1340.1999999999998,18,1,0.010741075169498768
15111,1340.1999999999998,18,1,0.010737852846947919
15112,1340.1999999999998,18,1,0.010734631491093835
15113,1340.1999999999998,18,1,0.010731411101646507
15114,1340.1999999999998,18,1,0.010728191678316013
15115,1340.1999999999998,18,1,0.010724973220812518
15116,1290.2,19,1,0.010721755728846274
15117,1340.1999999999998,18,1,0.010718539202127621
15118,1340.1999999999998,18,1,0.010715323640366984
15119,1340.1999999999998,18,1,0.010712109043274874
15120,1340.1999999999998,18,1,0.010708895410561891
15121,1339.0,20,1,0.010705682741938723
15122,1340.1999999999998,18,1,0.010702471037116142
15123,1340.1999999999998,18,1,0.010699260295805008
15124,1340.1999999999998,18,1,0.010696050517716266
15125,1340.1999999999998,18,1,0.010692841702560952
15126,1340.1999999999998,18,1,0.010689633850050183
15127,1288.2,19,1,0.01068642695989517
15128,1340.1999999999998,18,1,0.0106832210318072
15129,1339.0,20,1,0.010680016065497658
15130,1340.1999999999998,18,1,0.010676812060678009
15131,1340.1999999999998,18,1,0.010673609017059806
15132,1340.1999999999998,18,1,0.010670406934354688
15133,1290.2,19,1,0.010667205812274382
15134,1340.1999999999998,18,1,0.0106640056505307
15135,1340.1999999999998,18,1,0.01066080644883554
15136,1340.1999999999998,18,1,0.01065760820690089
15137,1340.1999999999998,18,1,0.01065441092443882
15138,1340.1999999999998,18,1,0.01065121460116149
15139,1340.1999999999998,18,1,0.010648019236781141
15140,1340.1999999999998,18,1,0.010644824831010107
15141,1340.1999999999998,18,1,0.010641631383560805
15142,1340.1999999999998,18,1,0.010638438894145737
15143,1340.1999999999998,18,1,0.010635247362477493
15144,1340.1999999999998,18,1,0.01063205678826875
15145,1340.1999999999998,18,1,0.01062886717123227
15146,1340.1999999999998,18,1,0.010625678511080901
15147,1340.1999999999998,18,1,0.010622490807527578
15148,1290.2,19,1,0.01061930406028532
15149,1340.1999999999998,18,1,0.010616118269067235
15150,1290.2,19,1,0.010612933433586515
15151,1340.1999999999998,18,1,0.01060974955355644
15152,1340.1999999999998,18,1,0.010606566628690374
15153,1340.1999999999998,18,1,0.010603384658701767
15154,1340.1999999999998,18,1,0.010600203643304157
15155,1340.1999999999998,18,1,0.010597023582211167
15156,1340.1999999999998,18,1,0.010593844475136505
15157,1340.1999999999998,18,1,0.010590666321793963
15158,1340.1999999999998,18,1,0.010587489121897425
15159,1340.1999999999998,18,1,0.010584312875160855
15160,1340.1999999999998,18,1,0.010581137581298307
15161,1340.1999999999998,18,1,0.010577963240023918
15162,1290.2,19,1,0.010574789851051912
15163,1355.5,20,1,0.010571617414096597
15164,1340.1999999999998,18,1,0.010568445928872369
15165,1355.5,20,1,0.010565275395093707
15166,1340.1999999999998,18,1,0.01056210581247518
15167,1340.1999999999998,18,1,0.010558937180731438
15168,1340.1999999999998,18,1,0.010555769499577218
15169,1340.1999999999998,18,1,0.010552602768727345
15170,1340.1999999999998,18,1,0.010549436987896727
15171,1340.1999999999998,18,1,0.010546272156800358
15172,1340.1999999999998,18,1,0.010543108275153317
15173,1340.1999999999998,18,1,0.010539945342670772
15174,1340.1999999999998,18,1,0.01053678335906797
15175,1355.5,20,1,0.01053362232406025
15176,1385.6,25,1,0.010530462237363033
15177,1340.1999999999998,18,1,0.010527303098691824
15178,1340.1999999999998,18,1,0.010524144907762217
15179,1340.1999999999998,18,1,0.01052098766428989
15180,1340.1999999999998,18,1,0.010517831367990603
15181,1340.1999999999998,18,1,0.010514676018580206
15182,1340.1999999999998,18,1,0.010511521615774632
15183,1340.1999999999998,18,1,0.0105083681592899
15184,1340.1999999999998,18,1,0.010505215648842114
15185,1340.1999999999998,18,1,0.010502064084147462
15186,1340.1999999999998,18,1,0.010498913464922217
15187,1340.1999999999998,18,1,0.010495763790882741
15188,1340.1999999999998,18,1,0.010492615061745477
15189,1340.1999999999998,18,1,0.010489467277226954
15190,1340.1999999999998,18,1,0.010486320437043785
15191,1340.1999999999998,18,1,0.010483174540912672
15192,1340.1999999999998,18,1,0.010480029588550398
15193,1340.1999999999998,18,1,0.010476885579673833
15194,1340.1999999999998,18,1,0.01047374251399993
15195,1340.1999999999998,18,1,0.01047060039124573
15196,1340.1999999999998,18,1,0.010467459211128356
15197,1340.1999999999998,18,1,0.010464318973365017
15198,1340.1999999999998,18,1,0.010461179677673009
15199,1340.1999999999998,18,1,0.010458041323769707
15200,1340.1999999999998,18,1,0.010454903911372576
15201,1340.1999999999998,18,1,0.010451767440199164
15202,1340.1999999999998,18,1,0.010448631909967105
15203,1355.5,20,1,0.010445497320394116
15204,1339.0,20,1,0.010442363671197998
15205,1340.1999999999998,18,1,0.01043923096209664
15206,1340.1999999999998,18,1,0.01043609919280801
15207,1340.1999999999998,18,1,0.010432968363050167
15208,1340.1999999999998,18,1,0.010429838472541253
15209,1340.1999999999998,18,1,0.010426709520999491
15210,1340.1999999999998,18,1,0.010423581508143192
15211,1340.1999999999998,18,1,0.010420454433690749
15212,1340.1999999999998,18,1,0.010417328297360643
15213,1340.1999999999998,18,1,0.010414203098871436
15214,1340.1999999999998,18,1,0.010411078837941774
15215,1340.1999999999998,18,1,0.010407955514290392
15216,1340.1999999999998,18,1,0.010404833127636105
15217,1340.1999999999998,18,1,0.010401711677697816
15218,1340.1999999999998,18,1,0.010398591164194507
15219,1340.1999999999998,18,1,0.01039547158684525
15220,1340.1999999999998,18,1,0.010392352945369197
15221,1340.1999999999998,18,1,0.010389235239485586
15222,1340.1999999999998,18,1,0.010386118468913741
15223,1340.1999999999998,18,1,0.010383002633373066
15224,1340.1999999999998,18,1,0.010379887732583054
15225,1340.1999999999998,18,1,0.010376773766263279
15226,1340.1999999999998,18,1,0.0103736607341334
15227,1340.1999999999998,18,1,0.01037054863591316
15228,1340.1999999999998,18,1,0.010367437471322386
15229,1340.1999999999998,18,1,0.01036432724008099
15230,1340.1999999999998,18,1,0.010361217941908965
15231,1339.0,20,1,0.010358109576526392
15232,1355.5,20,1,0.010355002143653433
15233,1290.2,19,1,0.010351895643010338
15234,1340.1999999999998,18,1,0.010348790074317434
15235,1340.1999999999998,18,1,0.01034568543729514
15236,1340.1999999999998,18,1,0.010342581731663952
15237,1340.1999999999998,18,1,0.010339478957144453
15238,1340.1999999999998,18,1,0.01033637711345731
15239,1340.1999999999998,18,1,0.010333276200323274
15240,1290.2,19,1,0.010330176217463178
15241,1340.1999999999998,18,1,0.010327077164597938
15242,1340.1999999999998,18,1,0.010323979041448559
15243,1340.1999999999998,18,1,0.010320881847736125
15244,1340.1999999999998,18,1,0.010317785583181804
15245,1340.1999999999998,18,1,0.01031469024750685
15246,1340.1999999999998,18,1,0.010311595840432598
15247,1339.0,20,1,0.01030850236168047
15248,1340.1999999999998,18,1,0.010305409810971965
15249,1340.1999999999998,18,1,0.010302318188028674
15250,1340.1999999999998,18,1,0.010299227492572265
15251,1340.1999999999998,18,1,0.010296137724324495
15252,1340.1999999999998,18,1,0.010293048883007198
15253,1355.5,20,1,0.010289960968342296
15254,1340.1999999999998,18,1,0.010286873980051793
15255,1290.2,19,1,0.010283787917857778
15256,1340.1999999999998,18,1,0.010280702781482421
15257,1340.1999999999998,18,1,0.010277618570647977
15258,1340.1999999999998,18,1,0.010274535285076783
15259,1340.1999999999998,18,1,0.01027145292449126
15260,1340.1999999999998,18,1,0.010268371488613913
15261,1340.1999999999998,18,1,0.01026529097716733
15262,1340.1999999999998,18,1,0.01026221138987418
15263,1340.1999999999998,18,1,0.010259132726457218
15264,1340.1999999999998,18,1,0.010256054986639281
15265,1340.1999999999998,18,1,0.01025297817014329
15266,1340.1999999999998,18,1,0.010249902276692247
15267,1340.1999999999998,18,1,0.01024682730600924
15268,1340.1999999999998,18,1,0.010243753257817439
15269,1340.1999999999998,18,1,0.010240680131840095
15270,1340.1999999999998,18,1,0.010237607927800542
15271,1339.0,20,1,0.010234536645422202
15272,1340.1999999999998,18,1,0.010231466284428576
15273,1340.1999999999998,18,1,0.010228396844543249
15274,1340.1999999999998,18,1,0.010225328325489886
15275,1435.6,24,1,0.01022226072699224
15276,1340.1999999999998,18,1,0.010219194048774142
15277,1340.1999999999998,18,1,0.01021612829055951
15278,1340.1999999999998,18,1,0.010213063452072343
15279,1340.1999999999998,18,1,0.010209999533036722
15280,1355.5,20,1,0.010206936533176812
15281,1340.1999999999998,18,1,0.01020387445221686
15282,1340.1999999999998,18,1,0.010200813289881195
15283,1340.1999999999998,18,1,0.010197753045894231
15284,1340.1999999999998,18,1,0.010194693719980464
15285,1340.1999999999998,18,1,0.01019163531186447
15286,1340.1999999999998,18,1,0.01018857782127091
15287,1340.1999999999998,18,1,0.01018552124792453
15288,1340.1999999999998,18,1,0.010182465591550153
15289,1340.1999999999998,18,1,0.010179410851872689
15290,1340.1999999999998,18,1,0.010176357028617126
15291,1340.1999999999998,18,1,0.010173304121508542
15292,1340.1999999999998,18,1,0.01017025213027209
15293,1290.1999999999998,19,1,0.010167201054633009
15294,1340.1999999999998,18,1,0.01016415089431662
15295,1340.1999999999998,18,1,0.010161101649048324
15296,1340.1999999999998,18,1,0.01015805331855361
15297,1340.1999999999998,18,1,0.010155005902558046
15298,1355.5,20,1,0.010151959400787279
15299,1340.1999999999998,18,1,0.010148913812967043
15300,1340.1999999999998,18,1,0.010145869138823154
15301,1340.1999999999998,18,1,0.010142825378081508
15302,1290.2,19,1,0.010139782530468084
15303,1340.1999999999998,18,1,0.010136740595708944
15304,1340.1999999999998,18,1,0.010133699573530231
15305,1339.0,20,1,0.010130659463658173
15306,1340.1999999999998,18,1,0.010127620265819075
15307,1340.1999999999998,18,1,0.01012458197973933
15308,1340.1999999999998,18,1,0.01012154460514541
15309,1435.6,24,1,0.010118508141763866
15310,1339.0,20,1,0.010115472589321337
15311,1340.1999999999998,18,1,0.010112437947544541
15312,1340.1999999999998,18,1,0.010109404216160278
15313,1340.1999999999998,18,1,0.01010637139489543
15314,1340.1999999999998,18,1,0.010103339483476961
15315,1340.1999999999998,18,1,0.010100308481631919
15316,1340.1999999999998,18,1,0.01009727838908743
15317,1290.2,19,1,0.010094249205570704
15318,1340.1999999999998,18,1,0.010091220930809034
15319,1340.1999999999998,18,1,0.010088193564529791
15320,1340.1999999999998,18,1,0.010085167106460433
15321,1340.1999999999998,18,1,0.010082141556328495
15322,1340.1999999999998,18,1,0.010079116913861597
15323,1340.1999999999998,18,1,0.01007609317878744
15324,1340.1999999999998,18,1,0.010073070350833803
15325,1340.1999999999998,18,1,0.010070048429728553
15326,1340.1999999999998,18,1,0.010067027415199634
15327,1340.1999999999998,18,1,0.010064007306975075
15328,1340.1999999999998,18,1,0.010060988104782983
15329,1340.1999999999998,18,1,0.010057969808351547
15330,1340.1999999999998,18,1,0.010054952417409042
15331,1340.1999999999998,18,1,0.01005193593168382
15332,1340.1999999999998,18,1,0.010048920350904315
15333,1340.1999999999998,18,1,0.010045905674799044
15334,1340.1999999999998,18,1,0.010042891903096604
15335,1340.1999999999998,18,1,0.010039879035525676
15336,1340.1999999999998,18,1,0.010036867071815019
15337,1340.1999999999998,18,1,0.010033856011693475
15338,1340.1999999999998,18,1,0.010030845854889968
15339,1290.2,19,1,0.0100278366011335
15340,1339.0,20,1,0.010024828250153162
15341,1340.1999999999998,18,1,0.010021820801678115
15342,1340.1999999999998,18,1,0.010018814255437613
15343,1340.1999999999998,18,1,0.010015808611160982
15344,1340.1999999999998,18,1,0.010012803868577634
15345,1340.1999999999998,18,1,0.010009800027417061
15346,1340.1999999999998,18,1,0.010006797087408837
15347,1340.1999999999998,18,1,0.010003795048282615
15348,1340.1999999999998,18,1,0.010000793909768131
15349,1340.1999999999998,18,1,0.01
15350,1340.1999999999998,18,1,0.01
15351,1340.1999999999998,18,1,0.01
15352,1340.1999999999998,18,1,0.01
15353,1355.5,20,1,0.01
15354,1340.1999999999998,18,1,0.01
15355,1340.1999999999998,18,1,0.01
15356,1339.0,20,1,0.01
15357,1290.2,19,1,0.01
15358,1340.1999999999998,18,1,0.01
15359,1340.1999999999998,18,1,0.01
15360,1290.2,19,1,0.01
15361,1340.1999999999998,18,1,0.01
15362,1240.2,20,1,0.01
15363,1340.1999999999998,18,1,0.01
15364,1340.1999999999998,18,1,0.01
15365,1340.1999999999998,18,1,0.01
15366,1340.1999999999998,18,1,0.01
15367,1340.1999999999998,18,1,0.01
15368,1340.1999999999998,18,1,0.01
15369,1290.1999999999998,19,1,0.01
15370,1340.1999999999998,18,1,0.01
15371,1340.1999999999998,18,1,0.01
15372,1340.1999999999998,18,1,0.01
15373,1340.1999999999998,18,1,0.01
15374,1337.8,22,1,0.01
15375,1340.1999999999998,18,1,0.01
15376,1340.1999999999998,18,1,0.01
15377,1340.1999999999998,18,1,0.01
15378,1340.1999999999998,18,1,0.01
15379,1340.1999999999998,18,1,0.01
15380,1340.1999999999998,18,1,0.01
15381,1287.0,21,1,0.01
15382,1340.1999999999998,18,1,0.01
15383,1340.1999999999998,18,1,0.01
15384,1340.1999999999998,18,1,0.01
15385,1340.1999999999998,18,1,0.01
15386,1340.1999999999998,18,1,0.01
15387,1340.1999999999998,18,1,0.01
15388,1340.1999999999998,18,1,0.01
15389,1290.1999999999998,19,1,0.01
15390,1340.1999999999998,18,1,0.01
15391,1340.1999999999998,18,1,0.01
15392,1340.1999999999998,18,1,0.01
15393,1340.1999999999998,18,1,0.01
15394,1340.1999999999998,18,1,0.01
15395,1340.1999999999998,18,1,0.01
15396,1340.1999999999998,18,1,0.01
15397,1340.1999999999998,18,1,0.01
15398,1340.1999999999998,18,1,0.01
15399,1340.1999999999998,18,1,0.01
15400,1340.1999999999998,18,1,0.01
15401,1340.1999999999998,18,1,0.01
15402,1340.1999999999998,18,1,0.01
15403,1340.1999999999998,18,1,0.01
15404,1340.1999999999998,18,1,0.01
15405,1340.1999999999998,18,1,0.01
15406,1340.1999999999998,18,1,0.01
15407,1340.1999999999998,18,1,0.01
15408,1340.1999999999998,18,1,0.01
15409,1340.1999999999998,18,1,0.01
15410,1340.1999999999998,18,1,0.01
15411,1340.1999999999998,18,1,0.01
15412,1340.1999999999998,18,1,0.01
15413,1340.1999999999998,18,1,0.01
15414,1340.1999999999998,18,1,0.01
15415,1339.0,20,1,0.01
15416,1340.1999999999998,18,1,0.01
15417,1340.1999999999998,18,1,0.01
15418,1340.1999999999998,18,1,0.01
15419,1340.1999999999998,18,1,0.01
15420,1340.1999999999998,18,1,0.01
15421,1340.1999999999998,18,1,0.01
15422,1340.1999999999998,18,1,0.01
15423,1340.1999999999998,18,1,0.01
15424,1340.1999999999998,18,1,0.01
15425,1340.1999999999998,18,1,0.01
15426,1340.1999999999998,18,1,0.01
15427,1340.1999999999998,18,1,0.01
15428,1340.1999999999998,18,1,0.01
15429,1340.1999999999998,18,1,0.01
15430,1340.1999999999998,18,1,0.01
15431,1340.1999999999998,18,1,0.01
15432,1340.1999999999998,18,1,0.01
15433,1290.2,19,1,0.01
15434,1290.2,19,1,0.01
15435,1340.1999999999998,18,1,0.01
15436,1339.0,20,1,0.01
15437,1340.1999999999998,18,1,0.01
15438,1340.1999999999998,18,1,0.01
15439,1340.1999999999998,18,1,0.01
15440,1340.1999999999998,18,1,0.01
15441,1340.1999999999998,18,1,0.01
15442,1340.1999999999998,18,1,0.01
15443,1340.1999999999998,18,1,0.01
15444,1340.1999999999998,18,1,0.01
15445,1340.1999999999998,18,1,0.01
15446,1340.1999999999998,18,1,0.01
15447,1340.1999999999998,18,1,0.01
15448,1340.1999999999998,18,1,0.01
15449,1340.1999999999998,18,1,0.01
15450,1340.1999999999998,18,1,0.01
15451,1340.1999999999998,18,1,0.01
15452,1340.1999999999998,18,1,0.01
15453,1435.6,24,1,0.01
15454,1339.0,20,1,0.01
15455,1339.0,20,1,0.01
15456,1340.1999999999998,18,1,0.01
15457,1340.1999999999998,18,1,0.01
15458,1340.1999999999998,18,1,0.01
15459,1340.1999999999998,18,1,0.01
15460,1340.1999999999998,18,1,0.01
15461,1340.1999999999998,18,1,0.01
15462,1340.1999999999998,18,1,0.01
15463,1340.1999999999998,18,1,0.01
15464,1340.1999999999998,18,1,0.01
15465,1340.1999999999998,18,1,0.01
15466,1340.1999999999998,18,1,0.01
15467,1340.1999999999998,18,1,0.01
15468,1339.0,20,1,0.01
15469,1340.1999999999998,18,1,0.01
15470,1340.1999999999998,18,1,0.01
15471,1340.1999999999998,18,1,0.01
15472,1340.1999999999998,18,1,0.01
15473,1340.1999999999998,18,1,0.01
15474,1340.1999999999998,18,1,0.01
15475,1340.1999999999998,18,1,0.01
15476,1339.0,20,1,0.01
15477,1340.1999999999998,18,1,0.01
15478,1340.1999999999998,18,1,0.01
15479,1340.1999999999998,18,1,0.01
15480,1339.0,20,1,0.01
15481,1340.1999999999998,18,1,0.01
15482,1340.1999999999998,18,1,0.01
15483,1339.0,20,1,0.01
15484,1340.1999999999998,18,1,0.01
15485,1340.1999999999998,18,1,0.01
15486,1340.1999999999998,18,1,0.01
15487,1340.1999999999998,18,1,0.01
15488,1340.1999999999998,18,1,0.01
15489,1340.1999999999998,18,1,0.01
15490,1340.1999999999998,18,1,0.01
15491,1340.1999999999998,18,1,0.01
15492,1340.1999999999998,18,1,0.01
15493,1340.1999999999998,18,1,0.01
15494,1340.1999999999998,18,1,0.01
15495,1340.1999999999998,18,1,0.01
15496,1340.1999999999998,18,1,0.01
15497,1340.1999999999998,18,1,0.01
15498,1340.1999999999998,18,1,0.01
15499,1340.1999999999998,18,1,0.01
15500,1340.1999999999998,18,1,0.01
15501,1340.1999999999998,18,1,0.01
15502,1290.2,19,1,0.01
15503,1340.1999999999998,18,1,0.01
15504,1340.1999999999998,18,1,0.01
15505,1340.1999999999998,18,1,0.01
15506,1340.1999999999998,18,1,0.01
15507,1340.1999999999998,18,1,0.01
15508,1355.5,20,1,0.01
15509,1340.1999999999998,18,1,0.01
15510,1340.1999999999998,18,1,0.01
15511,1340.1999999999998,18,1,0.01
15512,1340.1999999999998,18,1,0.01
15513,1340.1999999999998,18,1,0.01
15514,1340.1999999999998,18,1,0.01
15515,1340.1999999999998,18,1,0.01
15516,1340.1999999999998,18,1,0.01
15517,1340.1999999999998,18,1,0.01
15518,1340.1999999999998,18,1,0.01
15519,1340.1999999999998,18,1,0.01
15520,1340.1999999999998,18,1,0.01
15521,1290.2,19,1,0.01
15522,1340.1999999999998,18,1,0.01
15523,1340.1999999999998,18,1,0.01
15524,1340.1999999999998,18,1,0.01
15525,1340.1999999999998,18,1,0.01
15526,1340.1999999999998,18,1,0.01
15527,1340.1999999999998,18,1,0.01
15528,1340.1999999999998,18,1,0.01
15529,1340.1999999999998,18,1,0.01
15530,1340.1999999999998,18,1,0.01
15531,1340.1999999999998,18,1,0.01
15532,1355.5,20,1,0.01
15533,1340.1999999999998,18,1,0.01
15534,1290.2,19,1,0.01
15535,1340.1999999999998,18,1,0.01
15536,1340.1999999999998,18,1,0.01
15537,1340.1999999999998,18,1,0.01
15538,1340.1999999999998,18,1,0.01
15539,1340.1999999999998,18,1,0.01
15540,1290.2,19,1,0.01
15541,1340.1999999999998,18,1,0.01
15542,1340.1999999999998,18,1,0.01
15543,1290.2,19,1,0.01
15544,1290.2,19,1,0.01
15545,1340.1999999999998,18,1,0.01
15546,1340.1999999999998,18,1,0.01
15547,1290.2,19,1,0.01
15548,1340.1999999999998,18,1,0.01
15549,1340.1999999999998,18,1,0.01
15550,1340.1999999999998,18,1,0.01
15551,1340.1999999999998,18,1,0.01
15552,1305.5,21,1,0.01
15553,1340.1999999999998,18,1,0.01
15554,1340.1999999999998,18,1,0.01
15555,1340.1999999999998,18,1,0.01
15556,1340.1999999999998,18,1,0.01
15557,1340.1999999999998,18,1,0.01
15558,1340.1999999999998,18,1,0.01
15559,1340.1999999999998,18,1,0.01
15560,1340.1999999999998,18,1,0.01
15561,1340.1999999999998,18,1,0.01
15562,1340.1999999999998,18,1,0.01
15563,1340.1999999999998,18,1,0.01
15564,1340.1999999999998,18,1,0.01
15565,1340.1999999999998,18,1,0.01
15566,1340.1999999999998,18,1,0.01
15567,1340.1999999999998,18,1,0.01
15568,1340.1999999999998,18,1,0.01
15569,1340.1999999999998,18,1,0.01
15570,1340.1999999999998,18,1,0.01
15571,1340.1999999999998,18,1,0.01
15572,1340.1999999999998,18,1,0.01
15573,1340.1999999999998,18,1,0.01
15574,1340.1999999999998,18,1,0.01
15575,1290.2,19,1,0.01
15576,1340.1999999999998,18,1,0.01
15577,1340.1999999999998,18,1,0.01
15578,1340.1999999999998,18,1,0.01
15579,1340.1999999999998,18,1,0.01
15580,1340.1999999999998,18,1,0.01
15581,1340.1999999999998,18,1,0.01
15582,1340.1999999999998,18,1,0.01
15583,1340.1999999999998,18,1,0.01
15584,1340.1999999999998,18,1,0.01
15585,1340.1999999999998,18,1,0.01
15586,1340.1999999999998,18,1,0.01
15587,1340.1999999999998,18,1,0.01
15588,1340.1999999999998,18,1,0.01
15589,1340.1999999999998,18,1,0.01
15590,1340.1999999999998,18,1,0.01
15591,1340.1999999999998,18,1,0.01
15592,1340.1999999999998,18,1,0.01
15593,1340.1999999999998,18,1,0.01
15594,1340.1999999999998,18,1,0.01
15595,1340.1999999999998,18,1,0.01
15596,1340.1999999999998,18,1,0.01
15597,1340.1999999999998,18,1,0.01
15598,1340.1999999999998,18,1,0.01
15599,1340.1999999999998,18,1,0.01
15600,1340.1999999999998,18,1,0.01
15601,1340.1999999999998,18,1,0.01
15602,1340.1999999999998,18,1,0.01
15603,1290.1999999999998,19,1,0.01
15604,1290.2,19,1,0.01
15605,1340.1999999999998,18,1,0.01
15606,1340.1999999999998,18,1,0.01
15607,1340.1999999999998,18,1,0.01
15608,1340.1999999999998,18,1,0.01
15609,1340.1999999999998,18,1,0.01
15610,1340.1999999999998,18,1,0.01
15611,1340.1999999999998,18,1,0.01
15612,1372.0,20,1,0.01
15613,1340.1999999999998,18,1,0.01
15614,1340.1999999999998,18,1,0.01
15615,1340.1999999999998,18,1,0.01
15616,1340.1999999999998,18,1,0.01
15617,1340.1999999999998,18,1,0.01
15618,1340.1999999999998,18,1,0.01
15619,1340.1999999999998,18,1,0.01
15620,1340.1999999999998,18,1,0.01
15621,1340.1999999999998,18,1,0.01
15622,1355.5,20,1,0.01
15623,1340.1999999999998,18,1,0.01
15624,1340.1999999999998,18,1,0.01
15625,1340.1999999999998,18,1,0.01
15626,1340.1999999999998,18,1,0.01
15627,1340.1999999999998,18,1,0.01
15628,1340.1999999999998,18,1,0.01
15629,1340.1999999999998,18,1,0.01
15630,1340.1999999999998,18,1,0.01
15631,1340.1999999999998,18,1,0.01
15632,1340.1999999999998,18,1,0.01
15633,1340.1999999999998,18,1,0.01
15634,1340.1999999999998,18,1,0.01
15635,1340.1999999999998,18,1,0.01
15636,1340.1999999999998,18,1,0.01
15637,1340.1999999999998,18,1,0.01
15638,1340.1999999999998,18,1,0.01
15639,1340.1999999999998,18,1,0.01
15640,1355.5,20,1,0.01
15641,1340.1999999999998,18,1,0.01
15642,1340.1999999999998,18,1,0.01
15643,1340.1999999999998,18,1,0.01
15644,1340.1999999999998,18,1,0.01
15645,1340.1999999999998,18,1,0.01
15646,1340.1999999999998,18,1,0.01
15647,1340.1999999999998,18,1,0.01
15648,1340.1999999999998,18,1,0.01
15649,1340.1999999999998,18,1,0.01
15650,1339.0,20,1,0.01
15651,1340.1999999999998,18,1,0.01
15652,1340.1999999999998,18,1,0.01
15653,1435.6,24,1,0.01
15654,1290.2,19,1,0.01
15655,1340.1999999999998,18,1,0.01
15656,1340.1999999999998,18,1,0.01
15657,1340.1999999999998,18,1,0.01
15658,1340.1999999999998,18,1,0.01
15659,1340.1999999999998,18,1,0.01
15660,1340.1999999999998,18,1,0.01
15661,1340.1999999999998,18,1,0.01
15662,1340.1999999999998,18,1,0.01
15663,1340.1999999999998,18,1,0.01
15664,1340.1999999999998,18,1,0.01
15665,1340.1999999999998,18,1,0.01
15666,1340.1999999999998,18,1,0.01
15667,1340.1999999999998,18,1,0.01
15668,1340.1999999999998,18,1,0.01
15669,1340.1999999999998,18,1,0.01
15670,1340.1999999999998,18,1,0.01
15671,1340.1999999999998,18,1,0.01
15672,1340.1999999999998,18,1,0.01
15673,1340.1999999999998,18,1,0.01
15674,1340.1999999999998,18,1,0.01
15675,1340.1999999999998,18,1,0.01
15676,1340.1999999999998,18,1,0.01
15677,1340.1999999999998,18,1,0.01
15678,1340.1999999999998,18,1,0.01
15679,1340.1999999999998,18,1,0.01
15680,1340.1999999999998,18,1,0.01
15681,1340.1999999999998,18,1,0.01
15682,1340.1999999999998,18,1,0.01
15683,1340.1999999999998,18,1,0.01
15684,1290.2,19,1,0.01
15685,1340.1999999999998,18,1,0.01
15686,1340.1999999999998,18,1,0.01
15687,1340.1999999999998,18,1,0.01
15688,1340.1999999999998,18,1,0.01
15689,1340.1999999999998,18,1,0.01
15690,1340.1999999999998,18,1,0.01
15691,1340.1999999999998,18,1,0.01
15692,1340.1999999999998,18,1,0.01
15693,1340.1999999999998,18,1,0.01
15694,1339.0,20,1,0.01
15695,1340.1999999999998,18,1,0.01
15696,1340.1999999999998,18,1,0.01
15697,1340.1999999999998,18,1,0.01
15698,1340.1999999999998,18,1,0.01
15699,1340.1999999999998,18,1,0.01
15700,1340.1999999999998,18,1,0.01
15701,1340.1999999999998,18,1,0.01
15702,1340.1999999999998,18,1,0.01
15703,1340.1999999999998,18,1,0.01
15704,1340.1999999999998,18,1,0.01
15705,1340.1999999999998,18,1,0.01
15706,1340.1999999999998,18,1,0.01
15707,1340.1999999999998,18,1,0.01
15708,1340.1999999999998,18,1,0.01
15709,1340.1999999999998,18,1,0.01
15710,1340.1999999999998,18,1,0.01
15711,1340.1999999999998,18,1,0.01
15712,1340.1999999999998,18,1,0.01
15713,1289.0,21,1,0.01
15714,1340.1999999999998,18,1,0.01
15715,1340.1999999999998,18,1,0.01
15716,1340.1999999999998,18,1,0.01
15717,1340.1999999999998,18,1,0.01
15718,1340.1999999999998,18,1,0.01
15719,1340.1999999999998,18,1,0.01
15720,1290.2,19,1,0.01
15721,1340.1999999999998,18,1,0.01
15722,1340.1999999999998,18,1,0.01
15723,1340.1999999999998,18,1,0.01
15724,1340.1999999999998,18,1,0.01
15725,1340.1999999999998,18,1,0.01
15726,1340.1999999999998,18,1,0.01
15727,1340.1999999999998,18,1,0.01
15728,1340.1999999999998,18,1,0.01
15729,1340.1999999999998,18,1,0.01
15730,1340.1999999999998,18,1,0.01
15731,1340.1999999999998,18,1,0.01
15732,1340.1999999999998,18,1,0.01
15733,1340.1999999999998,18,1,0.01
15734,1340.1999999999998,18,1,0.01
15735,1340.1999999999998,18,1,0.01
15736,1340.1999999999998,18,1,0.01
15737,1340.1999999999998,18,1,0.01
15738,1340.1999999999998,18,1,0.01
15739,1340.1999999999998,18,1,0.01
15740,1340.1999999999998,18,1,0.01
15741,1340.1999999999998,18,1,0.01
15742,1340.1999999999998,18,1,0.01
15743,1340.1999999999998,18,1,0.01
15744,1340.1999999999998,18,1,0.01
15745,1340.1999999999998,18,1,0.01
15746,1340.1999999999998,18,1,0.01
15747,1340.1999999999998,18,1,0.01
15748,1340.1999999999998,18,1,0.01
15749,1340.1999999999998,18,1,0.01
15750,1340.1999999999998,18,1,0.01
15751,1340.1999999999998,18,1,0.01
15752,1340.1999999999998,18,1,0.01
15753,1355.5,20,1,0.01
15754,1340.1999999999998,18,1,0.01
15755,1340.1999999999998,18,1,0.01
15756,1340.1999999999998,18,1,0.01
15757,1340.1999999999998,18,1,0.01
15758,1340.1999999999998,18,1,0.01
15759,1340.1999999999998,18,1,0.01
15760,1340.1999999999998,18,1,0.01
15761,1340.1999999999998,18,1,0.01
15762,1340.1999999999998,18,1,0.01
15763,1340.1999999999998,18,1,0.01
15764,1340.1999999999998,18,1,0.01
15765,1340.1999999999998,18,1,0.01
15766,1340.1999999999998,18,1,0.01
15767,1340.1999999999998,18,1,0.01
15768,1340.1999999999998,18,1,0.01
15769,1340.1999999999998,18,1,0.01
15770,1340.1999999999998,18,1,0.01
15771,1340.1999999999998,18,1,0.01
15772,1340.1999999999998,18,1,0.01
15773,1340.1999999999998,18,1,0.01
15774,1340.1999999999998,18,1,0.01
15775,1340.1999999999998,18,1,0.01
15776,1340.1999999999998,18,1,0.01
15777,1340.1999999999998,18,1,0.01
15778,1340.1999999999998,18,1,0.01
15779,1340.1999999999998,18,1,0.01
15780,1340.1999999999998,18,1,0.01
15781,1340.1999999999998,18,1,0.01
15782,1290.1999999999998,19,1,0.01
15783,1340.1999999999998,18,1,0.01
15784,1340.1999999999998,18,1,0.01
15785,1340.1999999999998,18,1,0.01
15786,1339.0,20,1,0.01
15787,1340.1999999999998,18,1,0.01
15788,1340.1999999999998,18,1,0.01
15789,1340.1999999999998,18,1,0.01
15790,1340.1999999999998,18,1,0.01
15791,1339.0,20,1,0.01
15792,1340.1999999999998,18,1,0.01
15793,1290.2,19,1,0.01
15794,1340.1999999999998,18,1,0.01
15795,1340.1999999999998,18,1,0.01
15796,1340.1999999999998,18,1,0.01
15797,1340.1999999999998,18,1,0.01
15798,1340.1999999999998,18,1,0.01
15799,1340.1999999999998,18,1,0.01
15800,1340.1999999999998,18,1,0.01
15801,1340.1999999999998,18,1,0.01
15802,1340.1999999999998,18,1,0.01
15803,1340.1999999999998,18,1,0.01
15804,1340.1999999999998,18,1,0.01
15805,1340.1999999999998,18,1,0.01
15806,1340.1999999999998,18,1,0.01
15807,1340.1999999999998,18,1,0.01
15808,1340.1999999999998,18,1,0.01
15809,1340.1999999999998,18,1,0.01
15810,1340.1999999999998,18,1,0.01
15811,1340.1999999999998,18,1,0.01
15812,1340.1999999999998,18,1,0.01
15813,1340.1999999999998,18,1,0.01
15814,1340.1999999999998,18,1,0.01
15815,1340.1999999999998,18,1,0.01
15816,1340.1999999999998,18,1,0.01
15817,1340.1999999999998,18,1,0.01
15818,1340.1999999999998,18,1,0.01
15819,1290.2,19,1,0.01
15820,1340.1999999999998,18,1,0.01
15821,1290.2,19,1,0.01
15822,1435.6,24,1,0.01
15823,1340.1999999999998,18,1,0.01
15824,1340.1999999999998,18,1,0.01
15825,1340.1999999999998,18,1,0.01
15826,1340.1999999999998,18,1,0.01
15827,1340.1999999999998,18,1,0.01
15828,1340.1999999999998,18,1,0.01
15829,1339.0,20,1,0.01
15830,1340.1999999999998,18,1,0.01
15831,1290.2,19,1,0.01
15832,1339.0,20,1,0.01
15833,1339.0,20,1,0.01
15834,1340.1999999999998,18,1,0.01
15835,1340.1999999999998,18,1,0.01
15836,1340.1999999999998,18,1,0.01
15837,1340.1999999999998,18,1,0.01
15838,1340.1999999999998,18,1,0.01
15839,1340.1999999999998,18,1,0.01
15840,1340.1999999999998,18,1,0.01
15841,1340.1999999999998,18,1,0.01
15842,1340.1999999999998,18,1,0.01
15843,1340.1999999999998,18,1,0.01
15844,1290.2,19,1,0.01
15845,1340.1999999999998,18,1,0.01
15846,1340.1999999999998,18,1,0.01
15847,1340.1999999999998,18,1,0.01
15848,1340.1999999999998,18,1,0.01
15849,1340.1999999999998,18,1,0.01
15850,1340.1999999999998,18,1,0.01
15851,1340.1999999999998,18,1,0.01
15852,1340.1999999999998,18,1,0.01
15853,1340.1999999999998,18,1,0.01
15854,1340.1999999999998,18,1,0.01
15855,1340.1999999999998,18,1,0.01
15856,1340.1999999999998,18,1,0.01
15857,1340.1999999999998,18,1,0.01
15858,1340.1999999999998,18,1,0.01
15859,1340.1999999999998,18,1,0.01
15860,1290.2,19,1,0.01
15861,1340.1999999999998,18,1,0.01
15862,1340.1999999999998,18,1,0.01
15863,1340.1999999999998,18,1,0.01
15864,1340.1999999999998,18,1,0.01
15865,1340.1999999999998,18,1,0.01
15866,1340.1999999999998,18,1,0.01
15867,1340.1999999999998,18,1,0.01
15868,1340.1999999999998,18,1,0.01
15869,1290.1999999999998,19,1,0.01
15870,1340.1999999999998,18,1,0.01
15871,1340.1999999999998,18,1,0.01
15872,1340.1999999999998,18,1,0.01
15873,1340.1999999999998,18,1,0.01
15874,1340.1999999999998,18,1,0.01
15875,1340.1999999999998,18,1,0.01
15876,1340.1999999999998,18,1,0.01
15877,1340.1999999999998,18,1,0.01
15878,1340.1999999999998,18,1,0.01
15879,1340.1999999999998,18,1,0.01
15880,1340.1999999999998,18,1,0.01
15881,1340.1999999999998,18,1,0.01
15882,1340.1999999999998,18,1,0.01
15883,1340.1999999999998,18,1,0.01
15884,1340.1999999999998,18,1,0.01
15885,1340.1999999999998,18,1,0.01
15886,1340.1999999999998,18,1,0.01
15887,1340.1999999999998,18,1,0.01
15888,1340.1999999999998,18,1,0.01
15889,1340.1999999999998,18,1,0.01
15890,1340.1999999999998,18,1,0.01
15891,1340.1999999999998,18,1,0.01
15892,1340.1999999999998,18,1,0.01
15893,1340.1999999999998,18,1,0.01
15894,1340.1999999999998,18,1,0.01
15895,1340.1999999999998,18,1,0.01
15896,1355.5,20,1,0.01
15897,1340.1999999999998,18,1,0.01
15898,1290.1999999999998,19,1,0.01
15899,1340.1999999999998,18,1,0.01
15900,1339.0,20,1,0.01
15901,1340.1999999999998,18,1,0.01
15902,1340.1999999999998,18,1,0.01
15903,1340.1999999999998,18,1,0.01
15904,1340.1999999999998,18,1,0.01
15905,1340.1999999999998,18,1,0.01
15906,1290.2,19,1,0.01
15907,1340.1999999999998,18,1,0.01
15908,1340.1999999999998,18,1,0.01
15909,1340.1999999999998,18,1,0.01
15910,1355.5,20,1,0.01
15911,1340.1999999999998,18,1,0.01
15912,1340.1999999999998,18,1,0.01
15913,1340.1999999999998,18,1,0.01
15914,1340.1999999999998,18,1,0.01
15915,1340.1999999999998,18,1,0.01
15916,1340.1999999999998,18,1,0.01
15917,1340.1999999999998,18,1,0.01
15918,1290.2,19,1,0.01
15919,1340.1999999999998,18,1,0.01
15920,1340.1999999999998,18,1,0.01
15921,1340.1999999999998,18,1,0.01
15922,1340.1999999999998,18,1,0.01
15923,1340.1999999999998,18,1,0.01
15924,1340.1999999999998,18,1,0.01
15925,1340.1999999999998,18,1,0.01
15926,1340.1999999999998,18,1,0.01
15927,1340.1999999999998,18,1,0.01
15928,1340.1999999999998,18,1,0.01
15929,1340.1999999999998,18,1,0.01
15930,1340.1999999999998,18,1,0.01
15931,1340.1999999999998,18,1,0.01
15932,1340.1999999999998,18,1,0.01
15933,1340.1999999999998,18,1,0.01
15934,1340.1999999999998,18,1,0.01
15935,1340.1999999999998,18,1,0.01
15936,1340.1999999999998,18,1,0.01
15937,1340.1999999999998,18,1,0.01
15938,1340.1999999999998,18,1,0.01
15939,1340.1999999999998,18,1,0.01
15940,1340.1999999999998,18,1,0.01
15941,1340.1999999999998,18,1,0.01
15942,1340.1999999999998,18,1,0.01
15943,1340.1999999999998,18,1,0.01
15944,1340.1999999999998,18,1,0.01
15945,1340.1999999999998,18,1,0.01
15946,1340.1999999999998,18,1,0.01
15947,1340.1999999999998,18,1,0.01
15948,1340.1999999999998,18,1,0.01
15949,1340.1999999999998,18,1,0.01
15950,1340.1999999999998,18,1,0.01
15951,1340.1999999999998,18,1,0.01
15952,1340.1999999999998,18,1,0.01
15953,1340.1999999999998,18,1,0.01
15954,1340.1999999999998,18,1,0.01
15955,1340.1999999999998,18,1,0.01
15956,1355.5,20,1,0.01
15957,1340.1999999999998,18,1,0.01
15958,1340.1999999999998,18,1,0.01
15959,1289.0,21,1,0.01
15960,1340.1999999999998,18,1,0.01
15961,1340.1999999999998,18,1,0.01
15962,1340.1999999999998,18,1,0.01
15963,1339.0,20,1,0.01
15964,1340.1999999999998,18,1,0.01
15965,1340.1999999999998,18,1,0.01
15966,1340.1999999999998,18,1,0.01
15967,1435.6,24,1,0.01
15968,1340.1999999999998,18,1,0.01
15969,1340.1999999999998,18,1,0.01
15970,1340.1999999999998,18,1,0.01
15971,1340.1999999999998,18,1,0.01
15972,1340.1999999999998,18,1,0.01
15973,1340.1999999999998,18,1,0.01
15974,1340.1999999999998,18,1,0.01
15975,1340.1999999999998,18,1,0.01
15976,1339.0,20,1,0.01
15977,1340.1999999999998,18,1,0.01
15978,1290.2,19,1,0.01
15979,1340.1999999999998,18,1,0.01
15980,1340.1999999999998,18,1,0.01
15981,1340.1999999999998,18,1,0.01
15982,1340.1999999999998,18,1,0.01
15983,1340.1999999999998,18,1,0.01
15984,1339.0,20,1,0.01
15985,1340.1999999999998,18,1,0.01
15986,1340.1999999999998,18,1,0.01
15987,1340.1999999999998,18,1,0.01
15988,1340.1999999999998,18,1,0.01
15989,1340.1999999999998,18,1,0.01
15990,1340.1999999999998,18,1,0.01
15991,1340.1999999999998,18,1,0.01
15992,1340.1999999999998,18,1,0.01
15993,1340.1999999999998,18,1,0.01
15994,1340.1999999999998,18,1,0.01
15995,1340.1999999999998,18,1,0.01
15996,1297.8,22,1,0.01
15997,1340.1999999999998,18,1,0.01
15998,1340.1999999999998,18,1,0.01
15999,1339.0,20,1,0.01
16000,1340.1999999999998,18,1,0.01
16001,1340.1999999999998,18,1,0.01
16002,1340.1999999999998,18,1,0.01
16003,1290.2,19,1,0.01
16004,1340.1999999999998,18,1,0.01
16005,1340.1999999999998,18,1,0.01
16006,1340.1999999999998,18,1,0.01
16007,1240.2,20,1,0.01
16008,1340.1999999999998,18,1,0.01
16009,1340.1999999999998,18,1,0.01
16010,1340.1999999999998,18,1,0.01
16011,1340.1999999999998,18,1,0.01
16012,1340.1999999999998,18,1,0.01
16013,1340.1999999999998,18,1,0.01
16014,1340.1999999999998,18,1,0.01
16015,1340.1999999999998,18,1,0.01
16016,1340.1999999999998,18,1,0.01
16017,1339.0,20,1,0.01
16018,1288.2,19,1,0.01
16019,1340.1999999999998,18,1,0.01
16020,1340.1999999999998,18,1,0.01
16021,1340.1999999999998,18,1,0.01
16022,1339.0,20,1,0.01
16023,1340.1999999999998,18,1,0.01
16024,1340.1999999999998,18,1,0.01
16025,1340.1999999999998,18,1,0.01
16026,1340.1999999999998,18,1,0.01
16027,1340.1999999999998,18,1,0.01
16028,1340.1999999999998,18,1,0.01
16029,1340.1999999999998,18,1,0.01
16030,1340.1999999999998,18,1,0.01
16031,1340.1999999999998,18,1,0.01
16032,1340.1999999999998,18,1,0.01
16033,1340.1999999999998,18,1,0.01
16034,1340.1999999999998,18,1,0.01
16035,1340.1999999999998,18,1,0.01
16036,1340.1999999999998,18,1,0.01
16037,1340.1999999999998,18,1,0.01
16038,1339.0,20,1,0.01
16039,1340.1999999999998,18,1,0.01
16040,1340.1999999999998,18,1,0.01
16041,1340.1999999999998,18,1,0.01
16042,1340.1999999999998,18,1,0.01
16043,1340.1999999999998,18,1,0.01
16044,1340.1999999999998,18,1,0.01
16045,1340.1999999999998,18,1,0.01
16046,1340.1999999999998,18,1,0.01
16047,1340.1999999999998,18,1,0.01
16048,1340.1999999999998,18,1,0.01
16049,1340.1999999999998,18,1,0.01
16050,1340.1999999999998,18,1,0.01
16051,1340.1999999999998,18,1,0.01
16052,1340.1999999999998,18,1,0.01
16053,1340.1999999999998,18,1,0.01
16054,1340.1999999999998,18,1,0.01
16055,1340.1999999999998,18,1,0.01
16056,1339.0,20,1,0.01
16057,1340.1999999999998,18,1,0.01
16058,1340.1999999999998,18,1,0.01
16059,1340.1999999999998,18,1,0.01
16060,1340.1999999999998,18,1,0.01
16061,1340.1999999999998,18,1,0.01
16062,1340.1999999999998,18,1,0.01
16063,1340.1999999999998,18,1,0.01
16064,1340.1999999999998,18,1,0.01
16065,1340.1999999999998,18,1,0.01
16066,1290.2,19,1,0.01
16067,1340.1999999999998,18,1,0.01
16068,1340.1999999999998,18,1,0.01
16069,1290.2,19,1,0.01
16070,1340.1999999999998,18,1,0.01
16071,1340.1999999999998,18,1,0.01
16072,1340.1999999999998,18,1,0.01
16073,1340.1999999999998,18,1,0.01
16074,1340.1999999999998,18,1,0.01
16075,1340.1999999999998,18,1,0.01
16076,1340.1999999999998,18,1,0.01
16077,1340.1999999999998,18,1,0.01
16078,1340.1999999999998,18,1,0.01
16079,1340.1999999999998,18,1,0.01
16080,1290.2,19,1,0.01
16081,1340.1999999999998,18,1,0.01
16082,1340.1999999999998,18,1,0.01
16083,1355.5,20,1,0.01
16084,1340.1999999999998,18,1,0.01
16085,1355.5,20,1,0.01
16086,1340.1999999999998,18,1,0.01
16087,1340.1999999999998,18,1,0.01
16088,1340.1999999999998,18,1,0.01
16089,1340.1999999999998,18,1,0.01
16090,1340.1999999999998,18,1,0.01
16091,1340.1999999999998,18,1,0.01
16092,1340.1999999999998,18,1,0.01
16093,1340.1999999999998,18,1,0.01
16094,1340.1999999999998,18,1,0.01
16095,1290.2,19,1,0.01
16096,1340.1999999999998,18,1,0.01
16097,1340.1999999999998,18,1,0.01
16098,1340.1999999999998,18,1,0.01
16099,1340.1999999999998,18,1,0.01
16100,1340.1999999999998,18,1,0.01
16101,1340.1999999999998,18,1,0.01
16102,1340.1999999999998,18,1,0.01
16103,1340.1999999999998,18,1,0.01
16104,1340.1999999999998,18,1,0.01
16105,1340.1999999999998,18,1,0.01
16106,1340.1999999999998,18,1,0.01
16107,1340.1999999999998,18,1,0.01
16108,1340.1999999999998,18,1,0.01
16109,1340.1999999999998,18,1,0.01
16110,1290.1999999999998,19,1,0.01
16111,1290.2,19,1,0.01
16112,1340.1999999999998,18,1,0.01
16113,1340.1999999999998,18,1,0.01
16114,1290.2,19,1,0.01
16115,1340.1999999999998,18,1,0.01
16116,1340.1999999999998,18,1,0.01
16117,1339.0,20,1,0.01
16118,1340.1999999999998,18,1,0.01
16119,1340.1999999999998,18,1,0.01
16120,1340.1999999999998,18,1,0.01
16121,1340.1999999999998,18,1,0.01
16122,1340.1999999999998,18,1,0.01
16123,1340.1999999999998,18,1,0.01
16124,1340.1999999999998,18,1,0.01
16125,1290.2,19,1,0.01
16126,1340.1999999999998,18,1,0.01
16127,1290.1999999999998,19,1,0.01
16128,1340.1999999999998,18,1,0.01
16129,1340.1999999999998,18,1,0.01
16130,1340.1999999999998,18,1,0.01
16131,1340.1999999999998,18,1,0.01
16132,1340.1999999999998,18,1,0.01
16133,1340.1999999999998,18,1,0.01
16134,1340.1999999999998,18,1,0.01
16135,1340.1999999999998,18,1,0.01
16136,1340.1999999999998,18,1,0.01
16137,1340.1999999999998,18,1,0.01
16138,1340.1999999999998,18,1,0.01
16139,1340.1999999999998,18,1,0.01
16140,1290.2,19,1,0.01
16141,1340.1999999999998,18,1,0.01
16142,1340.1999999999998,18,1,0.01
16143,1340.1999999999998,18,1,0.01
16144,1355.5,20,1,0.01
16145,1340.1999999999998,18,1,0.01
16146,1340.1999999999998,18,1,0.01
16147,1340.1999999999998,18,1,0.01
16148,1340.1999999999998,18,1,0.01
16149,1340.1999999999998,18,1,0.01
16150,1340.1999999999998,18,1,0.01
16151,1340.1999999999998,18,1,0.01
16152,1340.1999999999998,18,1,0.01
16153,1340.1999999999998,18,1,0.01
16154,1290.2,19,1,0.01
16155,1340.1999999999998,18,1,0.01
16156,1340.1999999999998,18,1,0.01
16157,1340.1999999999998,18,1,0.01
16158,1340.1999999999998,18,1,0.01
16159,1340.1999999999998,18,1,0.01
16160,1340.1999999999998,18,1,0.01
16161,1340.1999999999998,18,1,0.01
16162,1340.1999999999998,18,1,0.01
16163,1340.1999999999998,18,1,0.01
16164,1340.1999999999998,18,1,0.01
16165,1340.1999999999998,18,1,0.01
16166,1340.1999999999998,18,1,0.01
16167,1340.1999999999998,18,1,0.01
16168,1340.1999999999998,18,1,0.01
16169,1340.1999999999998,18,1,0.01
16170,1340.1999999999998,18,1,0.01
16171,1340.1999999999998,18,1,0.01
16172,1340.1999999999998,18,1,0.01
16173,1340.1999999999998,18,1,0.01
16174,1290.2,19,1,0.01
16175,1340.1999999999998,18,1,0.01
16176,1340.1999999999998,18,1,0.01
16177,1340.1999999999998,18,1,0.01
16178,1340.1999999999998,18,1,0.01
16179,1340.1999999999998,18,1,0.01
16180,1339.0,20,1,0.01
16181,1340.1999999999998,18,1,0.01
16182,1340.1999999999998,18,1,0.01
16183,1340.1999999999998,18,1,0.01
16184,1340.1999999999998,18,1,0.01
16185,1340.1999999999998,18,1,0.01
16186,1355.5,20,1,0.01
16187,1340.1999999999998,18,1,0.01
16188,1339.0,20,1,0.01
16189,1340.1999999999998,18,1,0.01
16190,1340.1999999999998,18,1,0.01
16191,1340.1999999999998,18,1,0.01
16192,1340.1999999999998,18,1,0.01
16193,1340.1999999999998,18,1,0.01
16194,1340.1999999999998,18,1,0.01
16195,1340.1999999999998,18,1,0.01
16196,1340.1999999999998,18,1,0.01
16197,1340.1999999999998,18,1,0.01
16198,1340.1999999999998,18,1,0.01
16199,1340.1999999999998,18,1,0.01
16200,1340.1999999999998,18,1,0.01
16201,1340.1999999999998,18,1,0.01
16202,1340.1999999999998,18,1,0.01
16203,1340.1999999999998,18,1,0.01
16204,1340.1999999999998,18,1,0.01
16205,1339.0,20,1,0.01
16206,1340.1999999999998,18,1,0.01
16207,1340.1999999999998,18,1,0.01
16208,1340.1999999999998,18,1,0.01
16209,1339.0,20,1,0.01
16210,1340.1999999999998,18,1,0.01
16211,1340.1999999999998,18,1,0.01
16212,1340.1999999999998,18,1,0.01
16213,1340.1999999999998,18,1,0.01
16214,1340.1999999999998,18,1,0.01
16215,1340.1999999999998,18,1,0.01
16216,1340.1999999999998,18,1,0.01
16217,1340.1999999999998,18,1,0.01
16218,1340.1999999999998,18,1,0.01
16219,1340.1999999999998,18,1,0.01
16220,1340.1999999999998,18,1,0.01
16221,1340.1999999999998,18,1,0.01
16222,1340.1999999999998,18,1,0.01
16223,1340.1999999999998,18,1,0.01
16224,1340.1999999999998,18,1,0.01
16225,1340.1999999999998,18,1,0.01
16226,1339.0,20,1,0.01
16227,1340.1999999999998,18,1,0.01
16228,1340.1999999999998,18,1,0.01
16229,1340.1999999999998,18,1,0.01
16230,1340.1999999999998,18,1,0.01
16231,1340.1999999999998,18,1,0.01
16232,1340.1999999999998,18,1,0.01
16233,1340.1999999999998,18,1,0.01
16234,1287.0,21,1,0.01
16235,1340.1999999999998,18,1,0.01
16236,1340.1999999999998,18,1,0.01
16237,1340.1999999999998,18,1,0.01
16238,1355.5,20,1,0.01
16239,1340.1999999999998,18,1,0.01
16240,1340.1999999999998,18,1,0.01
16241,1340.1999999999998,18,1,0.01
16242,1340.1999999999998,18,1,0.01
16243,1340.1999999999998,18,1,0.01
16244,1340.1999999999998,18,1,0.01
16245,1290.2,19,1,0.01
16246,1340.1999999999998,18,1,0.01
16247,1340.1999999999998,18,1,0.01
16248,1340.1999999999998,18,1,0.01
16249,1340.1999999999998,18,1,0.01
16250,1340.1999999999998,18,1,0.01
16251,1340.1999999999998,18,1,0.01
16252,1340.1999999999998,18,1,0.01
16253,1340.1999999999998,18,1,0.01
16254,1340.1999999999998,18,1,0.01
16255,1340.1999999999998,18,1,0.01
16256,1340.1999999999998,18,1,0.01
16257,1340.1999999999998,18,1,0.01
16258,1340.1999999999998,18,1,0.01
16259,1340.1999999999998,18,1,0.01
16260,1340.1999999999998,18,1,0.01
16261,1340.1999999999998,18,1,0.01
16262,1340.1999999999998,18,1,0.01
16263,1340.1999999999998,18,1,0.01
16264,1340.1999999999998,18,1,0.01
16265,1340.1999999999998,18,1,0.01
16266,1340.1999999999998,18,1,0.01
16267,1340.1999999999998,18,1,0.01
16268,1340.1999999999998,18,1,0.01
16269,1340.1999999999998,18,1,0.01
16270,1340.1999999999998,18,1,0.01
16271,1340.1999999999998,18,1,0.01
16272,1340.1999999999998,18,1,0.01
16273,1340.1999999999998,18,1,0.01
16274,1290.2,19,1,0.01
16275,1290.2,19,1,0.01
16276,1340.1999999999998,18,1,0.01
16277,1340.1999999999998,18,1,0.01
16278,1340.1999999999998,18,1,0.01
16279,1340.1999999999998,18,1,0.01
16280,1340.1999999999998,18,1,0.01
16281,1340.1999999999998,18,1,0.01
16282,1340.1999999999998,18,1,0.01
16283,1340.1999999999998,18,1,0.01
16284,1290.1999999999998,19,1,0.01
16285,1340.1999999999998,18,1,0.01
16286,1340.1999999999998,18,1,0.01
16287,1340.1999999999998,18,1,0.01
16288,1340.1999999999998,18,1,0.01
16289,1340.1999999999998,18,1,0.01
16290,1339.0,20,1,0.01
16291,1289.0,21,1,0.01
16292,1340.1999999999998,18,1,0.01
16293,1340.1999999999998,18,1,0.01
16294,1340.1999999999998,18,1,0.01
16295,1340.1999999999998,18,1,0.01
16296,1340.1999999999998,18,1,0.01
16297,1340.1999999999998,18,1,0.01
16298,1340.1999999999998,18,1,0.01
16299,1340.1999999999998,18,1,0.01
16300,1340.1999999999998,18,1,0.01
16301,1340.1999999999998,18,1,0.01
16302,1340.1999999999998,18,1,0.01
16303,1340.1999999999998,18,1,0.01
16304,1340.1999999999998,18,1,0.01
16305,1340.1999999999998,18,1,0.01
16306,1340.1999999999998,18,1,0.01
16307,1340.1999999999998,18,1,0.01
16308,1340.1999999999998,18,1,0.01
16309,1290.2,19,1,0.01
16310,1340.1999999999998,18,1,0.01
16311,1340.1999999999998,18,1,0.01
16312,1340.1999999999998,18,1,0.01
16313,1340.1999999999998,18,1,0.01
16314,1340.1999999999998,18,1,0.01
16315,1340.1999999999998,18,1,0.01
16316,1340.1999999999998,18,1,0.01
16317,1340.1999999999998,18,1,0.01
16318,1340.1999999999998,18,1,0.01
16319,1339.0,20,1,0.01
16320,1340.1999999999998,18,1,0.01
16321,1340.1999999999998,18,1,0.01
16322,1340.1999999999998,18,1,0.01
16323,1340.1999999999998,18,1,0.01
16324,1340.1999999999998,18,1,0.01
16325,1340.1999999999998,18,1,0.01
16326,1340.1999999999998,18,1,0.01
16327,1340.1999999999998,18,1,0.01
16328,1290.1999999999998,19,1,0.01
16329,1340.1999999999998,18,1,0.01
16330,1340.1999999999998,18,1,0.01
16331,1340.1999999999998,18,1,0.01
16332,1340.1999999999998,18,1,0.01
16333,1340.1999999999998,18,1,0.01
16334,1340.1999999999998,18,1,0.01
16335,1340.1999999999998,18,1,0.01
16336,1340.1999999999998,18,1,0.01
16337,1340.1999999999998,18,1,0.01
16338,1340.1999999999998,18,1,0.01
16339,1340.1999999999998,18,1,0.01
16340,1340.1999999999998,18,1,0.01
16341,1340.1999999999998,18,1,0.01
16342,1340.1999999999998,18,1,0.01
16343,1290.1999999999998,19,1,0.01
16344,1340.1999999999998,18,1,0.01
16345,1340.1999999999998,18,1,0.01
16346,1340.1999999999998,18,1,0.01
16347,1290.2,19,1,0.01
16348,1340.1999999999998,18,1,0.01
16349,1340.1999999999998,18,1,0.01
16350,1340.1999999999998,18,1,0.01
16351,1340.1999999999998,18,1,0.01
16352,1340.1999999999998,18,1,0.01
16353,1340.1999999999998,18,1,0.01
16354,1340.1999999999998,18,1,0.01
16355,1340.1999999999998,18,1,0.01
16356,1340.1999999999998,18,1,0.01
16357,1340.1999999999998,18,1,0.01
16358,1340.1999999999998,18,1,0.01
16359,1340.1999999999998,18,1,0.01
16360,1340.1999999999998,18,1,0.01
16361,1340.1999999999998,18,1,0.01
16362,1340.1999999999998,18,1,0.01
16363,1340.1999999999998,18,1,0.01
16364,1340.1999999999998,18,1,0.01
16365,1340.1999999999998,18,1,0.01
16366,1339.0,20,1,0.01
16367,1340.1999999999998,18,1,0.01
16368,1340.1999999999998,18,1,0.01
16369,1290.2,19,1,0.01
16370,1290.2,19,1,0.01
16371,1340.1999999999998,18,1,0.01
16372,1340.1999999999998,18,1,0.01
16373,1340.1999999999998,18,1,0.01
16374,1340.1999999999998,18,1,0.01
16375,1340.1999999999998,18,1,0.01
16376,1340.1999999999998,18,1,0.01
16377,1340.1999999999998,18,1,0.01
16378,1340.1999999999998,18,1,0.01
16379,1340.1999999999998,18,1,0.01
16380,1340.1999999999998,18,1,0.01
16381,1340.1999999999998,18,1,0.01
16382,1340.1999999999998,18,1,0.01
16383,1340.1999999999998,18,1,0.01
16384,1340.1999999999998,18,1,0.01
16385,1340.1999999999998,18,1,0.01
16386,1340.1999999999998,18,1,0.01
16387,1340.1999999999998,18,1,0.01
16388,1340.1999999999998,18,1,0.01
16389,1340.1999999999998,18,1,0.01
16390,1340.1999999999998,18,1,0.01
16391,1340.1999999999998,18,1,0.01
16392,1340.1999999999998,18,1,0.01
16393,1290.1999999999998,19,1,0.01
16394,1340.1999999999998,18,1,0.01
16395,1340.1999999999998,18,1,0.01
16396,1340.1999999999998,18,1,0.01
16397,1340.1999999999998,18,1,0.01
16398,1340.1999999999998,18,1,0.01
16399,1340.1999999999998,18,1,0.01
16400,1340.1999999999998,18,1,0.01
16401,1339.0,20,1,0.01
16402,1340.1999999999998,18,1,0.01
16403,1340.1999999999998,18,1,0.01
16404,1340.1999999999998,18,1,0.01
16405,1340.1999999999998,18,1,0.01
16406,1340.1999999999998,18,1,0.01
16407,1340.1999999999998,18,1,0.01
16408,1340.1999999999998,18,1,0.01
16409,1340.1999999999998,18,1,0.01
16410,1340.1999999999998,18,1,0.01
16411,1340.1999999999998,18,1,0.01
16412,1340.1999999999998,18,1,0.01
16413,1340.1999999999998,18,1,0.01
16414,1340.1999999999998,18,1,0.01
16415,1340.1999999999998,18,1,0.01
16416,1340.1999999999998,18,1,0.01
16417,1339.0,20,1,0.01
16418,1340.1999999999998,18,1,0.01
16419,1340.1999999999998,18,1,0.01
16420,1340.1999999999998,18,1,0.01
16421,1340.1999999999998,18,1,0.01
16422,1340.1999999999998,18,1,0.01
16423,1340.1999999999998,18,1,0.01
16424,1340.1999999999998,18,1,0.01
16425,1340.1999999999998,18,1,0.01
16426,1340.1999999999998,18,1,0.01
16427,1339.0,20,1,0.01
16428,1340.1999999999998,18,1,0.01
16429,1340.1999999999998,18,1,0.01
16430,1340.1999999999998,18,1,0.01
16431,1340.1999999999998,18,1,0.01
16432,1340.1999999999998,18,1,0.01
16433,1340.1999999999998,18,1,0.01
16434,1340.1999999999998,18,1,0.01
16435,1340.1999999999998,18,1,0.01
16436,1290.2,19,1,0.01
16437,1340.1999999999998,18,1,0.01
16438,1340.1999999999998,18,1,0.01
16439,1340.1999999999998,18,1,0.01
16440,1340.1999999999998,18,1,0.01
16441,1340.1999999999998,18,1,0.01
16442,1340.1999999999998,18,1,0.01
16443,1340.1999999999998,18,1,0.01
16444,1340.1999999999998,18,1,0.01
16445,1340.1999999999998,18,1,0.01
16446,1340.1999999999998,18,1,0.01
16447,1340.1999999999998,18,1,0.01
16448,1340.1999999999998,18,1,0.01
16449,1340.1999999999998,18,1,0.01
16450,1340.1999999999998,18,1,0.01
16451,1340.1999999999998,18,1,0.01
16452,1340.1999999999998,18,1,0.01
16453,1339.0,20,1,0.01
16454,1290.2,19,1,0.01
16455,1340.1999999999998,18,1,0.01
16456,1340.1999999999998,18,1,0.01
16457,1340.1999999999998,18,1,0.01
16458,1340.1999999999998,18,1,0.01
16459,1340.1999999999998,18,1,0.01
16460,1340.1999999999998,18,1,0.01
16461,1340.1999999999998,18,1,0.01
16462,1340.1999999999998,18,1,0.01
16463,1340.1999999999998,18,1,0.01
16464,1340.1999999999998,18,1,0.01
16465,1340.1999999999998,18,1,0.01
16466,1340.1999999999998,18,1,0.01
16467,1290.2,19,1,0.01
16468,1340.1999999999998,18,1,0.01
16469,1340.1999999999998,18,1,0.01
16470,1340.1999999999998,18,1,0.01
16471,1340.1999999999998,18,1,0.01
16472,1340.1999999999998,18,1,0.01
16473,1340.1999999999998,18,1,0.01
16474,1340.1999999999998,18,1,0.01
16475,1340.1999999999998,18,1,0.01
16476,1340.1999999999998,18,1,0.01
16477,1372.0,20,1,0.01
16478,1340.1999999999998,18,1,0.01
16479,1340.1999999999998,18,1,0.01
16480,1340.1999999999998,18,1,0.01
16481,1340.1999999999998,18,1,0.01
16482,1290.2,19,1,0.01
16483,1290.2,19,1,0.01
16484,1355.5,20,1,0.01
16485,1340.1999999999998,18,1,0.01
16486,1340.1999999999998,18,1,0.01
16487,1340.1999999999998,18,1,0.01
16488,1340.1999999999998,18,1,0.01
16489,1340.1999999999998,18,1,0.01
16490,1340.1999999999998,18,1,0.01
16491,1340.1999999999998,18,1,0.01
16492,1340.1999999999998,18,1,0.01
16493,1340.1999999999998,18,1,0.01
16494,1340.1999999999998,18,1,0.01
16495,1340.1999999999998,18,1,0.01
16496,1340.1999999999998,18,1,0.01
16497,1340.1999999999998,18,1,0.01
16498,1340.1999999999998,18,1,0.01
16499,1340.1999999999998,18,1,0.01
16500,1340.1999999999998,18,1,0.01
16501,1340.1999999999998,18,1,0.01
16502,1340.1999999999998,18,1,0.01
16503,1340.1999999999998,18,1,0.01
16504,1340.1999999999998,18,1,0.01
16505,1290.2,19,1,0.01
16506,1340.1999999999998,18,1,0.01
16507,1340.1999999999998,18,1,0.01
16508,1305.5,21,1,0.01
16509,1340.1999999999998,18,1,0.01
16510,1340.1999999999998,18,1,0.01
16511,1340.1999999999998,18,1,0.01
16512,1340.1999999999998,18,1,0.01
16513,1340.1999999999998,18,1,0.01
16514,1340.1999999999998,18,1,0.01
16515,1340.1999999999998,18,1,0.01
16516,1340.1999999999998,18,1,0.01
16517,1339.0,20,1,0.01
16518,1340.1999999999998,18,1,0.01
16519,1339.0,20,1,0.01
16520,1340.1999999999998,18,1,0.01
16521,1340.1999999999998,18,1,0.01
16522,1340.1999999999998,18,1,0.01
16523,1340.1999999999998,18,1,0.01
16524,1340.1999999999998,18,1,0.01
16525,1340.1999999999998,18,1,0.01
16526,1340.1999999999998,18,1,0.01
16527,1340.1999999999998,18,1,0.01
16528,1340.1999999999998,18,1,0.01
16529,1340.1999999999998,18,1,0.01
16530,1340.1999999999998,18,1,0.01
16531,1340.1999999999998,18,1,0.01
16532,1340.1999999999998,18,1,0.01
16533,1290.2,19,1,0.01
16534,1289.0,21,1,0.01
16535,1340.1999999999998,18,1,0.01
16536,1340.1999999999998,18,1,0.01
16537,1340.1999999999998,18,1,0.01
16538,1340.1999999999998,18,1,0.01
16539,1290.1999999999998,19,1,0.01
16540,1340.1999999999998,18,1,0.01
16541,1340.1999999999998,18,1,0.01
16542,1340.1999999999998,18,1,0.01
16543,1340.1999999999998,18,1,0.01
16544,1340.1999999999998,18,1,0.01
16545,1340.1999999999998,18,1,0.01
16546,1340.1999999999998,18,1,0.01
16547,1340.1999999999998,18,1,0.01
16548,1340.1999999999998,18,1,0.01
16549,1340.1999999999998,18,1,0.01
16550,1340.1999999999998,18,1,0.01
16551,1340.1999999999998,18,1,0.01
16552,1340.1999999999998,18,1,0.01
16553,1340.1999999999998,18,1,0.01
16554,1339.0,20,1,0.01
16555,1340.1999999999998,18,1,0.01
16556,1340.1999999999998,18,1,0.01
16557,1340.1999999999998,18,1,0.01
16558,1340.1999999999998,18,1,0.01
16559,1340.1999999999998,18,1,0.01
16560,1340.1999999999998,18,1,0.01
16561,1340.1999999999998,18,1,0.01
16562,1340.1999999999998,18,1,0.01
16563,1340.1999999999998,18,1,0.01
16564,1340.1999999999998,18,1,0.01
16565,1340.1999999999998,18,1,0.01
16566,1290.2,19,1,0.01
16567,1340.1999999999998,18,1,0.01
16568,1340.1999999999998,18,1,0.01
16569,1340.1999999999998,18,1,0.01
16570,1340.1999999999998,18,1,0.01
16571,1340.1999999999998,18,1,0.01
16572,1355.5,20,1,0.01
16573,1340.1999999999998,18,1,0.01
16574,1340.1999999999998,18,1,0.01
16575,1340.1999999999998,18,1,0.01
16576,1340.1999999999998,18,1,0.01
16577,1340.1999999999998,18,1,0.01
16578,1340.1999999999998,18,1,0.01
16579,1340.1999999999998,18,1,0.01
16580,1340.1999999999998,18,1,0.01
16581,1340.1999999999998,18,1,0.01
16582,1340.1999999999998,18,1,0.01
16583,1340.1999999999998,18,1,0.01
16584,1340.1999999999998,18,1,0.01
16585,1340.1999999999998,18,1,0.01
16586,1340.1999999999998,18,1,0.01
16587,1339.0,20,1,0.01
16588,1340.1999999999998,18,1,0.01
16589,1340.1999999999998,18,1,0.01
16590,1339.0,20,1,0.01
16591,1340.1999999999998,18,1,0.01
16592,1340.1999999999998,18,1,0.01
16593,1340.1999999999998,18,1,0.01
16594,1340.1999999999998,18,1,0.01
16595,1340.1999999999998,18,1,0.01
16596,1340.1999999999998,18,1,0.01
16597,1340.1999999999998,18,1,0.01
16598,1339.0,20,1,0.01
16599,1340.1999999999998,18,1,0.01
16600,1340.1999999999998,18,1,0.01
16601,1340.1999999999998,18,1,0.01
16602,1340.1999999999998,18,1,0.01
16603,1340.1999999999998,18,1,0.01
16604,1372.0,20,1,0.01
16605,1340.1999999999998,18,1,0.01
16606,1340.1999999999998,18,1,0.01
16607,1340.1999999999998,18,1,0.01
16608,1340.1999999999998,18,1,0.01
16609,1340.1999999999998,18,1,0.01
16610,1340.1999999999998,18,1,0.01
16611,1340.1999999999998,18,1,0.01
16612,1339.0,20,1,0.01
16613,1340.1999999999998,18,1,0.01
16614,1340.1999999999998,18,1,0.01
16615,1340.1999999999998,18,1,0.01
16616,1340.1999999999998,18,1,0.01
16617,1339.0,20,1,0.01
16618,1340.1999999999998,18,1,0.01
16619,1340.1999999999998,18,1,0.01
16620,1340.1999999999998,18,1,0.01
16621,1340.1999999999998,18,1,0.01
16622,1340.1999999999998,18,1,0.01
16623,1340.1999999999998,18,1,0.01
16624,1340.1999999999998,18,1,0.01
16625,1340.1999999999998,18,1,0.01
16626,1340.1999999999998,18,1,0.01
16627,1340.1999999999998,18,1,0.01
16628,1340.1999999999998,18,1,0.01
16629,1340.1999999999998,18,1,0.01
16630,1340.1999999999998,18,1,0.01
16631,1340.1999999999998,18,1,0.01
16632,1290.2,19,1,0.01
16633,1340.1999999999998,18,1,0.01
16634,1355.5,20,1,0.01
16635,1290.2,19,1,0.01
16636,1340.1999999999998,18,1,0.01
16637,1340.1999999999998,18,1,0.01
16638,1340.1999999999998,18,1,0.01
16639,1340.1999999999998,18,1,0.01
16640,1340.1999999999998,18,1,0.01
16641,1290.2,19,1,0.01
16642,1340.1999999999998,18,1,0.01
16643,1340.1999999999998,18,1,0.01
16644,1340.1999999999998,18,1,0.01
16645,1340.1999999999998,18,1,0.01
16646,1340.1999999999998,18,1,0.01
16647,1340.1999999999998,18,1,0.01
16648,1340.1999999999998,18,1,0.01
16649,1340.1999999999998,18,1,0.01
16650,1340.1999999999998,18,1,0.01
16651,1340.1999999999998,18,1,0.01
16652,1290.2,19,1,0.01
16653,1290.2,19,1,0.01
16654,1339.0,20,1,0.01
16655,1340.1999999999998,18,1,0.01
16656,1340.1999999999998,18,1,0.01
16657,1340.1999999999998,18,1,0.01
16658,1340.1999999999998,18,1,0.01
16659,1340.1999999999998,18,1,0.01
16660,1340.1999999999998,18,1,0.01
16661,1340.1999999999998,18,1,0.01
16662,1340.1999999999998,18,1,0.01
16663,1340.1999999999998,18,1,0.01
16664,1340.1999999999998,18,1,0.01
16665,1340.1999999999998,18,1,0.01
16666,1340.1999999999998,18,1,0.01
16667,1340.1999999999998,18,1,0.01
16668,1340.1999999999998,18,1,0.01
16669,1340.1999999999998,18,1,0.01
16670,1340.1999999999998,18,1,0.01
16671,1340.1999999999998,18,1,0.01
16672,1340.1999999999998,18,1,0.01
16673,1340.1999999999998,18,1,0.01
16674,1340.1999999999998,18,1,0.01
16675,1340.1999999999998,18,1,0.01
16676,1340.1999999999998,18,1,0.01
16677,1340.1999999999998,18,1,0.01
16678,1340.1999999999998,18,1,0.01
16679,1340.1999999999998,18,1,0.01
16680,1340.1999999999998,18,1,0.01
16681,1340.1999999999998,18,1,0.01
16682,1339.0,20,1,0.01
16683,1340.1999999999998,18,1,0.01
16684,1290.1999999999998,19,1,0.01
16685,1340.1999999999998,18,1,0.01
16686,1340.1999999999998,18,1,0.01
16687,1340.1999999999998,18,1,0.01
16688,1372.0,20,1,0.01
16689,1340.1999999999998,18,1,0.01
16690,1340.1999999999998,18,1,0.01
16691,1340.1999999999998,18,1,0.01
16692,1340.1999999999998,18,1,0.01
16693,1290.1999999999998,19,1,0.01
16694,1340.1999999999998,18,1,0.01
16695,1340.1999999999998,18,1,0.01
16696,1340.1999999999998,18,1,0.01
16697,1340.1999999999998,18,1,0.01
16698,1340.1999999999998,18,1,0.01
16699,1340.1999999999998,18,1,0.01
16700,1290.2,19,1,0.01
16701,1340.1999999999998,18,1,0.01
16702,1340.1999999999998,18,1,0.01
16703,1340.1999999999998,18,1,0.01
16704,1340.1999999999998,18,1,0.01
16705,1340.1999999999998,18,1,0.01
16706,1340.1999999999998,18,1,0.01
16707,1340.1999999999998,18,1,0.01
16708,1290.1999999999998,19,1,0.01
16709,1290.2,19,1,0.01
16710,1340.1999999999998,18,1,0.01
16711,1290.2,19,1,0.01
16712,1290.1999999999998,19,1,0.01
16713,1340.1999999999998,18,1,0.01
16714,1340.1999999999998,18,1,0.01
16715,1340.1999999999998,18,1,0.01
16716,1290.2,19,1,0.01
16717,1340.1999999999998,18,1,0.01
16718,1340.1999999999998,18,1,0.01
16719,1340.1999999999998,18,1,0.01
16720,1340.1999999999998,18,1,0.01
16721,1340.1999999999998,18,1,0.01
16722,1340.1999999999998,18,1,0.01
16723,1340.1999999999998,18,1,0.01
16724,1340.1999999999998,18,1,0.01
16725,1340.1999999999998,18,1,0.01
16726,1340.1999999999998,18,1,0.01
16727,1290.2,19,1,0.01
16728,1340.1999999999998,18,1,0.01
16729,1340.1999999999998,18,1,0.01
16730,1340.1999999999998,18,1,0.01
16731,1340.1999999999998,18,1,0.01
16732,1340.1999999999998,18,1,0.01
16733,1340.1999999999998,18,1,0.01
16734,1290.2,19,1,0.01
16735,1340.1999999999998,18,1,0.01
16736,1290.2,19,1,0.01
16737,1290.2,19,1,0.01
16738,1340.1999999999998,18,1,0.01
16739,1340.1999999999998,18,1,0.01
16740,1340.1999999999998,18,1,0.01
16741,1339.0,20,1,0.01
16742,1290.2,19,1,0.01
16743,1340.1999999999998,18,1,0.01
16744,1340.1999999999998,18,1,0.01
16745,1340.1999999999998,18,1,0.01
16746,1340.1999999999998,18,1,0.01
16747,1340.1999999999998,18,1,0.01
16748,1435.6,24,1,0.01
16749,1340.1999999999998,18,1,0.01
16750,1340.1999999999998,18,1,0.01
16751,1340.1999999999998,18,1,0.01
16752,1340.1999999999998,18,1,0.01
16753,1340.1999999999998,18,1,0.01
16754,1340.1999999999998,18,1,0.01
16755,1340.1999999999998,18,1,0.01
16756,1340.1999999999998,18,1,0.01
16757,1340.1999999999998,18,1,0.01
16758,1340.1999999999998,18,1,0.01
16759,1340.1999999999998,18,1,0.01
16760,1340.1999999999998,18,1,0.01
16761,1340.1999999999998,18,1,0.01
16762,1340.1999999999998,18,1,0.01
16763,1355.5,20,1,0.01
16764,1340.1999999999998,18,1,0.01
16765,1340.1999999999998,18,1,0.01
16766,1340.1999999999998,18,1,0.01
16767,1340.1999999999998,18,1,0.01
16768,1339.0,20,1,0.01
16769,1340.1999999999998,18,1,0.01
16770,1340.1999999999998,18,1,0.01
16771,1340.1999999999998,18,1,0.01
16772,1340.1999999999998,18,1,0.01
16773,1340.1999999999998,18,1,0.01
16774,1340.1999999999998,18,1,0.01
16775,1340.1999999999998,18,1,0.01
16776,1340.1999999999998,18,1,0.01
16777,1340.1999999999998,18,1,0.01
16778,1340.1999999999998,18,1,0.01
16779,1340.1999999999998,18,1,0.01
16780,1340.1999999999998,18,1,0.01
16781,1290.2,19,1,0.01
16782,1340.1999999999998,18,1,0.01
16783,1340.1999999999998,18,1,0.01
16784,1340.1999999999998,18,1,0.01
16785,1340.1999999999998,18,1,0.01
16786,1340.1999999999998,18,1,0.01
16787,1340.1999999999998,18,1,0.01
16788,1340.1999999999998,18,1,0.01
16789,1340.1999999999998,18,1,0.01
16790,1340.1999999999998,18,1,0.01
16791,1337.8,22,1,0.01
16792,1340.1999999999998,18,1,0.01
16793,1340.1999999999998,18,1,0.01
16794,1340.1999999999998,18,1,0.01
16795,1290.1999999999998,19,1,0.01
16796,1340.1999999999998,18,1,0.01
16797,1340.1999999999998,18,1,0.01
16798,1340.1999999999998,18,1,0.01
16799,1290.2,19,1,0.01
16800,1340.1999999999998,18,1,0.01
16801,1373.8,22,1,0.01
16802,1340.1999999999998,18,1,0.01
16803,1340.1999999999998,18,1,0.01
16804,1340.1999999999998,18,1,0.01
16805,1340.1999999999998,18,1,0.01
16806,1290.1999999999998,19,1,0.01
16807,1340.1999999999998,18,1,0.01
16808,1340.1999999999998,18,1,0.01
16809,1340.1999999999998,18,1,0.01
16810,1340.1999999999998,18,1,0.01
16811,1340.1999999999998,18,1,0.01
16812,1340.1999999999998,18,1,0.01
16813,1340.1999999999998,18,1,0.01
16814,1288.2,19,1,0.01
16815,1340.1999999999998,18,1,0.01
16816,1340.1999999999998,18,1,0.01
16817,1339.0,20,1,0.01
16818,1340.1999999999998,18,1,0.01
16819,1340.1999999999998,18,1,0.01
16820,1340.1999999999998,18,1,0.01
16821,1340.1999999999998,18,1,0.01
16822,1340.1999999999998,18,1,0.01
16823,1340.1999999999998,18,1,0.01
16824,1340.1999999999998,18,1,0.01
16825,1340.1999999999998,18,1,0.01
16826,1340.1999999999998,18,1,0.01
16827,1340.1999999999998,18,1,0.01
16828,1340.1999999999998,18,1,0.01
16829,1340.1999999999998,18,1,0.01
16830,1340.1999999999998,18,1,0.01
16831,1339.0,20,1,0.01
16832,1340.1999999999998,18,1,0.01
16833,1340.1999999999998,18,1,0.01
16834,1340.1999999999998,18,1,0.01
16835,1340.1999999999998,18,1,0.01
16836,1340.1999999999998,18,1,0.01
16837,1340.1999999999998,18,1,0.01
16838,1340.1999999999998,18,1,0.01
16839,1340.1999999999998,18,1,0.01
16840,1340.1999999999998,18,1,0.01
16841,1340.1999999999998,18,1,0.01
16842,1340.1999999999998,18,1,0.01
16843,1340.1999999999998,18,1,0.01
16844,1340.1999999999998,18,1,0.01
16845,1340.1999999999998,18,1,0.01
16846,1340.1999999999998,18,1,0.01
16847,1340.1999999999998,18,1,0.01
16848,1340.1999999999998,18,1,0.01
16849,1340.1999999999998,18,1,0.01
16850,1340.1999999999998,18,1,0.01
16851,1340.1999999999998,18,1,0.01
16852,1340.1999999999998,18,1,0.01
16853,1340.1999999999998,18,1,0.01
16854,1340.1999999999998,18,1,0.01
16855,1290.2,19,1,0.01
16856,1340.1999999999998,18,1,0.01
16857,1290.2,19,1,0.01
16858,1340.1999999999998,18,1,0.01
16859,1340.1999999999998,18,1,0.01
16860,1340.1999999999998,18,1,0.01
16861,1340.1999999999998,18,1,0.01
16862,1340.1999999999998,18,1,0.01
16863,1340.1999999999998,18,1,0.01
16864,1340.1999999999998,18,1,0.01
16865,1340.1999999999998,18,1,0.01
16866,1340.1999999999998,18,1,0.01
16867,1290.1999999999998,19,1,0.01
16868,1340.1999999999998,18,1,0.01
16869,1290.2,19,1,0.01
16870,1340.1999999999998,18,1,0.01
16871,1340.1999999999998,18,1,0.01
16872,1340.1999999999998,18,1,0.01
16873,1340.1999999999998,18,1,0.01
16874,1340.1999999999998,18,1,0.01
16875,1340.1999999999998,18,1,0.01
16876,1340.1999999999998,18,1,0.01
16877,1290.2,19,1,0.01
16878,1340.1999999999998,18,1,0.01
16879,1340.1999999999998,18,1,0.01
16880,1290.1999999999998,19,1,0.01
16881,1340.1999999999998,18,1,0.01
16882,1340.1999999999998,18,1,0.01
16883,1340.1999999999998,18,1,0.01
16884,1340.1999999999998,18,1,0.01
16885,1339.0,20,1,0.01
16886,1290.2,19,1,0.01
16887,1339.0,20,1,0.01
16888,1340.1999999999998,18,1,0.01
16889,1339.0,20,1,0.01
16890,1340.1999999999998,18,1,0.01
16891,1340.1999999999998,18,1,0.01
16892,1340.1999999999998,18,1,0.01
16893,1340.1999999999998,18,1,0.01
16894,1340.1999999999998,18,1,0.01
16895,1340.1999999999998,18,1,0.01
16896,1290.2,19,1,0.01
16897,1340.1999999999998,18,1,0.01
16898,1340.1999999999998,18,1,0.01
16899,1340.1999999999998,18,1,0.01
16900,1340.1999999999998,18,1,0.01
16901,1340.1999999999998,18,1,0.01
16902,1340.1999999999998,18,1,0.01
16903,1340.1999999999998,18,1,0.01
16904,1340.1999999999998,18,1,0.01
16905,1339.0,20,1,0.01
16906,1340.1999999999998,18,1,0.01
16907,1290.2,19,1,0.01
16908,1340.1999999999998,18,1,0.01
16909,1340.1999999999998,18,1,0.01
16910,1340.1999999999998,18,1,0.01
16911,1340.1999999999998,18,1,0.01
16912,1340.1999999999998,18,1,0.01
16913,1340.1999999999998,18,1,0.01
16914,1340.1999999999998,18,1,0.01
16915,1340.1999999999998,18,1,0.01
16916,1340.1999999999998,18,1,0.01
16917,1340.1999999999998,18,1,0.01
16918,1355.5,20,1,0.01
16919,1340.1999999999998,18,1,0.01
16920,1340.1999999999998,18,1,0.01
16921,1340.1999999999998,18,1,0.01
16922,1339.0,20,1,0.01
16923,1290.2,19,1,0.01
16924,1290.2,19,1,0.01
16925,1340.1999999999998,18,1,0.01
16926,1340.1999999999998,18,1,0.01
16927,1340.1999999999998,18,1,0.01
16928,1340.1999999999998,18,1,0.01
16929,1340.1999999999998,18,1,0.01
16930,1340.1999999999998,18,1,0.01
16931,1340.1999999999998,18,1,0.01
16932,1340.1999999999998,18,1,0.01
16933,1340.1999999999998,18,1,0.01
16934,1290.2,19,1,0.01
16935,1340.1999999999998,18,1,0.01
16936,1340.1999999999998,18,1,0.01
16937,1340.1999999999998,18,1,0.01
16938,1340.1999999999998,18,1,0.01
16939,1340.1999999999998,18,1,0.01
16940,1340.1999999999998,18,1,0.01
16941,1340.1999999999998,18,1,0.01
16942,1340.1999999999998,18,1,0.01
16943,1340.1999999999998,18,1,0.01
16944,1290.2,19,1,0.01
16945,1340.1999999999998,18,1,0.01
16946,1340.1999999999998,18,1,0.01
16947,1340.1999999999998,18,1,0.01
16948,1340.1999999999998,18,1,0.01
16949,1339.0,20,1,0.01
16950,1340.1999999999998,18,1,0.01
16951,1340.1999999999998,18,1,0.01
16952,1340.1999999999998,18,1,0.01
16953,1340.1999999999998,18,1,0.01
16954,1340.1999999999998,18,1,0.01
16955,1340.1999999999998,18,1,0.01
16956,1340.1999999999998,18,1,0.01
16957,1340.1999999999998,18,1,0.01
16958,1340.1999999999998,18,1,0.01
16959,1340.1999999999998,18,1,0.01
16960,1340.1999999999998,18,1,0.01
16961,1340.1999999999998,18,1,0.01
16962,1340.1999999999998,18,1,0.01
16963,1340.1999999999998,18,1,0.01
16964,1340.1999999999998,18,1,0.01
16965,1340.1999999999998,18,1,0.01
16966,1340.1999999999998,18,1,0.01
16967,1340.1999999999998,18,1,0.01
16968,1340.1999999999998,18,1,0.01
16969,1340.1999999999998,18,1,0.01
16970,1339.0,20,1,0.01
16971,1340.1999999999998,18,1,0.01
16972,1340.1999999999998,18,1,0.01
16973,1340.1999999999998,18,1,0.01
16974,1340.1999999999998,18,1,0.01
16975,1340.1999999999998,18,1,0.01
16976,1340.1999999999998,18,1,0.01
16977,1340.1999999999998,18,1,0.01
16978,1340.1999999999998,18,1,0.01
16979,1340.1999999999998,18,1,0.01
16980,1340.1999999999998,18,1,0.01
16981,1340.1999999999998,18,1,0.01
16982,1340.1999999999998,18,1,0.01
16983,1340.1999999999998,18,1,0.01
16984,1340.1999999999998,18,1,0.01
16985,1340.1999999999998,18,1,0.01
16986,1340.1999999999998,18,1,0.01
16987,1340.1999999999998,18,1,0.01
16988,1355.5,20,1,0.01
16989,1340.1999999999998,18,1,0.01
16990,1340.1999999999998,18,1,0.01
16991,1340.1999999999998,18,1,0.01
16992,1340.1999999999998,18,1,0.01
16993,1340.1999999999998,18,1,0.01
16994,1340.1999999999998,18,1,0.01
16995,1340.1999999999998,18,1,0.01
16996,1340.1999999999998,18,1,0.01
16997,1340.1999999999998,18,1,0.01
16998,1290.2,19,1,0.01
16999,1340.1999999999998,18,1,0.01
17000,1340.1999999999998,18,1,0.01
17001,1290.2,19,1,0.01
17002,1340.1999999999998,18,1,0.01
17003,1340.1999999999998,18,1,0.01
17004,1340.1999999999998,18,1,0.01
17005,1340.1999999999998,18,1,0.01
17006,1340.1999999999998,18,1,0.01
17007,1340.1999999999998,18,1,0.01
17008,1290.2,19,1,0.01
17009,1340.1999999999998,18,1,0.01
17010,1340.1999999999998,18,1,0.01
17011,1340.1999999999998,18,1,0.01
17012,1340.1999999999998,18,1,0.01
17013,1340.1999999999998,18,1,0.01
17014,1340.1999999999998,18,1,0.01
17015,1340.1999999999998,18,1,0.01
17016,1340.1999999999998,18,1,0.01
17017,1340.1999999999998,18,1,0.01
17018,1340.1999999999998,18,1,0.01
17019,1340.1999999999998,18,1,0.01
17020,1340.1999999999998,18,1,0.01
17021,1340.1999999999998,18,1,0.01
17022,1238.2,20,1,0.01
17023,1340.1999999999998,18,1,0.01
17024,1340.1999999999998,18,1,0.01
17025,1340.1999999999998,18,1,0.01
17026,1340.1999999999998,18,1,0.01
17027,1340.1999999999998,18,1,0.01
17028,1340.1999999999998,18,1,0.01
17029,1340.1999999999998,18,1,0.01
17030,1340.1999999999998,18,1,0.01
17031,1340.1999999999998,18,1,0.01
17032,1340.1999999999998,18,1,0.01
17033,1340.1999999999998,18,1,0.01
17034,1340.1999999999998,18,1,0.01
17035,1340.1999999999998,18,1,0.01
17036,1340.1999999999998,18,1,0.01
17037,1340.1999999999998,18,1,0.01
17038,1340.1999999999998,18,1,0.01
17039,1340.1999999999998,18,1,0.01
17040,1340.1999999999998,18,1,0.01
17041,1340.1999999999998,18,1,0.01
17042,1355.5,20,1,0.01
17043,1340.1999999999998,18,1,0.01
17044,1340.1999999999998,18,1,0.01
17045,1340.1999999999998,18,1,0.01
17046,1339.0,20,1,0.01
17047,1288.2,19,1,0.01
17048,1340.1999999999998,18,1,0.01
17049,1290.2,19,1,0.01
17050,1340.1999999999998,18,1,0.01
17051,1340.1999999999998,18,1,0.01
17052,1340.1999999999998,18,1,0.01
17053,1340.1999999999998,18,1,0.01
17054,1340.1999999999998,18,1,0.01
17055,1340.1999999999998,18,1,0.01
17056,1340.1999999999998,18,1,0.01
17057,1340.1999999999998,18,1,0.01
17058,1340.1999999999998,18,1,0.01
17059,1340.1999999999998,18,1,0.01
17060,1340.1999999999998,18,1,0.01
17061,1340.1999999999998,18,1,0.01
17062,1340.1999999999998,18,1,0.01
17063,1340.1999999999998,18,1,0.01
17064,1340.1999999999998,18,1,0.01
17065,1340.1999999999998,18,1,0.01
17066,1340.1999999999998,18,1,0.01
17067,1340.1999999999998,18,1,0.01
17068,1340.1999999999998,18,1,0.01
17069,1340.1999999999998,18,1,0.01
17070,1340.1999999999998,18,1,0.01
17071,1340.1999999999998,18,1,0.01
17072,1340.1999999999998,18,1,0.01
17073,1340.1999999999998,18,1,0.01
17074,1340.1999999999998,18,1,0.01
17075,1340.1999999999998,18,1,0.01
17076,1340.1999999999998,18,1,0.01
17077,1340.1999999999998,18,1,0.01
17078,1340.1999999999998,18,1,0.01
17079,1340.1999999999998,18,1,0.01
17080,1340.1999999999998,18,1,0.01
17081,1340.1999999999998,18,1,0.01
17082,1340.1999999999998,18,1,0.01
17083,1340.1999999999998,18,1,0.01
17084,1340.1999999999998,18,1,0.01
17085,1340.1999999999998,18,1,0.01
17086,1340.1999999999998,18,1,0.01
17087,1340.1999999999998,18,1,0.01
17088,1340.1999999999998,18,1,0.01
17089,1355.5,20,1,0.01
17090,1340.1999999999998,18,1,0.01
17091,1340.1999999999998,18,1,0.01
17092,1340.1999999999998,18,1,0.01
17093,1340.1999999999998,18,1,0.01
17094,1340.1999999999998,18,1,0.01
17095,1340.1999999999998,18,1,0.01
17096,1340.1999999999998,18,1,0.01
17097,1340.1999999999998,18,1,0.01
17098,1340.1999999999998,18,1,0.01
17099,1340.1999999999998,18,1,0.01
17100,1340.1999999999998,18,1,0.01
17101,1339.0,20,1,0.01
17102,1340.1999999999998,18,1,0.01
17103,1340.1999999999998,18,1,0.01
17104,1340.1999999999998,18,1,0.01
17105,1340.1999999999998,18,1,0.01
17106,1340.1999999999998,18,1,0.01
17107,1340.1999999999998,18,1,0.01
17108,1340.1999999999998,18,1,0.01
17109,1340.1999999999998,18,1,0.01
17110,1340.1999999999998,18,1,0.01
17111,1340.1999999999998,18,1,0.01
17112,1340.1999999999998,18,1,0.01
17113,1340.1999999999998,18,1,0.01
17114,1340.1999999999998,18,1,0.01
17115,1340.1999999999998,18,1,0.01
17116,1340.1999999999998,18,1,0.01
17117,1340.1999999999998,18,1,0.01
17118,1340.1999999999998,18,1,0.01
17119,1340.1999999999998,18,1,0.01
17120,1339.0,20,1,0.01
17121,1339.0,20,1,0.01
17122,1340.1999999999998,18,1,0.01
17123,1340.1999999999998,18,1,0.01
17124,1340.1999999999998,18,1,0.01
17125,1290.2,19,1,0.01
17126,1340.1999999999998,18,1,0.01
17127,1340.1999999999998,18,1,0.01
17128,1340.1999999999998,18,1,0.01
17129,1340.1999999999998,18,1,0.01
17130,1340.1999999999998,18,1,0.01
17131,1340.1999999999998,18,1,0.01
17132,1340.1999999999998,18,1,0.01
17133,1340.1999999999998,18,1,0.01
17134,1340.1999999999998,18,1,0.01
17135,1340.1999999999998,18,1,0.01
17136,1340.1999999999998,18,1,0.01
17137,1340.1999999999998,18,1,0.01
17138,1340.1999999999998,18,1,0.01
17139,1340.1999999999998,18,1,0.01
17140,1340.1999999999998,18,1,0.01
17141,1340.1999999999998,18,1,0.01
17142,1340.1999999999998,18,1,0.01
17143,1340.1999999999998,18,1,0.01
17144,1340.1999999999998,18,1,0.01
17145,1340.1999999999998,18,1,0.01
17146,1435.6,24,1,0.01
17147,1340.1999999999998,18,1,0.01
17148,1339.0,20,1,0.01
17149,1340.1999999999998,18,1,0.01
17150,1340.1999999999998,18,1,0.01
17151,1290.2,19,1,0.01
17152,1340.1999999999998,18,1,0.01
17153,1340.1999999999998,18,1,0.01
17154,1340.1999999999998,18,1,0.01
17155,1340.1999999999998,18,1,0.01
17156,1340.1999999999998,18,1,0.01
17157,1340.1999999999998,18,1,0.01
17158,1340.1999999999998,18,1,0.01
17159,1290.1999999999998,19,1,0.01
17160,1290.1999999999998,19,1,0.01
17161,1340.1999999999998,18,1,0.01
17162,1340.1999999999998,18,1,0.01
17163,1340.1999999999998,18,1,0.01
17164,1340.1999999999998,18,1,0.01
17165,1340.1999999999998,18,1,0.01
17166,1340.1999999999998,18,1,0.01
17167,1340.1999999999998,18,1,0.01
17168,1340.1999999999998,18,1,0.01
17169,1340.1999999999998,18,1,0.01
17170,1340.1999999999998,18,1,0.01
17171,1340.1999999999998,18,1,0.01
17172,1340.1999999999998,18,1,0.01
17173,1340.1999999999998,18,1,0.01
17174,1340.1999999999998,18,1,0.01
17175,1340.1999999999998,18,1,0.01
17176,1340.1999999999998,18,1,0.01
17177,1340.1999999999998,18,1,0.01
17178,1340.1999999999998,18,1,0.01
17179,1340.1999999999998,18,1,0.01
17180,1340.1999999999998,18,1,0.01
17181,1340.1999999999998,18,1,0.01
17182,1340.1999999999998,18,1,0.01
17183,1340.1999999999998,18,1,0.01
17184,1340.1999999999998,18,1,0.01
17185,1340.1999999999998,18,1,0.01
17186,1340.1999999999998,18,1,0.01
17187,1340.1999999999998,18,1,0.01
17188,1340.1999999999998,18,1,0.01
17189,1340.1999999999998,18,1,0.01
17190,1340.1999999999998,18,1,0.01
17191,1403.8,22,1,0.01
17192,1340.1999999999998,18,1,0.01
17193,1340.1999999999998,18,1,0.01
17194,1339.0,20,1,0.01
17195,1340.1999999999998,18,1,0.01
17196,1340.1999999999998,18,1,0.01
17197,1340.1999999999998,18,1,0.01
17198,1340.1999999999998,18,1,0.01
17199,1340.1999999999998,18,1,0.01
17200,1340.1999999999998,18,1,0.01
17201,1340.1999999999998,18,1,0.01
17202,1340.1999999999998,18,1,0.01
17203,1340.1999999999998,18,1,0.01
17204,1340.1999999999998,18,1,0.01
17205,1290.2,19,1,0.01
17206,1340.1999999999998,18,1,0.01
17207,1340.1999999999998,18,1,0.01
17208,1340.1999999999998,18,1,0.01
17209,1290.2,19,1,0.01
17210,1340.1999999999998,18,1,0.01
17211,1340.1999999999998,18,1,0.01
17212,1340.1999999999998,18,1,0.01
17213,1340.1999999999998,18,1,0.01
17214,1340.1999999999998,18,1,0.01
17215,1340.1999999999998,18,1,0.01
17216,1340.1999999999998,18,1,0.01
17217,1340.1999999999998,18,1,0.01
17218,1340.1999999999998,18,1,0.01
17219,1340.1999999999998,18,1,0.01
17220,1340.1999999999998,18,1,0.01
17221,1340.1999999999998,18,1,0.01
17222,1340.1999999999998,18,1,0.01
17223,1340.1999999999998,18,1,0.01
17224,1340.1999999999998,18,1,0.01
17225,1290.2,19,1,0.01
17226,1340.1999999999998,18,1,0.01
17227,1340.1999999999998,18,1,0.01
17228,1340.1999999999998,18,1,0.01
17229,1340.1999999999998,18,1,0.01
17230,1340.1999999999998,18,1,0.01
17231,1340.1999999999998,18,1,0.01
17232,1339.0,20,1,0.01
17233,1340.1999999999998,18,1,0.01
17234,1340.1999999999998,18,1,0.01
17235,1340.1999999999998,18,1,0.01
17236,1340.1999999999998,18,1,0.01
17237,1340.1999999999998,18,1,0.01
17238,1340.1999999999998,18,1,0.01
17239,1340.1999999999998,18,1,0.01
17240,1340.1999999999998,18,1,0.01
17241,1340.1999999999998,18,1,0.01
17242,1340.1999999999998,18,1,0.01
17243,1339.0,20,1,0.01
17244,1340.1999999999998,18,1,0.01
17245,1339.0,20,1,0.01
17246,1340.1999999999998,18,1,0.01
17247,1340.1999999999998,18,1,0.01
17248,1340.1999999999998,18,1,0.01
17249,1340.1999999999998,18,1,0.01
17250,1340.1999999999998,18,1,0.01
17251,1340.1999999999998,18,1,0.01
17252,1340.1999999999998,18,1,0.01
17253,1340.1999999999998,18,1,0.01
17254,1340.1999999999998,18,1,0.01
17255,1340.1999999999998,18,1,0.01
17256,1340.1999999999998,18,1,0.01
17257,1340.1999999999998,18,1,0.01
17258,1340.1999999999998,18,1,0.01
17259,1340.1999999999998,18,1,0.01
17260,1340.1999999999998,18,1,0.01
17261,1340.1999999999998,18,1,0.01
17262,1340.1999999999998,18,1,0.01
17263,1340.1999999999998,18,1,0.01
17264,1340.1999999999998,18,1,0.01
17265,1340.1999999999998,18,1,0.01
17266,1340.1999999999998,18,1,0.01
17267,1340.1999999999998,18,1,0.01
17268,1340.1999999999998,18,1,0.01
17269,1340.1999999999998,18,1,0.01
17270,1340.1999999999998,18,1,0.01
17271,1339.0,20,1,0.01
17272,1340.1999999999998,18,1,0.01
17273,1340.1999999999998,18,1,0.01
17274,1340.1999999999998,18,1,0.01
17275,1340.1999999999998,18,1,0.01
17276,1340.1999999999998,18,1,0.01
17277,1340.1999999999998,18,1,0.01
17278,1340.1999999999998,18,1,0.01
17279,1403.8,22,1,0.01
17280,1340.1999999999998,18,1,0.01
17281,1340.1999999999998,18,1,0.01
17282,1339.0,20,1,0.01
17283,1339.0,20,1,0.01
17284,1290.1999999999998,19,1,0.01
17285,1305.5,21,1,0.01
17286,1340.1999999999998,18,1,0.01
17287,1340.1999999999998,18,1,0.01
17288,1340.1999999999998,18,1,0.01
17289,1340.1999999999998,18,1,0.01
17290,1340.1999999999998,18,1,0.01
17291,1340.1999999999998,18,1,0.01
17292,1340.1999999999998,18,1,0.01
17293,1340.1999999999998,18,1,0.01
17294,1340.1999999999998,18,1,0.01
17295,1339.0,20,1,0.01
17296,1340.1999999999998,18,1,0.01
17297,1340.1999999999998,18,1,0.01
17298,1340.1999999999998,18,1,0.01
17299,1340.1999999999998,18,1,0.01
17300,1340.1999999999998,18,1,0.01
17301,1340.1999999999998,18,1,0.01
17302,1340.1999999999998,18,1,0.01
17303,1340.1999999999998,18,1,0.01
17304,1340.1999999999998,18,1,0.01
17305,1340.1999999999998,18,1,0.01
17306,1340.1999999999998,18,1,0.01
17307,1290.2,19,1,0.01
17308,1340.1999999999998,18,1,0.01
17309,1340.1999999999998,18,1,0.01
17310,1340.1999999999998,18,1,0.01
17311,1340.1999999999998,18,1,0.01
17312,1340.1999999999998,18,1,0.01
17313,1290.2,19,1,0.01
17314,1340.1999999999998,18,1,0.01
17315,1340.1999999999998,18,1,0.01
17316,1340.1999999999998,18,1,0.01
17317,1340.1999999999998,18,1,0.01
17318,1340.1999999999998,18,1,0.01
17319,1340.1999999999998,18,1,0.01
17320,1290.2,19,1,0.01
17321,1340.1999999999998,18,1,0.01
17322,1339.0,20,1,0.01
17323,1340.1999999999998,18,1,0.01
17324,1340.1999999999998,18,1,0.01
17325,1340.1999999999998,18,1,0.01
17326,1340.1999999999998,18,1,0.01
17327,1340.1999999999998,18,1,0.01
17328,1340.1999999999998,18,1,0.01
17329,1340.1999999999998,18,1,0.01
17330,1340.1999999999998,18,1,0.01
17331,1340.1999999999998,18,1,0.01
17332,1340.1999999999998,18,1,0.01
17333,1340.1999999999998,18,1,0.01
17334,1340.1999999999998,18,1,0.01
17335,1340.1999999999998,18,1,0.01
17336,1340.1999999999998,18,1,0.01
17337,1340.1999999999998,18,1,0.01
17338,1340.1999999999998,18,1,0.01
17339,1340.1999999999998,18,1,0.01
17340,1340.1999999999998,18,1,0.01
17341,1340.1999999999998,18,1,0.01
17342,1340.1999999999998,18,1,0.01
17343,1340.1999999999998,18,1,0.01
17344,1340.1999999999998,18,1,0.01
17345,1340.1999999999998,18,1,0.01
17346,1340.1999999999998,18,1,0.01
17347,1340.1999999999998,18,1,0.01
17348,1340.1999999999998,18,1,0.01
17349,1340.1999999999998,18,1,0.01
17350,1339.0,20,1,0.01
17351,1340.1999999999998,18,1,0.01
17352,1340.1999999999998,18,1,0.01
17353,1340.1999999999998,18,1,0.01
17354,1340.1999999999998,18,1,0.01
17355,1339.0,20,1,0.01
17356,1340.1999999999998,18,1,0.01
17357,1435.6,24,1,0.01
17358,1340.1999999999998,18,1,0.01
17359,1340.1999999999998,18,1,0.01
17360,1339.0,20,1,0.01
17361,1340.1999999999998,18,1,0.01
17362,1340.1999999999998,18,1,0.01
17363,1340.1999999999998,18,1,0.01
17364,1340.1999999999998,18,1,0.01
17365,1290.2,19,1,0.01
17366,1340.1999999999998,18,1,0.01
17367,1340.1999999999998,18,1,0.01
17368,1340.1999999999998,18,1,0.01
17369,1340.1999999999998,18,1,0.01
17370,1340.1999999999998,18,1,0.01
17371,1340.1999999999998,18,1,0.01
17372,1340.1999999999998,18,1,0.01
17373,1340.1999999999998,18,1,0.01
17374,1340.1999999999998,18,1,0.01
17375,1339.0,20,1,0.01
17376,1340.1999999999998,18,1,0.01
17377,1340.1999999999998,18,1,0.01
17378,1290.2,19,1,0.01
17379,1340.1999999999998,18,1,0.01
17380,1340.1999999999998,18,1,0.01
17381,1340.1999999999998,18,1,0.01
17382,1340.1999999999998,18,1,0.01
17383,1340.1999999999998,18,1,0.01
17384,1339.0,20,1,0.01
17385,1340.1999999999998,18,1,0.01
17386,1340.1999999999998,18,1,0.01
17387,1340.1999999999998,18,1,0.01
17388,1340.1999999999998,18,1,0.01
17389,1339.0,20,1,0.01
17390,1340.1999999999998,18,1,0.01
17391,1340.1999999999998,18,1,0.01
17392,1340.1999999999998,18,1,0.01
17393,1340.1999999999998,18,1,0.01
17394,1340.1999999999998,18,1,0.01
17395,1340.1999999999998,18,1,0.01
17396,1340.1999999999998,18,1,0.01
17397,1340.1999999999998,18,1,0.01
17398,1340.1999999999998,18,1,0.01
17399,1340.1999999999998,18,1,0.01
17400,1290.2,19,1,0.01
17401,1340.1999999999998,18,1,0.01
17402,1339.0,20,1,0.01
17403,1340.1999999999998,18,1,0.01
17404,1340.1999999999998,18,1,0.01
17405,1340.1999999999998,18,1,0.01
17406,1340.1999999999998,18,1,0.01
17407,1340.1999999999998,18,1,0.01
17408,1340.1999999999998,18,1,0.01
17409,1340.1999999999998,18,1,0.01
17410,1340.1999999999998,18,1,0.01
17411,1340.1999999999998,18,1,0.01
17412,1340.1999999999998,18,1,0.01
17413,1340.1999999999998,18,1,0.01
17414,1340.1999999999998,18,1,0.01
17415,1339.0,20,1,0.01
17416,1435.6,24,1,0.01
17417,1435.6,24,1,0.01
17418,1435.6,24,1,0.01
17419,1435.6,24,1,0.01
17420,1435.6,24,1,0.01
17421,1435.6,24,1,0.01
17422,1435.6,24,1,0.01
17423,1435.6,24,1,0.01
17424,1434.3999999999999,26,1,0.01
17425,1435.6,24,1,0.01
17426,1435.6,24,1,0.01
17427,1435.6,24,1,0.01
17428,1435.6,24,1,0.01
17429,1435.6,24,1,0.01
17430,1435.6,24,1,0.01
17431,1435.6,24,1,0.01
17432,1435.6,24,1,0.01
17433,1435.6,24,1,0.01
17434,1435.6,24,1,0.01
17435,1435.6,24,1,0.01
17436,1435.6,24,1,0.01
17437,1435.6,24,1,0.01
17438,1467.3999999999999,26,1,0.01
17439,1435.6,24,1,0.01
17440,1435.6,24,1,0.01
17441,1435.6,24,1,0.01
17442,1435.6,24,1,0.01
17443,1435.6,24,1,0.01
17444,1385.6,25,1,0.01
17445,1435.6,24,1,0.01
17446,1435.6,24,1,0.01
17447,1435.6,24,1,0.01
17448,1435.6,24,1,0.01
17449,1385.6,25,1,0.01
17450,1435.6,24,1,0.01
17451,1435.6,24,1,0.01
17452,1435.6,24,1,0.01
17453,1435.6,24,1,0.01
17454,1435.6,24,1,0.01
17455,1435.6,24,1,0.01
17456,1434.3999999999999,26,1,0.01
17457,1435.6,24,1,0.01
17458,1435.6,24,1,0.01
17459,1450.8999999999999,26,1,0.01
17460,1435.6,24,1,0.01
17461,1435.6,24,1,0.01
17462,1435.6,24,1,0.01
17463,1435.6,24,1,0.01
17464,1435.6,24,1,0.01
17465,1435.6,24,1,0.01
17466,1435.6,24,1,0.01
17467,1435.6,24,1,0.01
17468,1435.6,24,1,0.01
17469,1435.6,24,1,0.01
17470,1435.6,24,1,0.01
17471,1434.3999999999999,26,1,0.01
17472,1435.6,24,1,0.01
17473,1435.6,24,1,0.01
17474,1435.6,24,1,0.01
17475,1435.6,24,1,0.01
17476,1435.6,24,1,0.01
17477,1435.6,24,1,0.01
17478,1435.6,24,1,0.01
17479,1435.6,24,1,0.01
17480,1340.1999999999998,18,1,0.01
17481,1435.6,24,1,0.01
17482,1435.6,24,1,0.01
17483,1435.6,24,1,0.01
17484,1435.6,24,1,0.01
17485,1435.6,24,1,0.01
17486,1435.6,24,1,0.01
17487,1435.6,24,1,0.01
17488,1435.6,24,1,0.01
17489,1435.6,24,1,0.01
17490,1435.6,24,1,0.01
17491,1435.6,24,1,0.01
17492,1435.6,24,1,0.01
17493,1435.6,24,1,0.01
17494,1435.6,24,1,0.01
17495,1435.6,24,1,0.01
17496,1435.6,24,1,0.01
17497,1435.6,24,1,0.01
17498,1435.6,24,1,0.01
17499,1435.6,24,1,0.01
17500,1435.6,24,1,0.01
17501,1435.6,24,1,0.01
17502,1435.6,24,1,0.01
17503,1435.6,24,1,0.01
17504,1435.6,24,1,0.01
17505,1435.6,24,1,0.01
17506,1435.6,24,1,0.01
17507,1435.6,24,1,0.01
17508,1435.6,24,1,0.01
17509,1435.6,24,1,0.01
17510,1385.6,25,1,0.01
17511,1435.6,24,1,0.01
17512,1435.6,24,1,0.01
17513,1435.6,24,1,0.01
17514,1435.6,24,1,0.01
17515,1435.6,24,1,0.01
17516,1435.6,24,1,0.01
17517,1435.6,24,1,0.01
17518,1435.6,24,1,0.01
17519,1435.6,24,1,0.01
17520,1434.3999999999999,26,1,0.01
17521,1435.6,24,1,0.01
17522,1435.6,24,1,0.01
17523,1435.6,24,1,0.01
17524,1435.6,24,1,0.01
17525,1435.6,24,1,0.01
17526,1435.6,24,1,0.01
17527,1435.6,24,1,0.01
17528,1435.6,24,1,0.01
17529,1435.6,24,1,0.01
17530,1435.6,24,1,0.01
17531,1435.6,24,1,0.01
17532,1435.6,24,1,0.01
17533,1435.6,24,1,0.01
17534,1435.6,24,1,0.01
17535,1435.6,24,1,0.01
17536,1435.6,24,1,0.01
17537,1435.6,24,1,0.01
17538,1435.6,24,1,0.01
17539,1435.6,24,1,0.01
17540,1435.6,24,1,0.01
17541,1450.8999999999999,26,1,0.01
17542,1435.6,24,1,0.01
17543,1435.6,24,1,0.01
17544,1435.6,24,1,0.01
17545,1435.6,24,1,0.01
17546,1435.6,24,1,0.01
17547,1435.6,24,1,0.01
17548,1435.6,24,1,0.01
17549,1435.6,24,1,0.01
17550,1435.6,24,1,0.01
17551,1435.6,24,1,0.01
17552,1435.6,24,1,0.01
17553,1435.6,24,1,0.01
17554,1435.6,24,1,0.01
17555,1435.6,24,1,0.01
17556,1435.6,24,1,0.01
17557,1435.6,24,1,0.01
17558,1435.6,24,1,0.01
17559,1435.6,24,1,0.01
17560,1435.6,24,1,0.01
17561,1450.8999999999999,26,1,0.01
17562,1450.8999999999999,26,1,0.01
17563,1435.6,24,1,0.01
17564,1435.6,24,1,0.01
17565,1435.6,24,1,0.01
17566,1435.6,24,1,0.01
17567,1435.6,24,1,0.01
17568,1372.0,20,1,0.01
17569,1434.3999999999999,26,1,0.01
17570,1435.6,24,1,0.01
17571,1435.6,24,1,0.01
17572,1435.6,24,1,0.01
17573,1340.1999999999998,18,1,0.01
17574,1435.6,24,1,0.01
17575,1435.6,24,1,0.01
17576,1385.6,25,1,0.01
17577,1435.6,24,1,0.01
17578,1435.6,24,1,0.01
17579,1435.6,24,1,0.01
17580,1435.6,24,1,0.01
17581,1435.6,24,1,0.01
17582,1435.6,24,1,0.01
17583,1434.3999999999999,26,1,0.01
17584,1340.1999999999998,18,1,0.01
17585,1340.1999999999998,18,1,0.01
17586,1340.1999999999998,18,1,0.01
17587,1340.1999999999998,18,1,0.01
17588,1340.1999999999998,18,1,0.01
17589,1340.1999999999998,18,1,0.01
17590,1340.1999999999998,18,1,0.01
17591,1340.1999999999998,18,1,0.01
17592,1340.1999999999998,18,1,0.01
17593,1340.1999999999998,18,1,0.01
17594,1340.1999999999998,18,1,0.01
17595,1340.1999999999998,18,1,0.01
17596,1340.1999999999998,18,1,0.01
17597,1340.1999999999998,18,1,0.01
17598,1340.1999999999998,18,1,0.01
17599,1340.1999999999998,18,1,0.01
17600,1340.1999999999998,18,1,0.01
17601,1340.1999999999998,18,1,0.01
17602,1340.1999999999998,18,1,0.01
17603,1340.1999999999998,18,1,0.01
17604,1355.5,20,1,0.01
17605,1340.1999999999998,18,1,0.01
17606,1340.1999999999998,18,1,0.01
17607,1340.1999999999998,18,1,0.01
17608,1340.1999999999998,18,1,0.01
17609,1340.1999999999998,18,1,0.01
17610,1290.2,19,1,0.01
17611,1340.1999999999998,18,1,0.01
17612,1340.1999999999998,18,1,0.01
17613,1288.2,19,1,0.01
17614,1340.1999999999998,18,1,0.01
17615,1340.1999999999998,18,1,0.01
17616,1340.1999999999998,18,1,0.01
17617,1340.1999999999998,18,1,0.01
17618,1340.1999999999998,18,1,0.01
17619,1340.1999999999998,18,1,0.01
17620,1355.5,20,1,0.01
17621,1339.0,20,1,0.01
17622,1340.1999999999998,18,1,0.01
17623,1340.1999999999998,18,1,0.01
17624,1340.1999999999998,18,1,0.01
17625,1340.1999999999998,18,1,0.01
17626,1340.1999999999998,18,1,0.01
17627,1340.1999999999998,18,1,0.01
17628,1340.1999999999998,18,1,0.01
17629,1339.0,20,1,0.01
17630,1340.1999999999998,18,1,0.01
17631,1340.1999999999998,18,1,0.01
17632,1340.1999999999998,18,1,0.01
17633,1340.1999999999998,18,1,0.01
17634,1340.1999999999998,18,1,0.01
17635,1340.1999999999998,18,1,0.01
17636,1290.2,19,1,0.01
17637,1340.1999999999998,18,1,0.01
17638,1340.1999999999998,18,1,0.01
17639,1340.1999999999998,18,1,0.01
17640,1340.1999999999998,18,1,0.01
17641,1340.1999999999998,18,1,0.01
17642,1340.1999999999998,18,1,0.01
17643,1435.6,24,1,0.01
17644,1340.1999999999998,18,1,0.01
17645,1340.1999999999998,18,1,0.01
17646,1290.2,19,1,0.01
17647,1339.0,20,1,0.01
17648,1340.1999999999998,18,1,0.01
17649,1340.1999999999998,18,1,0.01
17650,1340.1999999999998,18,1,0.01
17651,1340.1999999999998,18,1,0.01
17652,1340.1999999999998,18,1,0.01
17653,1340.1999999999998,18,1,0.01
17654,1340.1999999999998,18,1,0.01
17655,1340.1999999999998,18,1,0.01
17656,1340.1999999999998,18,1,0.01
17657,1340.1999999999998,18,1,0.01
17658,1340.1999999999998,18,1,0.01
17659,1339.0,20,1,0.01
17660,1340.1999999999998,18,1,0.01
17661,1340.1999999999998,18,1,0.01
17662,1339.0,20,1,0.01
17663,1339.0,20,1,0.01
17664,1340.1999999999998,18,1,0.01
17665,1340.1999999999998,18,1,0.01
17666,1290.2,19,1,0.01
17667,1290.2,19,1,0.01
17668,1340.1999999999998,18,1,0.01
17669,1340.1999999999998,18,1,0.01
17670,1305.5,21,1,0.01
17671,1340.1999999999998,18,1,0.01
17672,1340.1999999999998,18,1,0.01
17673,1340.1999999999998,18,1,0.01
17674,1340.1999999999998,18,1,0.01
17675,1340.1999999999998,18,1,0.01
17676,1340.1999999999998,18,1,0.01
17677,1339.0,20,1,0.01
17678,1340.1999999999998,18,1,0.01
17679,1340.1999999999998,18,1,0.01
17680,1403.8,22,1,0.01
17681,1340.1999999999998,18,1,0.01
17682,1340.1999999999998,18,1,0.01
17683,1340.1999999999998,18,1,0.01
17684,1340.1999999999998,18,1,0.01
17685,1340.1999999999998,18,1,0.01
17686,1340.1999999999998,18,1,0.01
17687,1340.1999999999998,18,1,0.01
17688,1340.1999999999998,18,1,0.01
17689,1340.1999999999998,18,1,0.01
17690,1340.1999999999998,18,1,0.01
17691,1340.1999999999998,18,1,0.01
17692,1340.1999999999998,18,1,0.01
17693,1340.1999999999998,18,1,0.01
17694,1340.1999999999998,18,1,0.01
17695,1340.1999999999998,18,1,0.01
17696,1340.1999999999998,18,1,0.01
17697,1340.1999999999998,18,1,0.01
17698,1340.1999999999998,18,1,0.01
17699,1340.1999999999998,18,1,0.01
17700,1340.1999999999998,18,1,0.01
17701,1340.1999999999998,18,1,0.01
17702,1340.1999999999998,18,1,0.01
17703,1334.3,22,1,0.01
17704,1340.1999999999998,18,1,0.01
17705,1340.1999999999998,18,1,0.01
17706,1340.1999999999998,18,1,0.01
17707,1340.1999999999998,18,1,0.01
17708,1340.1999999999998,18,1,0.01
17709,1340.1999999999998,18,1,0.01
17710,1340.1999999999998,18,1,0.01
17711,1340.1999999999998,18,1,0.01
17712,1340.1999999999998,18,1,0.01
17713,1340.1999999999998,18,1,0.01
17714,1340.1999999999998,18,1,0.01
17715,1340.1999999999998,18,1,0.01
17716,1340.1999999999998,18,1,0.01
17717,1340.1999999999998,18,1,0.01
17718,1340.1999999999998,18,1,0.01
17719,1340.1999999999998,18,1,0.01
17720,1340.1999999999998,18,1,0.01
17721,1340.1999999999998,18,1,0.01
17722,1340.1999999999998,18,1,0.01
17723,1340.1999999999998,18,1,0.01
17724,1340.1999999999998,18,1,0.01
17725,1340.1999999999998,18,1,0.01
17726,1340.1999999999998,18,1,0.01
17727,1340.1999999999998,18,1,0.01
17728,1340.1999999999998,18,1,0.01
17729,1340.1999999999998,18,1,0.01
17730,1340.1999999999998,18,1,0.01
17731,1340.1999999999998,18,1,0.01
17732,1340.1999999999998,18,1,0.01
17733,1340.1999999999998,18,1,0.01
17734,1340.1999999999998,18,1,0.01
17735,1340.1999999999998,18,1,0.01
17736,1340.1999999999998,18,1,0.01
17737,1340.1999999999998,18,1,0.01
17738,1340.1999999999998,18,1,0.01
17739,1340.1999999999998,18,1,0.01
17740,1340.1999999999998,18,1,0.01
17741,1340.1999999999998,18,1,0.01
17742,1339.0,20,1,0.01
17743,1290.2,19,1,0.01
17744,1340.1999999999998,18,1,0.01
17745,1340.1999999999998,18,1,0.01
17746,1340.1999999999998,18,1,0.01
17747,1340.1999999999998,18,1,0.01
17748,1290.2,19,1,0.01
17749,1340.1999999999998,18,1,0.01
17750,1340.1999999999998,18,1,0.01
17751,1340.1999999999998,18,1,0.01
17752,1290.2,19,1,0.01
17753,1340.1999999999998,18,1,0.01
17754,1340.1999999999998,18,1,0.01
17755,1340.1999999999998,18,1,0.01
17756,1340.1999999999998,18,1,0.01
17757,1340.1999999999998,18,1,0.01
17758,1340.1999999999998,18,1,0.01
17759,1340.1999999999998,18,1,0.01
17760,1340.1999999999998,18,1,0.01
17761,1340.1999999999998,18,1,0.01
17762,1340.1999999999998,18,1,0.01
17763,1340.1999999999998,18,1,0.01
17764,1340.1999999999998,18,1,0.01
17765,1340.1999999999998,18,1,0.01
17766,1340.1999999999998,18,1,0.01
17767,1340.1999999999998,18,1,0.01
17768,1340.1999999999998,18,1,0.01
17769,1340.1999999999998,18,1,0.01
17770,1340.1999999999998,18,1,0.01
17771,1340.1999999999998,18,1,0.01
17772,1340.1999999999998,18,1,0.01
17773,1340.1999999999998,18,1,0.01
17774,1340.1999999999998,18,1,0.01
17775,1340.1999999999998,18,1,0.01
17776,1340.1999999999998,18,1,0.01
17777,1340.1999999999998,18,1,0.01
17778,1340.1999999999998,18,1,0.01
17779,1340.1999999999998,18,1,0.01
17780,1340.1999999999998,18,1,0.01
17781,1340.1999999999998,18,1,0.01
17782,1340.1999999999998,18,1,0.01
17783,1340.1999999999998,18,1,0.01
17784,1340.1999999999998,18,1,0.01
17785,1340.1999999999998,18,1,0.01
17786,1340.1999999999998,18,1,0.01
17787,1340.1999999999998,18,1,0.01
17788,1340.1999999999998,18,1,0.01
17789,1340.1999999999998,18,1,0.01
17790,1340.1999999999998,18,1,0.01
17791,1340.1999999999998,18,1,0.01
17792,1340.1999999999998,18,1,0.01
17793,1340.1999999999998,18,1,0.01
17794,1340.1999999999998,18,1,0.01
17795,1340.1999999999998,18,1,0.01
17796,1340.1999999999998,18,1,0.01
17797,1340.1999999999998,18,1,0.01
17798,1340.1999999999998,18,1,0.01
17799,1340.1999999999998,18,1,0.01
17800,1340.1999999999998,18,1,0.01
17801,1340.1999999999998,18,1,0.01
17802,1340.1999999999998,18,1,0.01
17803,1340.1999999999998,18,1,0.01
17804,1340.1999999999998,18,1,0.01
17805,1340.1999999999998,18,1,0.01
17806,1340.1999999999998,18,1,0.01
17807,1340.1999999999998,18,1,0.01
17808,1340.1999999999998,18,1,0.01
17809,1340.1999999999998,18,1,0.01
17810,1403.8,22,1,0.01
17811,1340.1999999999998,18,1,0.01
17812,1340.1999999999998,18,1,0.01
17813,1340.1999999999998,18,1,0.01
17814,1340.1999999999998,18,1,0.01
17815,1340.1999999999998,18,1,0.01
17816,1340.1999999999998,18,1,0.01
17817,1340.1999999999998,18,1,0.01
17818,1340.1999999999998,18,1,0.01
17819,1340.1999999999998,18,1,0.01
17820,1340.1999999999998,18,1,0.01
17821,1340.1999999999998,18,1,0.01
17822,1355.5,20,1,0.01
17823,1340.1999999999998,18,1,0.01
17824,1340.1999999999998,18,1,0.01
17825,1340.1999999999998,18,1,0.01
17826,1340.1999999999998,18,1,0.01
17827,1340.1999999999998,18,1,0.01
17828,1355.5,20,1,0.01
17829,1340.1999999999998,18,1,0.01
17830,1339.0,20,1,0.01
17831,1340.1999999999998,18,1,0.01
17832,1340.1999999999998,18,1,0.01
17833,1340.1999999999998,18,1,0.01
17834,1290.2,19,1,0.01
17835,1340.1999999999998,18,1,0.01
17836,1340.1999999999998,18,1,0.01
17837,1340.1999999999998,18,1,0.01
17838,1340.1999999999998,18,1,0.01
17839,1340.1999999999998,18,1,0.01
17840,1340.1999999999998,18,1,0.01
17841,1340.1999999999998,18,1,0.01
17842,1340.1999999999998,18,1,0.01
17843,1340.1999999999998,18,1,0.01
17844,1340.1999999999998,18,1,0.01
17845,1339.0,20,1,0.01
17846,1340.1999999999998,18,1,0.01
17847,1340.1999999999998,18,1,0.01
17848,1340.1999999999998,18,1,0.01
17849,1340.1999999999998,18,1,0.01
17850,1340.1999999999998,18,1,0.01
17851,1340.1999999999998,18,1,0.01
17852,1340.1999999999998,18,1,0.01
17853,1340.1999999999998,18,1,0.01
17854,1340.1999999999998,18,1,0.01
17855,1340.1999999999998,18,1,0.01
17856,1340.1999999999998,18,1,0.01
17857,1340.1999999999998,18,1,0.01
17858,1340.1999999999998,18,1,0.01
17859,1340.1999999999998,18,1,0.01
17860,1340.1999999999998,18,1,0.01
17861,1340.1999999999998,18,1,0.01
17862,1340.1999999999998,18,1,0.01
17863,1340.1999999999998,18,1,0.01
17864,1340.1999999999998,18,1,0.01
17865,1339.0,20,1,0.01
17866,1339.0,20,1,0.01
17867,1340.1999999999998,18,1,0.01
17868,1240.2,20,1,0.01
17869,1339.0,20,1,0.01
17870,1340.1999999999998,18,1,0.01
17871,1340.1999999999998,18,1,0.01
17872,1340.1999999999998,18,1,0.01
17873,1340.1999999999998,18,1,0.01
17874,1340.1999999999998,18,1,0.01
17875,1340.1999999999998,18,1,0.01
17876,1340.1999999999998,18,1,0.01
17877,1340.1999999999998,18,1,0.01
17878,1340.1999999999998,18,1,0.01
17879,1340.1999999999998,18,1,0.01
17880,1340.1999999999998,18,1,0.01
17881,1340.1999999999998,18,1,0.01
17882,1340.1999999999998,18,1,0.01
17883,1340.1999999999998,18,1,0.01
17884,1340.1999999999998,18,1,0.01
17885,1290.2,19,1,0.01
17886,1340.1999999999998,18,1,0.01
17887,1340.1999999999998,18,1,0.01
17888,1340.1999999999998,18,1,0.01
17889,1340.1999999999998,18,1,0.01
17890,1340.1999999999998,18,1,0.01
17891,1340.1999999999998,18,1,0.01
17892,1340.1999999999998,18,1,0.01
17893,1340.1999999999998,18,1,0.01
17894,1340.1999999999998,18,1,0.01
17895,1340.1999999999998,18,1,0.01
17896,1340.1999999999998,18,1,0.01
17897,1340.1999999999998,18,1,0.01
17898,1340.1999999999998,18,1,0.01
17899,1339.0,20,1,0.01
17900,1340.1999999999998,18,1,0.01
17901,1290.2,19,1,0.01
17902,1340.1999999999998,18,1,0.01
17903,1290.1999999999998,19,1,0.01
17904,1340.1999999999998,18,1,0.01
17905,1340.1999999999998,18,1,0.01
17906,1340.1999999999998,18,1,0.01
17907,1340.1999999999998,18,1,0.01
17908,1340.1999999999998,18,1,0.01
17909,1340.1999999999998,18,1,0.01
17910,1340.1999999999998,18,1,0.01
17911,1340.1999999999998,18,1,0.01
17912,1340.1999999999998,18,1,0.01
17913,1290.2,19,1,0.01
17914,1340.1999999999998,18,1,0.01
17915,1340.1999999999998,18,1,0.01
17916,1340.1999999999998,18,1,0.01
17917,1340.1999999999998,18,1,0.01
17918,1340.1999999999998,18,1,0.01
17919,1339.0,20,1,0.01
17920,1340.1999999999998,18,1,0.01
17921,1340.1999999999998,18,1,0.01
17922,1340.1999999999998,18,1,0.01
17923,1340.1999999999998,18,1,0.01
17924,1340.1999999999998,18,1,0.01
17925,1340.1999999999998,18,1,0.01
17926,1340.1999999999998,18,1,0.01
17927,1340.1999999999998,18,1,0.01
17928,1340.1999999999998,18,1,0.01
17929,1290.2,19,1,0.01
17930,1340.1999999999998,18,1,0.01
17931,1340.1999999999998,18,1,0.01
17932,1340.1999999999998,18,1,0.01
17933,1340.1999999999998,18,1,0.01
17934,1340.1999999999998,18,1,0.01
17935,1373.8,22,1,0.01
17936,1290.2,19,1,0.01
17937,1340.1999999999998,18,1,0.01
17938,1340.1999999999998,18,1,0.01
17939,1340.1999999999998,18,1,0.01
17940,1340.1999999999998,18,1,0.01
17941,1340.1999999999998,18,1,0.01
17942,1340.1999999999998,18,1,0.01
17943,1340.1999999999998,18,1,0.01
17944,1340.1999999999998,18,1,0.01
17945,1340.1999999999998,18,1,0.01
17946,1340.1999999999998,18,1,0.01
17947,1340.1999999999998,18,1,0.01
17948,1340.1999999999998,18,1,0.01
17949,1340.1999999999998,18,1,0.01
17950,1340.1999999999998,18,1,0.01
17951,1340.1999999999998,18,1,0.01
17952,1340.1999999999998,18,1,0.01
17953,1340.1999999999998,18,1,0.01
17954,1340.1999999999998,18,1,0.01
17955,1340.1999999999998,18,1,0.01
17956,1340.1999999999998,18,1,0.01
17957,1340.1999999999998,18,1,0.01
17958,1340.1999999999998,18,1,0.01
17959,1340.1999999999998,18,1,0.01
17960,1340.1999999999998,18,1,0.01
17961,1340.1999999999998,18,1,0.01
17962,1290.2,19,1,0.01
17963,1340.1999999999998,18,1,0.01
17964,1340.1999999999998,18,1,0.01
17965,1340.1999999999998,18,1,0.01
17966,1340.1999999999998,18,1,0.01
17967,1340.1999999999998,18,1,0.01
17968,1340.1999999999998,18,1,0.01
17969,1340.1999999999998,18,1,0.01
17970,1340.1999999999998,18,1,0.01
17971,1340.1999999999998,18,1,0.01
17972,1340.1999999999998,18,1,0.01
17973,1340.1999999999998,18,1,0.01
17974,1340.1999999999998,18,1,0.01
17975,1340.1999999999998,18,1,0.01
17976,1340.1999999999998,18,1,0.01
17977,1340.1999999999998,18,1,0.01
17978,1340.1999999999998,18,1,0.01
17979,1340.1999999999998,18,1,0.01
17980,1340.1999999999998,18,1,0.01
17981,1340.1999999999998,18,1,0.01
17982,1340.1999999999998,18,1,0.01
17983,1340.1999999999998,18,1,0.01
17984,1340.1999999999998,18,1,0.01
17985,1340.1999999999998,18,1,0.01
17986,1340.1999999999998,18,1,0.01
17987,1340.1999999999998,18,1,0.01
17988,1340.1999999999998,18,1,0.01
17989,1435.6,24,1,0.01
17990,1340.1999999999998,18,1,0.01
17991,1340.1999999999998,18,1,0.01
17992,1290.2,19,1,0.01
17993,1340.1999999999998,18,1,0.01
17994,1340.1999999999998,18,1,0.01
17995,1340.1999999999998,18,1,0.01
17996,1340.1999999999998,18,1,0.01
17997,1340.1999999999998,18,1,0.01
17998,1340.1999999999998,18,1,0.01
17999,1340.1999999999998,18,1,0.01
18000,1340.1999999999998,18,1,0.01
18001,1340.1999999999998,18,1,0.01
18002,1340.1999999999998,18,1,0.01
18003,1340.1999999999998,18,1,0.01
18004,1340.1999999999998,18,1,0.01
18005,1340.1999999999998,18,1,0.01
18006,1340.1999999999998,18,1,0.01
18007,1340.1999999999998,18,1,0.01
18008,1340.1999999999998,18,1,0.01
18009,1340.1999999999998,18,1,0.01
18010,1340.1999999999998,18,1,0.01
18011,1340.1999999999998,18,1,0.01
18012,1340.1999999999998,18,1,0.01
18013,1340.1999999999998,18,1,0.01
18014,1340.1999999999998,18,1,0.01
18015,1340.1999999999998,18,1,0.01
18016,1340.1999999999998,18,1,0.01
18017,1340.1999999999998,18,1,0.01
18018,1340.1999999999998,18,1,0.01
18019,1340.1999999999998,18,1,0.01
18020,1340.1999999999998,18,1,0.01
18021,1340.1999999999998,18,1,0.01
18022,1340.1999999999998,18,1,0.01
18023,1340.1999999999998,18,1,0.01
18024,1340.1999999999998,18,1,0.01
18025,1340.1999999999998,18,1,0.01
18026,1340.1999999999998,18,1,0.01
18027,1340.1999999999998,18,1,0.01
18028,1340.1999999999998,18,1,0.01
18029,1340.1999999999998,18,1,0.01
18030,1340.1999999999998,18,1,0.01
18031,1340.1999999999998,18,1,0.01
18032,1340.1999999999998,18,1,0.01
18033,1340.1999999999998,18,1,0.01
18034,1340.1999999999998,18,1,0.01
18035,1340.1999999999998,18,1,0.01
18036,1340.1999999999998,18,1,0.01
18037,1340.1999999999998,18,1,0.01
18038,1340.1999999999998,18,1,0.01
18039,1340.1999999999998,18,1,0.01
18040,1340.1999999999998,18,1,0.01
18041,1340.1999999999998,18,1,0.01
18042,1340.1999999999998,18,1,0.01
18043,1340.1999999999998,18,1,0.01
18044,1340.1999999999998,18,1,0.01
18045,1340.1999999999998,18,1,0.01
18046,1340.1999999999998,18,1,0.01
18047,1340.1999999999998,18,1,0.01
18048,1340.1999999999998,18,1,0.01
18049,1340.1999999999998,18,1,0.01
18050,1340.1999999999998,18,1,0.01
18051,1340.1999999999998,18,1,0.01
18052,1340.1999999999998,18,1,0.01
18053,1340.1999999999998,18,1,0.01
18054,1340.1999999999998,18,1,0.01
18055,1340.1999999999998,18,1,0.01
18056,1290.2,19,1,0.01
18057,1340.1999999999998,18,1,0.01
18058,1340.1999999999998,18,1,0.01
18059,1340.1999999999998,18,1,0.01
18060,1340.1999999999998,18,1,0.01
18061,1340.1999999999998,18,1,0.01
18062,1340.1999999999998,18,1,0.01
18063,1340.1999999999998,18,1,0.01
18064,1340.1999999999998,18,1,0.01
18065,1340.1999999999998,18,1,0.01
18066,1340.1999999999998,18,1,0.01
18067,1340.1999999999998,18,1,0.01
18068,1340.1999999999998,18,1,0.01
18069,1340.1999999999998,18,1,0.01
18070,1340.1999999999998,18,1,0.01
18071,1340.1999999999998,18,1,0.01
18072,1340.1999999999998,18,1,0.01
18073,1340.1999999999998,18,1,0.01
18074,1340.1999999999998,18,1,0.01
18075,1373.8,22,1,0.01
18076,1340.1999999999998,18,1,0.01
18077,1340.1999999999998,18,1,0.01
18078,1340.1999999999998,18,1,0.01
18079,1340.1999999999998,18,1,0.01
18080,1340.1999999999998,18,1,0.01
18081,1340.1999999999998,18,1,0.01
18082,1340.1999999999998,18,1,0.01
18083,1340.1999999999998,18,1,0.01
18084,1340.1999999999998,18,1,0.01
18085,1340.1999999999998,18,1,0.01
18086,1340.1999999999998,18,1,0.01
18087,1340.1999999999998,18,1,0.01
18088,1305.5,21,1,0.01
18089,1340.1999999999998,18,1,0.01
18090,1339.0,20,1,0.01
18091,1340.1999999999998,18,1,0.01
18092,1340.1999999999998,18,1,0.01
18093,1340.1999999999998,18,1,0.01
18094,1340.1999999999998,18,1,0.01
18095,1340.1999999999998,18,1,0.01
18096,1340.1999999999998,18,1,0.01
18097,1290.2,19,1,0.01
18098,1340.1999999999998,18,1,0.01
18099,1340.1999999999998,18,1,0.01
18100,1340.1999999999998,18,1,0.01
18101,1340.1999999999998,18,1,0.01
18102,1340.1999999999998,18,1,0.01
18103,1340.1999999999998,18,1,0.01
18104,1340.1999999999998,18,1,0.01
18105,1340.1999999999998,18,1,0.01
18106,1289.0,21,1,0.01
18107,1340.1999999999998,18,1,0.01
18108,1340.1999999999998,18,1,0.01
18109,1340.1999999999998,18,1,0.01
18110,1340.1999999999998,18,1,0.01
18111,1403.8,22,1,0.01
18112,1340.1999999999998,18,1,0.01
18113,1340.1999999999998,18,1,0.01
18114,1340.1999999999998,18,1,0.01
18115,1340.1999999999998,18,1,0.01
18116,1340.1999999999998,18,1,0.01
18117,1340.1999999999998,18,1,0.01
18118,1340.1999999999998,18,1,0.01
18119,1340.1999999999998,18,1,0.01
18120,1340.1999999999998,18,1,0.01
18121,1340.1999999999998,18,1,0.01
18122,1340.1999999999998,18,1,0.01
18123,1340.1999999999998,18,1,0.01
18124,1340.1999999999998,18,1,0.01
18125,1340.1999999999998,18,1,0.01
18126,1340.1999999999998,18,1,0.01
18127,1340.1999999999998,18,1,0.01
18128,1340.1999999999998,18,1,0.01
18129,1340.1999999999998,18,1,0.01
18130,1340.1999999999998,18,1,0.01
18131,1340.1999999999998,18,1,0.01
18132,1340.1999999999998,18,1,0.01
18133,1340.1999999999998,18,1,0.01
18134,1340.1999999999998,18,1,0.01
18135,1340.1999999999998,18,1,0.01
18136,1340.1999999999998,18,1,0.01
18137,1340.1999999999998,18,1,0.01
18138,1340.1999999999998,18,1,0.01
18139,1340.1999999999998,18,1,0.01
18140,1340.1999999999998,18,1,0.01
18141,1340.1999999999998,18,1,0.01
18142,1340.1999999999998,18,1,0.01
18143,1339.0,20,1,0.01
18144,1340.1999999999998,18,1,0.01
18145,1240.2,20,1,0.01
18146,1340.1999999999998,18,1,0.01
18147,1340.1999999999998,18,1,0.01
18148,1340.1999999999998,18,1,0.01
18149,1340.1999999999998,18,1,0.01
18150,1340.1999999999998,18,1,0.01
18151,1340.1999999999998,18,1,0.01
18152,1340.1999999999998,18,1,0.01
18153,1340.1999999999998,18,1,0.01
18154,1340.1999999999998,18,1,0.01
18155,1340.1999999999998,18,1,0.01
18156,1340.1999999999998,18,1,0.01
18157,1340.1999999999998,18,1,0.01
18158,1340.1999999999998,18,1,0.01
18159,1340.1999999999998,18,1,0.01
18160,1340.1999999999998,18,1,0.01
18161,1340.1999999999998,18,1,0.01
18162,1340.1999999999998,18,1,0.01
18163,1340.1999999999998,18,1,0.01
18164,1340.1999999999998,18,1,0.01
18165,1340.1999999999998,18,1,0.01
18166,1340.1999999999998,18,1,0.01
18167,1340.1999999999998,18,1,0.01
18168,1340.1999999999998,18,1,0.01
18169,1340.1999999999998,18,1,0.01
18170,1340.1999999999998,18,1,0.01
18171,1340.1999999999998,18,1,0.01
18172,1340.1999999999998,18,1,0.01
18173,1340.1999999999998,18,1,0.01
18174,1340.1999999999998,18,1,0.01
18175,1340.1999999999998,18,1,0.01
18176,1340.1999999999998,18,1,0.01
18177,1340.1999999999998,18,1,0.01
18178,1340.1999999999998,18,1,0.01
18179,1340.1999999999998,18,1,0.01
18180,1340.1999999999998,18,1,0.01
18181,1340.1999999999998,18,1,0.01
18182,1290.2,19,1,0.01
18183,1340.1999999999998,18,1,0.01
18184,1340.1999999999998,18,1,0.01
18185,1340.1999999999998,18,1,0.01
18186,1340.1999999999998,18,1,0.01
18187,1340.1999999999998,18,1,0.01
18188,1290.2,19,1,0.01
18189,1339.0,20,1,0.01
18190,1340.1999999999998,18,1,0.01
18191,1340.1999999999998,18,1,0.01
18192,1340.1999999999998,18,1,0.01
18193,1340.1999999999998,18,1,0.01
18194,1340.1999999999998,18,1,0.01
18195,1270.8000000000002,23,1,0.01
18196,1340.1999999999998,18,1,0.01
18197,1340.1999999999998,18,1,0.01
18198,1339.0,20,1,0.01
18199,1340.1999999999998,18,1,0.01
18200,1340.1999999999998,18,1,0.01
18201,1340.1999999999998,18,1,0.01
18202,1340.1999999999998,18,1,0.01
18203,1340.1999999999998,18,1,0.01
18204,1340.1999999999998,18,1,0.01
18205,1340.1999999999998,18,1,0.01
18206,1340.1999999999998,18,1,0.01
18207,1290.2,19,1,0.01
18208,1340.1999999999998,18,1,0.01
18209,1340.1999999999998,18,1,0.01
18210,1340.1999999999998,18,1,0.01
18211,1340.1999999999998,18,1,0.01
18212,1340.1999999999998,18,1,0.01
18213,1340.1999999999998,18,1,0.01
18214,1290.2,19,1,0.01
18215,1340.1999999999998,18,1,0.01
18216,1340.1999999999998,18,1,0.01
18217,1340.1999999999998,18,1,0.01
18218,1340.1999999999998,18,1,0.01
18219,1340.1999999999998,18,1,0.01
18220,1340.1999999999998,18,1,0.01
18221,1240.2,20,1,0.01
18222,1340.1999999999998,18,1,0.01
18223,1340.1999999999998,18,1,0.01
18224,1340.1999999999998,18,1,0.01
18225,1340.1999999999998,18,1,0.01
18226,1340.1999999999998,18,1,0.01
18227,1340.1999999999998,18,1,0.01
18228,1340.1999999999998,18,1,0.01
18229,1340.1999999999998,18,1,0.01
18230,1340.1999999999998,18,1,0.01
18231,1340.1999999999998,18,1,0.01
18232,1339.0,20,1,0.01
18233,1403.8,22,1,0.01
18234,1403.8,22,1,0.01
18235,1340.1999999999998,18,1,0.01
18236,1340.1999999999998,18,1,0.01
18237,1339.0,20,1,0.01
18238,1340.1999999999998,18,1,0.01
18239,1340.1999999999998,18,1,0.01
18240,1340.1999999999998,18,1,0.01
18241,1340.1999999999998,18,1,0.01
18242,1340.1999999999998,18,1,0.01
18243,1340.1999999999998,18,1,0.01
18244,1340.1999999999998,18,1,0.01
18245,1340.1999999999998,18,1,0.01
18246,1340.1999999999998,18,1,0.01
18247,1340.1999999999998,18,1,0.01
18248,1340.1999999999998,18,1,0.01
18249,1340.1999999999998,18,1,0.01
18250,1339.0,20,1,0.01
18251,1340.1999999999998,18,1,0.01
18252,1340.1999999999998,18,1,0.01
18253,1290.2,19,1,0.01
18254,1340.1999999999998,18,1,0.01
18255,1340.1999999999998,18,1,0.01
18256,1340.1999999999998,18,1,0.01
18257,1340.1999999999998,18,1,0.01
18258,1340.1999999999998,18,1,0.01
18259,1340.1999999999998,18,1,0.01
18260,1340.1999999999998,18,1,0.01
18261,1340.1999999999998,18,1,0.01
18262,1290.2,19,1,0.01
18263,1340.1999999999998,18,1,0.01
18264,1290.1999999999998,19,1,0.01
18265,1340.1999999999998,18,1,0.01
18266,1340.1999999999998,18,1,0.01
18267,1340.1999999999998,18,1,0.01
18268,1340.1999999999998,18,1,0.01
18269,1340.1999999999998,18,1,0.01
18270,1340.1999999999998,18,1,0.01
18271,1340.1999999999998,18,1,0.01
18272,1340.1999999999998,18,1,0.01
18273,1340.1999999999998,18,1,0.01
18274,1290.2,19,1,0.01
18275,1340.1999999999998,18,1,0.01
18276,1340.1999999999998,18,1,0.01
18277,1340.1999999999998,18,1,0.01
18278,1340.1999999999998,18,1,0.01
18279,1340.1999999999998,18,1,0.01
18280,1340.1999999999998,18,1,0.01
18281,1340.1999999999998,18,1,0.01
18282,1340.1999999999998,18,1,0.01
18283,1340.1999999999998,18,1,0.01
18284,1340.1999999999998,18,1,0.01
18285,1340.1999999999998,18,1,0.01
18286,1340.1999999999998,18,1,0.01
18287,1340.1999999999998,18,1,0.01
18288,1340.1999999999998,18,1,0.01
18289,1340.1999999999998,18,1,0.01
18290,1290.2,19,1,0.01
18291,1340.1999999999998,18,1,0.01
18292,1340.1999999999998,18,1,0.01
18293,1340.1999999999998,18,1,0.01
18294,1340.1999999999998,18,1,0.01
18295,1340.1999999999998,18,1,0.01
18296,1340.1999999999998,18,1,0.01
18297,1340.1999999999998,18,1,0.01
18298,1340.1999999999998,18,1,0.01
18299,1340.1999999999998,18,1,0.01
18300,1340.1999999999998,18,1,0.01
18301,1355.5,20,1,0.01
18302,1340.1999999999998,18,1,0.01
18303,1340.1999999999998,18,1,0.01
18304,1340.1999999999998,18,1,0.01
18305,1340.1999999999998,18,1,0.01
18306,1340.1999999999998,18,1,0.01
18307,1340.1999999999998,18,1,0.01
18308,1340.1999999999998,18,1,0.01
18309,1340.1999999999998,18,1,0.01
18310,1340.1999999999998,18,1,0.01
18311,1340.1999999999998,18,1,0.01
18312,1340.1999999999998,18,1,0.01
18313,1339.0,20,1,0.01
18314,1290.2,19,1,0.01
18315,1340.1999999999998,18,1,0.01
18316,1339.0,20,1,0.01
18317,1340.1999999999998,18,1,0.01
18318,1288.2,19,1,0.01
18319,1340.1999999999998,18,1,0.01
18320,1290.2,19,1,0.01
18321,1340.1999999999998,18,1,0.01
18322,1340.1999999999998,18,1,0.01
18323,1340.1999999999998,18,1,0.01
18324,1340.1999999999998,18,1,0.01
18325,1340.1999999999998,18,1,0.01
18326,1340.1999999999998,18,1,0.01
18327,1340.1999999999998,18,1,0.01
18328,1340.1999999999998,18,1,0.01
18329,1290.1999999999998,19,1,0.01
18330,1340.1999999999998,18,1,0.01
18331,1340.1999999999998,18,1,0.01
18332,1340.1999999999998,18,1,0.01
18333,1290.2,19,1,0.01
18334,1290.2,19,1,0.01
18335,1340.1999999999998,18,1,0.01
18336,1340.1999999999998,18,1,0.01
18337,1340.1999999999998,18,1,0.01
18338,1340.1999999999998,18,1,0.01
18339,1340.1999999999998,18,1,0.01
18340,1340.1999999999998,18,1,0.01
18341,1340.1999999999998,18,1,0.01
18342,1290.2,19,1,0.01
18343,1340.1999999999998,18,1,0.01
18344,1340.1999999999998,18,1,0.01
18345,1339.0,20,1,0.01
18346,1340.1999999999998,18,1,0.01
18347,1340.1999999999998,18,1,0.01
18348,1340.1999999999998,18,1,0.01
18349,1290.2,19,1,0.01
18350,1340.1999999999998,18,1,0.01
18351,1340.1999999999998,18,1,0.01
18352,1340.1999999999998,18,1,0.01
18353,1240.2,20,1,0.01
18354,1340.1999999999998,18,1,0.01
18355,1340.1999999999998,18,1,0.01
18356,1340.1999999999998,18,1,0.01
18357,1340.1999999999998,18,1,0.01
18358,1340.1999999999998,18,1,0.01
18359,1340.1999999999998,18,1,0.01
18360,1340.1999999999998,18,1,0.01
18361,1340.1999999999998,18,1,0.01
18362,1340.1999999999998,18,1,0.01
18363,1340.1999999999998,18,1,0.01
18364,1340.1999999999998,18,1,0.01
18365,1340.1999999999998,18,1,0.01
18366,1340.1999999999998,18,1,0.01
18367,1340.1999999999998,18,1,0.01
18368,1340.1999999999998,18,1,0.01
18369,1340.1999999999998,18,1,0.01
18370,1290.1999999999998,19,1,0.01
18371,1340.1999999999998,18,1,0.01
18372,1340.1999999999998,18,1,0.01
18373,1340.1999999999998,18,1,0.01
18374,1340.1999999999998,18,1,0.01
18375,1340.1999999999998,18,1,0.01
18376,1340.1999999999998,18,1,0.01
18377,1340.1999999999998,18,1,0.01
18378,1340.1999999999998,18,1,0.01
18379,1340.1999999999998,18,1,0.01
18380,1290.2,19,1,0.01
18381,1340.1999999999998,18,1,0.01
18382,1340.1999999999998,18,1,0.01
18383,1340.1999999999998,18,1,0.01
18384,1340.1999999999998,18,1,0.01
18385,1290.2,19,1,0.01
18386,1340.1999999999998,18,1,0.01
18387,1340.1999999999998,18,1,0.01
18388,1340.1999999999998,18,1,0.01
18389,1340.1999999999998,18,1,0.01
18390,1340.1999999999998,18,1,0.01
18391,1340.1999999999998,18,1,0.01
18392,1340.1999999999998,18,1,0.01
18393,1340.1999999999998,18,1,0.01
18394,1340.1999999999998,18,1,0.01
18395,1340.1999999999998,18,1,0.01
18396,1340.1999999999998,18,1,0.01
18397,1340.1999999999998,18,1,0.01
18398,1290.2,19,1,0.01
18399,1340.1999999999998,18,1,0.01
18400,1340.1999999999998,18,1,0.01
18401,1340.1999999999998,18,1,0.01
18402,1340.1999999999998,18,1,0.01
18403,1355.5,20,1,0.01
18404,1340.1999999999998,18,1,0.01
18405,1340.1999999999998,18,1,0.01
18406,1340.1999999999998,18,1,0.01
18407,1289.0,21,1,0.01
18408,1290.1999999999998,19,1,0.01
18409,1340.1999999999998,18,1,0.01
18410,1340.1999999999998,18,1,0.01
18411,1340.1999999999998,18,1,0.01
18412,1340.1999999999998,18,1,0.01
18413,1340.1999999999998,18,1,0.01
18414,1340.1999999999998,18,1,0.01
18415,1340.1999999999998,18,1,0.01
18416,1340.1999999999998,18,1,0.01
18417,1340.1999999999998,18,1,0.01
18418,1340.1999999999998,18,1,0.01
18419,1340.1999999999998,18,1,0.01
18420,1340.1999999999998,18,1,0.01
18421,1340.1999999999998,18,1,0.01
18422,1340.1999999999998,18,1,0.01
18423,1340.1999999999998,18,1,0.01
18424,1340.1999999999998,18,1,0.01
18425,1340.1999999999998,18,1,0.01
18426,1340.1999999999998,18,1,0.01
18427,1340.1999999999998,18,1,0.01
18428,1340.1999999999998,18,1,0.01
18429,1340.1999999999998,18,1,0.01
18430,1340.1999999999998,18,1,0.01
18431,1340.1999999999998,18,1,0.01
18432,1354.3,22,1,0.01
18433,1339.0,20,1,0.01
18434,1340.1999999999998,18,1,0.01
18435,1340.1999999999998,18,1,0.01
18436,1340.1999999999998,18,1,0.01
18437,1340.1999999999998,18,1,0.01
18438,1340.1999999999998,18,1,0.01
18439,1340.1999999999998,18,1,0.01
18440,1340.1999999999998,18,1,0.01
18441,1340.1999999999998,18,1,0.01
18442,1340.1999999999998,18,1,0.01
18443,1340.1999999999998,18,1,0.01
18444,1340.1999999999998,18,1,0.01
18445,1340.1999999999998,18,1,0.01
18446,1340.1999999999998,18,1,0.01
18447,1339.0,20,1,0.01
18448,1340.1999999999998,18,1,0.01
18449,1340.1999999999998,18,1,0.01
18450,1340.1999999999998,18,1,0.01
18451,1340.1999999999998,18,1,0.01
18452,1340.1999999999998,18,1,0.01
18453,1339.0,20,1,0.01
18454,1340.1999999999998,18,1,0.01
18455,1340.1999999999998,18,1,0.01
18456,1340.1999999999998,18,1,0.01
18457,1340.1999999999998,18,1,0.01
18458,1340.1999999999998,18,1,0.01
18459,1290.2,19,1,0.01
18460,1340.1999999999998,18,1,0.01
18461,1339.0,20,1,0.01
18462,1340.1999999999998,18,1,0.01
18463,1340.1999999999998,18,1,0.01
18464,1340.1999999999998,18,1,0.01
18465,1340.1999999999998,18,1,0.01
18466,1340.1999999999998,18,1,0.01
18467,1340.1999999999998,18,1,0.01
18468,1340.1999999999998,18,1,0.01
18469,1339.0,20,1,0.01
18470,1290.2,19,1,0.01
18471,1340.1999999999998,18,1,0.01
18472,1340.1999999999998,18,1,0.01
18473,1340.1999999999998,18,1,0.01
18474,1339.0,20,1,0.01
18475,1340.1999999999998,18,1,0.01
18476,1340.1999999999998,18,1,0.01
18477,1340.1999999999998,18,1,0.01
18478,1340.1999999999998,18,1,0.01
18479,1340.1999999999998,18,1,0.01
18480,1238.2,20,1,0.01
18481,1340.1999999999998,18,1,0.01
18482,1340.1999999999998,18,1,0.01
18483,1340.1999999999998,18,1,0.01
18484,1340.1999999999998,18,1,0.01
18485,1340.1999999999998,18,1,0.01
18486,1340.1999999999998,18,1,0.01
18487,1340.1999999999998,18,1,0.01
18488,1340.1999999999998,18,1,0.01
18489,1340.1999999999998,18,1,0.01
18490,1340.1999999999998,18,1,0.01
18491,1340.1999999999998,18,1,0.01
18492,1340.1999999999998,18,1,0.01
18493,1340.1999999999998,18,1,0.01
18494,1340.1999999999998,18,1,0.01
18495,1340.1999999999998,18,1,0.01
18496,1340.1999999999998,18,1,0.01
18497,1340.1999999999998,18,1,0.01
18498,1339.0,20,1,0.01
18499,1290.2,19,1,0.01
18500,1340.1999999999998,18,1,0.01
18501,1340.1999999999998,18,1,0.01
18502,1340.1999999999998,18,1,0.01
18503,1355.5,20,1,0.01
18504,1340.1999999999998,18,1,0.01
18505,1340.1999999999998,18,1,0.01
18506,1340.1999999999998,18,1,0.01
18507,1340.1999999999998,18,1,0.01
18508,1340.1999999999998,18,1,0.01
18509,1340.1999999999998,18,1,0.01
18510,1340.1999999999998,18,1,0.01
18511,1290.2,19,1,0.01
18512,1340.1999999999998,18,1,0.01
18513,1373.8,22,1,0.01
18514,1340.1999999999998,18,1,0.01
18515,1340.1999999999998,18,1,0.01
18516,1353.8,23,1,0.01
18517,1340.1999999999998,18,1,0.01
18518,1340.1999999999998,18,1,0.01
18519,1340.1999999999998,18,1,0.01
18520,1340.1999999999998,18,1,0.01
18521,1340.1999999999998,18,1,0.01
18522,1340.1999999999998,18,1,0.01
18523,1340.1999999999998,18,1,0.01
18524,1340.1999999999998,18,1,0.01
18525,1340.1999999999998,18,1,0.01
18526,1340.1999999999998,18,1,0.01
18527,1340.1999999999998,18,1,0.01
18528,1340.1999999999998,18,1,0.01
18529,1340.1999999999998,18,1,0.01
18530,1355.5,20,1,0.01
18531,1340.1999999999998,18,1,0.01
18532,1340.1999999999998,18,1,0.01
18533,1340.1999999999998,18,1,0.01
18534,1340.1999999999998,18,1,0.01
18535,1340.1999999999998,18,1,0.01
18536,1340.1999999999998,18,1,0.01
18537,1340.1999999999998,18,1,0.01
18538,1339.0,20,1,0.01
18539,1340.1999999999998,18,1,0.01
18540,1340.1999999999998,18,1,0.01
18541,1340.1999999999998,18,1,0.01
18542,1340.1999999999998,18,1,0.01
18543,1290.2,19,1,0.01
18544,1340.1999999999998,18,1,0.01
18545,1290.2,19,1,0.01
18546,1340.1999999999998,18,1,0.01
18547,1340.1999999999998,18,1,0.01
18548,1340.1999999999998,18,1,0.01
18549,1340.1999999999998,18,1,0.01
18550,1340.1999999999998,18,1,0.01
18551,1340.1999999999998,18,1,0.01
18552,1290.2,19,1,0.01
18553,1339.0,20,1,0.01
18554,1340.1999999999998,18,1,0.01
18555,1340.1999999999998,18,1,0.01
18556,1340.1999999999998,18,1,0.01
18557,1340.1999999999998,18,1,0.01
18558,1340.1999999999998,18,1,0.01
18559,1340.1999999999998,18,1,0.01
18560,1340.1999999999998,18,1,0.01
18561,1340.1999999999998,18,1,0.01
18562,1340.1999999999998,18,1,0.01
18563,1340.1999999999998,18,1,0.01
18564,1339.0,20,1,0.01
18565,1340.1999999999998,18,1,0.01
18566,1340.1999999999998,18,1,0.01
18567,1340.1999999999998,18,1,0.01
18568,1340.1999999999998,18,1,0.01
18569,1339.0,20,1,0.01
18570,1340.1999999999998,18,1,0.01
18571,1340.1999999999998,18,1,0.01
18572,1290.2,19,1,0.01
18573,1340.1999999999998,18,1,0.01
18574,1340.1999999999998,18,1,0.01
18575,1340.1999999999998,18,1,0.01
18576,1340.1999999999998,18,1,0.01
18577,1340.1999999999998,18,1,0.01
18578,1339.0,20,1,0.01
18579,1340.1999999999998,18,1,0.01
18580,1340.1999999999998,18,1,0.01
18581,1340.1999999999998,18,1,0.01
18582,1340.1999999999998,18,1,0.01
18583,1340.1999999999998,18,1,0.01
18584,1340.1999999999998,18,1,0.01
18585,1340.1999999999998,18,1,0.01
18586,1340.1999999999998,18,1,0.01
18587,1340.1999999999998,18,1,0.01
18588,1240.2,20,1,0.01
18589,1340.1999999999998,18,1,0.01
18590,1340.1999999999998,18,1,0.01
18591,1340.1999999999998,18,1,0.01
18592,1340.1999999999998,18,1,0.01
18593,1340.1999999999998,18,1,0.01
18594,1340.1999999999998,18,1,0.01
18595,1340.1999999999998,18,1,0.01
18596,1340.1999999999998,18,1,0.01
18597,1340.1999999999998,18,1,0.01
18598,1340.1999999999998,18,1,0.01
18599,1340.1999999999998,18,1,0.01
18600,1340.1999999999998,18,1,0.01
18601,1340.1999999999998,18,1,0.01
18602,1340.1999999999998,18,1,0.01
18603,1339.0,20,1,0.01
18604,1340.1999999999998,18,1,0.01
18605,1340.1999999999998,18,1,0.01
18606,1340.1999999999998,18,1,0.01
18607,1340.1999999999998,18,1,0.01
18608,1340.1999999999998,18,1,0.01
18609,1340.1999999999998,18,1,0.01
18610,1340.1999999999998,18,1,0.01
18611,1340.1999999999998,18,1,0.01
18612,1340.1999999999998,18,1,0.01
18613,1340.1999999999998,18,1,0.01
18614,1340.1999999999998,18,1,0.01
18615,1340.1999999999998,18,1,0.01
18616,1340.1999999999998,18,1,0.01
18617,1340.1999999999998,18,1,0.01
18618,1340.1999999999998,18,1,0.01
18619,1290.2,19,1,0.01
18620,1290.2,19,1,0.01
18621,1340.1999999999998,18,1,0.01
18622,1340.1999999999998,18,1,0.01
18623,1340.1999999999998,18,1,0.01
18624,1340.1999999999998,18,1,0.01
18625,1340.1999999999998,18,1,0.01
18626,1339.0,20,1,0.01
18627,1340.1999999999998,18,1,0.01
18628,1340.1999999999998,18,1,0.01
18629,1340.1999999999998,18,1,0.01
18630,1340.1999999999998,18,1,0.01
18631,1340.1999999999998,18,1,0.01
18632,1340.1999999999998,18,1,0.01
18633,1340.1999999999998,18,1,0.01
18634,1340.1999999999998,18,1,0.01
18635,1290.2,19,1,0.01
18636,1340.1999999999998,18,1,0.01
18637,1340.1999999999998,18,1,0.01
18638,1340.1999999999998,18,1,0.01
18639,1340.1999999999998,18,1,0.01
18640,1340.1999999999998,18,1,0.01
18641,1340.1999999999998,18,1,0.01
18642,1340.1999999999998,18,1,0.01
18643,1340.1999999999998,18,1,0.01
18644,1340.1999999999998,18,1,0.01
18645,1340.1999999999998,18,1,0.01
18646,1340.1999999999998,18,1,0.01
18647,1340.1999999999998,18,1,0.01
18648,1340.1999999999998,18,1,0.01
18649,1340.1999999999998,18,1,0.01
18650,1340.1999999999998,18,1,0.01
18651,1340.1999999999998,18,1,0.01
18652,1340.1999999999998,18,1,0.01
18653,1289.0,21,1,0.01
18654,1340.1999999999998,18,1,0.01
18655,1340.1999999999998,18,1,0.01
18656,1340.1999999999998,18,1,0.01
18657,1340.1999999999998,18,1,0.01
18658,1340.1999999999998,18,1,0.01
18659,1340.1999999999998,18,1,0.01
18660,1340.1999999999998,18,1,0.01
18661,1340.1999999999998,18,1,0.01
18662,1340.1999999999998,18,1,0.01
18663,1340.1999999999998,18,1,0.01
18664,1340.1999999999998,18,1,0.01
18665,1340.1999999999998,18,1,0.01
18666,1340.1999999999998,18,1,0.01
18667,1290.2,19,1,0.01
18668,1285.2,19,1,0.01
18669,1340.1999999999998,18,1,0.01
18670,1339.0,20,1,0.01
18671,1340.1999999999998,18,1,0.01
18672,1340.1999999999998,18,1,0.01
18673,1499.1999999999998,28,1,0.01
18674,1340.1999999999998,18,1,0.01
18675,1334.2999999999997,22,1,0.01
18676,1340.1999999999998,18,1,0.01
18677,1340.1999999999998,18,1,0.01
18678,1340.1999999999998,18,1,0.01
18679,1340.1999999999998,18,1,0.01
18680,1340.1999999999998,18,1,0.01
18681,1340.1999999999998,18,1,0.01
18682,1340.1999999999998,18,1,0.01
18683,1290.2,19,1,0.01
18684,1435.6,24,1,0.01
18685,1340.1999999999998,18,1,0.01
18686,1340.1999999999998,18,1,0.01
18687,1340.1999999999998,18,1,0.01
18688,1340.1999999999998,18,1,0.01
18689,1339.0,20,1,0.01
18690,1340.1999999999998,18,1,0.01
18691,1340.1999999999998,18,1,0.01
18692,1340.1999999999998,18,1,0.01
18693,1340.1999999999998,18,1,0.01
18694,1340.1999999999998,18,1,0.01
18695,1340.1999999999998,18,1,0.01
18696,1340.1999999999998,18,1,0.01
18697,1290.1999999999998,19,1,0.01
18698,1339.0,20,1,0.01
18699,1340.1999999999998,18,1,0.01
18700,1355.5,20,1,0.01
18701,1340.1999999999998,18,1,0.01
18702,1340.1999999999998,18,1,0.01
18703,1340.1999999999998,18,1,0.01
18704,1340.1999999999998,18,1,0.01
18705,1340.1999999999998,18,1,0.01
18706,1339.0,20,1,0.01
18707,1340.1999999999998,18,1,0.01
18708,1340.1999999999998,18,1,0.01
18709,1340.1999999999998,18,1,0.01
18710,1290.2,19,1,0.01
18711,1340.1999999999998,18,1,0.01
18712,1340.1999999999998,18,1,0.01
18713,1340.1999999999998,18,1,0.01
18714,1290.2,19,1,0.01
18715,1340.1999999999998,18,1,0.01
18716,1340.1999999999998,18,1,0.01
18717,1340.1999999999998,18,1,0.01
18718,1340.1999999999998,18,1,0.01
18719,1340.1999999999998,18,1,0.01
18720,1340.1999999999998,18,1,0.01
18721,1340.1999999999998,18,1,0.01
18722,1340.1999999999998,18,1,0.01
18723,1340.1999999999998,18,1,0.01
18724,1340.1999999999998,18,1,0.01
18725,1340.1999999999998,18,1,0.01
18726,1340.1999999999998,18,1,0.01
18727,1290.1999999999998,19,1,0.01
18728,1340.1999999999998,18,1,0.01
18729,1340.1999999999998,18,1,0.01
18730,1340.1999999999998,18,1,0.01
18731,1290.1999999999998,19,1,0.01
18732,1340.1999999999998,18,1,0.01
18733,1340.1999999999998,18,1,0.01
18734,1340.1999999999998,18,1,0.01
18735,1340.1999999999998,18,1,0.01
18736,1340.1999999999998,18,1,0.01
18737,1289.0,21,1,0.01
18738,1340.1999999999998,18,1,0.01
18739,1340.1999999999998,18,1,0.01
18740,1339.0,20,1,0.01
18741,1340.1999999999998,18,1,0.01
18742,1340.1999999999998,18,1,0.01
18743,1290.2,19,1,0.01
18744,1340.1999999999998,18,1,0.01
18745,1340.1999999999998,18,1,0.01
18746,1340.1999999999998,18,1,0.01
18747,1340.1999999999998,18,1,0.01
18748,1340.1999999999998,18,1,0.01
18749,1339.0,20,1,0.01
18750,1290.2,19,1,0.01
18751,1339.0,20,1,0.01
18752,1340.1999999999998,18,1,0.01
18753,1340.1999999999998,18,1,0.01
18754,1340.1999999999998,18,1,0.01
18755,1340.1999999999998,18,1,0.01
18756,1340.1999999999998,18,1,0.01
18757,1340.1999999999998,18,1,0.01
18758,1340.1999999999998,18,1,0.01
18759,1290.2,19,1,0.01
18760,1340.1999999999998,18,1,0.01
18761,1290.2,19,1,0.01
18762,1340.1999999999998,18,1,0.01
18763,1340.1999999999998,18,1,0.01
18764,1340.1999999999998,18,1,0.01
18765,1340.1999999999998,18,1,0.01
18766,1340.1999999999998,18,1,0.01
18767,1340.1999999999998,18,1,0.01
18768,1340.1999999999998,18,1,0.01
18769,1340.1999999999998,18,1,0.01
18770,1340.1999999999998,18,1,0.01
18771,1340.1999999999998,18,1,0.01
18772,1340.1999999999998,18,1,0.01
18773,1340.1999999999998,18,1,0.01
18774,1340.1999999999998,18,1,0.01
18775,1340.1999999999998,18,1,0.01
18776,1340.1999999999998,18,1,0.01
18777,1340.1999999999998,18,1,0.01
18778,1340.1999999999998,18,1,0.01
18779,1340.1999999999998,18,1,0.01
18780,1340.1999999999998,18,1,0.01
18781,1340.1999999999998,18,1,0.01
18782,1340.1999999999998,18,1,0.01
18783,1340.1999999999998,18,1,0.01
18784,1340.1999999999998,18,1,0.01
18785,1340.1999999999998,18,1,0.01
18786,1340.1999999999998,18,1,0.01
18787,1290.2,19,1,0.01
18788,1340.1999999999998,18,1,0.01
18789,1340.1999999999998,18,1,0.01
18790,1290.2,19,1,0.01
18791,1340.1999999999998,18,1,0.01
18792,1340.1999999999998,18,1,0.01
18793,1340.1999999999998,18,1,0.01
18794,1340.1999999999998,18,1,0.01
18795,1339.0,20,1,0.01
18796,1340.1999999999998,18,1,0.01
18797,1290.2,19,1,0.01
18798,1340.1999999999998,18,1,0.01
18799,1340.1999999999998,18,1,0.01
18800,1340.1999999999998,18,1,0.01
18801,1290.2,19,1,0.01
18802,1340.1999999999998,18,1,0.01
18803,1339.0,20,1,0.01
18804,1340.1999999999998,18,1,0.01
18805,1339.0,20,1,0.01
18806,1290.2,19,1,0.01
18807,1340.1999999999998,18,1,0.01
18808,1340.1999999999998,18,1,0.01
18809,1340.1999999999998,18,1,0.01
18810,1340.1999999999998,18,1,0.01
18811,1340.1999999999998,18,1,0.01
18812,1340.1999999999998,18,1,0.01
18813,1340.1999999999998,18,1,0.01
18814,1340.1999999999998,18,1,0.01
18815,1340.1999999999998,18,1,0.01
18816,1290.1999999999998,19,1,0.01
18817,1340.1999999999998,18,1,0.01
18818,1340.1999999999998,18,1,0.01
18819,1340.1999999999998,18,1,0.01
18820,1340.1999999999998,18,1,0.01
18821,1340.1999999999998,18,1,0.01
18822,1340.1999999999998,18,1,0.01
18823,1340.1999999999998,18,1,0.01
18824,1340.1999999999998,18,1,0.01
18825,1340.1999999999998,18,1,0.01
18826,1290.2,19,1,0.01
18827,1340.1999999999998,18,1,0.01
18828,1340.1999999999998,18,1,0.01
18829,1340.1999999999998,18,1,0.01
18830,1340.1999999999998,18,1,0.01
18831,1340.1999999999998,18,1,0.01
18832,1340.1999999999998,18,1,0.01
18833,1340.1999999999998,18,1,0.01
18834,1340.1999999999998,18,1,0.01
18835,1340.1999999999998,18,1,0.01
18836,1340.1999999999998,18,1,0.01
18837,1340.1999999999998,18,1,0.01
18838,1339.0,20,1,0.01
18839,1340.1999999999998,18,1,0.01
18840,1340.1999999999998,18,1,0.01
18841,1340.1999999999998,18,1,0.01
18842,1340.1999999999998,18,1,0.01
18843,1340.1999999999998,18,1,0.01
18844,1340.1999999999998,18,1,0.01
18845,1340.1999999999998,18,1,0.01
18846,1340.1999999999998,18,1,0.01
18847,1340.1999999999998,18,1,0.01
18848,1340.1999999999998,18,1,0.01
18849,1340.1999999999998,18,1,0.01
18850,1340.1999999999998,18,1,0.01
18851,1340.1999999999998,18,1,0.01
18852,1290.2,19,1,0.01
18853,1340.1999999999998,18,1,0.01
18854,1340.1999999999998,18,1,0.01
18855,1340.1999999999998,18,1,0.01
18856,1340.1999999999998,18,1,0.01
18857,1340.1999999999998,18,1,0.01
18858,1340.1999999999998,18,1,0.01
18859,1340.1999999999998,18,1,0.01
18860,1340.1999999999998,18,1,0.01
18861,1340.1999999999998,18,1,0.01
18862,1340.1999999999998,18,1,0.01
18863,1340.1999999999998,18,1,0.01
18864,1340.1999999999998,18,1,0.01
18865,1340.1999999999998,18,1,0.01
18866,1339.0,20,1,0.01
18867,1340.1999999999998,18,1,0.01
18868,1340.1999999999998,18,1,0.01
18869,1340.1999999999998,18,1,0.01
18870,1340.1999999999998,18,1,0.01
18871,1340.1999999999998,18,1,0.01
18872,1340.1999999999998,18,1,0.01
18873,1340.1999999999998,18,1,0.01
18874,1340.1999999999998,18,1,0.01
18875,1340.1999999999998,18,1,0.01
18876,1340.1999999999998,18,1,0.01
18877,1339.0,20,1,0.01
18878,1340.1999999999998,18,1,0.01
18879,1340.1999999999998,18,1,0.01
18880,1340.1999999999998,18,1,0.01
18881,1340.1999999999998,18,1,0.01
18882,1340.1999999999998,18,1,0.01
18883,1340.1999999999998,18,1,0.01
18884,1340.1999999999998,18,1,0.01
18885,1340.1999999999998,18,1,0.01
18886,1340.1999999999998,18,1,0.01
18887,1340.1999999999998,18,1,0.01
18888,1340.1999999999998,18,1,0.01
18889,1340.1999999999998,18,1,0.01
18890,1340.1999999999998,18,1,0.01
18891,1339.0,20,1,0.01
18892,1340.1999999999998,18,1,0.01
18893,1340.1999999999998,18,1,0.01
18894,1340.1999999999998,18,1,0.01
18895,1340.1999999999998,18,1,0.01
18896,1340.1999999999998,18,1,0.01
18897,1340.1999999999998,18,1,0.01
18898,1340.1999999999998,18,1,0.01
18899,1339.0,20,1,0.01
18900,1290.2,19,1,0.01
18901,1340.1999999999998,18,1,0.01
18902,1340.1999999999998,18,1,0.01
18903,1340.1999999999998,18,1,0.01
18904,1340.1999999999998,18,1,0.01
18905,1340.1999999999998,18,1,0.01
18906,1340.1999999999998,18,1,0.01
18907,1340.1999999999998,18,1,0.01
18908,1340.1999999999998,18,1,0.01
18909,1340.1999999999998,18,1,0.01
18910,1340.1999999999998,18,1,0.01
18911,1340.1999999999998,18,1,0.01
18912,1340.1999999999998,18,1,0.01
18913,1340.1999999999998,18,1,0.01
18914,1340.1999999999998,18,1,0.01
18915,1340.1999999999998,18,1,0.01
18916,1340.1999999999998,18,1,0.01
18917,1340.1999999999998,18,1,0.01
18918,1340.1999999999998,18,1,0.01
18919,1340.1999999999998,18,1,0.01
18920,1340.1999999999998,18,1,0.01
18921,1340.1999999999998,18,1,0.01
18922,1340.1999999999998,18,1,0.01
18923,1340.1999999999998,18,1,0.01
18924,1340.1999999999998,18,1,0.01
18925,1339.0,20,1,0.01
18926,1340.1999999999998,18,1,0.01
18927,1340.1999999999998,18,1,0.01
18928,1340.1999999999998,18,1,0.01
18929,1340.1999999999998,18,1,0.01
18930,1340.1999999999998,18,1,0.01
18931,1340.1999999999998,18,1,0.01
18932,1340.1999999999998,18,1,0.01
18933,1340.1999999999998,18,1,0.01
18934,1340.1999999999998,18,1,0.01
18935,1340.1999999999998,18,1,0.01
18936,1340.1999999999998,18,1,0.01
18937,1340.1999999999998,18,1,0.01
18938,1340.1999999999998,18,1,0.01
18939,1340.1999999999998,18,1,0.01
18940,1340.1999999999998,18,1,0.01
18941,1340.1999999999998,18,1,0.01
18942,1403.8,22,1,0.01
18943,1340.1999999999998,18,1,0.01
18944,1340.1999999999998,18,1,0.01
18945,1340.1999999999998,18,1,0.01
18946,1290.2,19,1,0.01
18947,1340.1999999999998,18,1,0.01
18948,1340.1999999999998,18,1,0.01
18949,1340.1999999999998,18,1,0.01
18950,1340.1999999999998,18,1,0.01
18951,1340.1999999999998,18,1,0.01
18952,1340.1999999999998,18,1,0.01
18953,1340.1999999999998,18,1,0.01
18954,1340.1999999999998,18,1,0.01
18955,1340.1999999999998,18,1,0.01
18956,1290.2,19,1,0.01
18957,1340.1999999999998,18,1,0.01
18958,1340.1999999999998,18,1,0.01
18959,1340.1999999999998,18,1,0.01
18960,1340.1999999999998,18,1,0.01
18961,1340.1999999999998,18,1,0.01
18962,1355.5,20,1,0.01
18963,1340.1999999999998,18,1,0.01
18964,1340.1999999999998,18,1,0.01
18965,1340.1999999999998,18,1,0.01
18966,1340.1999999999998,18,1,0.01
18967,1340.1999999999998,18,1,0.01
18968,1340.1999999999998,18,1,0.01
18969,1340.1999999999998,18,1,0.01
18970,1340.1999999999998,18,1,0.01
18971,1340.1999999999998,18,1,0.01
18972,1340.1999999999998,18,1,0.01
18973,1340.1999999999998,18,1,0.01
18974,1340.1999999999998,18,1,0.01
18975,1340.1999999999998,18,1,0.01
18976,1340.1999999999998,18,1,0.01
18977,1340.1999999999998,18,1,0.01
18978,1340.1999999999998,18,1,0.01
18979,1340.1999999999998,18,1,0.01
18980,1340.1999999999998,18,1,0.01
18981,1340.1999999999998,18,1,0.01
18982,1340.1999999999998,18,1,0.01
18983,1340.1999999999998,18,1,0.01
18984,1340.1999999999998,18,1,0.01
18985,1290.2,19,1,0.01
18986,1340.1999999999998,18,1,0.01
18987,1340.1999999999998,18,1,0.01
18988,1340.1999999999998,18,1,0.01
18989,1340.1999999999998,18,1,0.01
18990,1340.1999999999998,18,1,0.01
18991,1355.5,20,1,0.01
18992,1340.1999999999998,18,1,0.01
18993,1340.1999999999998,18,1,0.01
18994,1340.1999999999998,18,1,0.01
18995,1340.1999999999998,18,1,0.01
18996,1290.2,19,1,0.01
18997,1340.1999999999998,18,1,0.01
18998,1340.1999999999998,18,1,0.01
18999,1339.0,20,1,0.01
19000,1339.0,20,1,0.01
19001,1466.1999999999998,28,1,0.01
19002,1337.8,22,1,0.01
19003,1340.1999999999998,18,1,0.01
19004,1340.1999999999998,18,1,0.01
19005,1340.1999999999998,18,1,0.01
19006,1340.1999999999998,18,1,0.01
19007,1340.1999999999998,18,1,0.01
19008,1340.1999999999998,18,1,0.01
19009,1340.1999999999998,18,1,0.01
19010,1340.1999999999998,18,1,0.01
19011,1340.1999999999998,18,1,0.01
19012,1340.1999999999998,18,1,0.01
19013,1340.1999999999998,18,1,0.01
19014,1340.1999999999998,18,1,0.01
19015,1340.1999999999998,18,1,0.01
19016,1340.1999999999998,18,1,0.01
19017,1340.1999999999998,18,1,0.01
19018,1340.1999999999998,18,1,0.01
19019,1340.1999999999998,18,1,0.01
19020,1340.1999999999998,18,1,0.01
19021,1340.1999999999998,18,1,0.01
19022,1340.1999999999998,18,1,0.01
19023,1339.0,20,1,0.01
19024,1287.0,21,1,0.01
19025,1435.6,24,1,0.01
19026,1385.6,25,1,0.01
19027,1434.3999999999999,26,1,0.01
19028,1385.6,25,1,0.01
19029,1435.6,24,1,0.01
19030,1435.6,24,1,0.01
19031,1385.6,25,1,0.01
19032,1435.6,24,1,0.01
19033,1435.6,24,1,0.01
19034,1435.6,24,1,0.01
19035,1435.6,24,1,0.01
19036,1435.6,24,1,0.01
19037,1385.6,25,1,0.01
19038,1435.6,24,1,0.01
19039,1435.6,24,1,0.01
19040,1435.6,24,1,0.01
19041,1435.6,24,1,0.01
19042,1435.6,24,1,0.01
19043,1435.6,24,1,0.01
19044,1435.6,24,1,0.01
19045,1435.6,24,1,0.01
19046,1339.0,20,1,0.01
19047,1435.6,24,1,0.01
19048,1382.3999999999999,27,1,0.01
19049,1435.6,24,1,0.01
19050,1435.6,24,1,0.01
19051,1435.6,24,1,0.01
19052,1435.6,24,1,0.01
19053,1435.6,24,1,0.01
19054,1435.6,24,1,0.01
19055,1435.6,24,1,0.01
19056,1385.6,25,1,0.01
19057,1435.6,24,1,0.01
19058,1435.6,24,1,0.01
19059,1434.3999999999999,26,1,0.01
19060,1435.6,24,1,0.01
19061,1435.6,24,1,0.01
19062,1435.6,24,1,0.01
19063,1435.6,24,1,0.01
19064,1435.6,24,1,0.01
19065,1435.6,24,1,0.01
19066,1435.6,24,1,0.01
19067,1435.6,24,1,0.01
19068,1435.6,24,1,0.01
19069,1435.6,24,1,0.01
19070,1435.6,24,1,0.01
19071,1435.6,24,1,0.01
19072,1434.3999999999999,26,1,0.01
19073,1435.6,24,1,0.01
19074,1435.6,24,1,0.01
19075,1435.6,24,1,0.01
19076,1435.6,24,1,0.01
19077,1435.6,24,1,0.01
19078,1435.6,24,1,0.01
19079,1434.3999999999999,26,1,0.01
19080,1340.1999999999998,18,1,0.01
19081,1340.1999999999998,18,1,0.01
19082,1339.0,20,1,0.01
19083,1340.1999999999998,18,1,0.01
19084,1340.1999999999998,18,1,0.01
19085,1289.0,21,1,0.01
19086,1340.1999999999998,18,1,0.01
19087,1340.1999999999998,18,1,0.01
19088,1340.1999999999998,18,1,0.01
19089,1340.1999999999998,18,1,0.01
19090,1340.1999999999998,18,1,0.01
19091,1340.1999999999998,18,1,0.01
19092,1340.1999999999998,18,1,0.01
19093,1290.2,19,1,0.01
19094,1340.1999999999998,18,1,0.01
19095,1340.1999999999998,18,1,0.01
19096,1339.0,20,1,0.01
19097,1340.1999999999998,18,1,0.01
19098,1340.1999999999998,18,1,0.01
19099,1340.1999999999998,18,1,0.01
19100,1340.1999999999998,18,1,0.01
19101,1340.1999999999998,18,1,0.01
19102,1340.1999999999998,18,1,0.01
19103,1340.1999999999998,18,1,0.01
19104,1340.1999999999998,18,1,0.01
19105,1340.1999999999998,18,1,0.01
19106,1340.1999999999998,18,1,0.01
19107,1340.1999999999998,18,1,0.01
19108,1340.1999999999998,18,1,0.01
19109,1340.1999999999998,18,1,0.01
19110,1340.1999999999998,18,1,0.01
19111,1340.1999999999998,18,1,0.01
19112,1340.1999999999998,18,1,0.01
19113,1340.1999999999998,18,1,0.01
19114,1340.1999999999998,18,1,0.01
19115,1340.1999999999998,18,1,0.01
19116,1340.1999999999998,18,1,0.01
19117,1290.2,19,1,0.01
19118,1340.1999999999998,18,1,0.01
19119,1340.1999999999998,18,1,0.01
19120,1340.1999999999998,18,1,0.01
19121,1340.1999999999998,18,1,0.01
19122,1340.1999999999998,18,1,0.01
19123,1340.1999999999998,18,1,0.01
19124,1340.1999999999998,18,1,0.01
19125,1340.1999999999998,18,1,0.01
19126,1340.1999999999998,18,1,0.01
19127,1340.1999999999998,18,1,0.01
19128,1340.1999999999998,18,1,0.01
19129,1290.2,19,1,0.01
19130,1340.1999999999998,18,1,0.01
19131,1340.1999999999998,18,1,0.01
19132,1340.1999999999998,18,1,0.01
19133,1340.1999999999998,18,1,0.01
19134,1340.1999999999998,18,1,0.01
19135,1340.1999999999998,18,1,0.01
19136,1340.1999999999998,18,1,0.01
19137,1340.1999999999998,18,1,0.01
19138,1340.1999999999998,18,1,0.01
19139,1340.1999999999998,18,1,0.01
19140,1340.1999999999998,18,1,0.01
19141,1340.1999999999998,18,1,0.01
19142,1340.1999999999998,18,1,0.01
19143,1340.1999999999998,18,1,0.01
19144,1340.1999999999998,18,1,0.01
19145,1340.1999999999998,18,1,0.01
19146,1290.1999999999998,19,1,0.01
19147,1340.1999999999998,18,1,0.01
19148,1340.1999999999998,18,1,0.01
19149,1340.1999999999998,18,1,0.01
19150,1340.1999999999998,18,1,0.01
19151,1340.1999999999998,18,1,0.01
19152,1340.1999999999998,18,1,0.01
19153,1340.1999999999998,18,1,0.01
19154,1403.8,22,1,0.01
19155,1340.1999999999998,18,1,0.01
19156,1340.1999999999998,18,1,0.01
19157,1340.1999999999998,18,1,0.01
19158,1340.1999999999998,18,1,0.01
19159,1340.1999999999998,18,1,0.01
19160,1340.1999999999998,18,1,0.01
19161,1340.1999999999998,18,1,0.01
19162,1340.1999999999998,18,1,0.01
19163,1340.1999999999998,18,1,0.01
19164,1340.1999999999998,18,1,0.01
19165,1340.1999999999998,18,1,0.01
19166,1340.1999999999998,18,1,0.01
19167,1340.1999999999998,18,1,0.01
19168,1339.0,20,1,0.01
19169,1340.1999999999998,18,1,0.01
19170,1340.1999999999998,18,1,0.01
19171,1340.1999999999998,18,1,0.01
19172,1340.1999999999998,18,1,0.01
19173,1290.2,19,1,0.01
19174,1340.1999999999998,18,1,0.01
19175,1340.1999999999998,18,1,0.01
19176,1340.1999999999998,18,1,0.01
19177,1340.1999999999998,18,1,0.01
19178,1340.1999999999998,18,1,0.01
19179,1340.1999999999998,18,1,0.01
19180,1340.1999999999998,18,1,0.01
19181,1340.1999999999998,18,1,0.01
19182,1340.1999999999998,18,1,0.01
19183,1340.1999999999998,18,1,0.01
19184,1339.0,20,1,0.01
19185,1340.1999999999998,18,1,0.01
19186,1340.1999999999998,18,1,0.01
19187,1340.1999999999998,18,1,0.01
19188,1340.1999999999998,18,1,0.01
19189,1340.1999999999998,18,1,0.01
19190,1340.1999999999998,18,1,0.01
19191,1340.1999999999998,18,1,0.01
19192,1340.1999999999998,18,1,0.01
19193,1340.1999999999998,18,1,0.01
19194,1340.1999999999998,18,1,0.01
19195,1340.1999999999998,18,1,0.01
19196,1340.1999999999998,18,1,0.01
19197,1355.5,20,1,0.01
19198,1403.8,22,1,0.01
19199,1340.1999999999998,18,1,0.01
19200,1340.1999999999998,18,1,0.01
19201,1340.1999999999998,18,1,0.01
19202,1340.1999999999998,18,1,0.01
19203,1340.1999999999998,18,1,0.01
19204,1340.1999999999998,18,1,0.01
19205,1340.1999999999998,18,1,0.01
19206,1340.1999999999998,18,1,0.01
19207,1340.1999999999998,18,1,0.01
19208,1340.1999999999998,18,1,0.01
19209,1340.1999999999998,18,1,0.01
19210,1340.1999999999998,18,1,0.01
19211,1340.1999999999998,18,1,0.01
19212,1372.0,20,1,0.01
19213,1340.1999999999998,18,1,0.01
19214,1340.1999999999998,18,1,0.01
19215,1339.0,20,1,0.01
19216,1340.1999999999998,18,1,0.01
19217,1340.1999999999998,18,1,0.01
19218,1340.1999999999998,18,1,0.01
19219,1340.1999999999998,18,1,0.01
19220,1340.1999999999998,18,1,0.01
19221,1290.2,19,1,0.01
19222,1340.1999999999998,18,1,0.01
19223,1340.1999999999998,18,1,0.01
19224,1340.1999999999998,18,1,0.01
19225,1340.1999999999998,18,1,0.01
19226,1340.1999999999998,18,1,0.01
19227,1340.1999999999998,18,1,0.01
19228,1340.1999999999998,18,1,0.01
19229,1340.1999999999998,18,1,0.01
19230,1340.1999999999998,18,1,0.01
19231,1340.1999999999998,18,1,0.01
19232,1340.1999999999998,18,1,0.01
19233,1340.1999999999998,18,1,0.01
19234,1340.1999999999998,18,1,0.01
19235,1340.1999999999998,18,1,0.01
19236,1340.1999999999998,18,1,0.01
19237,1340.1999999999998,18,1,0.01
19238,1340.1999999999998,18,1,0.01
19239,1340.1999999999998,18,1,0.01
19240,1340.1999999999998,18,1,0.01
19241,1403.8,22,1,0.01
19242,1340.1999999999998,18,1,0.01
19243,1340.1999999999998,18,1,0.01
19244,1340.1999999999998,18,1,0.01
19245,1340.1999999999998,18,1,0.01
19246,1340.1999999999998,18,1,0.01
19247,1340.1999999999998,18,1,0.01
19248,1340.1999999999998,18,1,0.01
19249,1340.1999999999998,18,1,0.01
19250,1340.1999999999998,18,1,0.01
19251,1355.5,20,1,0.01
19252,1340.1999999999998,18,1,0.01
19253,1340.1999999999998,18,1,0.01
19254,1340.1999999999998,18,1,0.01
19255,1340.1999999999998,18,1,0.01
19256,1340.1999999999998,18,1,0.01
19257,1340.1999999999998,18,1,0.01
19258,1340.1999999999998,18,1,0.01
19259,1340.1999999999998,18,1,0.01
19260,1340.1999999999998,18,1,0.01
19261,1340.1999999999998,18,1,0.01
19262,1340.1999999999998,18,1,0.01
19263,1340.1999999999998,18,1,0.01
19264,1340.1999999999998,18,1,0.01
19265,1340.1999999999998,18,1,0.01
19266,1340.1999999999998,18,1,0.01
19267,1340.1999999999998,18,1,0.01
19268,1340.1999999999998,18,1,0.01
19269,1340.1999999999998,18,1,0.01
19270,1340.1999999999998,18,1,0.01
19271,1340.1999999999998,18,1,0.01
19272,1340.1999999999998,18,1,0.01
19273,1340.1999999999998,18,1,0.01
19274,1340.1999999999998,18,1,0.01
19275,1340.1999999999998,18,1,0.01
19276,1340.1999999999998,18,1,0.01
19277,1340.1999999999998,18,1,0.01
19278,1340.1999999999998,18,1,0.01
19279,1340.1999999999998,18,1,0.01
19280,1340.1999999999998,18,1,0.01
19281,1340.1999999999998,18,1,0.01
19282,1340.1999999999998,18,1,0.01
19283,1340.1999999999998,18,1,0.01
19284,1340.1999999999998,18,1,0.01
19285,1340.1999999999998,18,1,0.01
19286,1340.1999999999998,18,1,0.01
19287,1340.1999999999998,18,1,0.01
19288,1340.1999999999998,18,1,0.01
19289,1339.0,20,1,0.01
19290,1340.1999999999998,18,1,0.01
19291,1340.1999999999998,18,1,0.01
19292,1340.1999999999998,18,1,0.01
19293,1340.1999999999998,18,1,0.01
19294,1340.1999999999998,18,1,0.01
19295,1340.1999999999998,18,1,0.01
19296,1340.1999999999998,18,1,0.01
19297,1340.1999999999998,18,1,0.01
19298,1340.1999999999998,18,1,0.01
19299,1340.1999999999998,18,1,0.01
19300,1340.1999999999998,18,1,0.01
19301,1340.1999999999998,18,1,0.01
19302,1340.1999999999998,18,1,0.01
19303,1340.1999999999998,18,1,0.01
19304,1340.1999999999998,18,1,0.01
19305,1340.1999999999998,18,1,0.01
19306,1340.1999999999998,18,1,0.01
19307,1340.1999999999998,18,1,0.01
19308,1340.1999999999998,18,1,0.01
19309,1340.1999999999998,18,1,0.01
19310,1340.1999999999998,18,1,0.01
19311,1290.1999999999998,19,1,0.01
19312,1340.1999999999998,18,1,0.01
19313,1340.1999999999998,18,1,0.01
19314,1340.1999999999998,18,1,0.01
19315,1340.1999999999998,18,1,0.01
19316,1339.0,20,1,0.01
19317,1340.1999999999998,18,1,0.01
19318,1340.1999999999998,18,1,0.01
19319,1340.1999999999998,18,1,0.01
19320,1340.1999999999998,18,1,0.01
19321,1340.1999999999998,18,1,0.01
19322,1340.1999999999998,18,1,0.01
19323,1340.1999999999998,18,1,0.01
19324,1340.1999999999998,18,1,0.01
19325,1340.1999999999998,18,1,0.01
19326,1290.1999999999998,19,1,0.01
19327,1340.1999999999998,18,1,0.01
19328,1339.0,20,1,0.01
19329,1340.1999999999998,18,1,0.01
19330,1322.0,21,1,0.01
19331,1340.1999999999998,18,1,0.01
19332,1340.1999999999998,18,1,0.01
19333,1340.1999999999998,18,1,0.01
19334,1340.1999999999998,18,1,0.01
19335,1340.1999999999998,18,1,0.01
19336,1340.1999999999998,18,1,0.01
19337,1340.1999999999998,18,1,0.01
19338,1340.1999999999998,18,1,0.01
19339,1340.1999999999998,18,1,0.01
19340,1340.1999999999998,18,1,0.01
19341,1290.2,19,1,0.01
19342,1340.1999999999998,18,1,0.01
19343,1340.1999999999998,18,1,0.01
19344,1340.1999999999998,18,1,0.01
19345,1290.2,19,1,0.01
19346,1340.1999999999998,18,1,0.01
19347,1340.1999999999998,18,1,0.01
19348,1340.1999999999998,18,1,0.01
19349,1340.1999999999998,18,1,0.01
19350,1340.1999999999998,18,1,0.01
19351,1340.1999999999998,18,1,0.01
19352,1340.1999999999998,18,1,0.01
19353,1340.1999999999998,18,1,0.01
19354,1340.1999999999998,18,1,0.01
19355,1340.1999999999998,18,1,0.01
19356,1340.1999999999998,18,1,0.01
19357,1340.1999999999998,18,1,0.01
19358,1340.1999999999998,18,1,0.01
19359,1340.1999999999998,18,1,0.01
19360,1340.1999999999998,18,1,0.01
19361,1340.1999999999998,18,1,0.01
19362,1340.1999999999998,18,1,0.01
19363,1372.0,20,1,0.01
19364,1339.0,20,1,0.01
19365,1340.1999999999998,18,1,0.01
19366,1340.1999999999998,18,1,0.01
19367,1340.1999999999998,18,1,0.01
19368,1340.1999999999998,18,1,0.01
19369,1340.1999999999998,18,1,0.01
19370,1340.1999999999998,18,1,0.01
19371,1339.0,20,1,0.01
19372,1340.1999999999998,18,1,0.01
19373,1340.1999999999998,18,1,0.01
19374,1340.1999999999998,18,1,0.01
19375,1340.1999999999998,18,1,0.01
19376,1340.1999999999998,18,1,0.01
19377,1340.1999999999998,18,1,0.01
19378,1340.1999999999998,18,1,0.01
19379,1340.1999999999998,18,1,0.01
19380,1340.1999999999998,18,1,0.01
19381,1340.1999999999998,18,1,0.01
19382,1340.1999999999998,18,1,0.01
19383,1340.1999999999998,18,1,0.01
19384,1340.1999999999998,18,1,0.01
19385,1290.2,19,1,0.01
19386,1340.1999999999998,18,1,0.01
19387,1339.0,20,1,0.01
19388,1340.1999999999998,18,1,0.01
19389,1290.2,19,1,0.01
19390,1340.1999999999998,18,1,0.01
19391,1340.1999999999998,18,1,0.01
19392,1340.1999999999998,18,1,0.01
19393,1340.1999999999998,18,1,0.01
19394,1340.1999999999998,18,1,0.01
19395,1340.1999999999998,18,1,0.01
19396,1340.1999999999998,18,1,0.01
19397,1340.1999999999998,18,1,0.01
19398,1290.2,19,1,0.01
19399,1340.1999999999998,18,1,0.01
19400,1340.1999999999998,18,1,0.01
19401,1290.1999999999998,19,1,0.01
19402,1340.1999999999998,18,1,0.01
19403,1340.1999999999998,18,1,0.01
19404,1340.1999999999998,18,1,0.01
19405,1340.1999999999998,18,1,0.01
19406,1340.1999999999998,18,1,0.01
19407,1340.1999999999998,18,1,0.01
19408,1340.1999999999998,18,1,0.01
19409,1340.1999999999998,18,1,0.01
19410,1340.1999999999998,18,1,0.01
19411,1340.1999999999998,18,1,0.01
19412,1340.1999999999998,18,1,0.01
19413,1290.2,19,1,0.01
19414,1340.1999999999998,18,1,0.01
19415,1340.1999999999998,18,1,0.01
19416,1340.1999999999998,18,1,0.01
19417,1340.1999999999998,18,1,0.01
19418,1355.5,20,1,0.01
19419,1340.1999999999998,18,1,0.01
19420,1290.1999999999998,19,1,0.01
19421,1340.1999999999998,18,1,0.01
19422,1340.1999999999998,18,1,0.01
19423,1339.0,20,1,0.01
19424,1340.1999999999998,18,1,0.01
19425,1340.1999999999998,18,1,0.01
19426,1340.1999999999998,18,1,0.01
19427,1340.1999999999998,18,1,0.01
19428,1340.1999999999998,18,1,0.01
19429,1340.1999999999998,18,1,0.01
19430,1340.1999999999998,18,1,0.01
19431,1340.1999999999998,18,1,0.01
19432,1340.1999999999998,18,1,0.01
19433,1340.1999999999998,18,1,0.01
19434,1340.1999999999998,18,1,0.01
19435,1340.1999999999998,18,1,0.01
19436,1340.1999999999998,18,1,0.01
19437,1340.1999999999998,18,1,0.01
19438,1340.1999999999998,18,1,0.01
19439,1340.1999999999998,18,1,0.01
19440,1339.0,20,1,0.01
19441,1340.1999999999998,18,1,0.01
19442,1340.1999999999998,18,1,0.01
19443,1290.2,19,1,0.01
19444,1340.1999999999998,18,1,0.01
19445,1340.1999999999998,18,1,0.01
19446,1340.1999999999998,18,1,0.01
19447,1340.1999999999998,18,1,0.01
19448,1340.1999999999998,18,1,0.01
19449,1290.2,19,1,0.01
19450,1340.1999999999998,18,1,0.01
19451,1340.1999999999998,18,1,0.01
19452,1340.1999999999998,18,1,0.01
19453,1340.1999999999998,18,1,0.01
19454,1340.1999999999998,18,1,0.01
19455,1340.1999999999998,18,1,0.01
19456,1340.1999999999998,18,1,0.01
19457,1340.1999999999998,18,1,0.01
19458,1340.1999999999998,18,1,0.01
19459,1340.1999999999998,18,1,0.01
19460,1340.1999999999998,18,1,0.01
19461,1340.1999999999998,18,1,0.01
19462,1340.1999999999998,18,1,0.01
19463,1340.1999999999998,18,1,0.01
19464,1340.1999999999998,18,1,0.01
19465,1340.1999999999998,18,1,0.01
19466,1340.1999999999998,18,1,0.01
19467,1340.1999999999998,18,1,0.01
19468,1340.1999999999998,18,1,0.01
19469,1340.1999999999998,18,1,0.01
19470,1340.1999999999998,18,1,0.01
19471,1340.1999999999998,18,1,0.01
19472,1340.1999999999998,18,1,0.01
19473,1340.1999999999998,18,1,0.01
19474,1340.1999999999998,18,1,0.01
19475,1355.5,20,1,0.01
19476,1290.2,19,1,0.01
19477,1340.1999999999998,18,1,0.01
19478,1340.1999999999998,18,1,0.01
19479,1340.1999999999998,18,1,0.01
19480,1340.1999999999998,18,1,0.01
19481,1340.1999999999998,18,1,0.01
19482,1340.1999999999998,18,1,0.01
19483,1340.1999999999998,18,1,0.01
19484,1340.1999999999998,18,1,0.01
19485,1340.1999999999998,18,1,0.01
19486,1340.1999999999998,18,1,0.01
19487,1340.1999999999998,18,1,0.01
19488,1340.1999999999998,18,1,0.01
19489,1340.1999999999998,18,1,0.01
19490,1340.1999999999998,18,1,0.01
19491,1355.5,20,1,0.01
19492,1340.1999999999998,18,1,0.01
19493,1340.1999999999998,18,1,0.01
19494,1340.1999999999998,18,1,0.01
19495,1340.1999999999998,18,1,0.01
19496,1290.1999999999998,19,1,0.01
19497,1435.6,24,1,0.01
19498,1340.1999999999998,18,1,0.01
19499,1340.1999999999998,18,1,0.01
19500,1340.1999999999998,18,1,0.01
19501,1340.1999999999998,18,1,0.01
19502,1340.1999999999998,18,1,0.01
19503,1340.1999999999998,18,1,0.01
19504,1340.1999999999998,18,1,0.01
19505,1340.1999999999998,18,1,0.01
19506,1340.1999999999998,18,1,0.01
19507,1288.2,19,1,0.01
19508,1340.1999999999998,18,1,0.01
19509,1340.1999999999998,18,1,0.01
19510,1290.2,19,1,0.01
19511,1340.1999999999998,18,1,0.01
19512,1340.1999999999998,18,1,0.01
19513,1340.1999999999998,18,1,0.01
19514,1340.1999999999998,18,1,0.01
19515,1340.1999999999998,18,1,0.01
19516,1340.1999999999998,18,1,0.01
19517,1339.0,20,1,0.01
19518,1340.1999999999998,18,1,0.01
19519,1340.1999999999998,18,1,0.01
19520,1340.1999999999998,18,1,0.01
19521,1340.1999999999998,18,1,0.01
19522,1340.1999999999998,18,1,0.01
19523,1340.1999999999998,18,1,0.01
19524,1340.1999999999998,18,1,0.01
19525,1340.1999999999998,18,1,0.01
19526,1340.1999999999998,18,1,0.01
19527,1340.1999999999998,18,1,0.01
19528,1340.1999999999998,18,1,0.01
19529,1340.1999999999998,18,1,0.01
19530,1340.1999999999998,18,1,0.01
19531,1340.1999999999998,18,1,0.01
19532,1340.1999999999998,18,1,0.01
19533,1340.1999999999998,18,1,0.01
19534,1340.1999999999998,18,1,0.01
19535,1340.1999999999998,18,1,0.01
19536,1340.1999999999998,18,1,0.01
19537,1290.1999999999998,19,1,0.01
19538,1340.1999999999998,18,1,0.01
19539,1340.1999999999998,18,1,0.01
19540,1340.1999999999998,18,1,0.01
19541,1340.1999999999998,18,1,0.01
19542,1340.1999999999998,18,1,0.01
19543,1340.1999999999998,18,1,0.01
19544,1340.1999999999998,18,1,0.01
19545,1499.1999999999998,28,1,0.01
19546,1340.1999999999998,18,1,0.01
19547,1340.1999999999998,18,1,0.01
19548,1340.1999999999998,18,1,0.01
19549,1340.1999999999998,18,1,0.01
19550,1339.0,20,1,0.01
19551,1339.0,20,1,0.01
19552,1340.1999999999998,18,1,0.01
19553,1449.1999999999998,29,1,0.01
19554,1288.2,19,1,0.01
19555,1340.1999999999998,18,1,0.01
19556,1340.1999999999998,18,1,0.01
19557,1340.1999999999998,18,1,0.01
19558,1340.1999999999998,18,1,0.01
19559,1290.2,19,1,0.01
19560,1340.1999999999998,18,1,0.01
19561,1290.2,19,1,0.01
19562,1340.1999999999998,18,1,0.01
19563,1340.1999999999998,18,1,0.01
19564,1340.1999999999998,18,1,0.01
19565,1340.1999999999998,18,1,0.01
19566,1340.1999999999998,18,1,0.01
19567,1290.2,19,1,0.01
19568,1290.2,19,1,0.01
19569,1340.1999999999998,18,1,0.01
19570,1340.1999999999998,18,1,0.01
19571,1340.1999999999998,18,1,0.01
19572,1340.1999999999998,18,1,0.01
19573,1340.1999999999998,18,1,0.01
19574,1340.1999999999998,18,1,0.01
19575,1340.1999999999998,18,1,0.01
19576,1340.1999999999998,18,1,0.01
19577,1340.1999999999998,18,1,0.01
19578,1467.3999999999999,26,1,0.01
19579,1290.2,19,1,0.01
19580,1340.1999999999998,18,1,0.01
19581,1290.2,19,1,0.01
19582,1340.1999999999998,18,1,0.01
19583,1340.1999999999998,18,1,0.01
19584,1340.1999999999998,18,1,0.01
19585,1340.1999999999998,18,1,0.01
19586,1340.1999999999998,18,1,0.01
19587,1340.1999999999998,18,1,0.01
19588,1340.1999999999998,18,1,0.01
19589,1340.1999999999998,18,1,0.01
19590,1340.1999999999998,18,1,0.01
19591,1290.2,19,1,0.01
19592,1340.1999999999998,18,1,0.01
19593,1340.1999999999998,18,1,0.01
19594,1340.1999999999998,18,1,0.01
19595,1340.1999999999998,18,1,0.01
19596,1340.1999999999998,18,1,0.01
19597,1340.1999999999998,18,1,0.01
19598,1340.1999999999998,18,1,0.01
19599,1340.1999999999998,18,1,0.01
19600,1340.1999999999998,18,1,0.01
19601,1340.1999999999998,18,1,0.01
19602,1340.1999999999998,18,1,0.01
19603,1340.1999999999998,18,1,0.01
19604,1340.1999999999998,18,1,0.01
19605,1340.1999999999998,18,1,0.01
19606,1340.1999999999998,18,1,0.01
19607,1340.1999999999998,18,1,0.01
19608,1340.1999999999998,18,1,0.01
19609,1339.0,20,1,0.01
19610,1340.1999999999998,18,1,0.01
19611,1340.1999999999998,18,1,0.01
19612,1340.1999999999998,18,1,0.01
19613,1340.1999999999998,18,1,0.01
19614,1290.2,19,1,0.01
19615,1340.1999999999998,18,1,0.01
19616,1340.1999999999998,18,1,0.01
19617,1340.1999999999998,18,1,0.01
19618,1340.1999999999998,18,1,0.01
19619,1340.1999999999998,18,1,0.01
19620,1340.1999999999998,18,1,0.01
19621,1340.1999999999998,18,1,0.01
19622,1340.1999999999998,18,1,0.01
19623,1340.1999999999998,18,1,0.01
19624,1340.1999999999998,18,1,0.01
19625,1340.1999999999998,18,1,0.01
19626,1340.1999999999998,18,1,0.01
19627,1340.1999999999998,18,1,0.01
19628,1340.1999999999998,18,1,0.01
19629,1340.1999999999998,18,1,0.01
19630,1340.1999999999998,18,1,0.01
19631,1339.0,20,1,0.01
19632,1340.1999999999998,18,1,0.01
19633,1340.1999999999998,18,1,0.01
19634,1340.1999999999998,18,1,0.01
19635,1340.1999999999998,18,1,0.01
19636,1340.1999999999998,18,1,0.01
19637,1340.1999999999998,18,1,0.01
19638,1340.1999999999998,18,1,0.01
19639,1340.1999999999998,18,1,0.01
19640,1340.1999999999998,18,1,0.01
19641,1340.1999999999998,18,1,0.01
19642,1340.1999999999998,18,1,0.01
19643,1340.1999999999998,18,1,0.01
19644,1340.1999999999998,18,1,0.01
19645,1340.1999999999998,18,1,0.01
19646,1340.1999999999998,18,1,0.01
19647,1340.1999999999998,18,1,0.01
19648,1290.1999999999998,19,1,0.01
19649,1340.1999999999998,18,1,0.01
19650,1340.1999999999998,18,1,0.01
19651,1340.1999999999998,18,1,0.01
19652,1340.1999999999998,18,1,0.01
19653,1340.1999999999998,18,1,0.01
19654,1340.1999999999998,18,1,0.01
19655,1340.1999999999998,18,1,0.01
19656,1340.1999999999998,18,1,0.01
19657,1340.1999999999998,18,1,0.01
19658,1340.1999999999998,18,1,0.01
19659,1340.1999999999998,18,1,0.01
19660,1340.1999999999998,18,1,0.01
19661,1340.1999999999998,18,1,0.01
19662,1340.1999999999998,18,1,0.01
19663,1340.1999999999998,18,1,0.01
19664,1340.1999999999998,18,1,0.01
19665,1340.1999999999998,18,1,0.01
19666,1340.1999999999998,18,1,0.01
19667,1340.1999999999998,18,1,0.01
19668,1340.1999999999998,18,1,0.01
19669,1340.1999999999998,18,1,0.01
19670,1340.1999999999998,18,1,0.01
19671,1340.1999999999998,18,1,0.01
19672,1290.2,19,1,0.01
19673,1340.1999999999998,18,1,0.01
19674,1340.1999999999998,18,1,0.01
19675,1340.1999999999998,18,1,0.01
19676,1340.1999999999998,18,1,0.01
19677,1340.1999999999998,18,1,0.01
19678,1290.2,19,1,0.01
19679,1340.1999999999998,18,1,0.01
19680,1340.1999999999998,18,1,0.01
19681,1340.1999999999998,18,1,0.01
19682,1340.1999999999998,18,1,0.01
19683,1340.1999999999998,18,1,0.01
19684,1354.3,22,1,0.01
19685,1340.1999999999998,18,1,0.01
19686,1355.5,20,1,0.01
19687,1340.1999999999998,18,1,0.01
19688,1340.1999999999998,18,1,0.01
19689,1340.1999999999998,18,1,0.01
19690,1340.1999999999998,18,1,0.01
19691,1340.1999999999998,18,1,0.01
19692,1340.1999999999998,18,1,0.01
19693,1340.1999999999998,18,1,0.01
19694,1340.1999999999998,18,1,0.01
19695,1340.1999999999998,18,1,0.01
19696,1340.1999999999998,18,1,0.01
19697,1340.1999999999998,18,1,0.01
19698,1340.1999999999998,18,1,0.01
19699,1340.1999999999998,18,1,0.01
19700,1340.1999999999998,18,1,0.01
19701,1340.1999999999998,18,1,0.01
19702,1340.1999999999998,18,1,0.01
19703,1340.1999999999998,18,1,0.01
19704,1340.1999999999998,18,1,0.01
19705,1340.1999999999998,18,1,0.01
19706,1340.1999999999998,18,1,0.01
19707,1340.1999999999998,18,1,0.01
19708,1340.1999999999998,18,1,0.01
19709,1340.1999999999998,18,1,0.01
19710,1240.2,20,1,0.01
19711,1340.1999999999998,18,1,0.01
19712,1340.1999999999998,18,1,0.01
19713,1340.1999999999998,18,1,0.01
19714,1340.1999999999998,18,1,0.01
19715,1340.1999999999998,18,1,0.01
19716,1340.1999999999998,18,1,0.01
19717,1340.1999999999998,18,1,0.01
19718,1340.1999999999998,18,1,0.01
19719,1290.1999999999998,19,1,0.01
19720,1355.5,20,1,0.01
19721,1340.1999999999998,18,1,0.01
19722,1340.1999999999998,18,1,0.01
19723,1340.1999999999998,18,1,0.01
19724,1340.1999999999998,18,1,0.01
19725,1340.1999999999998,18,1,0.01
19726,1340.1999999999998,18,1,0.01
19727,1340.1999999999998,18,1,0.01
19728,1340.1999999999998,18,1,0.01
19729,1340.1999999999998,18,1,0.01
19730,1340.1999999999998,18,1,0.01
19731,1340.1999999999998,18,1,0.01
19732,1340.1999999999998,18,1,0.01
19733,1340.1999999999998,18,1,0.01
19734,1340.1999999999998,18,1,0.01
19735,1340.1999999999998,18,1,0.01
19736,1340.1999999999998,18,1,0.01
19737,1340.1999999999998,18,1,0.01
19738,1340.1999999999998,18,1,0.01
19739,1467.3999999999999,26,1,0.01
19740,1340.1999999999998,18,1,0.01
19741,1290.2,19,1,0.01
19742,1340.1999999999998,18,1,0.01
19743,1340.1999999999998,18,1,0.01
19744,1340.1999999999998,18,1,0.01
19745,1340.1999999999998,18,1,0.01
19746,1340.1999999999998,18,1,0.01
19747,1340.1999999999998,18,1,0.01
19748,1288.2,19,1,0.01
19749,1290.2,19,1,0.01
19750,1340.1999999999998,18,1,0.01
19751,1340.1999999999998,18,1,0.01
19752,1340.1999999999998,18,1,0.01
19753,1340.1999999999998,18,1,0.01
19754,1340.1999999999998,18,1,0.01
19755,1339.0,20,1,0.01
19756,1340.1999999999998,18,1,0.01
19757,1340.1999999999998,18,1,0.01
19758,1340.1999999999998,18,1,0.01
19759,1340.1999999999998,18,1,0.01
19760,1290.2,19,1,0.01
19761,1340.1999999999998,18,1,0.01
19762,1340.1999999999998,18,1,0.01
19763,1340.1999999999998,18,1,0.01
19764,1340.1999999999998,18,1,0.01
19765,1340.1999999999998,18,1,0.01
19766,1340.1999999999998,18,1,0.01
19767,1340.1999999999998,18,1,0.01
19768,1340.1999999999998,18,1,0.01
19769,1340.1999999999998,18,1,0.01
19770,1340.1999999999998,18,1,0.01
19771,1340.1999999999998,18,1,0.01
19772,1340.1999999999998,18,1,0.01
19773,1340.1999999999998,18,1,0.01
19774,1340.1999999999998,18,1,0.01
19775,1340.1999999999998,18,1,0.01
19776,1340.1999999999998,18,1,0.01
19777,1340.1999999999998,18,1,0.01
19778,1290.2,19,1,0.01
19779,1340.1999999999998,18,1,0.01
19780,1340.1999999999998,18,1,0.01
19781,1340.1999999999998,18,1,0.01
19782,1340.1999999999998,18,1,0.01
19783,1340.1999999999998,18,1,0.01
19784,1340.1999999999998,18,1,0.01
19785,1340.1999999999998,18,1,0.01
19786,1340.1999999999998,18,1,0.01
19787,1340.1999999999998,18,1,0.01
19788,1340.1999999999998,18,1,0.01
19789,1340.1999999999998,18,1,0.01
19790,1340.1999999999998,18,1,0.01
19791,1340.1999999999998,18,1,0.01
19792,1340.1999999999998,18,1,0.01
19793,1355.5,20,1,0.01
19794,1340.1999999999998,18,1,0.01
19795,1339.0,20,1,0.01
19796,1340.1999999999998,18,1,0.01
19797,1340.1999999999998,18,1,0.01
19798,1340.1999999999998,18,1,0.01
19799,1340.1999999999998,18,1,0.01
19800,1340.1999999999998,18,1,0.01
19801,1340.1999999999998,18,1,0.01
19802,1290.1999999999998,19,1,0.01
19803,1340.1999999999998,18,1,0.01
19804,1340.1999999999998,18,1,0.01
19805,1340.1999999999998,18,1,0.01
19806,1340.1999999999998,18,1,0.01
19807,1340.1999999999998,18,1,0.01
19808,1340.1999999999998,18,1,0.01
19809,1340.1999999999998,18,1,0.01
19810,1340.1999999999998,18,1,0.01
19811,1340.1999999999998,18,1,0.01
19812,1340.1999999999998,18,1,0.01
19813,1340.1999999999998,18,1,0.01
19814,1340.1999999999998,18,1,0.01
19815,1340.1999999999998,18,1,0.01
19816,1288.2,19,1,0.01
19817,1340.1999999999998,18,1,0.01
19818,1340.1999999999998,18,1,0.01
19819,1340.1999999999998,18,1,0.01
19820,1340.1999999999998,18,1,0.01
19821,1340.1999999999998,18,1,0.01
19822,1340.1999999999998,18,1,0.01
19823,1339.0,20,1,0.01
19824,1340.1999999999998,18,1,0.01
19825,1340.1999999999998,18,1,0.01
19826,1340.1999999999998,18,1,0.01
19827,1340.1999999999998,18,1,0.01
19828,1340.1999999999998,18,1,0.01
19829,1340.1999999999998,18,1,0.01
19830,1340.1999999999998,18,1,0.01
19831,1340.1999999999998,18,1,0.01
19832,1340.1999999999998,18,1,0.01
19833,1340.1999999999998,18,1,0.01
19834,1340.1999999999998,18,1,0.01
19835,1340.1999999999998,18,1,0.01
19836,1340.1999999999998,18,1,0.01
19837,1340.1999999999998,18,1,0.01
19838,1340.1999999999998,18,1,0.01
19839,1340.1999999999998,18,1,0.01
19840,1340.1999999999998,18,1,0.01
19841,1340.1999999999998,18,1,0.01
19842,1340.1999999999998,18,1,0.01
19843,1340.1999999999998,18,1,0.01
19844,1340.1999999999998,18,1,0.01
19845,1340.1999999999998,18,1,0.01
19846,1340.1999999999998,18,1,0.01
19847,1340.1999999999998,18,1,0.01
19848,1340.1999999999998,18,1,0.01
19849,1340.1999999999998,18,1,0.01
19850,1340.1999999999998,18,1,0.01
19851,1340.1999999999998,18,1,0.01
19852,1290.1999999999998,19,1,0.01
19853,1339.0,20,1,0.01
19854,1340.1999999999998,18,1,0.01
19855,1340.1999999999998,18,1,0.01
19856,1340.1999999999998,18,1,0.01
19857,1340.1999999999998,18,1,0.01
19858,1340.1999999999998,18,1,0.01
19859,1340.1999999999998,18,1,0.01
19860,1340.1999999999998,18,1,0.01
19861,1287.8,23,1,0.01
19862,1339.0,20,1,0.01
19863,1340.1999999999998,18,1,0.01
19864,1340.1999999999998,18,1,0.01
19865,1340.1999999999998,18,1,0.01
19866,1340.1999999999998,18,1,0.01
19867,1340.1999999999998,18,1,0.01
19868,1340.1999999999998,18,1,0.01
19869,1340.1999999999998,18,1,0.01
19870,1290.2,19,1,0.01
19871,1290.2,19,1,0.01
19872,1340.1999999999998,18,1,0.01
19873,1340.1999999999998,18,1,0.01
19874,1290.2,19,1,0.01
19875,1340.1999999999998,18,1,0.01
19876,1340.1999999999998,18,1,0.01
19877,1340.1999999999998,18,1,0.01
19878,1340.1999999999998,18,1,0.01
19879,1340.1999999999998,18,1,0.01
19880,1340.1999999999998,18,1,0.01
19881,1340.1999999999998,18,1,0.01
19882,1340.1999999999998,18,1,0.01
19883,1340.1999999999998,18,1,0.01
19884,1340.1999999999998,18,1,0.01
19885,1340.1999999999998,18,1,0.01
19886,1340.1999999999998,18,1,0.01
19887,1340.1999999999998,18,1,0.01
19888,1340.1999999999998,18,1,0.01
19889,1340.1999999999998,18,1,0.01
19890,1340.1999999999998,18,1,0.01
19891,1340.1999999999998,18,1,0.01
19892,1340.1999999999998,18,1,0.01
19893,1340.1999999999998,18,1,0.01
19894,1290.1999999999998,19,1,0.01
19895,1340.1999999999998,18,1,0.01
19896,1340.1999999999998,18,1,0.01
19897,1340.1999999999998,18,1,0.01
19898,1340.1999999999998,18,1,0.01
19899,1340.1999999999998,18,1,0.01
19900,1340.1999999999998,18,1,0.01
19901,1340.1999999999998,18,1,0.01
19902,1340.1999999999998,18,1,0.01
19903,1482.6999999999998,28,1,0.01
19904,1340.1999999999998,18,1,0.01
19905,1340.1999999999998,18,1,0.01
19906,1340.1999999999998,18,1,0.01
19907,1340.1999999999998,18,1,0.01
19908,1340.1999999999998,18,1,0.01
19909,1340.1999999999998,18,1,0.01
19910,1340.1999999999998,18,1,0.01
19911,1340.1999999999998,18,1,0.01
19912,1340.1999999999998,18,1,0.01
19913,1340.1999999999998,18,1,0.01
19914,1340.1999999999998,18,1,0.01
19915,1340.1999999999998,18,1,0.01
19916,1340.1999999999998,18,1,0.01
19917,1340.1999999999998,18,1,0.01
19918,1340.1999999999998,18,1,0.01
19919,1340.1999999999998,18,1,0.01
19920,1340.1999999999998,18,1,0.01
19921,1340.1999999999998,18,1,0.01
19922,1340.1999999999998,18,1,0.01
19923,1340.1999999999998,18,1,0.01
19924,1340.1999999999998,18,1,0.01
19925,1340.1999999999998,18,1,0.01
19926,1340.1999999999998,18,1,0.01
19927,1340.1999999999998,18,1,0.01
19928,1340.1999999999998,18,1,0.01
19929,1340.1999999999998,18,1,0.01
19930,1340.1999999999998,18,1,0.01
19931,1340.1999999999998,18,1,0.01
19932,1290.2,19,1,0.01
19933,1340.1999999999998,18,1,0.01
19934,1340.1999999999998,18,1,0.01
19935,1340.1999999999998,18,1,0.01
19936,1340.1999999999998,18,1,0.01
19937,1340.1999999999998,18,1,0.01
19938,1340.1999999999998,18,1,0.01
19939,1340.1999999999998,18,1,0.01
19940,1340.1999999999998,18,1,0.01
19941,1340.1999999999998,18,1,0.01
19942,1340.1999999999998,18,1,0.01
19943,1340.1999999999998,18,1,0.01
19944,1340.1999999999998,18,1,0.01
19945,1340.1999999999998,18,1,0.01
19946,1340.1999999999998,18,1,0.01
19947,1290.2,19,1,0.01
19948,1340.1999999999998,18,1,0.01
19949,1340.1999999999998,18,1,0.01
19950,1340.1999999999998,18,1,0.01
19951,1340.1999999999998,18,1,0.01
19952,1340.1999999999998,18,1,0.01
19953,1340.1999999999998,18,1,0.01
19954,1340.1999999999998,18,1,0.01
19955,1340.1999999999998,18,1,0.01
19956,1340.1999999999998,18,1,0.01
19957,1340.1999999999998,18,1,0.01
19958,1340.1999999999998,18,1,0.01
19959,1467.3999999999999,26,1,0.01
19960,1340.1999999999998,18,1,0.01
19961,1340.1999999999998,18,1,0.01
19962,1340.1999999999998,18,1,0.01
19963,1290.2,19,1,0.01
19964,1340.1999999999998,18,1,0.01
19965,1340.1999999999998,18,1,0.01
19966,1339.0,20,1,0.01
19967,1340.1999999999998,18,1,0.01
19968,1339.0,20,1,0.01
19969,1340.1999999999998,18,1,0.01
19970,1340.1999999999998,18,1,0.01
19971,1340.1999999999998,18,1,0.01
19972,1340.1999999999998,18,1,0.01
19973,1340.1999999999998,18,1,0.01
19974,1340.1999999999998,18,1,0.01
19975,1340.1999999999998,18,1,0.01
19976,1290.2,19,1,0.01
19977,1340.1999999999998,18,1,0.01
19978,1340.1999999999998,18,1,0.01
19979,1340.1999999999998,18,1,0.01
19980,1340.1999999999998,18,1,0.01
19981,1340.1999999999998,18,1,0.01
19982,1340.1999999999998,18,1,0.01
19983,1340.1999999999998,18,1,0.01
19984,1340.1999999999998,18,1,0.01
19985,1340.1999999999998,18,1,0.01
19986,1340.1999999999998,18,1,0.01
19987,1340.1999999999998,18,1,0.01
19988,1340.1999999999998,18,1,0.01
19989,1339.0,20,1,0.01
19990,1340.1999999999998,18,1,0.01
19991,1340.1999999999998,18,1,0.01
19992,1340.1999999999998,18,1,0.01
19993,1340.1999999999998,18,1,0.01
19994,1340.1999999999998,18,1,0.01
19995,1340.1999999999998,18,1,0.01
19996,1355.5,20,1,0.01
19997,1340.1999999999998,18,1,0.01
19998,1340.1999999999998,18,1,0.01
19999,1340.1999999999998,18,1,0.01
